<?xml version="1.0" encoding="UTF-8"?>
<window>
	<defaultcontrol always="true">9</defaultcontrol>
	<coordinates>
		<system>1</system>
		<left>360</left>
		<top>90</top>
	</coordinates>
	<include>dialogeffect</include>
	<controls>
		<control type="image">
			<description>background image</description>
			<left>0</left>
			<top>0</top>
			<width>1200</width>
			<height>900</height>
			<texture border="40">DialogBack.png</texture>
			<visible>![Window.IsVisible(FullscreenVideo) | Window.IsVisible(Visualisation)]</visible>
		</control>
		<control type="image">
			<description>background image</description>
			<left>0</left>
			<top>0</top>
			<width>1200</width>
			<height>900</height>
			<texture border="40">DialogBack2.png</texture>
			<visible>Window.IsVisible(FullscreenVideo) | Window.IsVisible(Visualisation)</visible>
		</control>
		<control type="image">
			<description>Dialog Header image</description>
			<left>60</left>
			<top>24</top>
			<width>1080</width>
			<height>60</height>
			<texture>dialogheader.png</texture>
		</control>
		<control type="label" id="20">
			<description>header label</description>
			<left>60</left>
			<top>30</top>
			<width>1080</width>
			<height>45</height>
			<font>font13_title</font>
			<label>-</label>
			<align>center</align>
			<aligny>center</aligny>
			<textcolor>selected</textcolor>
			<shadowcolor>black</shadowcolor>
		</control>
		<control type="button">
			<description>Close Window button</description>
			<left>1065</left>
			<top>22</top>
			<width>96</width>
			<height>48</height>
			<label>-</label>
			<font>-</font>
			<onclick>PreviousMenu</onclick>
			<texturefocus>DialogCloseButton-focus.png</texturefocus>
			<texturenofocus>DialogCloseButton.png</texturenofocus>
			<onleft>3</onleft>
			<onright>3</onright>
			<onup>3</onup>
			<ondown>3</ondown>
			<visible>system.getbool(input.enablemouse)</visible>
		</control>
		<control type="grouplist" id="9">
			<description>button area</description>
			<left>68</left>
			<top>105</top>
			<width>1065</width>
			<height>60</height>
			<itemgap>8</itemgap>
			<align>center</align>
			<orientation>horizontal</orientation>
			<onleft>9</onleft>
			<onright>9</onright>
			<onup>2</onup>
			<ondown>2</ondown>
		</control>
		<control type="image">
			<description>Has Previous</description>
			<left>38</left>
			<top>120</top>
			<width>30</width>
			<height>30</height>
			<texture>scroll-left-focus.png</texture>
			<visible>Container(9).HasPrevious</visible>
		</control>
		<control type="image">
			<description>Has Next</description>
			<left>1132</left>
			<top>120</top>
			<width>30</width>
			<height>30</height>
			<texture>scroll-right-focus.png</texture>
			<visible>Container(9).HasNext</visible>
		</control>
		<control type="grouplist" id="2">
			<description>control area</description>
			<left>60</left>
			<top>180</top>
			<width>1080</width>
			<height>570</height>
			<itemgap>8</itemgap>
			<pagecontrol>30</pagecontrol>
			<onup>9</onup>
			<ondown>9001</ondown>
			<onleft>2</onleft>
			<onright>30</onright>
		</control>
		<control type="scrollbar" id="30">
			<left>1148</left>
			<top>180</top>
			<width>38</width>
			<height>570</height>
			<texturesliderbackground border="0,14,0,14">ScrollBarV.png</texturesliderbackground>
			<texturesliderbar border="2,16,2,16">ScrollBarV_bar.png</texturesliderbar>
			<texturesliderbarfocus border="2,16,2,16">ScrollBarV_bar_focus.png</texturesliderbarfocus>
			<textureslidernib>ScrollBarNib.png</textureslidernib>
			<textureslidernibfocus>ScrollBarNib.png</textureslidernibfocus>
			<onleft>2</onleft>
			<onright>2</onright>
			<showonepage>false</showonepage>
			<orientation>vertical</orientation>
		</control>
		<control type="group" id="9001">
			<top>802</top>
			<left>135</left>
			<control type="button" id="10">
				<description>OK Button</description>
				<left>0</left>
				<top>0</top>
				<width>300</width>
				<height>60</height>
				<align>center</align>
				<aligny>center</aligny>
				<font>font12_title</font>
				<label>186</label>
				<onleft>12</onleft>
				<onright>11</onright>
				<onup>2</onup>
				<ondown>2</ondown>
			</control>
			<control type="button" id="11">
				<description>Cancel Button</description>
				<left>315</left>
				<top>0</top>
				<width>300</width>
				<height>60</height>
				<align>center</align>
				<aligny>center</aligny>
				<font>font12_title</font>
				<label>222</label>
				<onleft>10</onleft>
				<onright>12</onright>
				<onup>2</onup>
				<ondown>2</ondown>
			</control>
			<control type="button" id="12">
				<description>Defaults Button</description>
				<left>630</left>
				<top>0</top>
				<width>300</width>
				<height>60</height>
				<align>center</align>
				<aligny>center</aligny>
				<font>font12_title</font>
				<label>409</label>
				<onleft>11</onleft>
				<onright>10</onright>
				<onup>2</onup>
				<ondown>2</ondown>
			</control>
		</control>
		<control type="button" id="13">
			<description>Default Category Button</description>
			<height>60</height>
			<width>260</width>
			<align>center</align>
			<aligny>center</aligny>
			<font>font12_title</font>
			<textcolor>white</textcolor>
			<pulseonselect>false</pulseonselect>
		</control>
		<control type="button" id="3">
			<description>Default Button</description>
			<height>60</height>
			<font>font13</font>
			<textcolor>grey2</textcolor>
			<focusedcolor>white</focusedcolor>
			<texturefocus border="5">button-focus2.png</texturefocus>
		</control>
		<control type="radiobutton" id="4">
			<description>Default RadioButton</description>
			<height>60</height>
			<font>font13</font>
			<textcolor>grey2</textcolor>
			<focusedcolor>white</focusedcolor>
			<texturefocus border="5">button-focus2.png</texturefocus>
		</control>
		<control type="spincontrolex" id="5">
			<description>Default spincontrolex</description>
			<height>60</height>
			<textcolor>grey2</textcolor>
			<focusedcolor>white</focusedcolor>
			<texturenofocus border="5">button-nofocus.png</texturenofocus>
			<texturefocus border="5">button-focus2.png</texturefocus>
			<font>font13</font>
			<aligny>center</aligny>
			<reverse>yes</reverse>
		</control>
		<control type="label" id="7">
			<height>52</height>
			<font>font13_title</font>
			<label>-</label>
			<textcolor>blue</textcolor>
			<shadowcolor>black</shadowcolor>
			<align>left</align>
			<aligny>center</aligny>
		</control>
		<control type="image" id="6">
			<description>Default Seperator</description>
			<height>3</height>
			<texture>separator2.png</texture>
		</control>
		<control type="sliderex" id="8">
			<description>Default Slider</description>
			<height>60</height>
			<font>font13</font>
			<textcolor>grey2</textcolor>
			<focusedcolor>white</focusedcolor>
			<texturefocus border="5">button-focus2.png</texturefocus>
		</control>
	</controls>
</window>