<?xml version="1.0" encoding="UTF-8"?>
<window>
	<defaultcontrol>10</defaultcontrol>
	<coordinates>
		<system>1</system>
		<left>360</left>
		<top>202</top>
	</coordinates>
	<include>dialogeffect</include>
	<controls>
		<control type="image">
			<description>background image</description>
			<left>0</left>
			<top>0</top>
			<width>1200</width>
			<height>660</height>
			<texture border="40">DialogBack.png</texture>
		</control>
		<control type="image">
			<description>Dialog Header image</description>
			<left>60</left>
			<top>24</top>
			<width>1080</width>
			<height>60</height>
			<texture>dialogheader.png</texture>
		</control>
		<control type="label" id="2">
			<description>header label</description>
			<left>60</left>
			<top>30</top>
			<width>1080</width>
			<height>45</height>
			<font>font13_title</font>
			<label>$LOCALIZE[1007]</label>
			<align>center</align>
			<aligny>center</aligny>
			<textcolor>selected</textcolor>
			<shadowcolor>black</shadowcolor>
		</control>
		<control type="button">
			<description>Close Window button</description>
			<left>1065</left>
			<top>22</top>
			<width>96</width>
			<height>48</height>
			<label>-</label>
			<font>-</font>
			<onclick>PreviousMenu</onclick>
			<texturefocus>DialogCloseButton-focus.png</texturefocus>
			<texturenofocus>DialogCloseButton.png</texturenofocus>
			<onleft>10</onleft>
			<onright>10</onright>
			<onup>10</onup>
			<ondown>10</ondown>
			<visible>system.getbool(input.enablemouse)</visible>
		</control>
		<control type="spincontrolex" id="10">
			<description>Protocol SpinControl</description>
			<left>45</left>
			<top>105</top>
			<height>60</height>
			<width>1110</width>
			<texturefocus border="5">button-focus2.png</texturefocus>
			<texturenofocus border="5">button-nofocus.png</texturenofocus>
			<textcolor>white</textcolor>
			<disabledcolor>grey3</disabledcolor>
			<textoffsetx>18</textoffsetx>
			<aligny>center</aligny>
			<reverse>yes</reverse>
			<font>font132</font>
			<label>1008</label>
			<onup>18</onup>
			<ondown>11</ondown>
			<onleft>10</onleft>
			<onright>10</onright>
		</control>
		<control type="edit" id="11">
			<description>Server Address Button</description>
			<left>45</left>
			<top>172</top>
			<width>848</width>
			<height>60</height>
			<textoffsetx>18</textoffsetx>
			<aligny>center</aligny>
			<texturefocus border="5">button-focus2.png</texturefocus>
			<font>font13</font>
			<label>-</label>
			<onup>10</onup>
			<onleft>12</onleft>
			<onright>12</onright>
			<ondown>16</ondown>
		</control>
		<control type="button" id="12">
			<description>Server Browse Button</description>
			<left>900</left>
			<top>172</top>
			<width>255</width>
			<height>60</height>
			<textoffsetx>18</textoffsetx>
			<font>font12_title</font>
			<label>1024</label>
			<align>center</align>
			<aligny>center</aligny>
			<onup>10</onup>
			<onleft>11</onleft>
			<onright>11</onright>
			<ondown>16</ondown>
		</control>
		<control type="edit" id="16">
			<description>Remote path Button</description>
			<left>45</left>
			<top>240</top>
			<width>1110</width>
			<height>60</height>
			<textoffsetx>18</textoffsetx>
			<aligny>center</aligny>
			<texturefocus border="5">button-focus2.png</texturefocus>
			<font>font13</font>
			<label>-</label>
			<onup>11</onup>
			<onleft>16</onleft>
			<onright>16</onright>
			<ondown>13</ondown>
		</control>
		<control type="edit" id="13">
			<description>Port Button</description>
			<left>45</left>
			<top>308</top>
			<width>1110</width>
			<height>60</height>
			<textoffsetx>18</textoffsetx>
			<aligny>center</aligny>
			<texturefocus border="5">button-focus2.png</texturefocus>
			<font>font13</font>
			<label>1013</label>
			<onup>16</onup>
			<onleft>13</onleft>
			<onright>13</onright>
			<ondown>14</ondown>
		</control>
		<control type="edit" id="14">
			<description>Username Button</description>
			<left>45</left>
			<top>375</top>
			<width>1110</width>
			<height>60</height>
			<textoffsetx>18</textoffsetx>
			<aligny>center</aligny>
			<texturefocus border="5">button-focus2.png</texturefocus>
			<font>font13</font>
			<label>1014</label>
			<onup>13</onup>
			<onleft>14</onleft>
			<onright>14</onright>
			<ondown>15</ondown>
		</control>
		<control type="edit" id="15">
			<description>Password Button</description>
			<left>45</left>
			<top>442</top>
			<width>1110</width>
			<height>60</height>
			<textoffsetx>18</textoffsetx>
			<aligny>center</aligny>
			<texturefocus border="5">button-focus2.png</texturefocus>
			<font>font13</font>
			<label>15052</label>
			<onup>14</onup>
			<onleft>15</onleft>
			<onright>15</onright>
			<ondown>18</ondown>
		</control>
		<control type="button" id="18">
			<description>Ok Button</description>
			<left>292</left>
			<top>562</top>
			<width>300</width>
			<height>60</height>
			<align>center</align>
			<aligny>center</aligny>
			<font>font12_title</font>
			<label>186</label>
			<onup>15</onup>
			<onleft>19</onleft>
			<onright>19</onright>
			<ondown>10</ondown>
		</control>
		<control type="button" id="19">
			<description>Cancel Button</description>
			<left>608</left>
			<top>562</top>
			<width>300</width>
			<height>60</height>
			<align>center</align>
			<aligny>center</aligny>
			<font>font12_title</font>
			<label>222</label>
			<onup>15</onup>
			<onleft>18</onleft>
			<onright>18</onright>
			<ondown>10</ondown>
		</control>
	</controls>
</window>