<?xml version="1.0" encoding="UTF-8"?>

<includes>

	<include name="CommonBackground">
	
		<control type="image">
			<description>Normal Default Background Image</description>
			<left>0</left>
			<top>0</top>
			<width>1920</width>
			<height>1080</height>
			<aspectratio>scale</aspectratio>
			<texture>$INFO[Skin.CurrentTheme,special://skin/backgrounds/,.jpg]</texture>
			<!--texture>backgrounds/white.png</texture-->
			<visible>![Skin.HasSetting(UseCustomBackground) + !IsEmpty(Skin.String(CustomBackgroundPath))]</visible>
			<include>VisibleFadeEffect</include>
		</control>
		
		<control type="image">
			<description>User Set Background Image</description>
			<left>0</left>
			<top>0</top>
			<width>1920</width>
			<height>1080</height>
			<aspectratio>scale</aspectratio>
			<texture>$INFO[Skin.String(CustomBackgroundPath)]</texture>
			<visible>Skin.HasSetting(UseCustomBackground) + !IsEmpty(Skin.String(CustomBackgroundPath))</visible>
			<include>VisibleFadeEffect</include>
		</control>
		
		<control type="image">
			<left>0</left>
			<top>0</top>
			<width>1920</width>
			<height>1080</height>
			<aspectratio>scale</aspectratio>
			<texture background="true">$INFO[ListItem.Art(fanart)]</texture>
			<include>backgroundfade</include>
			<fadetime>FanartCrossfadeTime</fadetime>
			<visible>!Skin.HasSetting(HideBackGroundFanart) + !IsEmpty(ListItem.Property(Fanart_Image))</visible>
			<include>Window_OpenClose_Animation</include>
			<visible>![Player.HasVideo + !Skin.HasSetting(ShowBackgroundVideo)] | [Window.IsVisible(DialogVideoInfo.xml) + !Skin.HasSetting(HideWindowedTrailer)]</visible>
		</control>
		
		<control type="multiimage">
			<left>0</left>
			<top>0</top>
			<width>1920</width>
			<height>1080</height>
			<aspectratio>scale</aspectratio>
			<imagepath background="true">$INFO[ListItem.Path,,/extrafanart]</imagepath>
			<timeperimage>5000</timeperimage>
			<include>backgroundfade</include>
			<fadetime>FanartCrossfadeTime</fadetime>
			<visible>Skin.HasSetting(ExtraFanart) + !Skin.HasSetting(HideBackGroundFanart)</visible>
			<include>Window_OpenClose_Animation</include>
			<visible>![Player.HasVideo + !Skin.HasSetting(ShowBackgroundVideo)] + Container.Content(Movies)</visible>
		</control>
		
		<control type="visualisation">
			<left>0</left>
			<top>0</top>
			<width>1920</width>
			<height>1080</height>
			<visible>Player.HasAudio + !Skin.HasSetting(ShowBackgroundVis) + !Window.IsVisible(TVChannels) + !Window.IsVisible(RadioChannels)</visible>
			<visible>!SubString(Window(videolibrary).Property(TvTunesIsAlive),True)</visible>
		</control>
		
		<control type="image">
			<left>0</left>
			<top>0</top>
			<width>1920</width>
			<height>1080</height>
			<texture colordiffuse="black">backgrounds/white.png</texture>
			<visible>Player.HasVideo + !Skin.HasSetting(ShowBackgroundVideo) + !Window.IsVisible(TVChannels) + !Window.IsVisible(RadioChannels)</visible>
			<visible>![Window.IsVisible(DialogVideoInfo.xml) + !Skin.HasSetting(HideWindowedTrailer)]</visible>
		</control>
		
		<control type="videowindow">
			<left>0</left>
			<top>0</top>
			<width>1920</width>
			<height>1080</height>
			<visible>Player.HasVideo + !Skin.HasSetting(ShowBackgroundVideo) + !Window.IsVisible(TVChannels) + !Window.IsVisible(RadioChannels)</visible>
			<visible>![Window.IsVisible(DialogVideoInfo.xml) + !Skin.HasSetting(HideWindowedTrailer)]</visible>
		</control>
		
		<control type="image">
			<left>0</left>
			<top>0</top>
			<width>1920</width>
			<height>1080</height>
			<aspectratio>scale</aspectratio>
			<texture background="true" colordiffuse="bg.overlay">backgrounds/white.png</texture>
			<include>backgroundfade</include>
			<include>Window_OpenClose_Animation</include>
		</control>
		
	</include>
	
	<include name="ContentPanelBackgrounds">
	
		<control type="image">
			<left>0</left>
			<top>150r</top>
			<width>1920</width>
			<height>150</height>
			<texture>floor.png</texture>
			<animation effect="slide" start="0,15" end="0,0" time="200" condition="Window.Previous(Home)">WindowOpen</animation>
			<animation effect="slide" start="0,0" end="0,15" time="200" condition="Window.Next(Home)">WindowClose</animation>
		</control>
		
		<control type="group">
			<include>Window_OpenClose_Animation</include>
			
			<control type="group">
				<include>VisibleFadeEffect</include>
				<visible>Control.IsVisible(504) | Control.IsVisible(550) | Control.IsVisible(512)</visible>
				<control type="image">
					<left>75</left>
					<top>90</top>
					<width>960</width>
					<height>900</height>
					<texture border="15">ContentPanel.png</texture>
				</control>
				<control type="image">
					<left>75</left>
					<top>978</top>
					<width>960</width>
					<height>96</height>
					<texture border="15">ContentPanelMirror.png</texture>
				</control>
				<control type="image">
					<left>1050</left>
					<top>90</top>
					<width>795</width>
					<height>900</height>
					<texture border="15">ContentPanel.png</texture>
				</control>
				<control type="image">
					<left>1050</left>
					<top>978</top>
					<width>795</width>
					<height>96</height>
					<texture border="15">ContentPanelMirror.png</texture>
				</control>
			</control>
			
			<control type="group">
				<include>VisibleFadeEffect</include>
				<visible>Control.IsVisible(551) | Control.IsVisible(560) | Control.IsVisible(511) | Control.IsVisible(506) | Control.IsVisible(513)</visible>
				<control type="image">
					<left>75</left>
					<top>90</top>
					<width>1260</width>
					<height>900</height>
					<texture border="15">ContentPanel.png</texture>
				</control>
				<control type="image">
					<left>75</left>
					<top>978</top>
					<width>1260</width>
					<height>96</height>
					<texture border="15">ContentPanelMirror.png</texture>
				</control>
				<control type="image">
					<left>1350</left>
					<top>90</top>
					<width>495</width>
					<height>900</height>
					<texture border="15">ContentPanel.png</texture>
				</control>
				<control type="image">
					<left>1350</left>
					<top>978</top>
					<width>495</width>
					<height>96</height>
					<texture border="15">ContentPanelMirror.png</texture>
				</control>
			</control>
			
			<control type="group">
				<include>VisibleFadeEffect</include>
				<visible>Control.IsVisible(501)</visible>
				<control type="image">
					<left>75</left>
					<top>75</top>
					<width>1770</width>
					<height>915</height>
					<texture border="15">ContentPanel.png</texture>
				</control>
				<control type="image">
					<left>75</left>
					<top>978</top>
					<width>1770</width>
					<height>96</height>
					<texture border="15">ContentPanelMirror.png</texture>
				</control>
			</control>
			
			<control type="group">
				<include>VisibleFadeEffect</include>
				<visible>Control.IsVisible(503)</visible>
				<control type="image">
					<left>75</left>
					<top>345</top>
					<width>960</width>
					<height>645</height>
					<texture border="15">ContentPanel.png</texture>
				</control>
				<control type="image">
					<left>75</left>
					<top>978</top>
					<width>960</width>
					<height>96</height>
					<texture border="15">ContentPanelMirror.png</texture>
				</control>
				<control type="image">
					<left>1050</left>
					<top>345</top>
					<width>825</width>
					<height>645</height>
					<texture border="15">ContentPanel.png</texture>
				</control>
				<control type="image">
					<left>1050</left>
					<top>978</top>
					<width>825</width>
					<height>96</height>
					<texture border="15">ContentPanelMirror.png</texture>
				</control>
			</control>
			
			<control type="group">
				<include>VisibleFadeEffect</include>
				<visible>Control.IsVisible(51) | Control.IsVisible(500) | Control.IsVisible(505)</visible>
				<control type="image">
					<left>112</left>
					<top>90</top>
					<width>1695</width>
					<height>900</height>
					<texture border="15">ContentPanel.png</texture>
				</control>
				<control type="image">
					<left>112</left>
					<top>978</top>
					<width>1695</width>
					<height>96</height>
					<texture border="15">ContentPanelMirror.png</texture>
				</control>
			</control>
			
			<control type="group">
				<include>VisibleFadeEffect</include>
				<visible>Control.IsVisible(514)</visible>
				<control type="image">
					<left>75</left>
					<top>90</top>
					<width>735</width>
					<height>900</height>
					<texture border="15">ContentPanel.png</texture>
				</control>
				<control type="image">
					<left>75</left>
					<top>978</top>
					<width>735</width>
					<height>96</height>
					<texture border="15">ContentPanelMirror.png</texture>
				</control>
				<control type="image">
					<left>825</left>
					<top>90</top>
					<width>1020</width>
					<height>900</height>
					<texture border="15">ContentPanel.png</texture>
				</control>
				<control type="image">
					<left>825</left>
					<top>978</top>
					<width>1020</width>
					<height>96</height>
					<texture border="15">ContentPanelMirror.png</texture>
				</control>
			</control>
			
			<control type="group">
				<include>VisibleFadeEffect</include>
				<visible>Control.IsVisible(515)</visible>
				<control type="image">
					<left>75</left>
					<top>90</top>
					<width>600</width>
					<height>900</height>
					<texture border="15">ContentPanel.png</texture>
				</control>
				<control type="image">
					<left>75</left>
					<top>978</top>
					<width>600</width>
					<height>96</height>
					<texture border="15">ContentPanelMirror.png</texture>
				</control>
				<control type="image">
					<left>690</left>
					<top>90</top>
					<width>1155</width>
					<height>900</height>
					<texture border="15">ContentPanel.png</texture>
				</control>
				<control type="image">
					<left>690</left>
					<top>978</top>
					<width>1155</width>
					<height>96</height>
					<texture border="15">ContentPanelMirror.png</texture>
				</control>
			</control>
			
		</control>
		
	</include>
	
</includes>