<?xml version="1.0" encoding="UTF-8"?>
<window>
	<defaultcontrol always="true">50</defaultcontrol>
	<allowoverlay>no</allowoverlay>
	<views>50</views>
	<controls>
		<include>CommonBackground</include>
		<control type="image">
			<left>0</left>
			<top>150r</top>
			<width>1920</width>
			<height>150</height>
			<texture>floor.png</texture>
			<animation effect="fade" time="250" condition="Window.Previous(Home)">WindowOpen</animation>
			<animation effect="fade" time="250" condition="Window.Next(Home)">WindowClose</animation>
		</control>
		<control type="group">
			<include>Window_OpenClose_Animation</include>
			<control type="group">
				<include>VisibleFadeEffect</include>
				<control type="image">
					<left>75</left>
					<top>90</top>
					<width>675</width>
					<height>900</height>
					<texture border="15">ContentPanel.png</texture>
				</control>
				<control type="image">
					<left>75</left>
					<top>978</top>
					<width>675</width>
					<height>96</height>
					<texture border="15">ContentPanelMirror.png</texture>
				</control>
				<control type="image">
					<left>765</left>
					<top>90</top>
					<width>1095</width>
					<height>900</height>
					<texture border="15">ContentPanel.png</texture>
				</control>
				<control type="image">
					<left>765</left>
					<top>978</top>
					<width>1095</width>
					<height>96</height>
					<texture border="15">ContentPanelMirror.png</texture>
				</control>
			</control>
		</control>
		<include>MainWindowMouseButtons</include>
		<include>PVRHeader</include>
		<control type="group">
			<description>Small Media Window</description>
			<left>795</left>
			<top>120</top>
			<visible>Control.IsVisible(50)</visible>
			<include>VisibleFadeEffect</include>
			<include>Window_OpenClose_Animation</include>
			<control type="image">
				<left>0</left>
				<top>0</top>
				<width>1035</width>
				<height>600</height>
				<texture border="5">button-nofocus.png</texture>
			</control>
			<control type="image">
				<left>8</left>
				<top>8</top>
				<width>1020</width>
				<height>585</height>
				<texture fallback="special://skin/backgrounds/tv.jpg">$INFO[Skin.String(Home_Custom_Back_TV_Folder)]</texture>
				<include>VisibleFadeEffect</include>
				<visible>!Player.HasVideo</visible>
			</control>
			<control type="videowindow">
				<left>8</left>
				<top>8</top>
				<width>1020</width>
				<height>585</height>
				<visible>Player.HasVideo</visible>
				<animation effect="slide" start="0,0" end="-3000,0" time="0">WindowClose</animation>
			</control>
			<control type="image">
				<left>1</left>
				<top>1</top>
				<width>1032</width>
				<height>52</height>
				<texture>black-back.png</texture>
				<colordiffuse>DDFFFFFF</colordiffuse>
				<visible>Player.HasVideo</visible>
			</control>
			<control type="label">
				<description>Current Video label</description>
				<left>45</left>
				<top>1</top>
				<width>975</width>
				<height>52</height>
				<font>font12</font>
				<textcolor>grey2</textcolor>
				<align>center</align>
				<aligny>center</aligny>
				<label>$INFO[Player.Title]</label>
				<visible>Player.HasVideo</visible>
			</control>
		</control>
		<control type="group">
			<include>Window_OpenClose_Animation</include>
			<description>TV Channels group</description>
			<visible>Control.IsVisible(50)</visible>
			<include>VisibleFadeEffect</include>
			<control type="group">
				<left>795</left>
				<top>735</top>
				<control type="label">
					<left>0</left>
					<top>0</top>
					<width>1035</width>
					<height>30</height>
					<font>font13</font>
					<textcolor>white</textcolor>
					<shadowcolor>black</shadowcolor>
					<scroll>true</scroll>
					<align>center</align>
					<aligny>center</aligny>
					<label>[B]$INFO[Container(50).ListItem.Title][/B]</label>
				</control>
				<control type="label">
					<left>0</left>
					<top>33</top>
					<width>120</width>
					<height>30</height>
					<align>right</align>
					<aligny>center</aligny>
					<font>font10_title</font>
					<textcolor>blue</textcolor>
					<visible>Container(50).ListItem.HasEpg</visible>
					<label>$INFO[Container(50).ListItem.StartTime]</label>
				</control>
				<control type="progress">
					<description>Progressbar</description>
					<left>128</left>
					<top>45</top>
					<width>765</width>
					<height>12</height>
					<visible>Container(50).ListItem.HasEpg</visible>
					<info>Container(50).ListItem.Progress</info>
				</control>
				<control type="label">
					<left>900</left>
					<top>33</top>
					<width>120</width>
					<height>30</height>
					<align>left</align>
					<aligny>center</aligny>
					<font>font10_title</font>
					<textcolor>blue</textcolor>
					<visible>Container(50).ListItem.HasEpg</visible>
					<label>$INFO[Container(50).ListItem.EndTime]</label>
				</control>
				<control type="textbox">
					<description>Plot Value for TVShow</description>
					<left>0</left>
					<top>75</top>
					<width>1035</width>
					<height>111</height>
					<font>font13</font>
					<align>justify</align>
					<textcolor>white</textcolor>
					<shadowcolor>black</shadowcolor>
					<pagecontrol>-</pagecontrol>
					<label>$INFO[Container(50).ListItem.Plot]</label>
					<autoscroll time="2000" delay="3000" repeat="5000">true</autoscroll>
				</control>
				<control type="label">
					<left>0</left>
					<top>210</top>
					<width>1035</width>
					<height>30</height>
					<font>font12</font>
					<textcolor>grey2</textcolor>
					<align>right</align>
					<aligny>center</aligny>
					<scroll>false</scroll>
					<visible>!IsEmpty(Container(50).ListItem.NextTitle)</visible>
					<label>$LOCALIZE[19031]: $INFO[Container(50).ListItem.NextTitle]</label>
				</control>
			</control>
			<control type="list" id="50">
				<left>105</left>
				<top>128</top>
				<width>585</width>
				<height>812</height>
				<onleft>100</onleft>
				<onright>70</onright>
				<onup>50</onup>
				<ondown>50</ondown>
				<viewtype label="535">list</viewtype>
				<pagecontrol>70</pagecontrol>
				<scrolltime>200</scrolltime>
				<itemlayout height="90" width="585">
					<control type="image">
						<left>0</left>
						<top>0</top>
						<width>585</width>
						<height>92</height>
						<texture border="2">MenuItemNF.png</texture>
						<include>VisibleFadeEffect</include>
					</control>
					<control type="label">
						<left>8</left>
						<top>-6</top>
						<width>60</width>
						<height>52</height>
						<font>font12</font>
						<align>left</align>
						<aligny>center</aligny>
						<textcolor>grey</textcolor>
						<selectedcolor>grey</selectedcolor>
						<info>ListItem.ChannelNumberLabel</info>
					</control>
					<control type="label">
						<left>75</left>
						<top>0</top>
						<width>405</width>
						<height>38</height>
						<font>font13</font>
						<textcolor>white</textcolor>
						<selectedcolor>selected</selectedcolor>
						<align>left</align>
						<aligny>center</aligny>
						<label>$INFO[ListItem.Label]</label>
					</control>
					<control type="label">
						<left>75</left>
						<top>38</top>
						<width>495</width>
						<height>30</height>
						<font>font12</font>
						<textcolor>grey</textcolor>
						<selectedcolor>grey</selectedcolor>
						<align>left</align>
						<aligny>center</aligny>
						<label>$INFO[ListItem.Title]</label>
						<visible>IsEmpty(Listitem.Icon)</visible>
					</control>
					<control type="label">
						<left>75</left>
						<top>38</top>
						<width>420</width>
						<height>30</height>
						<font>font12</font>
						<textcolor>grey</textcolor>
						<selectedcolor>grey</selectedcolor>
						<align>left</align>
						<aligny>center</aligny>
						<label>$INFO[ListItem.Title]</label>
						<visible>!IsEmpty(Listitem.Icon)</visible>
					</control>
					<control type="progress">
						<description>Progressbar</description>
						<left>75</left>
						<top>72</top>
						<width>420</width>
						<height>9</height>
						<colordiffuse>88FFFFFF</colordiffuse>
						<visible>ListItem.HasEpg</visible>
						<info>ListItem.Progress</info>
					</control>
					<control type="image">
						<left>510</left>
						<top>6</top>
						<width>75</width>
						<height>75</height>
						<texture>$INFO[ListItem.Icon]</texture>
						<aspectratio>keep</aspectratio>
					</control>
					<control type="image">
						<left>8</left>
						<top>56</top>
						<width>45</width>
						<height>30</height>
						<texture>PVR-IsRecording.png</texture>
						<visible>ListItem.IsRecording</visible>
					</control>
				</itemlayout>
				<focusedlayout height="90" width="585">
					<control type="image">
						<left>0</left>
						<top>0</top>
						<width>585</width>
						<height>92</height>
						<texture border="2">MenuItemNF.png</texture>
						<visible>!Control.HasFocus(50)</visible>
						<include>VisibleFadeEffect</include>
					</control>
					<control type="image">
						<left>0</left>
						<top>0</top>
						<width>585</width>
						<height>92</height>
						<texture border="2">MenuItemFO.png</texture>
						<visible>Control.HasFocus(50)</visible>
						<include>VisibleFadeEffect</include>
					</control>
					<control type="label">
						<left>8</left>
						<top>-6</top>
						<width>60</width>
						<height>52</height>
						<font>font12</font>
						<align>left</align>
						<aligny>center</aligny>
						<textcolor>grey</textcolor>
						<selectedcolor>grey</selectedcolor>
						<info>ListItem.ChannelNumberLabel</info>
					</control>
					<control type="label">
						<left>75</left>
						<top>0</top>
						<width>405</width>
						<height>38</height>
						<font>font13</font>
						<textcolor>white</textcolor>
						<selectedcolor>selected</selectedcolor>
						<align>left</align>
						<aligny>center</aligny>
						<label>$INFO[ListItem.Label]</label>
					</control>
					<control type="label">
						<left>75</left>
						<top>38</top>
						<width>495</width>
						<height>30</height>
						<font>font12</font>
						<textcolor>grey</textcolor>
						<selectedcolor>grey</selectedcolor>
						<align>left</align>
						<aligny>center</aligny>
						<label>$INFO[ListItem.Title]</label>
						<visible>IsEmpty(Listitem.Icon)</visible>
					</control>
					<control type="label">
						<left>75</left>
						<top>38</top>
						<width>420</width>
						<height>30</height>
						<font>font12</font>
						<textcolor>grey</textcolor>
						<selectedcolor>grey</selectedcolor>
						<align>left</align>
						<aligny>center</aligny>
						<label>$INFO[ListItem.Title]</label>
						<visible>!IsEmpty(Listitem.Icon)</visible>
					</control>
					<control type="progress">
						<description>Progressbar</description>
						<left>75</left>
						<top>72</top>
						<width>420</width>
						<height>9</height>
						<colordiffuse>88FFFFFF</colordiffuse>
						<visible>ListItem.HasEpg</visible>
						<info>ListItem.Progress</info>
					</control>
					<control type="image">
						<left>510</left>
						<top>6</top>
						<width>75</width>
						<height>75</height>
						<texture>$INFO[ListItem.Icon]</texture>
						<aspectratio>keep</aspectratio>
					</control>
					<control type="image">
						<left>8</left>
						<top>56</top>
						<width>45</width>
						<height>30</height>
						<texture>PVR-IsRecording.png</texture>
						<visible>ListItem.IsRecording</visible>
					</control>
				</focusedlayout>
			</control>
			<control type="scrollbar" id="70">
				<left>698</left>
				<top>128</top>
				<width>38</width>
				<height>810</height>
				<texturesliderbackground border="0,14,0,14">ScrollBarV.png</texturesliderbackground>
				<texturesliderbar border="0,14,0,14">ScrollBarV_bar.png</texturesliderbar>
				<texturesliderbarfocus border="0,14,0,14">ScrollBarV_bar_focus.png</texturesliderbarfocus>
				<textureslidernib>ScrollBarNib.png</textureslidernib>
				<textureslidernibfocus>ScrollBarNib.png</textureslidernibfocus>
				<onleft>50</onleft>
				<onright>100</onright>
				<showonepage>false</showonepage>
				<orientation>vertical</orientation>
			</control>
			<control type="label">
				<animation effect="slide" start="0,0" end="-135,0" time="0" condition="system.getbool(input.enablemouse)">Conditional</animation>
				<description>Page Count Label</description>
				<right>60</right>
				<top>80r</top>
				<width>750</width>
				<height>30</height>
				<font>font12</font>
				<textcolor>grey</textcolor>
				<scroll>false</scroll>
				<align>right</align>
				<aligny>center</aligny>
				<label>([COLOR=blue]$INFO[Container(50).NumItems][/COLOR]) $LOCALIZE[19019] - $LOCALIZE[31024] ([COLOR=blue]$INFO[Container(50).CurrentPage]/$INFO[Container(50).NumPages][/COLOR])</label>
				<include>Window_OpenClose_Animation</include>
			</control>
		</control>
		<include>CommonNowPlaying</include>
		<include>BehindDialogFadeOut</include>
		<include>ScrollOffsetLabel</include>
		<control type="image">
			<left>0</left>
			<top>0</top>
			<width>1920</width>
			<height>1080</height>
			<texture>black-back.png</texture>
			<animation effect="fade" time="400">Visible</animation>
			<animation effect="fade" time="200">Hidden</animation>
			<visible>Window.IsActive(FileBrowser) | Window.IsActive(PVRGuideInfo) | Window.IsActive(PVRRecordingInfo) | Window.IsActive(PVRTimerSetting) | Window.IsActive(PVRGroupManager) | Window.IsActive(PVRGuideSearch)</visible>
		</control>
		<include>PVRSideBlade</include>
		<include>Clock</include>
	</controls>
</window>
