<?xml version="1.0" encoding="UTF-8"?>

<window>

	<defaultcontrol always="true">300</defaultcontrol>

	<controls>
	
		<control type="image">
			<left>0</left>
			<top>0</top>
			<width>1920</width>
			<height>1080</height>
			<aspectratio>scale</aspectratio>
			<texture background="true" colordiffuse="dialog.overlay">backgrounds/white.png</texture>
			<include>dialogeffect</include>
		</control>
	
		<!--all content-->
		<control type="group">
			<left>-265</left>
			<visible>!Window.IsActive(FileBrowser) + !Window.IsActive(SelectDialog) + !Window.IsVisible(YesNoDialog) + IsEmpty(Window.Property(additionalDialog)</visible>
			<animation effect="slide" start="1650,0" end="0,0" time="400" tween="quadratic" easing="out">WindowOpen</animation>
			<animation effect="slide" start="0,0" end="-1650,0" time="400" tween="quadratic" easing="out">WindowClose</animation>
			
			<animation effect="slide" start="1650,0" end="0,0" time="400" tween="quadratic" easing="out">Visible</animation>
			<animation effect="slide" start="0,0" end="-1650,0" time="400" tween="quadratic" easing="out">Hidden</animation>
			
			<animation effect="slide" start="0,0" end="-125,0" time="300" condition="Window.IsActive(ShutdownMenu)">Conditional</animation>
		
			<!--title bars and backgrounds-->
			<control type="group">
			
				<!--background-->
				<control type="image">
					<left>535</left>
					<top>0</top>
					<width>1390</width>
					<height>1080</height>
					<texture colordiffuse="tertiary">backgrounds/white.png</texture>
				</control>
				
				<!-- left shadow-->
				<control type="image">
					<left>505</left>
					<top>0</top>
					<width>30</width>
					<height>1080</height>
					<texture flipx="true">sidebarshadow.png</texture>
				</control>
				
				<!--right shadow-->
				<control type="image">
					<left>1925</left>
					<top>0</top>
					<width>30</width>
					<height>1080</height>
					<texture>sidebarshadow.png</texture>
				</control>
					
				<!--title background-->
				<control type="image">
					<left>535</left>
					<top>0</top>
					<width>1390</width>
					<height>110</height>
					<texture background="true" colordiffuse="$VAR[Colour.500]">backgrounds/white.png</texture>
				</control>
				
				<!--side bar-->
				<control type="image">
					<left>535</left>
					<top>110</top>
					<width>605</width>
					<height>900</height>
					<texture background="true" colordiffuse="$VAR[Colour.900]">backgrounds/white.png</texture>
				</control>
			
				<!--side blade shadow-->
				<control type="image">
					<left>1140</left>
					<top>110</top>
					<width>20</width>
					<height>900</height>
					<texture>sidebarshadow.png</texture>
					<animation effect="fade" start="100" end="75" time="0" condition="true">Conditional</animation>
				</control>
				
				<!--title shadow-->
				<control type="image">
					<left>535</left>
					<top>110</top>
					<width>1390</width>
					<height>20</height>
					<texture>homeshadow.png</texture>
					<animation effect="fade" start="100" end="75" time="0" condition="true">Conditional</animation>
				</control>
				
				<!--buttons bg-->
				<control type="image">
					<left>535</left>
					<top>1010</top>
					<width>1390</width>
					<height>70</height>
					<texture colordiffuse="primary">backgrounds/white.png</texture>
				</control>
		
				<!--buttons shadow-->
				<control type="image">
					<left>535</left>
					<top>1010</top>
					<width>1390</width>
					<height>10</height>
					<texture>homeshadow.png</texture>
					<animation effect="fade" start="100" end="75" time="0" condition="true">Conditional</animation>
				</control>
				
				<!--close window button-->
				<control type="button">
					<left>540</left>
					<top>0</top>
					<width>50</width>
					<height>25</height>
					<label>-</label>
					<font>-</font>
					<onclick>PreviousMenu</onclick>
					<texturefocus>DialogCloseButton-focus.png</texturefocus>
					<texturenofocus>DialogCloseButton.png</texturenofocus>
					<onleft>9000</onleft>
					<onright>9000</onright>
					<onup>9000</onup>
					<ondown>9000</ondown>
					<visible>system.getbool(input.enablemouse)</visible>
				</control>
				
			</control>
			
			<!--main content-->
			<control type="group">
				<left>535</left>
				<top>0</top>
				
				<!--title-->
				<control type="label" id="500">
					<left>45</left>
					<top>25</top>
					<width>1330</width>
					<height>60</height>
					<font>info.title</font>
					<align>left</align>
					<aligny>center</aligny>
					<textcolor>white</textcolor>
					<label>-</label>
				</control>
			
				<control type="group">
					<left>10</left>
					<top>120</top>
					
					<!--shortcuts-->
					<control type="list" id="211">
						<width>585</width>
						<height>840</height>
						<itemgap>5</itemgap>
						<pagecontrol>31</pagecontrol>
						<onleft>304</onleft>
						<onright>300</onright>
						<onup>211</onup>
						<ondown>308</ondown>
						
						<itemlayout width="585" height="60">
						
							<control type="label">
								<left>120</left>
								<width>455</width>
								<aligny>center</aligny>
								<textcolor>white</textcolor>
								<label>$INFO[ListItem.Label]</label>
							</control>
							
						</itemlayout>
						
						<focusedlayout width="585" height="60">
						
							<control type="image">
								<height>60</height>
								<width>585</width>
								<texture>backgrounds/white.png</texture>
								<animation effect="fade" start="100" end="30" time="100" condition="![Control.HasFocus(211) | Control.HasFocus(302) | Control.HasFocus(303) | Control.HasFocus(304)]">Conditional</animation>
							</control>

							<control type="label">
								<left>120</left>
								<width>455</width>
								<aligny>center</aligny>
								<label>$INFO[ListItem.Label]</label>
								<textcolor>$VAR[Colour.900]</textcolor>
							</control>
							
						</focusedlayout>
						
					</control>
					
					<!--inline controls-->
					<control type="group" id="1000">
						<animation effect="slide" end="0,60" time="0" condition="Container(211).Row(1)">Conditional</animation>
						<animation effect="slide" end="0,120" time="0" condition="Container(211).Row(2)">Conditional</animation>
						<animation effect="slide" end="0,180" time="0" condition="Container(211).Row(3)">Conditional</animation>
						<animation effect="slide" end="0,240" time="0" condition="Container(211).Row(4)">Conditional</animation>
						<animation effect="slide" end="0,300" time="0" condition="Container(211).Row(5)">Conditional</animation>
						<animation effect="slide" end="0,360" time="0" condition="Container(211).Row(6)">Conditional</animation>
						<animation effect="slide" end="0,420" time="0" condition="Container(211).Row(7)">Conditional</animation>
						<animation effect="slide" end="0,480" time="0" condition="Container(211).Row(8)">Conditional</animation>
						<animation effect="slide" end="0,540" time="0" condition="Container(211).Row(9)">Conditional</animation>
						<animation effect="slide" end="0,600" time="0" condition="Container(211).Row(10)">Conditional</animation>
						<animation effect="slide" end="0,660" time="0" condition="Container(211).Row(11)">Conditional</animation>
						<animation effect="slide" end="0,720" time="0" condition="Container(211).Row(12)">Conditional</animation>
						<animation effect="slide" end="0,780" time="0" condition="Container(211).Row(13)">Conditional</animation>
						<animation effect="slide" end="0,840" time="0" condition="Container(211).Row(14)">Conditional</animation>
						<animation effect="slide" end="0,900" time="0" condition="Container(211).Row(15)">Conditional</animation>
						<animation effect="slide" end="0,960" time="0" condition="Container(211).Row(16)">Conditional</animation>
						<animation effect="slide" end="0,1020" time="0" condition="Container(211).Row(17)">Conditional</animation>
						<animation effect="slide" end="0,1080" time="0" condition="Container(211).Row(18)">Conditional</animation>
						<animation effect="slide" end="0,1140" time="0" condition="Container(211).Row(19)">Conditional</animation>
						<animation effect="slide" end="0,1200" time="0" condition="Container(211).Row(20)">Conditional</animation>

						<!--move up-->
						<control type="button" id="303">
							<width>32</width>
							<height>36</height>
							<left>40</left>
							<top>12</top>
							<label>-</label>
							<onup>211</onup>
							<onleft>302</onleft>
							<onright>304</onright>
							<ondown>211</ondown>
							<texturefocus colordiffuse="$VAR[Colour.900]">scroll-up-2.png</texturefocus>
							<texturenofocus colordiffuse="grey2">scroll-up-2.png</texturenofocus>
						</control>
						
						<!--move down-->
						<control type="button" id="304">
							<width>32</width>
							<height>36</height>
							<left>72</left>
							<top>12</top>
							<label>-</label>
							<onup>211</onup>
							<onleft>303</onleft>
							<onright>211</onright>
							<ondown>211</ondown>
							<texturefocus colordiffuse="$VAR[Colour.900]">scroll-down-2.png</texturefocus>
							<texturenofocus colordiffuse="grey2">scroll-down-2.png</texturenofocus>
						</control>
						
						<!--remove-->
						<control type="button" id="302">
							<width>32</width>
							<height>36</height>
							<left>5</left>
							<top>12</top>
							<label>-</label>
							<onup>211</onup>
							<onleft>31</onleft>
							<onright>303</onright>
							<ondown>211</ondown>
							<texturefocus colordiffuse="$VAR[Colour.900]">discardbutton.png</texturefocus>
							<texturenofocus colordiffuse="grey2">discardbutton.png</texturenofocus>
						</control>
						
					</control>
					
					<!--scrollbar-->
					<control type="scrollbar" id="31">
						<left>-22</left>
						<top>0</top>
						<height>880</height>
						<texturesliderbackground colordiffuse="scroll.secondary">backgrounds/white.png</texturesliderbackground>
						<texturesliderbar colordiffuse="secondary">backgrounds/white.png</texturesliderbar>
						<onleft>300</onleft>
						<onright>302</onright>
					</control>
					
					<!---control area-->
					<control type="grouplist" id="300">
						<left>610</left>
						<width>760</width>
						<height>780</height>
						<onleft>211</onleft>
						<onright>211</onright>
						<onup>300</onup>
						<ondown>10</ondown>
						<itemgap>0</itemgap>

						<!--change shortcut-->
						<control type="button" id="401">
							<width>760</width>
							<label>$ADDON[script.skinshortcuts 32048]</label>
						</control>
						
						<!--change label-->
						<control type="button" id="305">
							<width>760</width>
							<label>$ADDON[script.skinshortcuts 32025]</label>
							<label2>$INFO[Container(211).ListItem.Label]</label2>
						</control>
						
						<!--change action-->
						<control type="button" id="307">
							<width>760</width>
							<label>$ADDON[script.skinshortcuts 32027]</label>
							<label2>$INFO[Container(211).ListItem.Property(displaypath)]</label2>
						</control>
						
						<!--edit sub-menu-->
						<control type="button" id="405">
							<width>760</width>
							<label>$ADDON[script.skinshortcuts 32072]</label>
							<visible>StringCompare(Window.Property("groupname"),mainmenu)</visible>
						</control>

						<!--add item-->
						<control type="button" id="301">
							<width>760</width>
							<label>$ADDON[script.skinshortcuts 32000]</label>
						</control>
						
					</control>
					
				</control>
				
				<!--bottom buttons-->
				<control type="group" id="9001">
					<left>0</left>
					<top>1015</top>

					<!--ok circle border-->
					<control type="image">
						<left>1120</left>
						<top>0</top>
						<width>60</width>
						<height>60</height>
						<texture colordiffuse="text.primary">buttoncircleborder.png</texture>
						<visible>Control.HasFocus(10)</visible>
					</control>
					
					<!--ok circle animation-->
					<control type="image">
						<left>1119</left>
						<top>-1</top>
						<width>62</width>
						<height>62</height>
						<texture colordiffuse="$VAR[Colour.500]">buttoncircle.png</texture>
						<visible>Control.HasFocus(10)</visible>
						<animation effect="zoom" start="0" end="100" time="250" center="auto">Visible</animation>
					</control>
					
					<!--ok button-->
					<control type="button" id="10">
						<left>1120</left>
						<top>0</top>
						<width>130</width>
						<height>60</height>
						<font>button</font>
						<align>left</align>
						<textoffsetx>60</textoffsetx>
						<textwidth>130</textwidth>
						<textcolor>text.primary</textcolor>
						<focusedcolor>text.primary</focusedcolor>
						<texturefocus colordiffuse="white">yesbuttonf.png</texturefocus>
						<texturenofocus colordiffuse="text.primary">yesbutton.png</texturenofocus>	
						<label>186</label>
						<onup>301</onup>
						<onleft>308</onleft>
						<onright>308</onright>
						<ondown>401</ondown>
						<onback>RunScript(script.skinshortcuts,type=buildxml&amp;mode=single&amp;options=clonewidgets&amp;mainmenuID=9000)</onback>
						<onclick>RunScript(script.skinshortcuts,type=buildxml&amp;mode=single&amp;options=clonewidgets&amp;mainmenuID=9000)</onclick>
						<onclick>Close</onclick>
						<visible>StringCompare(Window.Property("groupname"),mainmenu)</visible>
					</control>
					
					<!--close button-->
					<control type="button" id="10">
						<left>1120</left>
						<top>0</top>
						<width>130</width>
						<height>60</height>
						<font>button</font>
						<align>left</align>
						<textoffsetx>60</textoffsetx>
						<textwidth>130</textwidth>
						<textcolor>text.primary</textcolor>
						<focusedcolor>text.primary</focusedcolor>
						<texturefocus colordiffuse="white">yesbuttonf.png</texturefocus>
						<texturenofocus colordiffuse="text.primary">yesbutton.png</texturenofocus>	
						<label>186</label>
						<onup>301</onup>
						<onleft>308</onleft>
						<onright>308</onright>
						<ondown>401</ondown>
						<onclick>Close</onclick>
						<visible>!StringCompare(Window.Property("groupname"),mainmenu)</visible>
					</control>

					<!--reset circle border-->
					<control type="image">
						<left>100</left>
						<top>0</top>
						<width>60</width>
						<height>60</height>
						<texture colordiffuse="text.primary">buttoncircleborder.png</texture>
						<visible>Control.HasFocus(308)</visible>
					</control>
					
					<!--reset circle animation-->
					<control type="image">
						<left>99</left>
						<top>-1</top>
						<width>62</width>
						<height>62</height>
						<texture colordiffuse="$VAR[Colour.500]">buttoncircle.png</texture>
						<visible>Control.HasFocus(308)</visible>
						<animation effect="zoom" start="0" end="100" time="250" center="auto">Visible</animation>
					</control>
					
					<!--reset button-->
					<control type="button" id="308">
						<left>100</left>
						<top>0</top>
						<width>195</width>
						<height>60</height>
						<font>button</font>
						<align>left</align>
						<textoffsetx>60</textoffsetx>
						<textwidth>170</textwidth>
						<textcolor>text.primary</textcolor>
						<focusedcolor>text.primary</focusedcolor>
						<texturefocus colordiffuse="white">refreshbuttonf.png</texturefocus>
						<texturenofocus colordiffuse="text.primary">refreshbutton.png</texturenofocus>	
						<label>$ADDON[script.skinshortcuts 32028]</label>
						<onup>211</onup>
						<ondown>211</ondown>
						<onleft>10</onleft>
						<onright>10</onright>
					</control>
					
				</control>
				
			</control>
			
		</control>
		
	</controls>
	
</window>
