<?xml version="1.0" encoding="UTF-8"?>

<window type="dialog">

	<defaultcontrol always="true">3</defaultcontrol>
	
	<controls>
	
		<!--all content-->
		<control type="group">
			<left>-355</left>
			<visible>!Window.IsActive(FileBrowser)</visible>
			<animation effect="slide" start="1650,0" end="0,0" time="400" tween="quadratic" easing="out">WindowOpen</animation>
			<animation effect="slide" start="0,0" end="-1650,0" time="400" tween="quadratic" easing="out">WindowClose</animation>
			
			<animation effect="slide" start="1650,0" end="0,0" time="400" tween="quadratic" easing="out">Visible</animation>
			<animation effect="slide" start="0,0" end="-1650,0" time="400" tween="quadratic" easing="out">Hidden</animation>
			
			<animation effect="slide" start="0,0" end="-35,0" time="300" condition="Window.IsActive(ShutdownMenu)">Conditional</animation>
		
			<!--background-->
			<control type="image">
				<left>715</left>
				<top>0</top>
				<width>1210</width>
				<height>1080</height>
				<texture colordiffuse="tertiary">backgrounds/white.png</texture>
			</control>
			
			<!--shadow-->
			<control type="image">
				<left>685</left>
				<top>0</top>
				<width>30</width>
				<height>1080</height>
				<texture flipx="true">sidebarshadow.png</texture>
			</control>
			
			<!--right shadow-->
			<control type="image">
				<left>1925</left>
				<top>0</top>
				<width>30</width>
				<height>1080</height>
				<texture>sidebarshadow.png</texture>
			</control>
				
			<!--title background-->
			<control type="image">
				<left>715</left>
				<top>0</top>
				<width>1210</width>
				<height>165</height>
				<texture background="true" colordiffuse="$VAR[Colour.500]">backgrounds/white.png</texture>
			</control>
				
			<!--sub title background-->
			<control type="image">
				<left>715</left>
				<top>110</top>
				<width>1210</width>
				<height>55</height>
				<texture background="true" colordiffuse="$VAR[Colour.900]">backgrounds/white.png</texture>
			</control>
		
			<!--title shadow-->
			<control type="image">
				<left>715</left>
				<top>110</top>
				<width>1210</width>
				<height>20</height>
				<texture>homeshadow.png</texture>
				<animation effect="fade" start="100" end="75" time="0" condition="true">Conditional</animation>
			</control>
		
			<!--sub title shadow-->
			<control type="image">
				<left>715</left>
				<top>165</top>
				<width>1210</width>
				<height>10</height>
				<texture>homeshadow.png</texture>
				<animation effect="fade" start="100" end="75" time="0" condition="true">Conditional</animation>
			</control>
			
			<!--close window button-->
			<control type="button">
				<left>720</left>
				<top>0</top>
				<width>50</width>
				<height>25</height>
				<label>-</label>
				<font>-</font>
				<onclick>PreviousMenu</onclick>
				<texturefocus>DialogCloseButton-focus.png</texturefocus>
				<texturenofocus>DialogCloseButton.png</texturenofocus>
				<onleft>9000</onleft>
				<onright>9000</onright>
				<onup>9000</onup>
				<ondown>9000</ondown>
				<visible>system.getbool(input.enablemouse)</visible>
			</control>
			
			<!--main content-->
			<control type="group">
				<left>170</left>
				<top>0</top>
				
				<!--title-->
				<control type="label" id="1">
					<left>590</left>
					<top>25</top>
					<width>1545</width>
					<height>60</height>
					<font>info.title</font>
					<align>left</align>
					<aligny>center</aligny>
					<textcolor>white</textcolor>
				</control>
				
				<!--file count (simple)-->
				<control type="label">
					<left>905</left>
					<top>110</top>
					<width>825</width>
					<height>52</height>
					<font>button</font>
					<align>right</align>
					<aligny>center</aligny>
					<scroll>false</scroll>
					<textcolor>white</textcolor>
					<label>$INFO[Container(3).NumItems] $LOCALIZE[31025] ($LOCALIZE[31024] $INFO[Container(3).CurrentPage]/$INFO[Container(3).NumPages])</label>
					<visible>Control.IsVisible(3)</visible>
				</control>
				
				<!--file count (advanced)-->
				<control type="label">
					<left>905</left>
					<top>110</top>
					<width>825</width>
					<height>52</height>
					<font>button</font>
					<align>right</align>
					<aligny>center</aligny>
					<scroll>false</scroll>
					<textcolor>white</textcolor>
					<label>$INFO[Container(6).NumItems] $LOCALIZE[31025] ($LOCALIZE[31024] $INFO[Container(6).CurrentPage]/$INFO[Container(6).NumPages])</label>
					<visible>Control.IsVisible(6)</visible>
				</control>
		
				<!--content list (simple)-->
				<control type="list" id="3">
					<left>575</left>
					<top>190</top>
					<width>1155</width>
					<height>871</height>
					<onup>3</onup>
					<ondown>3</ondown>
					<onleft>5</onleft>
					<onright>61</onright>
					<pagecontrol>61</pagecontrol>
					<scrolltime>200</scrolltime>
					
					<itemlayout height="67">
						
						<!--label-->
						<control type="label">
							<left>15</left>
							<top>0</top>
							<width>1125</width>
							<height>60</height>
							<font>label</font>
							<align>left</align>
							<aligny>center</aligny>
							<textcolor>text.primary</textcolor>
							<selectedcolor>$VAR[Colour.500]</selectedcolor>
							<info>ListItem.Label</info>
						</control>
						
					</itemlayout>
					
					<focusedlayout height="67">
				
						<!--background-->
						<control type="image">
							<left>0</left>
							<top>0</top>
							<width>1155</width>
							<height>60</height>
							<texture colordiffuse="$VAR[Colour.500]">backgrounds/white.png</texture>
							<animation effect="fade" start="100" end="50" time="200" condition="!Control.HasFocus(3)">Conditional</animation>
						</control>
						
						<!--label-->
						<control type="label">
							<left>15</left>
							<top>0</top>
							<width>1125</width>
							<height>60</height>
							<font>label</font>
							<align>left</align>
							<aligny>center</aligny>
							<textcolor>white</textcolor>
							<selectedcolor>$VAR[Colour.Alt]</selectedcolor>
							<info>ListItem.Label</info>
						</control>
						
					</focusedlayout>
					
				</control>
				
				<!--content list (advanced)-->
				<control type="list" id="6">
					<left>575</left>
					<top>190</top>
					<width>1155</width>
					<height>810</height>
					<onup>6</onup>
					<ondown>6</ondown>
					<onleft>5</onleft>
					<onright>61</onright>
					<pagecontrol>61</pagecontrol>
					<scrolltime>200</scrolltime>
					
					<itemlayout height="135">
						
						<!--icon-->
						<control type="image">
							<left>5</left>
							<top>5</top>
							<width>115</width>
							<height>115</height>
							<texture>$INFO[Listitem.Icon]</texture>
						</control>
						
						<!--title-->
						<control type="label">
							<left>133</left>
							<top>7</top>
							<width>1125</width>
							<height>60</height>
							<font>label</font>
							<align>left</align>
							<aligny>top</aligny>
							<textcolor>text.primary</textcolor>
							<selectedcolor>$VAR[Colour.500]</selectedcolor>
							<label>[B]$INFO[ListItem.Label][/B]</label>
						</control>
						
						<!--description-->
						<control type="textbox">
							<left>133</left>
							<top>40</top>
							<width>1125</width>
							<height>75</height>
							<font>label</font>
							<align>left</align>
							<aligny>top</aligny>
							<wrapmultiline>true</wrapmultiline>
							<textcolor>text.primary</textcolor>
							<selectedcolor>$VAR[Colour.500]</selectedcolor>
							<label>$INFO[ListItem.Property(Addon.Summary)]</label>
						</control>
						
					</itemlayout>
					
					<focusedlayout height="135">
				
						<!--background-->
						<control type="image">
							<left>0</left>
							<top>0</top>
							<width>1155</width>
							<height>125</height>
							<texture colordiffuse="$VAR[Colour.500]">backgrounds/white.png</texture>
							<animation effect="fade" start="100" end="50" time="200" condition="!Control.HasFocus(6)">Conditional</animation>
						</control>
						
						<!--icon-->
						<control type="image">
							<left>5</left>
							<top>5</top>
							<width>115</width>
							<height>115</height>
							<texture>$INFO[Listitem.Icon]</texture>
						</control>
						
						<!--title-->
						<control type="label">
							<left>133</left>
							<top>7</top>
							<width>1125</width>
							<height>60</height>
							<font>label</font>
							<align>left</align>
							<aligny>top</aligny>
							<textcolor>white</textcolor>
							<selectedcolor>$VAR[Colour.Alt]</selectedcolor>
							<label>[B]$INFO[ListItem.Label][/B]</label>
						</control>
						
						<!--description-->
						<control type="textbox">
							<left>133</left>
							<top>40</top>
							<width>1125</width>
							<height>75</height>
							<font>label</font>
							<align>left</align>
							<aligny>top</aligny>
							<wrapmultiline>true</wrapmultiline>
							<textcolor>white</textcolor>
							<label>$INFO[ListItem.Property(Addon.Summary)]</label>
						</control>
						
					</focusedlayout>
					
				</control>
				
				<control type="scrollbar" id="61">
					<left>1740</left>
					<top>190</top>
					<height>864</height>
					<orientation>vertical</orientation>
					<showonepage>false</showonepage>
					<texturesliderbackground colordiffuse="scroll.secondary">backgrounds/white.png</texturesliderbackground>
					<texturesliderbar colordiffuse="secondary">backgrounds/white.png</texturesliderbar>
					<onleft>3</onleft>
					<onright>5</onright>
					<ondown>61</ondown>
					<onup>61</onup>
					<visible>Control.IsVisible(3)</visible>
				</control>
				
				<control type="scrollbar" id="61">
					<left>1740</left>
					<top>190</top>
					<height>800</height>
					<orientation>vertical</orientation>
					<showonepage>false</showonepage>
					<texturesliderbackground colordiffuse="scroll.secondary">backgrounds/white.png</texturesliderbackground>
					<texturesliderbar colordiffuse="secondary">backgrounds/white.png</texturesliderbar>
					<onleft>3</onleft>
					<onright>5</onright>
					<ondown>61</ondown>
					<onup>61</onup>
					<visible>Control.IsVisible(6)</visible>
				</control>
		
				<!--buttons bg-->
				<control type="image">
					<left>545</left>
					<top>1010</top>
					<width>1210</width>
					<height>70</height>
					<texture colordiffuse="primary">backgrounds/white.png</texture>
				</control>
		
				<!--buttons shadow-->
				<control type="image">
					<left>545</left>
					<top>1010</top>
					<width>1210</width>
					<height>10</height>
					<texture>homeshadow.png</texture>
					<animation effect="fade" start="100" end="75" time="0" condition="true">Conditional</animation>
				</control>
				
				<!--bottom buttons-->
				<control type="group">
					<left>1550</left>
					<top>1015</top>
		
					<!--ok circle border-->
					<control type="image">
						<left>0</left>
						<top>0</top>
						<width>60</width>
						<height>60</height>
						<texture colordiffuse="text.primary">buttoncircleborder.png</texture>
						<visible>Control.HasFocus(5)</visible>
					</control>
					
					<!--ok circle animation-->
					<control type="image">
						<left>-1</left>
						<top>-1</top>
						<width>62</width>
						<height>62</height>
						<texture colordiffuse="$VAR[Colour.500]">buttoncircle.png</texture>
						<visible>Control.HasFocus(5)</visible>
						<animation effect="zoom" start="0" end="100" time="250" center="auto">Visible</animation>
					</control>
				
					<!--manual button-->
					<control type="button" id="5">
						<left>0</left>
						<top>0</top>
						<width>285</width>
						<height>60</height>
						<font>button</font>
						<align>left</align>
						<textoffsetx>60</textoffsetx>
						<textwidth>130</textwidth>
						<textcolor>text.primary</textcolor>
						<focusedcolor>text.primary</focusedcolor>
						<align>center</align>
						<texturefocus colordiffuse="white">addbuttonf.png</texturefocus>
						<texturenofocus colordiffuse="text.primary">addbutton.png</texturenofocus>	
						<label>186</label>
						<onleft>3</onleft>
						<onright>3</onright>
						<onup>6</onup>
						<ondown>6</ondown>
					</control>
				
				</control>
				
				<!--image-->
				<!--control type="group">
					<left>915</left>
					<top>480</top>
					<visible>Control.IsVisible(6) + Control.IsVisible(5)</visible>
					
					<control type="image">
						<left>0</left>
						<top>0</top>
						<width>315</width>
						<height>315</height>
						<texture border="5">button-nofocus.png</texture>
					</control>
					
					<control type="image">
						<left>8</left>
						<top>8</top>
						<width>300</width>
						<height>300</height>
						<aspectratio>keep</aspectratio>
						<texture background="true">$INFO[Container(6).ListItem.Icon]</texture>
					</control>
					
				</control-->
				
			</control>
			
		</control>
		
	</controls>
	
</window>