<?xml version="1.0" encoding="UTF-8"?>
<window>

	<animation effect="fade" start="0" end="100" time="200">WindowOpen</animation>
	<animation effect="fade" start="100" end="0" time="200">WindowClose</animation>
	
	<controls>
	
		<!--all content-->
		<control type="group">
			<animation effect="slide" start="0,0" end="-285,0" time="200" condition="Window.IsVisible(BusyDialog)">conditional</animation>
			<animation effect="slide" start="0,0" end="0,-90" time="200" condition="Window.IsVisible(ExtendedProgressDialog)">conditional</animation>
			<animation effect="slide" start="0,0" end="0,-78" time="200" condition="Player.HasMedia + !SubString(Window(videolibrary).Property(TvTunesIsAlive),TRUE)">Conditional</animation>
			
			<!--glow-->
			<control type="image">
				<left>674r</left>
				<top>143r</top>
				<width>624</width>
				<height>93</height>
				<texture colordiffuse="tertiary">backgrounds/kai.png</texture>
			</control>
			
			<!--background-->
			<control type="image">
				<left>664r</left>
				<top>133r</top>
				<width>600</width>
				<height>73</height>
				<texture colordiffuse="tertiary">backgrounds/white.png</texture>
			</control>
			
			<!--background strip-->
			<control type="image">
				<left>64r</left>
				<top>133r</top>
				<width>4</width>
				<height>73</height>
				<texture colordiffuse="$VAR[Colour.500]">backgrounds/white.png</texture>
			</control>
			
			<!--icon-->
			<control type="image" id="400">
				<left>134r</left>
				<top>130r</top>
				<width>68</width>
				<height>68</height>
				<aspectratio>keep</aspectratio>
				<texture colordiffuse="text.primary">DefaultFile.png</texture>
			</control>
			
			<!--icon-->
			<control type="image" id="400">
				<description>avatar</description>
				<left>132r</left>
				<top>128r</top>
				<width>63</width>
				<height>63</height>
				<aspectratio>keep</aspectratio>
				<texture></texture>
			</control>
			
			<!--line 1-->
			<control type="fadelabel" id="401">
				<left>1265</left>
				<top>125r</top>
				<width>512</width>
				<height>27</height>
				<font>kai.primary</font>
				<textcolor>text.primary</textcolor>
				<align>right</align>
				<aligny>center</aligny>
				<scrollout>false</scrollout>
				<pauseatend>2000</pauseatend>
			</control>
			
			<!--line 2-->
			<control type="fadelabel" id="402">
				<left>1265</left>
				<top>97r</top>
				<width>512</width>
				<height>30</height>
				<font>kai.secondary</font>
				<textcolor>text.primary</textcolor>
				<align>right</align>
				<aligny>center</aligny>
				<scrollout>false</scrollout>
				<pauseatend>2000</pauseatend>
			</control>
			
			<!--info icon-->
			<control type="image" id="403">
				<left>132r</left>
				<top>128r</top>
				<width>63</width>
				<height>63</height>
				<aspectratio>keep</aspectratio>
				<visible>false</visible>
				<texture colordiffuse="text.primary">DefaultIconInfo.png</texture>
			</control>
			
			<!--warning icon-->
			<control type="image" id="404">
				<left>132r</left>
				<top>128r</top>
				<width>63</width>
				<height>63</height>
				<aspectratio>keep</aspectratio>
				<visible>false</visible>
				<texture colordiffuse="text.primary">DefaultIconWarning.png</texture>
			</control>
			
			<!--error icon-->
			<control type="image" id="405">
				<left>132r</left>
				<top>128r</top>
				<width>63</width>
				<height>63</height>
				<aspectratio>keep</aspectratio>
				<visible>false</visible>
				<texture colordiffuse="text.primary">DefaultIconError.png</texture>
			</control>
			
		</control>
		
	</controls>
	
</window>