<?xml version="1.0" encoding="UTF-8"?>

<window>

	<defaultcontrol>5</defaultcontrol>

	<controls>
	
		<!--all content-->
		<control type="group">
			<left>-355</left>

			<animation effect="slide" start="1650,0" end="0,0" time="400" tween="quadratic" easing="out">WindowOpen</animation>
			<animation effect="slide" start="0,0" end="-1650,0" time="400" tween="quadratic" easing="out">WindowClose</animation>
			
			<animation effect="slide" start="1650,0" end="0,0" time="400" tween="quadratic" easing="out">Visible</animation>
			<animation effect="slide" start="0,0" end="-1650,0" time="400" tween="quadratic" easing="out">Hidden</animation>
			
			<!--background-->
			<control type="image">
				<left>715</left>
				<top>0</top>
				<width>1210</width>
				<height>1080</height>
				<texture colordiffuse="tertiary">backgrounds/white.png</texture>
			</control>
			
			<!--left shadow-->
			<control type="image">
				<left>685</left>
				<top>0</top>
				<width>30</width>
				<height>1080</height>
				<texture flipx="true">sidebarshadow.png</texture>
			</control>
			
			<!--right shadow-->
			<control type="image">
				<left>1925</left>
				<top>0</top>
				<width>30</width>
				<height>1080</height>
				<texture>sidebarshadow.png</texture>
			</control>
				
			<!--title background-->
			<control type="image">
				<left>715</left>
				<top>0</top>
				<width>1210</width>
				<height>110</height>
				<texture background="true" colordiffuse="$VAR[Colour.500]">backgrounds/white.png</texture>
			</control>
			
			<!--title shadow-->
			<control type="image">
				<left>715</left>
				<top>110</top>
				<width>1210</width>
				<height>20</height>
				<texture>homeshadow.png</texture>
				<animation effect="fade" start="100" end="75" time="0" condition="true">Conditional</animation>
			</control>
			
			<!--buttons bg-->
			<control type="image">
				<left>715</left>
				<top>1010</top>
				<width>1210</width>
				<height>70</height>
				<texture colordiffuse="primary">backgrounds/white.png</texture>
			</control>
	
			<!--buttons shadow-->
			<control type="image">
				<left>715</left>
				<top>1010</top>
				<width>1210</width>
				<height>10</height>
				<texture>homeshadow.png</texture>
				<animation effect="fade" start="100" end="75" time="0" condition="true">Conditional</animation>
			</control>
			
			<!--close window button-->
			<control type="button">
				<left>720</left>
				<top>0</top>
				<width>50</width>
				<height>25</height>
				<label>-</label>
				<font>-</font>
				<onclick>PreviousMenu</onclick>
				<texturefocus>DialogCloseButton-focus.png</texturefocus>
				<texturenofocus>DialogCloseButton.png</texturenofocus>
				<onleft>5</onleft>
				<onright>5</onright>
				<onup>5</onup>
				<ondown>5</ondown>
				<visible>system.getbool(input.enablemouse)</visible>
			</control>

			<!--main content-->
			<control type="group">
				<left>715</left>
				<top>0</top>

				<!--title-->
				<control type="label"  id="2">
					<left>60</left>
					<top>25</top>
					<width>1022</width>
					<height>60</height>
					<font>info.title</font>
					<align>left</align>
					<aligny>center</aligny>
					<textcolor>white</textcolor>
					<label>$LOCALIZE[20043]</label>
				</control>

				<!--control area-->
				<control type="grouplist" id="5">
					<left>10</left>
					<top>120</top>
					<width>1190</width>
					<height>615</height>
					<itemgap>10</itemgap>
					<onleft>28</onleft>
					<onright>29</onright>
					<onup>28</onup>
					<ondown>28</ondown>
				</control>
				
				<!--button-->
				<control type="button" id="7">
					<left>0</left>
					<top>0</top>
				</control>
				
				<!--radio button-->
				<control type="radiobutton" id="8">
					<left>0</left>
					<top>0</top>
				</control>
				
				<!--spin control-->
				<control type="spincontrolex" id="9">
					<left>0</left>
					<top>0</top>
					<reverse>yes</reverse>
				</control>
				
				<control type="image" id="11">
					<height>1</height>
					<texture colordiffuse="$VAR[Colour.500]">backgrounds/white.png</texture>
				</control>

			</control>
			
			<!--bottom buttons-->
			<control type="group" id="9001">
				<left>1195</left>
				<top>1015</top>
	
				<!--ok circle border-->
				<control type="image">
					<left>0</left>
					<top>0</top>
					<width>60</width>
					<height>60</height>
					<texture colordiffuse="text.primary">buttoncircleborder.png</texture>
					<visible>Control.HasFocus(28)</visible>
				</control>
				
				<!--ok circle animation-->
				<control type="image">
					<left>-1</left>
					<top>-1</top>
					<width>62</width>
					<height>62</height>
					<texture colordiffuse="$VAR[Colour.500]">buttoncircle.png</texture>
					<visible>Control.HasFocus(28)</visible>
					<animation effect="zoom" start="0" end="100" time="250" center="auto">Visible</animation>
				</control>
				
				<!--ok button-->
				<control type="button" id="28">
					<left>0</left>
					<top>0</top>
					<width>130</width>
					<height>60</height>
					<font>button</font>
					<align>left</align>
					<textoffsetx>60</textoffsetx>
					<textwidth>130</textwidth>
					<textcolor>text.primary</textcolor>
					<focusedcolor>text.primary</focusedcolor>
					<align>center</align>
					<texturefocus colordiffuse="white">yesbuttonf.png</texturefocus>
					<texturenofocus colordiffuse="text.primary">yesbutton.png</texturenofocus>	
					<label>186</label>
					<onleft>22</onleft>
					<onright>29</onright>
					<onup>5</onup>
					<ondown>20</ondown>
				</control>
	
				<!--cancel circle border-->
				<control type="image">
					<left>130</left>
					<top>0</top>
					<width>60</width>
					<height>60</height>
					<texture colordiffuse="text.primary">buttoncircleborder.png</texture>
					<visible>Control.HasFocus(29)</visible>
				</control>
				
				<!--cancel circle animation-->
				<control type="image">
					<left>129</left>
					<top>-1</top>
					<width>62</width>
					<height>62</height>
					<texture colordiffuse="$VAR[Colour.500]">buttoncircle.png</texture>
					<visible>Control.HasFocus(29)</visible>
					<animation effect="zoom" start="0" end="100" time="250" center="auto">Visible</animation>
				</control>
				
				<!--cancel button-->
				<control type="button" id="29">
					<left>130</left>
					<top>0</top>
					<width>130</width>
					<height>60</height>
					<font>button</font>
					<align>left</align>
					<textoffsetx>60</textoffsetx>
					<textwidth>130</textwidth>
					<textcolor>text.primary</textcolor>
					<focusedcolor>text.primary</focusedcolor>
					<align>center</align>
					<texturefocus colordiffuse="white">nobuttonf.png</texturefocus>
					<texturenofocus colordiffuse="text.primary">nobutton.png</texturenofocus>	
					<label>222</label>
					<onleft>28</onleft>
					<onright>22</onright>
					<onup>5</onup>
					<ondown>20</ondown>
				</control>
				
			</control>
			
		</control>
		
	</controls>
	
</window>