<?xml version="1.0" encoding="UTF-8"?>
<includes>

	<include name="PictureWrapView">
		<control type="group">
			<visible>Control.IsVisible(510)</visible>
			<include>VisibleFadeEffect</include>
			<left>0</left>
			<top>660</top>
			<control type="wraplist" id="510">
				<left>-38</left>
				<top>8</top>
				<width>1995</width>
				<height>375</height>
				<onleft>510</onleft>
				<onright>510</onright>
				<onup>2</onup>
				<ondown>60</ondown>
				<viewtype label="31032">wrap</viewtype>
				<pagecontrol>60</pagecontrol>
				<scrolltime>200</scrolltime>
				<focusposition>3</focusposition>
				<orientation>horizontal</orientation>
				<preloaditems>4</preloaditems>
				<itemlayout height="300" width="285">
					<control type="image">
						<left>22</left>
						<top>60</top>
						<width>240</width>
						<height>240</height>
						<aspectratio>stretch</aspectratio>
						<bordertexture border="10">ThumbShadow.png</bordertexture>
						<bordersize>8</bordersize>
						<fadetime>200</fadetime>
						<texture border="2">ThumbBG.png</texture>
					</control>
					<control type="image">
						<left>38</left>
						<top>75</top>
						<width>210</width>
						<height>210</height>
						<aspectratio>keep</aspectratio>
						<texture background="true">$INFO[ListItem.Icon]</texture>
					</control>
				</itemlayout>
				<focusedlayout height="300" width="285">
					<control type="image">
						<left>22</left>
						<top>60</top>
						<width>240</width>
						<height>240</height>
						<aspectratio>stretch</aspectratio>
						<bordertexture border="10">ThumbShadow.png</bordertexture>
						<bordersize>8</bordersize>
						<fadetime>200</fadetime>
						<texture border="2">ThumbBG.png</texture>
						<animation reversible="false" effect="zoom" start="22,60,160,160" end="-15,-8,210,210" time="200">focus</animation>
						<animation reversible="false" effect="zoom" end="22,60,160,160" start="-15,-8,210,210" time="200">unfocus</animation>
					</control>
					<control type="image">
						<left>38</left>
						<top>75</top>
						<width>210</width>
						<height>210</height>
						<aspectratio>keep</aspectratio>
						<texture background="true">$INFO[ListItem.Icon]</texture>
						<animation reversible="false" effect="zoom" start="38,75,140,140" end="8,15,180,180" time="200">focus</animation>
						<animation reversible="false" effect="zoom" end="38,75,140,140" start="8,15,180,180" time="200">unfocus</animation>
					</control>
				</focusedlayout>
			</control>
			<control type="scrollbar" id="60">
				<left>465</left>
				<top>300</top>
				<width>990</width>
				<height>38</height>
				<texturesliderbackground border="14,0,14,0">ScrollBarH.png</texturesliderbackground>
				<texturesliderbar border="14,0,14,0">ScrollBarH_bar.png</texturesliderbar>
				<texturesliderbarfocus border="14,0,14,0">ScrollBarH_bar_focus.png</texturesliderbarfocus>
				<textureslidernib>ScrollBarNib.png</textureslidernib>
				<textureslidernibfocus>ScrollBarNib.png</textureslidernibfocus>
				<onup>510</onup>
				<ondown>2</ondown>
				<showonepage>false</showonepage>
				<orientation>horizontal</orientation>
				<visible>Control.IsVisible(510)</visible>
			</control>
		</control>
	</include>
	
	<include name="PictureThumbView">
	
		<!--all content-->
		<control type="group">
			<visible>Control.IsVisible(514)</visible>
			
			<!--content list-->
			<control type="panel" id="514">
				<left>90</left>
				<top>162</top>
				<width>648</width>
				<height>800</height>
				<onleft>2</onleft>
				<onright>60</onright>
				<onup>514</onup>
				<ondown>514</ondown>
				<viewtype label="$LOCALIZE[31031]">list</viewtype>
				<pagecontrol>60</pagecontrol>
				<scrolltime>200</scrolltime>
				<preloaditems>2</preloaditems>
				
				<itemlayout height="200" width="200">
				
					<!--background (fallback)-->
					<control type="image">
						<left>0</left>
						<top>0</top>
						<width>200</width>
						<height>200</height>
						<texture background="true" colordiffuse="tertiary">backgrounds/white.png</texture>
						<bordersize>5</bordersize>
						<bordertexture colordiffuse="$VAR[Colour.500]">backgrounds/square shadow small.png</bordertexture>
						<visible>SubString(ListItem.Icon,Default)</visible>
					</control>

					<!--background (no fallback)-->
					<control type="image">
						<left>0</left>
						<top>0</top>
						<width>200</width>
						<height>200</height>
						<texture background="true" colordiffuse="button.nf">backgrounds/white.png</texture>
						<bordersize>5</bordersize>
						<bordertexture colordiffuse="$VAR[Colour.500]">backgrounds/square shadow small.png</bordertexture>
						<visible>!SubString(ListItem.Icon,Default)</visible>
					</control>
					
					<!--icon (fallback)-->
					<control type="image">
						<left>5</left>
						<top>5</top>
						<width>190</width>
						<height>190</height>
						<texture colordiffuse="$VAR[Colour.500]" background="true">$INFO[Listitem.Icon]</texture>
						<visible>SubString(ListItem.Icon,Default)</visible>
					</control>
				
					<!--icon (no fallback)-->
					<control type="image">
						<left>5</left>
						<top>5</top>
						<width>190</width>
						<height>190</height>
						<aspectratio>keep</aspectratio>
						<texture background="true">$INFO[Listitem.Icon]</texture>
						<visible>!SubString(ListItem.Icon,Default)</visible>
					</control>
					
				</itemlayout>
				
				<focusedlayout height="200" width="200">
				
					<!--background (fallback)-->
					<control type="image">
						<left>0</left>
						<top>0</top>
						<width>200</width>
						<height>200</height>
						<texture background="true" colordiffuse="tertiary2">backgrounds/white.png</texture>
						<bordersize>5</bordersize>
						<bordertexture colordiffuse="$VAR[Colour.500]">backgrounds/white.png</bordertexture>
						<visible>SubString(ListItem.Icon,Default)</visible>
					</control>

					<!--background (no fallback)-->
					<control type="image">
						<left>0</left>
						<top>0</top>
						<width>200</width>
						<height>200</height>
						<texture background="true" colordiffuse="button.nf">backgrounds/white.png</texture>
						<bordersize>5</bordersize>
						<bordertexture colordiffuse="$VAR[Colour.500]">backgrounds/white.png</bordertexture>
						<visible>!SubString(ListItem.Icon,Default)</visible>
					</control>
				
					<!--icon (fallback)-->
					<control type="image">
						<left>5</left>
						<top>5</top>
						<width>190</width>
						<height>190</height>
						<texture colordiffuse="$VAR[Colour.500]" background="true">$INFO[Listitem.Icon]</texture>
						<visible>SubString(ListItem.Icon,Default)</visible>
					</control>
				
					<!--icon (no fallback)-->
					<control type="image">
						<left>5</left>
						<top>5</top>
						<width>190</width>
						<height>190</height>
						<aspectratio>keep</aspectratio>
						<texture background="true">$INFO[Listitem.Icon]</texture>
						<visible>!SubString(ListItem.Icon,Default)</visible>
					</control>
					
				</focusedlayout>
				
			</control>
			
			<!--scrollbar-->
			<control type="scrollbar" id="60">
				<left>750</left>
				<top>162</top>
				<height>800</height>
				<onleft>514</onleft>
				<onright>514</onright>
				<orientation>vertical</orientation>
				<visible>Control.IsVisible(514)</visible>
			</control>
			
			<!--picture info-->
			<control type="group">
				<left>875</left>
				<top>170</top>
				
				<!--background-->
				<control type="image">
					<left>0</left>
					<top>0</top>
					<width>920</width>
					<height>640</height>
					<texture background="true" colordiffuse="button.nf">backgrounds/white.png</texture>
				</control>
				
				<!--picture-->
				<control type="image">
					<left>0</left>
					<top>0</top>
					<width>920</width>
					<height>640</height>
					<texture background="true">$INFO[ListItem.FilenameAndPath]</texture>
					<fadetime>600</fadetime>
					<aspectratio>keep</aspectratio>
				</control>
				
				<!--info strip background-->
				<control type="image">
					<left>0</left>
					<top>640</top>
					<width>920</width>
					<height>60</height>
					<texture background="true" colordiffuse="$VAR[Colour.500]">backgrounds/white.png</texture>
				</control>
			
				<!--fanart shadow-->
				<control type="image">
					<left>0</left>
					<top>640</top>
					<width>920</width>
					<height>10</height>
					<texture>homeshadow.png</texture>
					<animation effect="fade" start="100" end="100" time="0" condition="true">Conditional</animation>
				</control>
					
				<!--secondary label-->
				<control type="label">
					<left>15</left>
					<top>640</top>
					<width>890</width>
					<height>60</height>
					<font>secondary.info.big</font>
					<textcolor>white</textcolor>
					<selectedcolor>white</selectedcolor>
					<align>left</align>
					<aligny>center</aligny>
					<label>$INFO[ListItem.Label]</label>
				</control>
				
				<!--background-->
				<control type="image">
					<left>0</left>
					<top>700</top>
					<width>920</width>
					<height>85</height>
					<texture background="true" colordiffuse="tertiary">backgrounds/white.png</texture>
				</control>
			
				<!--info strip shadow-->
				<control type="image">
					<left>0</left>
					<top>700</top>
					<width>920</width>
					<height>10</height>
					<texture>homeshadow.png</texture>
					<animation effect="fade" start="100" end="100" time="0" condition="true">Conditional</animation>
				</control>
				
			</control>

			<control type="grouplist">
				<left>875</left>
				<top>880</top>
				<usecontrolcoords>true</usecontrolcoords>
				<itemgap>0</itemgap>
				
				<control type="label">
					<left>15</left>
					<top>0</top>
					<width>160</width>
					<height>35</height>
					<font>secondary.info</font>
					<textcolor>$VAR[Colour.500]</textcolor>
					<label>$LOCALIZE[31326]</label>
					<visible>!IsEmpty(ListItem.PictureDateTime)</visible>
				</control>
				
				<control type="label">
					<left>155</left>
					<top>-35</top>
					<width>730</width>
					<height>35</height>
					<font>secondary.info</font>
					<textcolor>text.primary</textcolor>
					<label>$INFO[ListItem.PictureDateTime]</label>
				</control>
				
				<control type="label">
					<left>15</left>
					<top>0</top>
					<width>160</width>
					<height>35</height>
					<font>secondary.info</font>
					<textcolor>$VAR[Colour.500]</textcolor>
					<label>$LOCALIZE[31327]</label>
					<visible>!IsEmpty(ListItem.PictureResolution)</visible>
				</control>
				
				<control type="label">
					<left>155</left>
					<top>-35</top>
					<width>730</width>
					<height>35</height>
					<font>secondary.info</font>
					<textcolor>text.primary</textcolor>
					<label>$INFO[ListItem.PictureResolution]</label>
				</control>
				
			</control>
			
		</control>
		
	</include>
	
</includes>