<?xml version="1.0" encoding="UTF-8"?>
<includes>
	<include name="Weather36HourForcast">
		<control type="group">
			<visible>StringCompare(Window.Property(Weather.CurrentView),36hour)</visible>
			<include>VisibleFadeEffect</include>
			<control type="button" id="997">
				<description>Hidden Button for focus</description>
				<left>-600</left>
				<top>-20</top>
				<width>1</width>
				<height>1</height>
				<texturenofocus>-</texturenofocus>
				<texturefocus>-</texturefocus>
				<onleft>7000</onleft>
				<onright>7000</onright>
			</control>
			<control type="label">
				<description>header label</description>
				<left>20</left>
				<top>15</top>
				<width>610</width>
				<height>30</height>
				<font>Font_Neon_28</font>
				<label>[B]$LOCALIZE[31901][/B]</label>
				<align>center</align>
				<aligny>center</aligny>
				<textcolor>white</textcolor>
				<shadowcolor>black</shadowcolor>
			</control>
			<control type="label">
				<left>0</left>
				<top>200</top>
				<width>600</width>
				<height>30</height>
				<font>Font_Neon_20</font>
				<textcolor>white</textcolor>
				<align>center</align>
				<aligny>center</aligny>
				<label>$LOCALIZE[31909]</label>
				<visible>IsEmpty(Window.Property(36Hour.IsFetched))</visible>
			</control>
			<control type="group">
				<left>20</left>
				<top>50</top>
				<visible>!IsEmpty(Window.Property(36Hour.IsFetched))</visible>
				<include>VisibleFadeEffect</include>
				<control type="group">
					<left>0</left>
					<top>0</top>
					<control type="label">
						<left>0</left>
						<top>5</top>
						<width>600</width>
						<height>30</height>
						<font>Font_Neon_20</font>
						<textcolor>mainblue</textcolor>
						<align>center</align>
						<aligny>center</aligny>
						<label>$INFO[Window.Property(36Hour.1.Heading)]</label>
					</control>
					<control type="image">
						<left>0</left>
						<top>10</top>
						<width>120</width>
						<height>110</height>
						<aspectratio>keep</aspectratio>
						<texture>$INFO[Window.Property(36Hour.1.OutlookIcon)]</texture>
					</control>
					<control type="label">
						<left>120</left>
						<top>40</top>
						<width>100</width>
						<height>40</height>
						<font>Font_Neon_20</font>
						<textcolor>white</textcolor>
						<selectedcolor>selected</selectedcolor>
						<align>center</align>
						<aligny>center</aligny>
						<label>[COLOR=grey2]$INFO[Window.Property(36Hour.1.TemperatureHeading)][CR][/COLOR]$INFO[Window.Property(36Hour.1.Temperature),[B] ,[/B]]</label>
					</control>
					<control type="label">
						<right>90</right>
						<top>20</top>
						<width>390</width>
						<height>130</height>
						<font>Font_Neon_20</font>
						<textcolor>white</textcolor>
						<selectedcolor>selected</selectedcolor>
						<align>right</align>
						<aligny>center</aligny>
						<label>$INFO[Window.Property(36Hour.1.FeelsLike),[COLOR=grey2]$LOCALIZE[402] :[/COLOR][B] ,[/B]][CR][CR]$INFO[Window.Property(36Hour.1.Precipitation),[COLOR=grey2]$LOCALIZE[33021] :[/COLOR][B] ,[/B]][CR][CR]$INFO[Window.Property(36Hour.1.Cloudiness),[COLOR=grey2]$LOCALIZE[387] :[/COLOR][B] ,[/B]]</label>
					</control>
					<control type="textbox">
						<left>0</left>
						<top>145</top>
						<width>590</width>
						<height>70</height>
						<font>Font_Neon_20</font>
						<textcolor>white</textcolor>
						<selectedcolor>selected</selectedcolor>
						<align>center</align>
						<label>$INFO[Window.Property(36hour.1.Outlook),[COLOR=grey2]$LOCALIZE[33030]: [/COLOR]]</label>
					</control>
					<control type="image">
						<left>0</left>
						<top>180</top>
						<width>650</width>
						<height>4</height>
            <colordiffuse>mainblue</colordiffuse>
						<texture>separator2.png</texture>
					</control>
				</control>
				<control type="group">
					<left>0</left>
					<top>185</top>
					<control type="label">
						<left>0</left>
						<top>5</top>
						<width>600</width>
						<height>30</height>
						<font>Font_Neon_20</font>
						<textcolor>mainblue</textcolor>
						<align>center</align>
						<aligny>center</aligny>
						<label>$INFO[Window.Property(36Hour.2.Heading)]</label>
					</control>
					<control type="image">
						<left>0</left>
						<top>10</top>
						<width>120</width>
						<height>110</height>
						<aspectratio>keep</aspectratio>
						<texture>$INFO[Window.Property(36Hour.2.OutlookIcon)]</texture>
					</control>
					<control type="label">
						<left>120</left>
						<top>40</top>
						<width>100</width>
						<height>40</height>
						<font>Font_Neon_20</font>
						<textcolor>white</textcolor>
						<selectedcolor>selected</selectedcolor>
						<align>center</align>
						<aligny>center</aligny>
						<label>[COLOR=grey2]$INFO[Window.Property(36Hour.2.TemperatureHeading)][CR][/COLOR]$INFO[Window.Property(36Hour.2.Temperature),[B] ,[/B]]</label>
					</control>
					<control type="label">
						<right>90</right>
						<top>20</top>
						<width>390</width>
						<height>130</height>
						<font>Font_Neon_20</font>
						<textcolor>white</textcolor>
						<selectedcolor>selected</selectedcolor>
						<align>right</align>
						<aligny>center</aligny>
						<label>$INFO[Window.Property(36Hour.2.FeelsLike),[COLOR=grey2]$LOCALIZE[402] :[/COLOR][B] ,[/B]][CR][CR]$INFO[Window.Property(36Hour.2.Precipitation),[COLOR=grey2]$LOCALIZE[33021] :[/COLOR][B] ,[/B]][CR][CR]$INFO[Window.Property(36Hour.2.Cloudiness),[COLOR=grey2]$LOCALIZE[387] :[/COLOR][B] ,[/B]]</label>
					</control>
					<control type="textbox">
						<left>0</left>
						<top>145</top>
						<width>590</width>
						<height>70</height>
						<font>Font_Neon_20</font>
						<textcolor>white</textcolor>
						<selectedcolor>selected</selectedcolor>
						<align>center</align>
						<label>$INFO[Window.Property(36hour.2.Outlook),[COLOR=grey2]$LOCALIZE[33030]: [/COLOR]]</label>
					</control>
					<control type="image">
						<left>0</left>
						<top>180</top>
						<width>650</width>
						<height>4</height>
            <colordiffuse>mainblue</colordiffuse>
						<texture>separator2.png</texture>
					</control>
				</control>
				<control type="group">
					<left>0</left>
					<top>370</top>
					<control type="label">
						<left>0</left>
						<top>5</top>
						<width>600</width>
						<height>30</height>
						<font>Font_Neon_20</font>
						<textcolor>mainblue</textcolor>
						<align>center</align>
						<aligny>center</aligny>
						<label>$INFO[Window.Property(36Hour.3.Heading)]</label>
					</control>
					<control type="image">
						<left>0</left>
						<top>10</top>
						<width>120</width>
						<height>110</height>
						<aspectratio>keep</aspectratio>
						<texture>$INFO[Window.Property(36Hour.3.OutlookIcon)]</texture>
					</control>
					<control type="label">
						<left>120</left>
						<top>40</top>
						<width>100</width>
						<height>40</height>
						<font>Font_Neon_20</font>
						<textcolor>white</textcolor>
						<selectedcolor>selected</selectedcolor>
						<align>center</align>
						<aligny>center</aligny>
						<label>[COLOR=grey2]$INFO[Window.Property(36Hour.3.TemperatureHeading)][CR][/COLOR]$INFO[Window.Property(36Hour.3.Temperature),[B] ,[/B]]</label>
					</control>
					<control type="label">
						<right>90</right>
						<top>20</top>
						<width>390</width>
						<height>130</height>
						<font>Font_Neon_20</font>
						<textcolor>white</textcolor>
						<selectedcolor>selected</selectedcolor>
						<align>right</align>
						<aligny>center</aligny>
						<label>$INFO[Window.Property(36Hour.3.FeelsLike),[COLOR=grey2]$LOCALIZE[402] :[/COLOR][B] ,[/B]][CR][CR]$INFO[Window.Property(36Hour.3.Precipitation),[COLOR=grey2]$LOCALIZE[33021] :[/COLOR][B] ,[/B]][CR][CR]$INFO[Window.Property(36Hour.3.Cloudiness),[COLOR=grey2]$LOCALIZE[387] :[/COLOR][B] ,[/B]]</label>
					</control>
					<control type="textbox">
						<left>0</left>
						<top>145</top>
						<width>590</width>
						<height>70</height>
						<font>Font_Neon_20</font>
						<textcolor>white</textcolor>
						<selectedcolor>selected</selectedcolor>
						<align>center</align>
						<label>$INFO[Window.Property(36hour.3.Outlook),[COLOR=grey2]$LOCALIZE[33030]: [/COLOR]]</label>
					</control>
				</control>
			</control>
		</control>
	</include>
</includes>
