<?xml version="1.0" encoding="UTF-8"?>
<includes>
  <include name="WeatherMaps">
    <control type="group">
      <visible>StringCompare(Window.Property(Weather.CurrentView),map) + !IsEmpty(Window.Property(Map.IsFetched))</visible>
      <include>VisibleFadeEffect</include>
      <control type="label">
        <description>header label</description>
        <left>20</left>
        <top>15</top>
        <width>610</width>
        <height>30</height>
        <font>Font_Neon_24</font>
        <label>31910</label>
        <align>center</align>
        <aligny>center</aligny>
        <textcolor>white</textcolor>
        <shadowcolor>black</shadowcolor>
      </control>
      <control type="image">
        <description>Background image</description>
        <left>25</left>
        <top>65</top>
        <width>600</width>
        <height>480</height>
        <texture border="5">button-nofocus.png</texture>
      </control>
      <control type="button" id="992">
        <left>580</left>
        <top>560</top>
        <width>35</width>
        <height>35</height>
        <label>-</label>
        <texturefocus colordiffuse="mainblue">music/music_wall_arrow_right.png</texturefocus>
        <texturenofocus>music/music_wall_arrow_right.png</texturenofocus>
        <onleft>991</onleft>
        <onright>7000</onright>
        <onclick>Control.Move(53,1)</onclick>
      </control>
      <control type="button" id="991">
        <left>45</left>
        <top>560</top>
        <width>35</width>
        <height>35</height>
        <label>-</label>
        <texturefocus colordiffuse="mainblue">music/music_wall_arrow.png</texturefocus>
        <texturenofocus>music/music_wall_arrow.png</texturenofocus>
        <onleft>7000</onleft>
        <onright>992</onright>
        <onclick>Control.Move(53,-1)</onclick>
      </control>
      <control type="label">
        <description>heading label</description>
        <left>75</left>
        <top>565</top>
        <width>500</width>
        <height>30</height>
        <font>Font_Neon_24</font>
        <label>$INFO[Container(53).ListItem.Label]</label>
        <align>center</align>
        <aligny>center</aligny>
        <textcolor>white</textcolor>
        <shadowcolor>black</shadowcolor>
      </control>
      <control type="list" id="53">
        <left>30</left>
        <top>70</top>
        <width>590</width>
        <height>470</height>
        <onleft>7000</onleft>
        <onright>7000</onright>
        <onup>7000</onup>
        <ondown>7000</ondown>
        <viewtype label="535">list</viewtype>
        <scrolltime>200</scrolltime>
        <orientation>horizontal</orientation>
        <include>VisibleFadeEffect</include>
        <visible>StringCompare(Window.Property(Weather.CurrentView),map) + !IsEmpty(Window.Property(Map.IsFetched))</visible>
        <itemlayout height="470" width="590">
          <control type="image">
            <description>area image</description>
            <left>0</left>
            <top>0</top>
            <width>590</width>
            <height>470</height>
            <texture>$INFO[ListItem.Icon]</texture>
            <aspectratio>scale</aspectratio>
          </control>
          <control type="image">
            <description>layer image</description>
            <left>0</left>
            <top>0</top>
            <width>590</width>
            <height>470</height>
            <texture>$INFO[ListItem.Property(Layer)]</texture>
            <aspectratio>scale</aspectratio>
            <colordiffuse>70FFFFFF</colordiffuse>
          </control>
          <control type="image">
            <description>legend image</description>
            <left>360</left>
            <top>430</top>
            <width>224</width>
            <height>35</height>
            <texture>$INFO[ListItem.Label2]</texture>
          </control>
        </itemlayout>
        <focusedlayout height="490" width="590">
          <control type="image">
            <description>layer image</description>
            <left>0</left>
            <top>0</top>
            <width>590</width>
            <height>470</height>
            <texture>$INFO[ListItem.Icon]</texture>
            <aspectratio>scale</aspectratio>
          </control>
          <control type="image">
            <description>area image</description>
            <left>0</left>
            <top>0</top>
            <width>590</width>
            <height>470</height>
            <texture>$INFO[ListItem.Property(Layer)]</texture>
            <aspectratio>scale</aspectratio>
            <colordiffuse>70FFFFFF</colordiffuse>
          </control>
          <control type="image">
            <description>legend image</description>
            <left>360</left>
            <top>430</top>
            <width>224</width>
            <height>35</height>
            <texture>$INFO[ListItem.Label2]</texture>
          </control>
        </focusedlayout>
        <content>
          <item>
            <label>$INFO[Window.Property(Map.1.Heading)]</label>
            <label2>$INFO[Window.Property(Map.1.Legend)]</label2>
            <icon>$INFO[Window.Property(Map.1.Area)]</icon>
            <property name="Layer">$INFO[Window.Property(Map.1.Layer)]</property>
            <onclick>noop</onclick>
            <visible>Weather.IsFetched + !IsEmpty(Window.Property(Map.1.Area)) + !IsEmpty(Window.Property(Map.IsFetched))</visible>
          </item>
          <item>
            <label>$INFO[Window.Property(Map.2.Heading)]</label>
            <label2>$INFO[Window.Property(Map.2.Legend)]</label2>
            <icon>$INFO[Window.Property(Map.2.Area)]</icon>
            <property name="Layer">$INFO[Window.Property(Map.2.Layer)]</property>
            <onclick>noop</onclick>
            <visible>Weather.IsFetched + !IsEmpty(Window.Property(Map.2.Area)) + !IsEmpty(Window.Property(Map.IsFetched))</visible>
          </item>
          <item>
            <label>$INFO[Window.Property(Map.3.Heading)]</label>
            <label2>$INFO[Window.Property(Map.3.Legend)]</label2>
            <icon>$INFO[Window.Property(Map.3.Area)]</icon>
            <property name="Layer">$INFO[Window.Property(Map.3.Layer)]</property>
            <onclick>noop</onclick>
            <visible>Weather.IsFetched + !IsEmpty(Window.Property(Map.3.Area)) + !IsEmpty(Window.Property(Map.IsFetched))</visible>
          </item>
          <item>
            <label>$INFO[Window.Property(Map.4.Heading)]</label>
            <label2>$INFO[Window.Property(Map.4.Legend)]</label2>
            <icon>$INFO[Window.Property(Map.4.Area)]</icon>
            <property name="Layer">$INFO[Window.Property(Map.4.Layer)]</property>
            <onclick>noop</onclick>
            <visible>Weather.IsFetched + !IsEmpty(Window.Property(Map.4.Area)) + !IsEmpty(Window.Property(Map.IsFetched))</visible>
          </item>
          <item>
            <label>$INFO[Window.Property(Map.5.Heading)]</label>
            <label2>$INFO[Window.Property(Map.5.Legend)]</label2>
            <icon>$INFO[Window.Property(Map.5.Area)]</icon>
            <property name="Layer">$INFO[Window.Property(Map.5.Layer)]</property>
            <onclick>noop</onclick>
            <visible>Weather.IsFetched + !IsEmpty(Window.Property(Map.5.Area)) + !IsEmpty(Window.Property(Map.IsFetched))</visible>
          </item>
        </content>
      </control>
      <control type="image">
        <left>0</left>
        <top>550</top>
        <width>650</width>
        <height>4</height>
        <texture>separator.png</texture>
      </control>
    </control>
  </include>
  <include name="WeatherAlerts">
    <control type="group">
      <visible>StringCompare(Window.Property(Weather.CurrentView),alerts) + !IsEmpty(Window.Property(Alerts.IsFetched))</visible>
      <include>VisibleFadeEffect</include>
      <control type="button" id="996">
        <description>Hidden Button for focus</description>
        <left>-600</left>
        <top>-20</top>
        <width>1</width>
        <height>1</height>
        <texturenofocus>-</texturenofocus>
        <texturefocus>-</texturefocus>
        <onleft>7000</onleft>
        <onright>7000</onright>
      </control>
      <control type="label">
        <description>header label</description>
        <left>20</left>
        <top>15</top>
        <width>610</width>
        <height>30</height>
        <font>Font_Neon_24</font>
        <label>33050</label>
        <align>center</align>
        <aligny>center</aligny>
        <textcolor>white</textcolor>
        <shadowcolor>black</shadowcolor>
      </control>
      <control type="label">
        <left>40</left>
        <top>75</top>
        <width>570</width>
        <height>30</height>
        <font>Font_Neon_24</font>
        <textcolor>mainblue</textcolor>
        <align>center</align>
        <aligny>center</aligny>
        <label>$LOCALIZE[33050]</label>
      </control>
      <control type="group">
        <visible>!StringCompare(Window.Property(Alerts.Count),0)</visible>
        <control type="textbox">
          <left>40</left>
          <top>117</top>
          <width>570</width>
          <height>398</height>
          <font>Font_Neon_20</font>
          <textcolor>white</textcolor>
          <selectedcolor>selected</selectedcolor>
          <align>center</align>
          <label>$INFO[Window.Property(Alerts)]</label>
          <autoscroll time="2000" delay="3000" repeat="5000">Skin.HasSetting(AutoScroll)</autoscroll>
        </control>
      </control>
      <control type="label">
        <left>40</left>
        <top>200</top>
        <width>570</width>
        <height>30</height>
        <font>Font_Neon_24</font>
        <textcolor>white</textcolor>
        <align>center</align>
        <aligny>center</aligny>
        <label>$LOCALIZE[19055]</label>
        <visible>StringCompare(Window.Property(Alerts.Count),0)</visible>
      </control>
    </control>
  </include>
</includes>
