<?xml version="1.0" encoding="UTF-8"?>
<includes>
  <default type="button">
    <left>0</left>
    <top>0</top>
    <width>150</width>
    <height>30</height>
    <label>-</label>
    <align>left</align>
    <aligny>center</aligny>
    <font>Font_Settings</font>
    <textcolor>Text</textcolor>
    <focusedcolor>TextFocused</focusedcolor>
    <selectedcolor>TextFocused</selectedcolor>
    <disabledcolor>TextDisabled</disabledcolor>
    <texturefocus>ButtonFo.png</texturefocus>
    <texturenofocus>ButtonNF.png</texturenofocus>
    <pulseonselect>no</pulseonselect>
  </default>
  <default type="textbox">
    <left>0</left>
    <top>0</top>
    <width>410</width>
    <height>215</height>
    <align>left</align>
    <textcolor>white</textcolor>
    <font>Font_Settings</font>
  </default>
  <default type="label">
    <label>-</label>
    <font>Font_Settings</font>
    <textcolor>Text</textcolor>
    <focusedcolor>TextFocused</focusedcolor>
    <selectedcolor>TextFocused</selectedcolor>
    <disabledcolor>TextDisabled</disabledcolor>
    <scroll>false</scroll>
  </default>
  <default type="edit">
    <label>-</label>
    <align>left</align>
    <aligny>center</aligny>
    <font>Font_Settings</font>
    <textcolor>Text</textcolor>
    <focusedcolor>TextFocused</focusedcolor>
    <selectedcolor>TextFocused</selectedcolor>
    <disabledcolor>TextDisabled</disabledcolor>
    <scroll>false</scroll>
  </default>
  <default type="image">
    <width>-</width>
    <height>-</height>
    <align>center</align>
    <aligny>center</aligny>
    <texture>-</texture>
  </default>
  <default type="togglebutton">
    <left>0</left>
    <top>0</top>
    <width>150</width>
    <height>30</height>
    <label>-</label>
    <align>left</align>
    <aligny>center</aligny>
    <font>Font_Settings</font>
    <textcolor>Text</textcolor>
    <focusedcolor>TextFocused</focusedcolor>
    <selectedcolor>TextFocused</selectedcolor>
    <disabledcolor>TextDisabled</disabledcolor>
    <!--<texturenofocus>arrowupnf.png</texturenofocus>
    <texturefocus>arrowupfo.png</texturefocus>
    <alttexturenofocus>arrowdownnf.png</alttexturenofocus>
    <alttexturefocus>arrowdownfo.png</alttexturefocus>-->
    <!--<colordiffuse>ButtonFilterColor</colordiffuse>-->
    <pulseonselect>false</pulseonselect>
  </default>
  <default type="radiobutton">
    <left>0</left>
    <top>0</top>
    <width>150</width>
    <height>30</height>
    <label>-</label>
    <align>left</align>
    <aligny>center</aligny>
    <font>Font_Settings</font>
    <textcolor>Text</textcolor>
    <focusedcolor>TextFocused</focusedcolor>
    <selectedcolor>TextFocused</selectedcolor>
    <disabledcolor>TextDisabled</disabledcolor>
    <texturefocus>ButtonFo.png</texturefocus>
    <texturenofocus>ButtonNF.png</texturenofocus>
    <textureradiofocus>settings/button_radioF.png</textureradiofocus>
    <textureradionofocus>settings/button_radioNF.png</textureradionofocus>
    <colordiffuse>ButtonFilterColor</colordiffuse>
    <radioheight>65</radioheight>
    <radiowidth>94</radiowidth>
    <pulseonselect>false</pulseonselect>
  </default>
  <default type="spincontrolex">
    <left>0</left>
    <top>0</top>
    <width>150</width>
    <height>30</height>
    <label>-</label>
    <align>left</align>
    <aligny>center</aligny>
    <font>Font_Settings</font>
    <textcolor>Text</textcolor>
    <focusedcolor>TextFocused</focusedcolor>
    <selectedcolor>TextFocused</selectedcolor>
    <disabledcolor>TextDisabled</disabledcolor>
    <texturefocus>button-focus.png</texturefocus>
    <texturenofocus>-</texturenofocus>
    <textureup>settings/spin-up.png</textureup>
    <texturedown>settings/spin-down.png</texturedown>
    <textureupfocus>settings/spin-up-focus.png</textureupfocus>
    <texturedownfocus>settings/spin-down-focus.png</texturedownfocus>
    <spinwidth>48</spinwidth>
    <spinheight>65</spinheight>
    <!--<colordiffuse>ButtonFilterColor</colordiffuse>-->
    <reverse>yes</reverse>
    <pulseonselect>false</pulseonselect>
  </default>
  <default type="spincontrol">
    <left>0</left>
    <top>0</top>
    <height>15</height>
    <width>15</width>
    <textureup>settings/spin-up.png</textureup>
    <texturedown>settings/spin-down.png</texturedown>
    <textureupfocus>settings/spin-up-focus.png</textureupfocus>
    <texturedownfocus>settings/spin-down-focus.png</texturedownfocus>
    <align>left</align>
    <aligny>center</aligny>
    <font>Font_Settings</font>
    <textcolor>Text</textcolor>
    <focusedcolor>TextFocused</focusedcolor>
    <selectedcolor>TextFocused</selectedcolor>
    <disabledcolor>TextDisabled</disabledcolor>
    <spinwidth>48</spinwidth>
    <spinheight>65</spinheight>
    <reverse>yes</reverse>
    <pulseonselect>false</pulseonselect>
  </default>
  <default type="sliderex">
    <left>0</left>
    <top>0</top>
    <height>30</height>
    <width>150</width>
    <texturefocus>ButtonInputFo.png</texturefocus>
    <texturenofocus>ButtonInputNF.png</texturenofocus>
    <sliderwidth>100</sliderwidth>
    <sliderheight>15</sliderheight>
    <texturesliderbar>OSDSliderBack.png</texturesliderbar>
    <textureslidernib>OSDSliderNibNF.png</textureslidernib>
    <textureslidernibfocus>OSDSliderNibFO.png</textureslidernibfocus>
    <align>left</align>
    <aligny>center</aligny>
    <font>Font_Settings</font>
    <textcolor>Text</textcolor>
    <focusedcolor>TextFocused</focusedcolor>
    <selectedcolor>TextFocused</selectedcolor>
    <disabledcolor>TextDisabled</disabledcolor>
  </default>
  <default type="progress">
    <left>100</left>
    <top>325</top>
    <colordiffuse>mainblue</colordiffuse>
    <texturebg border="6,0,6,0">osd/OSDProgressBack.png</texturebg>
    <lefttexture>-</lefttexture>
    <midtexture>current_time_indicator_buffering.png</midtexture>
    <righttexture>-</righttexture>
    <overlaytexture>-</overlaytexture>
  </default>
  <default type="slider">
    <left>0</left>
    <top>0</top>
    <width>280</width>
    <height>15</height>
    <texturesliderbar>ProgressBack.png</texturesliderbar>
    <textureslidernib>SeekBarSlider.png</textureslidernib>
    <textureslidernibfocus>SeekBarSlider.png</textureslidernibfocus>
  </default>
</includes>