<?xml version="1.0" encoding="UTF-8"?>
<window>
  <defaultcontrol>5</defaultcontrol>
  <coordinates>
    <system>1</system>
    <left>290</left>
    <top>75</top>
  </coordinates>
  <include>dialogeffect</include>
  <controls>
    <control type="image">
      <description>background image</description>
      <left>0</left>
      <top>0</top>
      <width>700</width>
      <height>570</height>
      <texture border="40">DialogBack.png</texture>
    </control>
    <control type="image">
      <description>Dialog Header image</description>
      <left>40</left>
      <top>16</top>
      <width>620</width>
      <height>40</height>
      <texture>dialogheader.png</texture>
    </control>
    <control type="label">
      <description>header label</description>
      <left>40</left>
      <top>20</top>
      <width>620</width>
      <height>30</height>
      <font>font13_title</font>
      <label>$LOCALIZE[5]</label>
      <align>center</align>
      <aligny>center</aligny>
      <textcolor>selected</textcolor>
      <shadowcolor>black</shadowcolor>
    </control>
    <control type="button">
      <description>Close Window button</description>
      <left>610</left>
      <top>15</top>
      <width>64</width>
      <height>32</height>
      <label>-</label>
      <font>-</font>
      <onclick>PreviousMenu</onclick>
      <texturefocus>DialogCloseButton-focus.png</texturefocus>
      <texturenofocus>DialogCloseButton.png</texturenofocus>
      <onleft>5</onleft>
      <onright>5</onright>
      <onup>5</onup>
      <ondown>5</ondown>
      <visible>system.getbool(input.enablemouse)</visible>
    </control>
    <control type="grouplist" id="5">
      <animation effect="slide" start="0,0" end="5,0" time="0" condition="!Control.IsVisible(60)">Conditional</animation>
      <description>control area</description>
      <left>30</left>
      <top>70</top>
      <width>630</width>
      <height>410</height>
      <itemgap>5</itemgap>
      <pagecontrol>60</pagecontrol>
      <onleft>28</onleft>
      <onright>60</onright>
      <onup>28</onup>
      <ondown>28</ondown>
    </control>
    <control type="scrollbar" id="60">
      <left>658</left>
      <top>70</top>
      <width>25</width>
      <height>410</height>
      <texturesliderbackground border="0,14,0,14">ScrollBarV.png</texturesliderbackground>
      <texturesliderbar border="0,14,0,14">ScrollBarV_bar.png</texturesliderbar>
      <texturesliderbarfocus border="0,14,0,14" colordiffuse="mainblue">ScrollBarV_bar_focus.png</texturesliderbarfocus>
      <textureslidernib>ScrollBarNib.png</textureslidernib>
      <textureslidernibfocus>ScrollBarNib.png</textureslidernibfocus>
      <onleft>3</onleft>
      <onright>3</onright>
      <ondown>60</ondown>
      <onup>60</onup>
      <showonepage>false</showonepage>
      <orientation>vertical</orientation>
    </control>
    <control type="button" id="7">
      <description>Default Button</description>
      <left>0</left>
      <top>0</top>
      <height>40</height>
      <font>font13</font>
      <textcolor>grey2</textcolor>
      <focusedcolor>white</focusedcolor>
      <texturefocus border="5">button-focus2.png</texturefocus>
    </control>
    <control type="radiobutton" id="8">
      <description>Default RadioButton</description>
      <left>0</left>
      <top>0</top>
      <height>40</height>
      <font>font13</font>
      <textcolor>grey2</textcolor>
      <focusedcolor>white</focusedcolor>
      <texturefocus border="5">button-focus2.png</texturefocus>
    </control>
    <control type="spincontrolex" id="9">
      <description>Default SpinControlex</description>
      <left>0</left>
      <top>0</top>
      <height>40</height>
      <font>font13</font>
      <textcolor>grey2</textcolor>
      <focusedcolor>white</focusedcolor>
      <texturefocus border="5">button-focus2.png</texturefocus>
      <texturenofocus border="5">button-nofocus.png</texturenofocus>
      <aligny>center</aligny>
      <reverse>yes</reverse>
    </control>
    <control type="sliderex" id="13">
      <description>Default Slider</description>
      <height>40</height>
      <texturenofocus border="5">button-nofocus.png</texturenofocus>
      <texturefocus border="5">button-focus2.png</texturefocus>
      <font>font13</font>
      <textcolor>grey2</textcolor>
      <focusedcolor>white</focusedcolor>
    </control>
    <control type="image" id="11">
      <description>separator image</description>
      <height>2</height>
      <texture>separator2.png</texture>
    </control>
    <control type="group" id="9000">
      <left>40</left>
      <top>505</top>
      <control type="button" id="29">
        <description>Cancel Button</description>
        <top>0</top>
        <left>0</left>
        <width>200</width>
        <height>40</height>
        <align>center</align>
        <aligny>center</aligny>
        <font>Font_Neon_22</font>
        <label>222</label>
        <onleft>50</onleft>
        <onright>28</onright>
        <onup>5</onup>
        <ondown>5</ondown>
      </control>
      <control type="button" id="28">
        <description>OK Button</description>
        <top>0</top>
        <left>210</left>
        <width>200</width>
        <height>40</height>
        <align>center</align>
        <aligny>center</aligny>
        <font>Font_Neon_22</font>
        <label>186</label>
        <onleft>29</onleft>
        <onright>50</onright>
        <onup>5</onup>
        <ondown>5</ondown>
      </control>
      <control type="button" id="50">
        <description>Defaults Button</description>
        <top>0</top>
        <left>420</left>
        <width>200</width>
        <height>40</height>
        <align>center</align>
        <aligny>center</aligny>
        <font>Font_Neon_22</font>
        <label>409</label>
        <onleft>28</onleft>
        <onright>29</onright>
        <onup>5</onup>
        <ondown>5</ondown>
      </control>
    </control>
  </controls>
</window>
