<?xml version="1.0" encoding="UTF-8"?>
<window>
  <defaultcontrol>2</defaultcontrol>
  <controls>
    <control type="group">
      <!--<animation type="WindowOpen">
				<effect type="fade" start="0" end="100" time="600" delay="600" />
			</animation>	-->
      <control type="group">
        <top>560</top>
        <visible>!Control.IsVisible(10)</visible>
        <animation type="WindowOpen">
          <effect type="fade" start="0" end="100" time="600" />
        </animation>
        <animation type="WindowClose">
          <effect type="fade" start="100" end="0" time="600" />
        </animation>
        <control type="group">
          <top>27</top>
          <include>Finish_Time</include>
        </control>
        <control type="group">
          <left>-300</left>
          <top>27</top>
          <include>Time</include>
          <visible>VideoPlayer.Content(episodes)</visible>
        </control>
        <control type="group">
          <left>-180</left>
          <top>27</top>
          <include>Time</include>
          <visible>VideoPlayer.Content(movies)</visible>
        </control>
        <control type="image">
          <description> lower backgound </description>
          <left>0</left>
          <top>50</top>
          <width>1280</width>
          <height>110</height>
          <colordiffuse>mainblue</colordiffuse>
          <texture>MediaInfoBackLower.png</texture>
          <aspectratio>stretch</aspectratio>
          <visible>!Control.IsVisible(10)</visible>
        </control>
        <!--	<control type="image">
				<description> lower backgound </description>
				<left>0</left>
				<top>-575</top>
				<width>1280</width>
				<height>50</height>
				<colordiffuse>mainblue</colordiffuse>
				<texture>MediaInfoBackUpper.png</texture>
				<aspectratio>stretch</aspectratio>
				<visible>Skin.HasSetting(no_global_clock) + !Control.IsVisible(602)</visible>
			</control> -->
      </control>
      <control type="group">
        <top>560</top>
        <visible>!Control.IsVisible(10)</visible>
        <animation type="WindowOpen">
          <effect type="fade" start="0" end="100" time="600" />
        </animation>
        <animation type="WindowClose">
          <effect type="fade" start="100" end="0" time="600" />
        </animation>
        <control type="progress" id="23">
          <texturebg>osd/osd_progress_back1.png</texturebg>
          <lefttexture>osd/left.png</lefttexture>
          <midtexture>osd/mid.png</midtexture>
          <righttexture>osd/slidernibfo1.png</righttexture>
				<info>Player.Progress</info><left>345</left><top>139</top><width>400</width><height>20</height><visible>Skin.HasSetting(no_global_clock)</visible></control>
        <control type="progress" id="23">
          <texturebg>osd/osd_progress_back1.png</texturebg>
          <lefttexture>osd/left.png</lefttexture>
          <midtexture>osd/mid.png</midtexture>
          <righttexture>osd/slidernibfo1.png</righttexture>
				<info>Player.Progress</info><left>130</left><top>135</top><width>400</width><height>20</height><visible>!Skin.HasSetting(no_global_clock)</visible></control>
        <control type="label">
          <left>-180</left>
          <top>125</top>
          <width>300</width>
          <height>25</height>
          <align>right</align>
          <font>Font_RSS_Unicode</font>
          <textcolor>mainblue</textcolor>
          <label>$INFO[VideoPlayer.Time]</label>
          <visible>!Skin.HasSetting(no_global_clock)</visible>
        </control>
        <control type="label">
          <left>255</left>
          <top>133</top>
          <width>300</width>
          <height>25</height>
          <align>left</align>
          <font>Font_Neon_22</font>
          <textcolor>mainblue</textcolor>
          <label>$INFO[VideoPlayer.Time]</label>
          <visible>Skin.HasSetting(no_global_clock)</visible>
        </control>
        <control type="label">
          <left>540</left>
          <top>126</top>
          <width>300</width>
          <height>25</height>
          <align>left</align>
          <font>Font_RSS_Unicode</font>
          <textcolor>mainblue</textcolor>
          <label>$INFO[VideoPlayer.Duration]</label>
          <visible>!Skin.HasSetting(no_global_clock)</visible>
        </control>
        <control type="label">
          <left>755</left>
          <top>133</top>
          <width>300</width>
          <height>25</height>
          <font>Font_Neon_22</font>
          <textcolor>mainblue</textcolor>
          <label>$INFO[VideoPlayer.Duration]</label>
          <visible>Skin.HasSetting(no_global_clock)</visible>
        </control>
        <control type="group">
          <left>20</left>
          <top>-20</top>
          <animation type="WindowOpen">
            <effect type="fade" start="0" end="100" time="600" />
          </animation>
          <animation type="WindowClose">
            <effect type="fade" start="100" end="0" time="600" />
          </animation>
          <animation effect="slide" start="0,0" end="0,70" time="0" condition="VideoPlayer.Content(episodes)">Conditional</animation>
          <control type="label">
            <left>0</left>
            <top>20</top>
            <width>750</width>
            <height>25</height>
            <label>$INFO[VideoPlayer.Title]</label>
            <align>left</align>
            <aligny>center</aligny>
            <font>Font_Bartowski_Title_Movie</font>
            <textcolor>mainblue</textcolor>
            <visible>VideoPlayer.Content(episodes)</visible>
          </control>
          <control type="label">
            <left>0</left>
            <top>90</top>
            <width>750</width>
            <height>25</height>
            <label>$INFO[VideoPlayer.Title]</label>
            <align>left</align>
            <aligny>center</aligny>
            <font>Font_Bartowski_Title_Movie</font>
            <textcolor>mainblue</textcolor>
            <visible>VideoPlayer.Content(movies)</visible>
          </control>
          <control type="label">
            <left>0</left>
            <top>20</top>
            <width>750</width>
            <height>25</height>
            <label>$INFO[VideoPlayer.Title]</label>
            <align>left</align>
            <aligny>center</aligny>
            <font>Font_Bartowski_Title_Movie</font>
            <textcolor>mainblue</textcolor>
            <visible>![VideoPlayer.Content(episodes) | VideoPlayer.Content(movies)]</visible>
          </control>
          <control type="label">
            <left>0</left>
            <top>120</top>
            <width>412</width>
            <height>25</height>
            <label>$INFO[VideoPlayer.Year]</label>
            <align>left</align>
            <aligny>center</aligny>
            <font>Font_Bartowski_Under_Pause</font>
            <textcolor>ffffffff</textcolor>
            <visible>VideoPlayer.Content(movies)</visible>
          </control>
          <control type="label">
            <right>200</right>
            <top>80</top>
            <width>250</width>
            <height>25</height>
            <label>[COLOR=mainblue]IMDB:[/COLOR] $INFO[VideoPlayer.RatingAndVotes ]</label>
            <align>right</align>
            <aligny>center</aligny>
            <font>Font_Bartowski_Movies</font>
            <textcolor>ffffffff</textcolor>
            <visible>VideoPlayer.Content(movies)</visible>
          </control>
          <control type="label">
            <right>200</right>
            <top>105</top>
            <width>250</width>
            <height>25</height>
            <label>[COLOR=mainblue]Directed by:[/COLOR] $INFO[VideoPlayer.Director]</label>
            <align>right</align>
            <aligny>center</aligny>
            <font>Font_Bartowski_Movies</font>
            <textcolor>ffffffff</textcolor>
            <visible>VideoPlayer.Content(movies) + !Player.ChapterName</visible>
          </control>
          <control type="label">
            <right>200</right>
            <top>130</top>
            <width>250</width>
            <height>25</height>
            <label>$INFO[Player.Chapter,[COLOR=mainblue]$LOCALIZE[21396]:[/COLOR] ]$INFO[Player.ChapterCount, / ] [COLOR=mainblue]-[/COLOR] $INFO[Player.ChapterName]</label>
            <align>right</align>
            <aligny>center</aligny>
            <font>Font_Bartowski_Movies</font>
            <textcolor>ffffffff</textcolor>
            <visible>Player.ChapterCount</visible>
          </control>
          <control type="label">
            <right>200</right>
            <top>130</top>
            <width>250</width>
            <height>25</height>
            <label>[COLOR=mainblue]$LOCALIZE[31226]:[/COLOR] $INFO[VideoPlayer.mpaa]</label>
            <align>right</align>
            <aligny>center</aligny>
            <font>Font_Bartowski_Movies</font>
            <textcolor>ffffffff</textcolor>
            <!--<scroll>true</scroll>
					<scrollspeed>30</scrollspeed> -->
            <visible>VideoPlayer.Content(movies) + !Player.ChapterCount</visible>
          </control>
          <control type="label">
            <left>0</left>
            <top>50</top>
            <width>250</width>
            <height>25</height>
            <label>$LOCALIZE[20359] $INFO[VideoPlayer.Season]x$INFO[VideoPlayer.Episode]</label>
            <align>left</align>
            <aligny>center</aligny>
            <font>Font_Bartowski_Under_Pause</font>
            <textcolor>ffffffff</textcolor>
            <visible>VideoPlayer.Content(episodes)</visible>
          </control>
        </control>
        <control type="label">
          <right>200</right>
          <top>133</top>
          <width>500</width>
          <height>25</height>
          <label>[COLOR=mainblue]$LOCALIZE[31075]:[/COLOR] $INFO[Player.FinishTime]</label>
          <textcolor>ffffffff</textcolor>
          <font>Font_Neon_22</font>
          <align>right</align>
          <animation effect="fade" start="100" end="0" time="0">windowclose</animation>
          <visible>Skin.HasSetting(no_global_clock)</visible>
        </control>
        <control type="label">
          <left>200</left>
          <top>133</top>
          <width>500</width>
          <height>25</height>
          <label>[COLOR=mainblue]$LOCALIZE[31074][/COLOR] $INFO[System.Time]</label>
          <textcolor>ffffffff</textcolor>
          <font>Font_Neon_22</font>
          <align>right</align>
          <animation effect="fade" start="100" end="0" time="0">windowclose</animation>
          <visible>Skin.HasSetting(no_global_clock)</visible>
        </control>
        <control type="image" id="1">
          <description>Audio Channels Image</description>
          <left>610</left>
          <top>60</top>
          <width>50</width>
          <height>35</height>
          <aspectratio align="center">keep</aspectratio>
          <texture>$INFO[VideoPlayer.AudioChannels,flagging/audio/,.png]</texture>
          <visible>VideoPlayer.Content(episodes)</visible>
        </control>
        <control type="image" id="1">
          <description>Audio Codec Image</description>
          <left>610</left>
          <top>95</top>
          <width>50</width>
          <height>35</height>
          <aspectratio align="center">keep</aspectratio>
          <texture>$INFO[VideoPlayer.AudioCodec,flagging/audio/,.png]</texture>
          <visible>VideoPlayer.Content(episodes)</visible>
        </control>
        <control type="image" id="1">
          <description>Video Resolution Image</description>
          <left>610</left>
          <top>130</top>
          <width>50</width>
          <height>35</height>
          <aspectratio align="center">keep</aspectratio>
          <texture>$INFO[VideoPlayer.VideoResolution,flagging/video/,.png]</texture>
          <visible>VideoPlayer.Content(episodes)</visible>
        </control>
        <control type="image">
          <texture>$INFO[Window(Weather).Property(Current.ConditionIcon)]</texture>
          <aspectratio>keep</aspectratio>
          <width>75</width>
          <height>75</height>
          <left>860</left>
          <top>60</top>
          <visible>VideoPlayer.Content(episodes)+ ![[Player.Paused + Player.Caching] + !Player.Seeking]</visible>
        </control>
        <control type="label">
          <label>$LOCALIZE[143] [COLOR white]$INFO[Window(Weather).Property(Current.Temperature)]$INFO[System.TemperatureUnits][/COLOR]</label>
          <left>785</left>
          <top>133</top>
          <width>225</width>
          <height>20</height>
          <font>Font_Neon_22</font>
          <align>center</align>
          <textcolor>mainblue</textcolor>
          <visible>VideoPlayer.Content(episodes)+ ![[Player.Paused + Player.Caching] + !Player.Seeking]</visible>
        </control>
        <!--	<control type="image">
					 <description>IMDB Rating</description>
					 <left>575</left>
					 <top>-555</top>
					 <width>120</width>
					 <height>20</height>
					 <align>center</align>
					 <aligny>center</aligny>
					 <colordiffuse>d0FDD017</colordiffuse>
					 <info>Player.StarRating</info>
					<visible>VideoPlayer.Content(movies) + !Skin.HasSetting(no_global_clock)</visible>
				</control>-->
        <control type="label">
          <label>$LOCALIZE[31230]</label>
          <left>665</left>
          <top>80</top>
          <width>150</width>
          <height>20</height>
          <font>Font_Neon_22</font>
          <align>center</align>
          <textcolor>mainblue</textcolor>
          <visible>VideoPlayer.Content(episodes)+ ![[Player.Paused + Player.Caching] + !Player.Seeking]</visible>
        </control>
        <control type="label">
          <label>$INFO[VideoPlayer.Premiered]</label>
          <left>665</left>
          <top>105</top>
          <width>150</width>
          <height>20</height>
          <font>Font_Neon_22</font>
          <align>center</align>
          <textcolor>white</textcolor>
          <visible>VideoPlayer.Content(episodes)+ ![[Player.Paused + Player.Caching] + !Player.Seeking]</visible>
        </control>
        <control type="image">
          <description>IMDB Rating</description>
          <left>680</left>
          <top>133</top>
          <width>120</width>
          <height>20</height>
          <align>center</align>
          <aligny>center</aligny>
          <colordiffuse>mainblue</colordiffuse>
          <info>Player.StarRating</info>
          <visible>VideoPlayer.Content(episodes) + !Skin.HasSetting(no_global_clock)</visible>
        </control>
      </control>
      <control type="group">
        <top>600</top>
        <left>10</left>
        <control type="image">
          <description>tv show image</description>
          <left>970</left>
          <top>-120</top>
          <width>300</width>
          <height>240</height>
          <aspectratio align="right" aligny="bottom">keep</aspectratio>
          <texture>$INFO[VideoPlayer.Cover]</texture>
          <bordertexture border="5">button-nofocus.png</bordertexture>
          <bordersize>5</bordersize>
          <animation type="WindowOpen">
            <effect type="fade" start="0" end="100" time="600" />
          </animation>
          <animation type="WindowClose">
            <effect type="fade" start="100" end="0" time="600" />
          </animation>
          <visible>!Control.IsVisible(10)</visible>
        </control>
        <control type="image" id="7657">
          <description>tv show image</description>
          <right>120</right>
          <top>70</top>
          <width>100</width>
          <height>40</height>
          <texture background="true">$INFO[Player.FolderPath]../logo.png</texture>
          <aspectratio>keep</aspectratio>
          <!--<visible>VideoPlayer.Content(episodes)+ ![[Player.Paused + Player.Caching] + !Player.Seeking]</visible> -->
        </control>
        <control type="image" id="7658">
          <description>tv show image</description>
          <right>120</right>
          <top>70</top>
          <width>100</width>
          <height>40</height>
          <texture background="true">$INFO[Player.Art(clearlogo)]</texture>
          <aspectratio>keep</aspectratio>
          <!--<visible>VideoPlayer.Content(episodes)+ ![[Player.Paused + Player.Caching] + !Player.Seeking]</visible> -->
        </control>
        <control type="image">
          <left>975</left>
          <top>80</top>
          <width>59</width>
          <height>40</height>
          <aspectratio>keep</aspectratio>
          <texture>$INFO[videoplayer.studio,extras/Studios/,.png]</texture>
          <visible>VideoPlayer.Content(episodes)+ ![[Player.Paused + Player.Caching] + !Player.Seeking]</visible>
        </control>
      </control>
    </control>
  </controls>
</window>
