<?xml version="1.0" encoding="UTF-8"?>
<!--Empty-->
<window>
  <defaultcontrol always="true">10</defaultcontrol>
  <include>Animation_SettingsFade</include>
  <coordinates>
    <system>1</system>
    <left>0</left>
    <top>0</top>
  </coordinates>
  <controls>
    <control type="image">
      <include>Dimensions_Fullscreen</include>
      <texture>common/7000_focus.png</texture>
      <animation effect="fade" start="0" end="100" time="600">Visible</animation>
      <animation effect="fade" start="100" end="0" time="600">Hidden</animation>
    </control>
    <control type="group">
      <left>360</left>
      <top>120</top>
      <control type="image">
        <description>Back Panel</description>
        <left>-30</left>
        <top>-30</top>
        <width>620</width>
        <height>500</height>
        <colordiffuse>mainblue</colordiffuse>
        <texture>DialogBackwht.png</texture>
      </control>
      <control type="image" id="0">
        <description>Back Panel</description>
        <left>-30</left>
        <top>-30</top>
        <width>620</width>
        <height>500</height>
        <colordiffuse>mainblue</colordiffuse>
        <texture>DialogBack.png</texture>
      </control>
      <control type="label" id="0">
        <description>Path</description>
        <left>2</left>
        <top>20</top>
        <width>600</width>
        <label>$LOCALIZE[1021]</label>
        <font>Font_Neon_25</font>
        <textcolor>white</textcolor>
      </control>
      <control type="list" id="10">
        <left>20</left>
        <top>75</top>
        <width>386</width>
        <height>254</height>
        <onup>18</onup>
        <onleft>11</onleft>
        <onright>11</onright>
        <ondown>12</ondown>
        <itemlayout height="32">
          <control type="label">
            <left>5</left>
            <width>330</width>
            <height>30</height>
            <textcolor>TextSelected</textcolor>
            <info>ListItem.Label</info>
            <scroll>false</scroll>
          </control>
        </itemlayout>
        <focusedlayout height="32">
          <control type="image">
            <left>5</left>
            <width>380</width>
            <height>35</height>
            <colordiffuse>mainblue</colordiffuse>
            <texture>button-focus.png</texture>
            <visible>Control.HasFocus(10)</visible>
          </control>
          <control type="label">
            <left>12</left>
            <width>380</width>
            <height>30</height>
            <textcolor>TextSelected</textcolor>
            <info>ListItem.Label</info>
            <visible>!Control.HasFocus(10)</visible>
          </control>
          <control type="label">
            <left>12</left>
            <width>380</width>
            <height>30</height>
            <textcolor>white</textcolor>
            <info>ListItem.Label</info>
            <visible>Control.HasFocus(10)</visible>
          </control>
        </focusedlayout>
      </control>
      <control type="group" id="9000">
        <left>416</left>
        <control type="button" id="11">
          <description>Browse</description>
          <top>75</top>
          <width>150</width>
          <label>$LOCALIZE[1024]</label>
          <align>center</align>
          <focusedcolor>white</focusedcolor>
          <colordiffuse>mainblue</colordiffuse>
          <texturefocus>button-focus.png</texturefocus>
          <onup>14</onup>
          <onleft>10</onleft>
          <onright>10</onright>
          <ondown>13</ondown>
        </control>
        <control type="button" id="13">
          <description>Add</description>
          <top>107</top>
          <width>150</width>
          <label>$LOCALIZE[15019]</label>
          <align>center</align>
          <focusedcolor>white</focusedcolor>
          <colordiffuse>mainblue</colordiffuse>
          <texturefocus>button-focus.png</texturefocus>
          <onup>11</onup>
          <onleft>10</onleft>
          <onright>10</onright>
          <ondown>14</ondown>
        </control>
        <control type="button" id="14">
          <description>Remove</description>
          <top>139</top>
          <width>150</width>
          <label>$LOCALIZE[1210]</label>
          <align>center</align>
          <focusedcolor>white</focusedcolor>
          <colordiffuse>mainblue</colordiffuse>
          <texturefocus>button-focus.png</texturefocus>
          <onup>13</onup>
          <onleft>10</onleft>
          <onright>10</onright>
          <ondown>20</ondown>
        </control>
      </control>
      <control type="label" id="0">
        <description>Name Label</description>
        <left>20</left>
        <top>326</top>
        <width>420</width>
        <label>$LOCALIZE[1022]</label>
        <font>Font_Neon_25</font>
        <textcolor>white</textcolor>
      </control>
      <control type="image">
        <left>0</left>
        <top>358</top>
        <width>500</width>
        <height>30</height>
        <colordiffuse>mainblue</colordiffuse>
        <texture>button-focus.png</texture>
        <visible>Control.HasFocus(12)</visible>
      </control>
      <control type="edit" id="12">
        <description>Name</description>
        <left>20</left>
        <top>358</top>
        <label>-</label>
        <textcolor>TextSelected</textcolor>
        <focusedcolor>white</focusedcolor>
        <width>500</width>
        <align>left</align>
        <onup>10</onup>
        <onleft>12</onleft>
        <onright>18</onright>
        <ondown>18</ondown>
      </control>
      <control type="button" id="20">
        <description>Set Content</description>
        <left>20</left>
        <top>390</top>
        <label>$LOCALIZE[20333]</label>
        <align>center</align>
        <textcolor>mainblue</textcolor>
        <focusedcolor>white</focusedcolor>
        <colordiffuse>mainblue</colordiffuse>
        <texturefocus>button-focus.png</texturefocus>
        <texturenofocus border="1">ButtonNF.png</texturenofocus>
        <onup>12</onup>
        <onleft>19</onleft>
        <onright>18</onright>
        <ondown>10</ondown>
      </control>
      <control type="button" id="18">
        <description>Ok</description>
        <left>140</left>
        <top>400</top>
        <label>$LOCALIZE[186]</label>
        <width>80</width>
        <align>center</align>
        <textcolor>mainblue</textcolor>
        <focusedcolor>white</focusedcolor>
        <colordiffuse>mainblue</colordiffuse>
        <texturefocus>button-focus.png</texturefocus>
        <texturenofocus border="1">ButtonNF.png</texturenofocus>
        <onup>12</onup>
        <onleft>20</onleft>
        <onright>19</onright>
        <ondown>10</ondown>
      </control>
      <control type="button" id="19">
        <description>Cancel</description>
        <left>310</left>
        <top>400</top>
        <label>$LOCALIZE[222]</label>
        <align>center</align>
        <textcolor>mainblue</textcolor>
        <focusedcolor>white</focusedcolor>
        <colordiffuse>mainblue</colordiffuse>
        <texturefocus>button-focus.png</texturefocus>
        <texturenofocus border="1">ButtonNF.png</texturenofocus>
        <onup>12</onup>
        <onleft>18</onleft>
        <onright>20</onright>
        <ondown>10</ondown>
      </control>
    </control>
  </controls>
</window>