<?xml version="1.0" encoding="UTF-8"?>
<window type="buttonMenu">
  <defaultcontrol always="true">410</defaultcontrol>
  <include>Animation_SettingsFade</include>
  <animation effect="fade" start="0" end="100" time="300">Visible</animation>
  <animation effect="fade" start="100" end="0" time="300">Hidden</animation>
  <controls>
    <control type="button" id="410">
      <onfocus>Dialog.Close(2003)</onfocus>
      <onfocus>Dialog.Close(106)</onfocus>
      <onfocus>down</onfocus>
      <texturefocus>-</texturefocus>
      <texturenofocus>-</texturenofocus>
      <onleft>1</onleft>
      <onright>1</onright>
      <onup>1</onup>
      <ondown>3110</ondown>
    </control>
    <control type="grouplist" id="1">
      <left>455</left>
      <top>0</top>
      <onleft>noop</onleft>
      <onright>noop</onright>
      <onup>1</onup>
      <ondown>1</ondown>
      <orientation>vertical</orientation>
      <align>center</align>
      <itemgap>0</itemgap>
      <control type="group" id="3000">
        <width>370</width>
        <height>95</height>
        <control type="image">
          <width>370</width>
          <height>80</height>
          <colordiffuse>mainblue</colordiffuse>
          <texture border="45,45,45,0">DialogContextTop.png</texture>
        </control>
        <control type="image">
          <left>75</left>
          <top>39</top>
          <width>220</width>
          <height>35</height>
          <aspectratio scalediffuse="false">keep</aspectratio>
          <texture>Kodi_Logo.png</texture>
        </control>
        <control type="image">
          <top>80</top>
          <width>370</width>
          <height>15</height>
          <colordiffuse>mainblue</colordiffuse>
          <texture border="45,0,45,0">DialogContextMiddle.png</texture>
        </control>
        <control type="image">
          <left>50</left>
          <top>86</top>
          <width>270</width>
          <height>2</height>
          <aspectratio>stretch</aspectratio>
          <colordiffuse>mainblue</colordiffuse>
          <texture>separator2.png</texture>
        </control>
      </control>
      <control type="button" id="3110">
        <description>Exit button</description>
        <width>370</width>
        <height>35</height>
        <textcolor>grey</textcolor>
        <focusedcolor>white</focusedcolor>
        <textwidth>280</textwidth>
        <align>center</align>
        <aligny>center</aligny>
        <colordiffuse>mainblue</colordiffuse>
        <texturefocus border="45,0,45,0">DialogContextMiddleFO.png</texturefocus>
        <texturenofocus border="45,0,45,0">DialogContextMiddleNF.png</texturenofocus>
        <onclick>XBMC.Quit()</onclick>
        <pulseonselect>no</pulseonselect>
        <font>Font_Bartowski_Press_S</font>
        <label>13012</label>
        <visible>System.ShowExitButton</visible>
      </control>
      <control type="button" id="3111">
        <description>Shutdown button</description>
        <width>370</width>
        <height>35</height>
        <textcolor>grey</textcolor>
        <focusedcolor>white</focusedcolor>
        <textwidth>280</textwidth>
        <align>center</align>
        <aligny>center</aligny>
        <colordiffuse>red</colordiffuse>
        <texturefocus border="45,0,45,0">DialogContextMiddleFO.png</texturefocus>
        <texturenofocus border="45,0,45,0">DialogContextMiddleNF.png</texturenofocus>
        <onclick>XBMC.Powerdown()</onclick>
        <pulseonselect>no</pulseonselect>
        <font>Font_Bartowski_Press_S</font>
        <label>13016</label>
        <visible>System.CanPowerDown</visible>
      </control>
      <control type="button" id="3112">
        <description>Custom Shutdown Timer</description>
        <width>370</width>
        <height>35</height>
        <textcolor>grey</textcolor>
        <focusedcolor>white</focusedcolor>
        <textwidth>280</textwidth>
        <align>center</align>
        <aligny>center</aligny>
        <colordiffuse>mainblue</colordiffuse>
        <texturefocus border="45,0,45,0">DialogContextMiddleFO.png</texturefocus>
        <texturenofocus border="45,0,45,0">DialogContextMiddleNF.png</texturenofocus>
        <onclick>XBMC.AlarmClock(shutdowntimer,XBMC.Shutdown())</onclick>
        <pulseonselect>no</pulseonselect>
        <font>Font_Bartowski_Press_S</font>
        <label>20150</label>
        <visible>!System.HasAlarm(shutdowntimer)</visible>
        <visible>System.CanPowerDown | System.CanSuspend | System.CanHibernate</visible>
      </control>
      <control type="button" id="3113">
        <description>Cancel Shutdown Timer</description>
        <width>370</width>
        <height>35</height>
        <textcolor>grey</textcolor>
        <focusedcolor>white</focusedcolor>
        <textwidth>280</textwidth>
        <align>center</align>
        <aligny>center</aligny>
        <colordiffuse>mainblue</colordiffuse>
        <texturefocus border="45,0,45,0">DialogContextMiddleFO.png</texturefocus>
        <texturenofocus border="45,0,45,0">DialogContextMiddleNF.png</texturenofocus>
        <onclick>XBMC.CancelAlarm(shutdowntimer)</onclick>
        <pulseonselect>no</pulseonselect>
        <font>Font_Bartowski_Press_S</font>
        <label>20151</label>
        <visible>System.HasAlarm(shutdowntimer)</visible>
      </control>
      <control type="button" id="3114">
        <description>Suspend button</description>
        <width>370</width>
        <height>35</height>
        <textcolor>grey</textcolor>
        <focusedcolor>white</focusedcolor>
        <textwidth>280</textwidth>
        <align>center</align>
        <aligny>center</aligny>
        <colordiffuse>mainblue</colordiffuse>
        <texturefocus border="45,0,45,0">DialogContextMiddleFO.png</texturefocus>
        <texturenofocus border="45,0,45,0">DialogContextMiddleNF.png</texturenofocus>
        <onclick>XBMC.Suspend()</onclick>
        <pulseonselect>no</pulseonselect>
        <font>Font_Bartowski_Press_S</font>
        <label>13011</label>
        <visible>System.CanSuspend</visible>
      </control>
      <control type="button" id="3115">
        <description>Hibernate button</description>
        <width>370</width>
        <height>35</height>
        <textcolor>grey</textcolor>
        <focusedcolor>white</focusedcolor>
        <textwidth>280</textwidth>
        <align>center</align>
        <aligny>center</aligny>
        <colordiffuse>mainblue</colordiffuse>
        <texturefocus border="45,0,45,0">DialogContextMiddleFO.png</texturefocus>
        <texturenofocus border="45,0,45,0">DialogContextMiddleNF.png</texturenofocus>
        <onclick>XBMC.Hibernate()</onclick>
        <pulseonselect>no</pulseonselect>
        <font>Font_Bartowski_Press_S</font>
        <label>13010</label>
        <visible>System.CanHibernate</visible>
      </control>
      <control type="button" id="3116">
        <description>Reboot button</description>
        <width>370</width>
        <height>35</height>
        <textcolor>grey</textcolor>
        <focusedcolor>white</focusedcolor>
        <textwidth>280</textwidth>
        <align>center</align>
        <aligny>center</aligny>
        <colordiffuse>mainblue</colordiffuse>
        <texturefocus border="45,0,45,0">DialogContextMiddleFO.png</texturefocus>
        <texturenofocus border="45,0,45,0">DialogContextMiddleNF.png</texturenofocus>
        <onclick>XBMC.Reset()</onclick>
        <pulseonselect>no</pulseonselect>
        <font>Font_Bartowski_Press_S</font>
        <label>13013</label>
        <visible>System.CanReboot</visible>
      </control>
      <control type="button" id="3117">
        <description>System Info</description>
        <width>370</width>
        <height>35</height>
        <textcolor>grey</textcolor>
        <focusedcolor>white</focusedcolor>
        <textwidth>280</textwidth>
        <align>center</align>
        <aligny>center</aligny>
        <colordiffuse>mainblue</colordiffuse>
        <texturefocus border="45,0,45,0">DialogContextMiddleFO.png</texturefocus>
        <texturenofocus border="45,0,45,0">DialogContextMiddleNF.png</texturenofocus>
        <onclick>ActivateWindow(SystemInfo)</onclick>
        <pulseonselect>no</pulseonselect>
        <font>Font_Bartowski_Press_S</font>
        <label>130</label>
      </control>
      <control type="image" id="3118">
        <!-- Floor -->
        <width>370</width>
        <height>50</height>
        <colordiffuse>mainblue</colordiffuse>
        <texture border="45,0,45,49">DialogContextBottom.png</texture>
      </control>
    </control>
  </controls>
</window>
