<?xml version="1.0" encoding="UTF-8"?>
<window>
  <defaultcontrol always="true">300</defaultcontrol>
  <include>dialogeffect</include>
  <coordinates>
    <system>2</system>
    <left>205</left>
    <top>145</top>
  </coordinates>
  <controls>
    <control type="group">
      <include>VisibleFadeEffect</include>
      <visible>!Window.IsVisible(numericinput)</visible>
      <control type="image">
        <left>0</left>
        <top>0</top>
        <width>860</width>
        <height>430</height>
        <colordiffuse>mainblue</colordiffuse>
        <texture>DialogBackwht.png</texture>
      </control>
      <control type="image">
        <left>0</left>
        <top>0</top>
        <width>860</width>
        <height>430</height>
        <colordiffuse>mainblue</colordiffuse>
        <texture border="40">DialogBack.png</texture>
      </control>
      <control type="image">
        <left>130</left>
        <top>10</top>
        <width>600</width>
        <height>70</height>
        <aspectratio>stretch</aspectratio>
        <colordiffuse>mainblue</colordiffuse>
        <texture>GlassTitleBar.png</texture>
      </control>
      <control type="button">
        <description>Close Window button</description>
        <left>770</left>
        <top>9</top>
        <width>64</width>
        <height>32</height>
        <label>-</label>
        <font>-</font>
        <onclick>PreviousMenu</onclick>
        <texturefocus>DialogCloseButton-focus.png</texturefocus>
        <texturenofocus>DialogCloseButton.png</texturenofocus>
        <onleft>3</onleft>
        <onright>3</onright>
        <onup>3</onup>
        <ondown>3</ondown>
        <colordiffuse>mainblue</colordiffuse>
        <visible>system.getbool(input.enablemouse)</visible>
      </control>
      <control type="image">
        <left>50</left>
        <top>60</top>
        <width>760</width>
        <height>50</height>
        <aspectratio>stretch</aspectratio>
        <texture border="20">KeyboardEditArea.png</texture>
      </control>
      <control type="edit" id="312">
        <description>Edit Text</description>
        <left>55</left>
        <top>60</top>
        <width>750</width>
        <height>50</height>
        <font>font13</font>
        <align>center</align>
        <aligny>center</aligny>
      </control>
      <control type="image">
        <left>130</left>
        <top>110</top>
        <width>600</width>
        <height>30</height>
        <aspectratio>stretch</aspectratio>
        <colordiffuse>mainblue</colordiffuse>
        <texture>GlassTitleBar.png</texture>
      </control>
      <control type="image">
        <left>130</left>
        <top>380</top>
        <width>600</width>
        <height>40</height>
        <aspectratio>stretch</aspectratio>
        <colordiffuse>mainblue</colordiffuse>
        <texture flipy="true">GlassTitleBar.png</texture>
      </control>
      <control type="label" id="311">
        <description>dialog Heading</description>
        <left>40</left>
        <top>20</top>
        <width>820</width>
        <height>30</height>
        <font>font13_title</font>
        <textcolor>white</textcolor>
        <shadowcolor>black</shadowcolor>
        <align>center</align>
        <aligny>center</aligny>
      </control>
      <control type="group">
        <left>30</left>
        <top>140</top>
        <!-- 1st row -->
        <control type="grouplist">
            <itemgap>0</itemgap>
            <orientation>horizontal</orientation>
            <control type="button" id="309">
                <description>Layout button</description>
                <width>200</width>
                <height>50</height>
                <label>20177</label>
                <onup>300</onup>
                <ondown>302</ondown>
                <colordiffuse>mainblue</colordiffuse>
                <texturenofocus border="25,25,5,5">KeyboardCornerTopNF.png</texturenofocus>
                <texturefocus border="25,25,5,5">KeyboardCornerTop.png</texturefocus>
                <align>center</align>
                <aligny>center</aligny>
                <font>font13</font>
                <focusedcolor>black</focusedcolor>
            </control>
            <control type="button" id="100">
                <description>(0,0) key button</description>
                <onup>32</onup>
                <ondown>120</ondown>
                <include>KeyboardButton</include>
            </control>
            <control type="button" id="101">
                <description>(0,1) key button</description>
                <onup>32</onup>
                <ondown>121</ondown>
                <include>KeyboardButton</include>
            </control>
            <control type="button" id="102">
                <description>(0,2) key button</description>
                <onup>32</onup>
                <ondown>122</ondown>
                <include>KeyboardButton</include>
            </control>
            <control type="button" id="103">
                <description>(0,3) key button</description>
                <onup>32</onup>
                <ondown>123</ondown>
                <include>KeyboardButton</include>
            </control>
            <control type="button" id="104">
                <description>(0,4) key button</description>
                <onup>8</onup>
                <ondown>124</ondown>
                <include>KeyboardButton</include>
            </control>
            <control type="button" id="105">
                <description>(0,5) key button</description>
                <onup>8</onup>
                <ondown>125</ondown>
                <include>KeyboardButton</include>
            </control>
            <control type="button" id="106">
                <description>(0,6) key button</description>
                <onup>8</onup>
                <ondown>126</ondown>
                <include>KeyboardButton</include>
            </control>
            <control type="button" id="107">
                <description>(0,7) key button</description>
                <onup>8</onup>
                <ondown>127</ondown>
                <include>KeyboardButton</include>
            </control>
            <control type="button" id="108">
                <description>(0,8) key button</description>
                <onup>305</onup>
                <ondown>128</ondown>
                <include>KeyboardButton</include>
            </control>
            <control type="button" id="109">
                <description>(0,9) key button</description>
                <onup>305</onup>
                <ondown>129</ondown>
                <include>KeyboardButton</include>
            </control>
            <control type="button" id="110">
                <description>(0,10) key button</description>
                <onup>306</onup>
                <ondown>130</ondown>
                <include>KeyboardButton</include>
            </control>
            <control type="button" id="111">
                <description>(0,11) key button</description>
                <onup>306</onup>
                <ondown>131</ondown>
                <texturenofocus flipx="true" border="5,25,25,5">KeyboardCornerTopNF.png</texturenofocus>
                <texturefocus flipx="true" border="5,25,25,5">KeyboardCornerTop.png</texturefocus>
                <include>KeyboardButton</include>
            </control>
        </control>
            <!-- 2nd row -->
        <control type="grouplist">
            <orientation>horizontal</orientation>
            <top>50</top>
            <itemgap>0</itemgap>
            <control type="radiobutton" id="302">
                <description>SHIFT button</description>
                <width>200</width>
                <height>50</height>
                <label>20178</label>
                <onup>309</onup>
                <ondown>303</ondown>
                <colordiffuse>mainblue</colordiffuse>
                <texturenofocus border="3">KeyboardKeyNF.png</texturenofocus>
                <texturefocus border="5">KeyboardKey.png</texturefocus>
                <radioposy>5</radioposy>
                <radiowidth>20</radiowidth>
                <radioheight>20</radioheight>
                <align>center</align>
                <aligny>center</aligny>
                <font>font13</font>
                <focusedcolor>black</focusedcolor>
            </control>
            <control type="button" id="120">
                <description>(1,0) key button</description>
                <onup>100</onup>
                <ondown>140</ondown>
                <include>KeyboardButton</include>
            </control>
            <control type="button" id="121">
                <description>(1,1) key button</description>
                <onup>101</onup>
                <ondown>141</ondown>
                <include>KeyboardButton</include>
            </control>
            <control type="button" id="122">
                <description>(1,2) key button</description>
                <onup>102</onup>
                <ondown>142</ondown>
                <include>KeyboardButton</include>
            </control>
            <control type="button" id="123">
                <description>(1,3) key button</description>
                <onup>103</onup>
                <ondown>143</ondown>
                <include>KeyboardButton</include>
            </control>
            <control type="button" id="124">
                <description>(1,4) key button</description>
                <onup>104</onup>
                <ondown>144</ondown>
                <include>KeyboardButton</include>
            </control>
            <control type="button" id="125">
                <description>(1,5) key button</description>
                <onup>105</onup>
                <ondown>145</ondown>
                <include>KeyboardButton</include>
            </control>
            <control type="button" id="126">
                <description>(1,6) key button</description>
                <onup>106</onup>
                <ondown>146</ondown>
                <include>KeyboardButton</include>
            </control>
            <control type="button" id="127">
                <description>(1,7) key button</description>
                <onup>107</onup>
                <ondown>147</ondown>
                <include>KeyboardButton</include>
            </control>
            <control type="button" id="128">
                <description>(1,8) key button</description>
                <onup>108</onup>
                <ondown>148</ondown>
                <include>KeyboardButton</include>
            </control>
            <control type="button" id="129">
                <description>(1,9) key button</description>
                <onup>109</onup>
                <ondown>149</ondown>
                <include>KeyboardButton</include>
            </control>
            <control type="button" id="130">
                <description>(1,10) key button</description>
                <onup>110</onup>
                <ondown>150</ondown>
                <include>KeyboardButton</include>
            </control>
            <control type="button" id="131">
                <description>(1,11) key button</description>
                <onup>111</onup>
                <ondown>151</ondown>
                <include>KeyboardButton</include>
            </control>
        </control>
            <!-- 3rd row -->
        <control type="grouplist">
            <top>100</top>
            <orientation>horizontal</orientation>
            <itemgap>0</itemgap>
            <control type="radiobutton" id="303">
                <description>CAPS LOCK button</description>
                <width>200</width>
                <height>50</height>
                <label>20179</label>
                <onup>302</onup>
                <ondown>307</ondown>
                <colordiffuse>mainblue</colordiffuse>
                <texturenofocus border="3">KeyboardKeyNF.png</texturenofocus>
                <texturefocus border="5">KeyboardKey.png</texturefocus>
                <radioposy>5</radioposy>
                <radiowidth>20</radiowidth>
                <radioheight>20</radioheight>
                <align>center</align>
                <aligny>center</aligny>
                <font>font13</font>
                <focusedcolor>black</focusedcolor>
            </control>
            <control type="button" id="140">
                <description>(2,0) key button</description>
                <onup>120</onup>
                <ondown>160</ondown>
                <include>KeyboardButton</include>
            </control>
            <control type="button" id="141">
                <description>(2,1) key button</description>
                <onup>121</onup>
                <ondown>161</ondown>
                <include>KeyboardButton</include>
            </control>
            <control type="button" id="142">
                <description>(2,2) key button</description>
                <onup>122</onup>
                <ondown>162</ondown>
                <include>KeyboardButton</include>
            </control>
            <control type="button" id="143">
                <description>(2,3) key button</description>
                <onup>123</onup>
                <ondown>163</ondown>
                <include>KeyboardButton</include>
            </control>
            <control type="button" id="144">
                <description>(2,4) key button</description>
                <onup>124</onup>
                <ondown>164</ondown>
                <include>KeyboardButton</include>
            </control>
            <control type="button" id="145">
                <description>(2,5) key button</description>
                <onup>125</onup>
                <ondown>165</ondown>
                <include>KeyboardButton</include>
            </control>
            <control type="button" id="146">
                <description>(2,6) key button</description>
                <onup>126</onup>
                <ondown>166</ondown>
                <include>KeyboardButton</include>
            </control>
            <control type="button" id="147">
                <description>(2,7) key button</description>
                <onup>127</onup>
                <ondown>167</ondown>
                <include>KeyboardButton</include>
            </control>
            <control type="button" id="148">
                <description>(2,8) key button</description>
                <onup>128</onup>
                <ondown>168</ondown>
                <include>KeyboardButton</include>
            </control>
            <control type="button" id="149">
                <description>(2,9) key button</description>
                <onup>129</onup>
                <ondown>169</ondown>
                <include>KeyboardButton</include>
            </control>
            <control type="button" id="150">
                <description>(2,10) key button</description>
                <onup>130</onup>
                <ondown>170</ondown>
                <include>KeyboardButton</include>
            </control>
            <control type="button" id="151">
                <description>(2,11) key button</description>
                <onup>131</onup>
                <ondown>171</ondown>
                <include>KeyboardButton</include>
            </control>
        </control>
            <!-- 4th row -->
        <control type="grouplist">
            <top>150</top>
            <itemgap>0</itemgap>
            <orientation>horizontal</orientation>
            <control type="button" id="307">
                <description>IP Input button</description>
                <width>100</width>
                <height>50</height>
                <onup>303</onup>
                <ondown>300</ondown>
                <label>IP</label>
                <colordiffuse>mainblue</colordiffuse>
                <texturenofocus border="3">KeyboardKeyNF.png</texturenofocus>
                <texturefocus border="5">KeyboardKey.png</texturefocus>
                <align>center</align>
                <aligny>center</aligny>
                <font>font13</font>
                <focusedcolor>black</focusedcolor>
            </control>
            <control type="radiobutton" id="304">
                <description>Symbols button</description>
                <width>100</width>
                <height>50</height>
                <label>@#!*   </label>
                <onup>303</onup>
                <ondown>300</ondown>
                <colordiffuse>mainblue</colordiffuse>
                <texturenofocus border="3">KeyboardKeyNF.png</texturenofocus>
                <texturefocus border="5">KeyboardKey.png</texturefocus>
                <radioposy>5</radioposy>
                <radiowidth>20</radiowidth>
                <radioheight>20</radioheight>
                <align>center</align>
                <aligny>center</aligny>
                <font>font13</font>
                <focusedcolor>black</focusedcolor>
            </control>
            <control type="button" id="160">
                <description>(3,0) key button</description>
                <onup>140</onup>
                <ondown>32</ondown>
                <include>KeyboardButton</include>
            </control>
            <control type="button" id="161">
                <description>(3,1) key button</description>
                <onup>141</onup>
                <ondown>32</ondown>
                <include>KeyboardButton</include>
            </control>
            <control type="button" id="162">
                <description>(3,2) key button</description>
                <onup>142</onup>
                <ondown>32</ondown>
                <include>KeyboardButton</include>
            </control>
            <control type="button" id="163">
                <description>(3,3) key button</description>
                <onup>143</onup>
                <ondown>32</ondown>
                <include>KeyboardButton</include>
            </control>
            <control type="button" id="164">
                <description>(3,4) key button</description>
                <onup>144</onup>
                <ondown>8</ondown>
                <include>KeyboardButton</include>
            </control>
            <control type="button" id="165">
                <description>(3,5) key button</description>
                <onup>145</onup>
                <ondown>8</ondown>
                <include>KeyboardButton</include>
            </control>
            <control type="button" id="166">
                <description>(3,6) key button</description>
                <onup>146</onup>
                <ondown>8</ondown>
                <include>KeyboardButton</include>
            </control>
            <control type="button" id="167">
                <description>(3,7) key button</description>
                <onup>147</onup>
                <ondown>8</ondown>
                <include>KeyboardButton</include>
            </control>
            <control type="button" id="168">
                <description>(3,8) key button</description>
                <onup>148</onup>
                <ondown>305</ondown>
                <include>KeyboardButton</include>
            </control>
            <control type="button" id="169">
                <description>(3,9) key button</description>
                <onup>149</onup>
                <ondown>305</ondown>
                <include>KeyboardButton</include>
            </control>
            <control type="button" id="170">
                <description>(3,10) key button</description>
                <onup>150</onup>
                <ondown>306</ondown>
                <include>KeyboardButton</include>
            </control>
            <control type="button" id="171">
                <description>(3,11) key button</description>
                <onup>151</onup>
                <ondown>306</ondown>
                <include>KeyboardButton</include>
            </control>
        </control>
            <!-- 5th row -->
        <control type="grouplist">
            <top>200</top>
            <itemgap>0</itemgap>
            <orientation>horizontal</orientation>
            <control type="button" id="300">
                <description>DONE button</description>
                <width>200</width>
                <height>50</height>
                <colordiffuse>mainblue</colordiffuse>
                <texturenofocus border="25,5,25,5">KeyboardCornerBottomNF.png</texturenofocus>
                <texturefocus border="25,5,25,5">KeyboardCornerBottom.png</texturefocus>
                <label>20177</label>
                <font>font13</font>
                <align>center</align>
                <aligny>center</aligny>
                <onup>304</onup>
                <ondown>309</ondown>
                <focusedcolor>black</focusedcolor>
            </control>
            <control type="button" id="32">
                <description>SPACE button</description>
                <width>200</width>
                <height>50</height>
                <label>20182</label>
                <colordiffuse>mainblue</colordiffuse>
                <texturenofocus border="3">KeyboardKeyNF.png</texturenofocus>
                <texturefocus border="5">KeyboardKey.png</texturefocus>
                <align>center</align>
                <aligny>center</aligny>
                <font>font13</font>
                <focusedcolor>black</focusedcolor>
                <onup>161</onup>
                <ondown>101</ondown>
            </control>
            <control type="button" id="8">
                <description>BACKSPACE button</description>
                <width>200</width>
                <height>50</height>
                <label>20181</label>
                <onup>165</onup>
                <ondown>105</ondown>
                <colordiffuse>mainblue</colordiffuse>
                <texturenofocus border="3">KeyboardKeyNF.png</texturenofocus>
                <texturefocus border="5">KeyboardKey.png</texturefocus>
                <align>center</align>
                <aligny>center</aligny>
                <font>font13</font>
                <focusedcolor>black</focusedcolor>
            </control>
            <control type="button" id="305">
                <description>previous button</description>
                <width>100</width>
                <height>50</height>
                <label>‹</label>
                <align>center</align>
                <aligny>center</aligny>
                <colordiffuse>mainblue</colordiffuse>
                <texturenofocus border="3">KeyboardKeyNF.png</texturenofocus>
                <texturefocus border="5">KeyboardKey.png</texturefocus>
                <font>font30</font>
                <focusedcolor>black</focusedcolor>
                <onup>168</onup>
                <ondown>108</ondown>
            </control>
            <control type="button" id="306">
                <description>next button</description>
                <width>100</width>
                <height>50</height>
                <label>›</label>
                <align>center</align>
                <aligny>center</aligny>
                <colordiffuse>mainblue</colordiffuse>
                <texturenofocus flipx="true" border="5,5,25,25">KeyboardCornerBottomNF.png</texturenofocus>
                <texturefocus flipx="true" border="5,5,25,25">KeyboardCornerBottom.png</texturefocus>
                <font>font30</font>
                <focusedcolor>black</focusedcolor>
                <onup>170</onup>
                <ondown>110</ondown>
            </control>
        </control>
      </control>
    </control>
  </controls>
</window>