<?xml version="1.0" encoding="UTF-8"?>
<window>
  <defaultcontrol>10</defaultcontrol>
  <coordinates>
    <system>1</system>
    <left>240</left>
    <top>135</top>
  </coordinates>
  <include>dialogeffect</include>
  <controls>
    <control type="image">
      <description>background image</description>
      <left>0</left>
      <top>0</top>
      <width>800</width>
      <height>440</height>
      <texture border="40">DialogBack.png</texture>
    </control>
    <control type="image">
      <description>Dialog Header image</description>
      <left>40</left>
      <top>16</top>
      <width>720</width>
      <height>40</height>
      <texture>dialogheader.png</texture>
    </control>
    <control type="label" id="2">
      <description>header label</description>
      <left>40</left>
      <top>20</top>
      <width>720</width>
      <height>30</height>
      <font>font13_title</font>
      <label>$LOCALIZE[1007]</label>
      <align>center</align>
      <aligny>center</aligny>
      <textcolor>selected</textcolor>
      <shadowcolor>black</shadowcolor>
    </control>
    <control type="button">
      <description>Close Window button</description>
      <left>710</left>
      <top>15</top>
      <width>64</width>
      <height>32</height>
      <label>-</label>
      <font>-</font>
      <onclick>PreviousMenu</onclick>
      <texturefocus>DialogCloseButton-focus.png</texturefocus>
      <texturenofocus>DialogCloseButton.png</texturenofocus>
      <onleft>10</onleft>
      <onright>10</onright>
      <onup>10</onup>
      <ondown>10</ondown>
      <visible>system.getbool(input.enablemouse)</visible>
    </control>
    <control type="spincontrolex" id="10">
      <description>Protocol SpinControl</description>
      <left>30</left>
      <top>70</top>
      <height>40</height>
      <width>740</width>
      <colordiffuse>mainblue</colordiffuse>
      <texturefocus border="5">button-focus.png</texturefocus>
      <texturenofocus border="5">button-nofocus.png</texturenofocus>
      <focusedcolor>white</focusedcolor>
      <textcolor>grey</textcolor>
      <disabledcolor>white</disabledcolor>
      <textoffsetx>12</textoffsetx>
      <aligny>center</aligny>
      <reverse>yes</reverse>
      <font>font132</font>
      <label>1008</label>
      <onup>18</onup>
      <ondown>11</ondown>
      <onleft>10</onleft>
      <onright>10</onright>
    </control>
    <control type="edit" id="11">
      <description>Server Address Button</description>
      <left>30</left>
      <top>115</top>
      <width>565</width>
      <height>40</height>
      <textoffsetx>12</textoffsetx>
      <aligny>center</aligny>
      <colordiffuse>mainblue</colordiffuse>
      <texturefocus border="5">button-focus.png</texturefocus>
      <texturenofocus border="5">button-nofocus.png</texturenofocus>
      <focusedcolor>white</focusedcolor>
      <font>font13</font>
      <label>-</label>
      <onup>10</onup>
      <onleft>12</onleft>
      <onright>12</onright>
      <ondown>16</ondown>
    </control>
    <control type="button" id="12">
      <description>Server Browse Button</description>
      <left>600</left>
      <top>115</top>
      <width>170</width>
      <height>40</height>
      <textoffsetx>12</textoffsetx>
      <font>Font_Neon_22</font>
      <colordiffuse>mainblue</colordiffuse>
      <texturefocus border="5">button-focus.png</texturefocus>
      <texturenofocus border="5">button-nofocus.png</texturenofocus>
      <focusedcolor>white</focusedcolor>
      <label>1024</label>
      <align>center</align>
      <aligny>center</aligny>
      <onup>10</onup>
      <onleft>11</onleft>
      <onright>11</onright>
      <ondown>16</ondown>
    </control>
    <control type="edit" id="16">
      <description>Remote path Button</description>
      <left>30</left>
      <top>160</top>
      <width>740</width>
      <height>40</height>
      <textoffsetx>12</textoffsetx>
      <aligny>center</aligny>
      <colordiffuse>mainblue</colordiffuse>
      <texturefocus border="5">button-focus.png</texturefocus>
      <texturenofocus border="5">button-nofocus.png</texturenofocus>
      <focusedcolor>white</focusedcolor>
      <font>font13</font>
      <label>-</label>
      <onup>11</onup>
      <onleft>16</onleft>
      <onright>16</onright>
      <ondown>13</ondown>
    </control>
    <control type="edit" id="13">
      <description>Port Button</description>
      <left>30</left>
      <top>205</top>
      <width>740</width>
      <height>40</height>
      <textoffsetx>12</textoffsetx>
      <aligny>center</aligny>
      <colordiffuse>mainblue</colordiffuse>
      <texturefocus border="5">button-focus.png</texturefocus>
      <texturenofocus border="5">button-nofocus.png</texturenofocus>
      <focusedcolor>white</focusedcolor>
      <font>font13</font>
      <label>1013</label>
      <onup>16</onup>
      <onleft>13</onleft>
      <onright>13</onright>
      <ondown>14</ondown>
    </control>
    <control type="edit" id="14">
      <description>Username Button</description>
      <left>30</left>
      <top>250</top>
      <width>740</width>
      <height>40</height>
      <textoffsetx>12</textoffsetx>
      <aligny>center</aligny>
      <colordiffuse>mainblue</colordiffuse>
      <texturefocus border="5">button-focus.png</texturefocus>
      <texturenofocus border="5">button-nofocus.png</texturenofocus>
      <focusedcolor>white</focusedcolor>
      <font>font13</font>
      <label>1014</label>
      <onup>13</onup>
      <onleft>14</onleft>
      <onright>14</onright>
      <ondown>15</ondown>
    </control>
    <control type="edit" id="15">
      <description>Password Button</description>
      <left>30</left>
      <top>295</top>
      <width>740</width>
      <height>40</height>
      <textoffsetx>12</textoffsetx>
      <aligny>center</aligny>
      <colordiffuse>mainblue</colordiffuse>
      <texturefocus border="5">button-focus.png</texturefocus>
      <texturenofocus border="5">button-nofocus.png</texturenofocus>
      <focusedcolor>white</focusedcolor>
      <font>font13</font>
      <label>15052</label>
      <onup>14</onup>
      <onleft>15</onleft>
      <onright>15</onright>
      <ondown>18</ondown>
    </control>
    <control type="button" id="18">
      <description>Ok Button</description>
      <left>195</left>
      <top>375</top>
      <width>200</width>
      <height>40</height>
      <align>center</align>
      <aligny>center</aligny>
      <colordiffuse>mainblue</colordiffuse>
      <texturefocus border="5">button-focus.png</texturefocus>
      <texturenofocus border="5">button-nofocus.png</texturenofocus>
      <focusedcolor>white</focusedcolor>
      <font>Font_Neon_22</font>
      <label>186</label>
      <onup>15</onup>
      <onleft>19</onleft>
      <onright>19</onright>
      <ondown>10</ondown>
    </control>
    <control type="button" id="19">
      <description>Cancel Button</description>
      <left>405</left>
      <top>375</top>
      <width>200</width>
      <height>40</height>
      <align>center</align>
      <aligny>center</aligny>
      <colordiffuse>mainblue</colordiffuse>
      <texturefocus border="5">button-focus.png</texturefocus>
      <texturenofocus border="5">button-nofocus.png</texturenofocus>
      <focusedcolor>white</focusedcolor>
      <font>Font_Neon_22</font>
      <label>222</label>
      <onup>15</onup>
      <onleft>18</onleft>
      <onright>18</onright>
      <ondown>10</ondown>
    </control>
  </controls>
</window>