<?xml version="1.0" encoding="UTF-8"?>
<window>
  <animation type="WindowOpen" reversible="false">
    <!--	<effect type="zoom" start="80" end="100" center="1580,125" delay="200" easing="out" tween="back" time="300" /> -->
    <effect type="fade" delay="200" start="0" end="100" time="300" />
  </animation>
  <animation type="WindowClose" reversible="false">
    <!--	<effect type="zoom" start="100" end="80" center="1580,125" easing="in" tween="back" time="300" /> -->
    <effect type="fade" start="100" end="0" time="300" />
  </animation>
  <controls>
    <control type="group">
      <left>620</left>
      <top>-8</top>
      <width>707</width>
      <control type="image">
        <left>-140</left>
        <top>0</top>
        <width>300</width>
        <height>48</height>
        <texture flipy="true">InfoMessagePanel.png</texture>
      </control>
      <control type="group">
        <control type="image">
          <animation effect="rotate" center="auto" start="90" end="90" time="0" condition="true">Conditional</animation>
          <left>-2</left>
          <top>-132</top>
          <width>30</width>
          <height>313</height>
          <!--	<texture>volume_background.png</texture> -->
        </control>
        <control type="image">
          <left>-130</left>
          <top>8</top>
          <width>35</width>
          <height>35</height>
          <texture>dialogs/VolumeIcon.png</texture>
          <visible>IntegerGreaterThan(player.volume,1)</visible>
        </control>
        <control type="image">
          <left>-130</left>
          <top>8</top>
          <width>35</width>
          <height>35</height>
          <texture>dialogs/VolumeIcon-Mute.png</texture>
          <visible>!IntegerGreaterThan(player.volume,1)</visible>
        </control>
        <control type="label">
          <left>-85</left>
          <top>25</top>
          <width>200</width>
          <font>Font_Bartowski_Digital_Clock</font>
          <textcolor>mainblue</textcolor>
          <align>center</align>
          <aligny>center</aligny>
          <label>[B]$LOCALIZE[31073][/B]</label>
          <visible>!IntegerGreaterThan(player.volume,1)</visible>
        </control>
        <control type="group">
          <left>-90</left>
          <top>12</top>
		  <height>26</height>
		  <aspectratio>keep</aspectratio>
          <control type="image">
            <texture>dialogs/volume1.png</texture>
            <visible>IntegerGreaterThan(player.volume,6)</visible>
			<width>15</width>
          </control>
          <control type="image">
            <texture>dialogs/volume2.png</texture>
            <visible>IntegerGreaterThan(player.volume,12)</visible>
			<width>31</width>
          </control>
          <control type="image">
            <texture>dialogs/volume3.png</texture>
            <visible>IntegerGreaterThan(player.volume,19)</visible>
			<width>47</width>
          </control>
          <control type="image">
            <texture>dialogs/volume4.png</texture>
            <visible>IntegerGreaterThan(player.volume,26)</visible>
			<width>63</width>
          </control>
          <control type="image">
            <texture>dialogs/volume5.png</texture>
            <visible>IntegerGreaterThan(player.volume,32)</visible>
			<width>79</width>
          </control>
          <control type="image">
            <texture>dialogs/volume6.png</texture>
            <visible>IntegerGreaterThan(player.volume,39)</visible>
			<width>95</width>
          </control>
          <control type="image">
            <texture>dialogs/volume7.png</texture>
            <visible>IntegerGreaterThan(player.volume,46)</visible>
			<width>111</width>
          </control>
          <control type="image">
            <texture>dialogs/volume8.png</texture>
            <visible>IntegerGreaterThan(player.volume,51)</visible>
          </control>
		  <width>127</width>
          <control type="image">
            <texture>dialogs/volume9.png</texture>
            <visible>IntegerGreaterThan(player.volume,58)</visible>
			<width>143</width>
          </control>
          <control type="image">
            <texture>dialogs/volume10.png</texture>
            <visible>IntegerGreaterThan(player.volume,64)</visible>
			<width>159</width>
          </control>
          <control type="image">
            <texture>dialogs/volume11.png</texture>
            <visible>IntegerGreaterThan(player.volume,72)</visible>
			<width>175</width>
          </control>
          <control type="image">
            <texture>dialogs/volume12.png</texture>
            <visible>IntegerGreaterThan(player.volume,79)</visible>
			<width>191</width>
          </control>
          <control type="image">
            <texture>dialogs/volume13.png</texture>
            <visible>IntegerGreaterThan(player.volume,85)</visible>
			<width>207</width>
          </control>
          <control type="image">
            <texture>dialogs/volume14.png</texture>
            <visible>IntegerGreaterThan(player.volume,94)</visible>
			<width>223</width>
          </control>
          <control type="image">
			<texture>dialogs/volume15.png</texture>
            <visible>IntegerGreaterThan(player.volume,99)</visible>
			<width>239</width>
          </control>
          <control type="image">
            <texture>dialogs/mute.png</texture>
            <top>20</top>
            <left>20</left>
            <visible>!IntegerGreaterThan(player.volume,-59)</visible>
          </control>
          <control type="image">
            <texture>dialogs/volumeume.png</texture>
            <top>20</top>
            <left>20</left>
            <visible>IntegerGreaterThan(player.volume,-59)</visible>
          </control>
        </control>
        <control type="image">
          <animation effect="rotate" center="auto" start="90" end="90" time="0" condition="true">Conditional</animation>
          <left>5</left>
          <top>-145</top>
          <width>60</width>
          <height>330</height>
          <colordiffuse>mainblue</colordiffuse>
          <!-- <texture>dialogs/volume_cover.png</texture> -->
        </control>
      </control>
      <visible>!player.passthrough</visible>
    </control>
    <control type="group">
      <visible>player.passthrough</visible>
      <control type="image">
        <left>500</left>
        <top>-20</top>
        <width></width>
        <height>48</height>
        <texture flipy="true">InfoMessagePanel.png</texture>
      </control>
      <control type="label">
        <left>522</left>
        <top>10</top>
        <font>Font_Bartowski_Digital_Clock</font>
        <textcolor>mainblue</textcolor>
        <align>left</align>
        <aligny>center</aligny>
        <label>$LOCALIZE[29802]</label>
      </control>
    </control>
  </controls>
</window>