<?xml version="1.0" encoding="UTF-8"?>
<window>
  <defaultcontrol always="true">5</defaultcontrol>
  <coordinates>
    <system>1</system>
    <left>240</left>
    <top>100</top>
  </coordinates>
  <include>dialogeffect</include>
  <controls>
    <control type="image">
      <description>Back Panel</description>
      <left>0</left>
      <top>0</top>
      <width>800</width>
      <height>500</height>
      <colordiffuse>mainblue</colordiffuse>
      <texture border="40">DialogBackwht.png</texture>
    </control>
    <control type="image">
      <description>background image</description>
      <left>0</left>
      <top>0</top>
      <width>800</width>
      <height>500</height>
      <colordiffuse>mainblue</colordiffuse>
      <texture border="40">DialogBack.png</texture>
    </control>
    <control type="image">
      <description>Dialog Header image</description>
      <left>40</left>
      <top>16</top>
      <width>720</width>
      <height>40</height>
      <texture>dialogheader.png</texture>
    </control>
    <control type="label" id="2">
      <description>header label</description>
      <left>40</left>
      <top>20</top>
      <width>720</width>
      <height>30</height>
      <font>Font_Neon_26</font>
      <label>587</label>
      <align>center</align>
      <aligny>center</aligny>
      <textcolor>selected</textcolor>
      <shadowcolor>black</shadowcolor>
    </control>
    <control type="button">
      <description>Close Window button</description>
      <left>710</left>
      <top>10</top>
      <width>64</width>
      <height>32</height>
      <label>-</label>
      <font>-</font>
      <onclick>PreviousMenu</onclick>
      <colordiffuse>mainblue</colordiffuse>
      <texturefocus>DialogCloseButton-focus.png</texturefocus>
      <texturenofocus>DialogCloseButton.png</texturenofocus>
      <onleft>10</onleft>
      <onright>10</onright>
      <onup>10</onup>
      <ondown>10</ondown>
      <visible>system.getbool(input.enablemouse)</visible>
    </control>

    <control type="grouplist" id="5">
      <description>control area</description>
      <left>30</left>
      <top>70</top>
      <width>720</width>
      <height>350</height>
      <itemgap>4</itemgap>
      <pagecontrol>6</pagecontrol>
      <onup>9001</onup>
      <ondown>9001</ondown>
      <onleft>9001</onleft>
      <onright>6</onright>
    </control>
    <control type="scrollbar" id="6">
      <left>755</left>
      <top>70</top>
      <width>25</width>
      <height>350</height>
      <texturesliderbackground border="0,14,0,14">ScrollBarV.png</texturesliderbackground>
      <texturesliderbar border="2,16,2,16">ScrollBarV_bar.png</texturesliderbar>
      <texturesliderbarfocus border="2,16,2,16" colordiffuse="mainblue">ScrollBarV_bar_focus.png</texturesliderbarfocus>
      <textureslidernib>ScrollBarNib.png</textureslidernib>
      <textureslidernibfocus>ScrollBarNib.png</textureslidernibfocus>
      <onleft>5</onleft>
      <onright>9001</onright>
      <showonepage>false</showonepage>
      <orientation>vertical</orientation>
    </control>

    <control type="button" id="7">
      <description>Default Button</description>
      <left>0</left>
      <top>0</top>
      <height>35</height>
      <font>font13</font>
      <textcolor>grey2</textcolor>
      <focusedcolor>white</focusedcolor>
      <colordiffuse>mainblue</colordiffuse>
      <texturenofocus>MenuItemNF.png</texturenofocus>
      <texturefocus>MenuItemFO.png</texturefocus>
    </control>
    <control type="radiobutton" id="8">
      <description>Default RadioButton</description>
      <left>0</left>
      <top>0</top>
      <height>35</height>
      <font>font13</font>
      <textcolor>grey2</textcolor>
      <focusedcolor>white</focusedcolor>
      <colordiffuse>mainblue</colordiffuse>
      <texturenofocus>MenuItemNF.png</texturenofocus>
      <texturefocus>MenuItemFO.png</texturefocus>
    </control>
    <control type="spincontrolex" id="9">
      <description>Default SpinControlex</description>
      <left>0</left>
      <top>0</top>
      <height>35</height>
      <font>font13</font>
      <textcolor>grey2</textcolor>
      <focusedcolor>white</focusedcolor>
      <colordiffuse>mainblue</colordiffuse>
      <texturenofocus>MenuItemNF.png</texturenofocus>
      <texturefocus>MenuItemFO.png</texturefocus>
      <aligny>center</aligny>
      <reverse>yes</reverse>
    </control>
    <control type="sliderex" id="13">
      <description>Default Slider</description>
      <left>0</left>
      <top>0</top>
      <height>35</height>
      <font>font13</font>
      <textcolor>grey2</textcolor>
      <focusedcolor>white</focusedcolor>
      <texturenofocus colordiffuse="mainblue">MenuItemNF.png</texturenofocus>
      <texturefocus colordiffuse="mainblue">MenuItemFO.png</texturefocus>
      <aligny>center</aligny>
    </control>
    <control type="edit" id="12">
      <description>Default Edit</description>
      <left>0</left>
      <top>0</top>
      <height>35</height>
      <font>font13</font>
      <textcolor>grey2</textcolor>
      <focusedcolor>white</focusedcolor>
      <colordiffuse>mainblue</colordiffuse>
      <texturenofocus>MenuItemNF.png</texturenofocus>
      <texturefocus>MenuItemFO.png</texturefocus>
    </control>

    <control type="group" id="9001">
      <left>190</left>
      <top>435</top>
      <control type="button" id="28">
        <description>Ok Button</description>
        <left>0</left>
        <top>0</top>
        <width>200</width>
        <height>40</height>
        <align>center</align>
        <aligny>center</aligny>
        <focusedcolor>white</focusedcolor>
        <colordiffuse>mainblue</colordiffuse>
        <texturenofocus>button-nofocus.png</texturenofocus>
        <texturefocus>button-focus.png</texturefocus>
        <label>186</label>
        <font>Font_Neon_22</font>
        <onup>5</onup>
        <onleft>27</onleft>
        <onright>27</onright>
        <ondown>5</ondown>
      </control>
      <control type="button" id="27">
        <description>Clear Button</description>
        <left>210</left>
        <top>0</top>
        <width>200</width>
        <height>40</height>
        <align>center</align>
        <aligny>center</aligny>
        <focusedcolor>white</focusedcolor>
        <colordiffuse>mainblue</colordiffuse>
        <texturenofocus>button-nofocus.png</texturenofocus>
        <texturefocus>button-focus.png</texturefocus>
        <label>192</label>
        <font>Font_Neon_22</font>
        <onup>5</onup>
        <onleft>28</onleft>
        <onright>28</onright>
        <ondown>5</ondown>
      </control>
    </control>
  </controls>
</window>
