<?xml version="1.0" encoding="UTF-8"?>
<window>
  <onload condition="!Skin.HasSetting(DeactivateTvTunes) + System.HasAddon(script.tvtunes)">XBMC.RunScript(script.tvtunes,backend=True)</onload>
  <onload condition="System.HasAddon(script.videoextras)">XBMC.RunScript(script.videoextras,check,"$INFO[ListItem.FilenameAndPath]")</onload>
  <defaultcontrol always="true">8</defaultcontrol>
  <allowoverlay>no</allowoverlay>
  <controls>
    <control type="group">
      <visible>!Window.IsVisible(FileBrowser)</visible>
      <animation effect="fade" start="0" end="100" time="400">WindowOpen</animation>
      <animation effect="fade" start="100" end="0" time="400" delay="200">WindowClose</animation>
      <!--	<control type="image">
				<left>0</left>
				<top>0</top>
				<width>1280</width>
				<height>720</height>
				<colordiffuse>mainblue</colordiffuse>
				<texture>DialogBackwht.png</texture>
			</control>-->
      <control type="image">
        <left>0</left>
        <top>0</top>
        <width>1280</width>
        <height>720</height>
        <texture>background-solid.png</texture>
        <scalediffuse>scale</scalediffuse>
      </control>
    </control>
    <control type="group">
      <visible>!Window.IsVisible(FileBrowser)</visible>
      <animation effect="fade" start="0" end="100" time="400">WindowOpen</animation>
      <animation effect="fade" start="100" end="0" time="400" delay="200">WindowClose</animation>
      <control type="group">
        <animation effect="fade" delay="400" start="0" end="100" time="200">WindowOpen</animation>
        <animation effect="fade" start="100" end="0" time="200">WindowClose</animation>
        <control type="label">
          <description>header label</description>
          <left>20</left>
          <top>30</top>
          <width>750</width>
          <height>30</height>
          <font>Font_Bartowski_Title_Movie</font>
          <label>[B]$INFO[Listitem.Title][/B]</label>
          <align>center</align>
          <aligny>center</aligny>
          <textcolor>mainblue</textcolor>
          <visible>[Container.Content(movies) | Container.Content(videos) | Container.Content(music)] + !Control.HasFocus(12) </visible>
        </control>
        <control type="label">
          <left>20</left>
          <top>65</top>
          <width>750</width>
          <height>30</height>
          <font>Font_Neon_20</font>
          <align>center</align>
          <textcolor>white</textcolor>
          <label>"$INFO[ListItem.TagLine]"</label>
          <visible>!IsEmpty(ListItem.TagLine) + !Control.HasFocus(12) + !Control.HasFocus(14) </visible>
        </control>
        <include>VideoInfo_Next_Aired</include>
        <control type="image">
          <left>20</left>
          <top>90</top>
          <width>720</width>
          <height>4</height>
          <aspectratio>stretch</aspectratio>
          <colordiffuse>mainblue</colordiffuse>
          <texture>separator2.png</texture>
          <visible>[Container.Content(movies) | Container.Content(videos) | Container.Content(music)] + !Control.HasFocus(12) + !Control.HasFocus(14)</visible>
        </control>
        <control type="grouplist">
          <description>Media Codec Flagging Images</description>
          <left>65</left>
          <top>410</top>
          <width>490</width>
          <align>center</align>
          <itemgap>0</itemgap>
          <orientation>horizontal</orientation>
          <include>VisibleFadeEffect</include>
          <visible>!Control.IsVisible(50) + [Container.Content(Episodes) | Container.Content(MusicVideos)]</visible>
          <include>StudioFlags</include>
          <include>VideoTypeHackFlaggingConditions</include>
          <include>VideoCodecFlaggingConditions</include>
          <include>AspectCodecFlaggingConditions</include>
          <include>AudioCodecFlaggingConditions</include>
          <include>AudioChannelsFlaggingConditions</include>
        </control>
        <!-- Logo / Thumb / Landscape Icons -->
        <control type="group">
          <visible>Control.HasFocus(14) + Container.Content(tvshows)</visible>
          <include>VisibleFadeEffect</include>
          <control type="label">
            <left>230</left>
            <top>25</top>
            <font>Font_Neon_24</font>
            <textcolor>mainblue</textcolor>
            <label>$ADDON[script.artwork.downloader 32126]</label>
          </control>
          <control type="image">
            <left>80</left>
            <top>55</top>
            <width>400</width>
            <height>155</height>
            <texture>$INFO[ListItem.Art(clearlogo)]</texture>
            <fadetime>100</fadetime>
            <bordertexture border="5">button-nofocus.png</bordertexture>
            <bordersize>5</bordersize>
            <aspectratio scalediffuse="false">keep</aspectratio>
          </control>
          <control type="label">
            <left>220</left>
            <top>210</top>
            <font>Font_Neon_24</font>
            <textcolor>mainblue</textcolor>
            <label>$ADDON[script.artwork.downloader 32125]</label>
          </control>
          <control type="image">
            <left>80</left>
            <top>240</top>
            <width>400</width>
            <height>225</height>
            <texture>$INFO[ListItem.Art(clearart)]</texture>
            <fadetime>100</fadetime>
            <bordertexture border="5">button-nofocus.png</bordertexture>
            <bordersize>5</bordersize>
            <aspectratio scalediffuse="false">keep</aspectratio>
          </control>
          <control type="label">
            <left>630</left>
            <top>25</top>
            <font>Font_Neon_24</font>
            <textcolor>mainblue</textcolor>
            <label>$ADDON[script.artwork.downloader 32128]</label>
          </control>
          <control type="image">
            <left>550</left>
            <top>-20</top>
            <width>275</width>
            <height>550</height>
            <aspectratio align="center" aligny="center">keep</aspectratio>
            <texture>$INFO[ListItem.Art(poster)]</texture>
            <bordertexture border="5">button-nofocus.png</bordertexture>
            <bordersize>5</bordersize>
          </control>
          <control type="image">
            <left>870</left>
            <top>30</top>
            <width>380</width>
            <height>197</height>
            <colordiffuse>mainblue</colordiffuse>
            <texture>dialog.png</texture>
          </control>
          <control type="label">
            <left>880</left>
            <top>40</top>
            <width>360</width>
            <align>center</align>
            <font>Font_Neon_30</font>
            <textcolor>mainblue</textcolor>
            <label>$ADDON[script.artwork.downloader 32133]</label>
          </control>
          <control type="image">
            <left>880</left>
            <top>70</top>
            <width>340</width>
            <height>2</height>
            <aspectratio>stretch</aspectratio>
            <colordiffuse>mainblue</colordiffuse>
            <texture>separator2.png</texture>
          </control>
          <control type="label">
            <left>895</left>
            <top>75</top>
            <width>330</width>
            <align>left</align>
            <font>Font_Neon_22</font>
            <label>31978</label>
            <wrapmultiline>true</wrapmultiline>
          </control>
          <control type="label">
            <left>980</left>
            <top>235</top>
            <font>Font_Neon_24</font>
            <textcolor>mainblue</textcolor>
            <label>$ADDON[script.artwork.downloader 32121]</label>
          </control>
          <control type="image">
            <left>880</left>
            <top>265</top>
            <width>350</width>
            <height>197</height>
            <align>center</align>
            <aspectratio>keep</aspectratio>
            <texture>$INFO[ListItem.Art(fanart)]</texture>
            <bordertexture border="5">button-nofocus.png</bordertexture>
            <bordersize>5</bordersize>
            <fadetime>100</fadetime>
          </control>
          <control type="label">
            <left>100</left>
            <top>535</top>
            <font>Font_Neon_24</font>
            <textcolor>mainblue</textcolor>
            <label>$ADDON[script.artwork.downloader 32123]</label>
          </control>
          <control type="image">
            <left>255</left>
            <top>485</top>
            <width>768</width>
            <height>150</height>
            <align>center</align>
            <aspectratio>keep</aspectratio>
            <texture>$INFO[ListItem.Art(banner)]</texture>
            <bordertexture border="5">button-nofocus.png</bordertexture>
            <bordersize>5</bordersize>
            <fadetime>100</fadetime>
          </control>
        </control>
        <control type="group">
          <visible>Control.HasFocus(12)</visible>
          <top>90</top>
          <left>387</left>
          <include>VisibleFadeEffect</include>
          <control type="image" id="328">
            <description>Current Fanart image</description>
            <left>-250</left>
            <top>-40</top>
            <width>1000</width>
            <height>562</height>
            <texture background="true">$INFO[ListItem.Art(fanart)]</texture>
            <bordertexture border="5">button-nofocus.png</bordertexture>
            <bordersize>4</bordersize>
            <aspectratio>keep</aspectratio>
            <visible>!IsEmpty(ListItem.Art(fanart))</visible>
          </control>
          <control type="group">
            <visible>IsEmpty(ListItem.Art(fanart))</visible>
            <control type="label">
              <left>0</left>
              <top>0</top>
              <width>675</width>
              <height>380</height>
              <font>font30caps_title</font>
              <textcolor>white</textcolor>
              <shadowcolor>black</shadowcolor>
              <align>center</align>
              <aligny>center</aligny>
              <label>31311</label>
            </control>
          </control>
        </control>
        <control type="group">
          <!--movies-->
          <visible>[!container.content(tvshows) + !container.content(episodes) + !container.content(musicvideos)] + !Control.HasFocus(12)</visible>
          <top>40</top>
          <left>260</left>
          <include>VisibleFadeEffect</include>
          <control type="textbox" id="400">
            <description>Description Value for Movies</description>
            <left>-220</left>
            <top>410</top>
            <width>730</width>
            <height>180</height>
            <font>Font_RSS_Unicode</font>
            <align>justify</align>
            <textcolor>white</textcolor>
            <pagecontrol>61</pagecontrol>
            <label>$INFO[ListItem.Plot]</label>
            <autoscroll time="3000" delay="4000" repeat="5000">!Control.HasFocus(61) + Skin.HasSetting(AutoScroll)</autoscroll>
          </control>
          <!-- Movie Poster -->
          <control type="group">
            <left>750</left>
            <top>-20</top>
            <visible>IsEmpty(Control.GetLabel(9171))</visible>
            <!-- Movie Poster -->
            <control type="image" id="200300">
              <visible>false</visible>
            </control>
            <control type="image" id="200300">
              <left>-135</left>
              <top>0</top>
              <height>580</height>
              <width>387</width>
              <texture background="true" diffuse="postermatte.png">$INFO[ListItem.Path,,movie.tbn]</texture>
              <fadetime>200</fadetime>
              <aspectratio scalediffuse="false">stretch</aspectratio>
            </control>
            <control type="image" id="200301">
              <visible>false</visible>
            </control>
            <control type="image" id="200301">
              <left>-135</left>
              <top>0</top>
              <height>580</height>
              <width>387</width>
              <texture background="true" diffuse="postermatte.png">$INFO[ListItem.Path,,movie.tbn]</texture>
              <fadetime>200</fadetime>
              <aspectratio scalediffuse="false">stretch</aspectratio>
            </control>
            <control type="image" id="200302">
              <visible>false</visible>
            </control>
            <control type="image" id="200302">
              <left>-155</left>
              <top>-30</top>
              <height>630</height>
              <width>420</width>
              <texture background="true">$INFO[ListItem.Icon]</texture>
              <fadetime>200</fadetime>
              <bordertexture border="8">ThumbShadow.png</bordertexture>
              <bordersize>8</bordersize>
              <aspectratio scalediffuse="false">keep</aspectratio>
              <visible>!Container.Content(episodes) + IsEmpty(Control.GetLabel(200300)) + IsEmpty(Control.GetLabel(200301))</visible>
            </control>
            <!--	<control type="image">
							<left>-160</left>
							<top>-25</top>
							<width>450</width>
							<height>650</height>
							<texture>posterframeF.png</texture>
						</control> -->
            <control type="image">
              <left>-147</left>
              <top>573</top>
              <width>405</width>
              <height>630</height>
              <aspectratio aligny="top">keep</aspectratio>
              <fadetime>IconCrossfadeTime</fadetime>
              <texture diffuse="diffuse_mirror3.png" flipy="true" background="true">$INFO[ListItem.Icon]</texture>
            </control>
          </control>
          <!--	<control type="group">
						<left>-240</left>
						<top>345</top>
						<width>490</width>
						<align>left</align>
						<include>VideoMPAAFlaggingConditions</include>
					</control> -->
          <control type="grouplist">
            <description>Movie Codec Flagging Images</description>
            <left>-100</left>
            <top>340</top>
            <width>490</width>
            <align>center</align>
            <itemgap>0</itemgap>
            <orientation>horizontal</orientation>
            <!-- <include>VideoMPAAFlaggingConditions</include> -->
            <include>VisibleFadeEffect</include>
            <include>StudioFlags</include>
            <include>VideoTypeHackFlaggingConditions</include>
            <include>VideoCodecFlaggingConditions</include>
            <include>AspectCodecFlaggingConditions</include>
            <include>AudioCodecFlaggingConditions</include>
            <include>AudioChannelsFlaggingConditions</include>
          </control>
          <control type="list" id="49">
            <left>-250</left>
            <top>60</top>
            <width>900</width>
            <height>330</height>
            <onleft>49</onleft>
            <onright>49</onright>
            <onup>9000</onup>
            <ondown>61</ondown>
            <pagecontrol>-</pagecontrol>
            <scrolltime>200</scrolltime>
            <animation effect="fade" start="0" end="100" time="400" condition="!Control.IsVisible(50)">conditional</animation>
            <animation effect="fade" start="0" end="100" time="400">WindowOpen</animation>
            <animation effect="fade" start="100" end="0" time="400" delay="200">WindowClose</animation>
            <itemlayout height="30">
              <control type="label">
                <left>5</left>
                <top>0</top>
                <width>160</width>
                <height>30</height>
                <font>Font_Neon_25</font>
                <align>right</align>
                <aligny>center</aligny>
                <textcolor>mainblue</textcolor>
                <selectedcolor>selected</selectedcolor>
                <info>ListItem.Label</info>
              </control>
              <control type="label">
                <left>175</left>
                <top>2</top>
                <width>640</width>
                <height>30</height>
                <font>Font_Neon_20_title</font>
                <align>left</align>
                <aligny>center</aligny>
                <textcolor>white</textcolor>
                <selectedcolor>white</selectedcolor>
                <info>ListItem.Label2</info>
                <scroll>true</scroll>
                <scrollspeed>30</scrollspeed>
              </control>
            </itemlayout>
            <focusedlayout height="30">
              <control type="image">
                <left>0</left>
                <top>0</top>
                <width>740</width>
                <height>30</height>
                <visible>Control.HasFocus(49)</visible>
                <colordiffuse>mainblue</colordiffuse>
                <texture>button-focus.png</texture>
                <include>VisibleFadeEffect</include>
              </control>
              <control type="label">
                <left>5</left>
                <top>0</top>
                <width>160</width>
                <height>30</height>
                <font>Font_Neon_25</font>
                <align>right</align>
                <aligny>center</aligny>
                <textcolor>mainblue</textcolor>
                <selectedcolor>selected</selectedcolor>
                <info>ListItem.Label</info>
              </control>
              <control type="label">
                <left>175</left>
                <top>2</top>
                <width>540</width>
                <height>30</height>
                <font>Font_Neon_20_title</font>
                <align>left</align>
                <aligny>center</aligny>
                <textcolor>white</textcolor>
                <selectedcolor>white</selectedcolor>
                <info>ListItem.Label2</info>
              </control>
            </focusedlayout>
            <content>
              <item>
                <label>$LOCALIZE[20339]:</label>
                <label2>$INFO[ListItem.Director]</label2>
                <onclick>noop</onclick>
                <visible>!IsEmpty(ListItem.Director)</visible>
              </item>
              <item>
                <label>$LOCALIZE[20417]:</label>
                <label2>$INFO[ListItem.Writer]</label2>
                <onclick>noop</onclick>
                <visible>!IsEmpty(ListItem.Writer)</visible>
              </item>
              <item>
                <label>$LOCALIZE[572]:</label>
                <label2>$INFO[ListItem.Studio]</label2>
                <onclick>noop</onclick>
                <visible>!IsEmpty(ListItem.Studio)</visible>
              </item>
              <item>
                <label>$LOCALIZE[515]:</label>
                <label2>$INFO[ListItem.Genre]</label2>
                <onclick>noop</onclick>
                <visible>!IsEmpty(ListItem.Genre)</visible>
              </item>
              <item>
                <label>$LOCALIZE[562]:</label>
                <label2>$INFO[ListItem.Year]</label2>
                <onclick>noop</onclick>
                <visible>!IsEmpty(ListItem.Year)</visible>
              </item>
              <item>
                <label>$LOCALIZE[2050]:</label>
                <label2>$INFO[ListItem.Duration]</label2>
                <onclick>noop</onclick>
                <visible>!IsEmpty(ListItem.Duration)</visible>
              </item>
              <item>
                <label>$LOCALIZE[563]:</label>
                <label2>$INFO[ListItem.RatingAndVotes]</label2>
                <onclick>noop</onclick>
                <visible>!IsEmpty(ListItem.RatingAndVotes)</visible>
              </item>
              <item>
                <label>$LOCALIZE[20074]:</label>
                <label2>$INFO[ListItem.mpaa]</label2>
                <onclick>noop</onclick>
                <visible>!IsEmpty(ListItem.mpaa)</visible>
              </item>
              <item>
                <label>$LOCALIZE[15311]</label>
                <label2>$INFO[ListItem.FilenameAndPath]</label2>
                <onclick>noop</onclick>
                <visible>!IsEmpty(ListItem.FilenameAndPath) + Skin.HasSetting(showpathininfo)</visible>
              </item>
            </content>
          </control>
          <control type="image">
            <left>-210</left>
            <top>385</top>
            <width>720</width>
            <height>4</height>
            <aspectratio>stretch</aspectratio>
            <colordiffuse>mainblue</colordiffuse>
            <texture>separator2.png</texture>
          </control>
        </control>
        <control type="group">
          <!--TV SHOWS-->
          <visible>Container.Content(TVShows) + !Control.HasFocus(12) +!Control.HasFocus(14)</visible>
          <top>40</top>
          <left>130</left>
          <include>VisibleFadeEffect</include>
          <animation effect="fade" start="0" end="100" time="650" condition="!Control.IsVisible(50)">conditional</animation>
          <animation effect="fade" start="0" end="90" time="400">WindowOpen</animation>
          <animation effect="fade" start="90" end="0" time="400" delay="200">WindowClose</animation>
          <control type="list" id="49">
            <left>-300</left>
            <top>100</top>
            <width>1440</width>
            <height>330</height>
            <onleft>49</onleft>
            <onright>49</onright>
            <onup>9000</onup>
            <ondown>61</ondown>
            <pagecontrol>-</pagecontrol>
            <scrolltime>200</scrolltime>
            <itemlayout height="30">
              <control type="label">
                <left>150</left>
                <top>0</top>
                <width>160</width>
                <height>30</height>
                <font>Font_Neon_25</font>
                <align>right</align>
                <aligny>center</aligny>
                <textcolor>mainblue</textcolor>
                <selectedcolor>selected</selectedcolor>
                <info>ListItem.Label</info>
              </control>
              <control type="label">
                <left>315</left>
                <top>2</top>
                <width>380</width>
                <height>30</height>
                <font>Font_Neon_20_title</font>
                <align>left</align>
                <aligny>center</aligny>
                <textcolor>white</textcolor>
                <selectedcolor>white</selectedcolor>
                <info>ListItem.Label2</info>
              </control>
            </itemlayout>
            <focusedlayout height="30">
              <control type="image">
                <left>0</left>
                <top>0</top>
                <width>840</width>
                <height>30</height>
                <visible>Control.HasFocus(49)</visible>
                <colordiffuse>mainblue</colordiffuse>
                <texture>button-focus.png</texture>
                <include>VisibleFadeEffect</include>
              </control>
              <control type="label">
                <left>150</left>
                <top>0</top>
                <width>160</width>
                <height>30</height>
                <font>Font_Neon_25</font>
                <align>right</align>
                <aligny>center</aligny>
                <textcolor>mainblue</textcolor>
                <selectedcolor>selected</selectedcolor>
                <info>ListItem.Label</info>
              </control>
              <control type="label">
                <left>315</left>
                <top>2</top>
                <width>665</width>
                <height>30</height>
                <font>Font_Neon_20_title</font>
                <align>left</align>
                <aligny>center</aligny>
                <textcolor>white</textcolor>
                <selectedcolor>white</selectedcolor>
                <info>ListItem.Label2</info>
              </control>
            </focusedlayout>
            <content>
              <item>
                <label>$LOCALIZE[20360]:</label>
                <label2>$INFO[listitem.episode] [COLOR=grey] ($INFO[ListItem.Property(WatchedEpisodes),, $LOCALIZE[16102]] - $INFO[ListItem.Property(UnWatchedEpisodes), , $LOCALIZE[16101]])[/COLOR]</label2>
                <onclick>noop</onclick>
                <visible>!IsEmpty(ListItem.Episode)</visible>
              </item>
              <item>
                <label>$LOCALIZE[20416]:</label>
                <label2>$INFO[ListItem.Premiered]</label2>
                <onclick>noop</onclick>
                <visible>!IsEmpty(ListItem.Premiered)</visible>
              </item>
              <item>
                <label>$LOCALIZE[515]:</label>
                <label2>$INFO[ListItem.Genre]</label2>
                <onclick>noop</onclick>
                <visible>!IsEmpty(ListItem.Genre)</visible>
              </item>
              <item>
                <label>$LOCALIZE[562]:</label>
                <label2>$INFO[ListItem.Year]</label2>
                <onclick>noop</onclick>
                <visible>!IsEmpty(ListItem.Year)</visible>
              </item>
              <item>
                <label>$LOCALIZE[563]:</label>
                <label2>$INFO[ListItem.Rating]</label2>
                <onclick>noop</onclick>
                <visible>!IsEmpty(ListItem.Rating)</visible>
              </item>
              <item>
                <label>$LOCALIZE[15311]</label>
                <label2>$INFO[ListItem.FilenameAndPath]</label2>
                <onclick>noop</onclick>
                <visible>!IsEmpty(ListItem.FilenameAndPath) + Skin.HasSetting(showpathininfo)</visible>
              </item>
            </content>
          </control>
          <control type="image" id="7019">
            <left>20</left>
            <top>0</top>
            <width>230</width>
            <height>89</height>
            <texture background="true">$INFO[ListItem.Art(clearlogo)]</texture>
            <fadetime>100</fadetime>
            <aspectratio scalediffuse="false">stretch</aspectratio>
          </control>
          <control type="image">
            <left>450</left>
            <top>10</top>
            <width>650</width>
            <height>339</height>
            <align>center</align>
            <texture background="true">$INFO[ListItem.Art(fanart)]</texture>
            <fadetime>100</fadetime>
            <visible>!Container.Content(movies) + !Container.Content(Genres) + Control.IsVisible(50) | !Control.IsVisible(50) </visible>
          </control>
          <control type="image">
            <left>130</left>
            <top>450</top>
            <align>center</align>
            <texture background="true">$INFO[ListItem.Art(banner)]</texture>
            <fadetime>100</fadetime>
          </control>
          <control type="image">
            <left>1070</left>
            <top>620</top>
            <width>59</width>
            <height>40</height>
            <aspectratio>keep</aspectratio>
            <texture>$INFO[listitem.studio,extras/Studios/,.png]</texture>
          </control>
          <control type="textbox" id="400">
            <description>Description Value for TV Shows</description>
            <left>-100</left>
            <top>290</top>
            <width>500</width>
            <height>120</height>
            <font>Font_RSS_Unicode</font>
            <align>justify</align>
            <textcolor>white</textcolor>
            <pagecontrol>61</pagecontrol>
            <label>$INFO[ListItem.Plot]</label>
            <autoscroll time="3000" delay="4000" repeat="5000">!Control.HasFocus(61) + Skin.HasSetting(AutoScroll)</autoscroll>
            <!-- JVB <animation effect="slide" start="0,0" end="0,700" time="200" delay="100" condition="Control.IsVisible(50)">conditional</animation> -->
            <animation effect="fade" start="0" end="90" time="400">WindowOpen</animation>
            <animation effect="fade" start="90" end="0" time="400" delay="200">WindowClose</animation>
            <visible>!container.content(movies) + !Control.HasFocus(12) + !Control.HasFocus(14) + !container.content(episodes)</visible>
          </control>
          <control type="label">
            <description>header label</description>
            <left>-150</left>
            <top>10</top>
            <width>700</width>
            <height>30</height>
            <font>Font_Bartowski_Title_TVShow</font>
            <label>[B]$INFO[Listitem.Title][/B]</label>
            <align>center</align>
            <aligny>center</aligny>
            <textcolor>mainblue</textcolor>
            <visible>IsEmpty(Control.GetLabel(7019))</visible>
          </control>
          <control type="image">
            <left>-65</left>
            <top>420</top>
            <width>1140</width>
            <height>4</height>
            <aspectratio>stretch</aspectratio>
            <colordiffuse>mainblue</colordiffuse>
            <texture>separator2.png</texture>
          </control>
        </control>
        <control type="group">
          <!--Episodes-->
          <visible>container.content(episodes) + !Control.HasFocus(12) + !Control.HasFocus(14) </visible>
          <top>90</top>
          <left>210</left>
          <include>VisibleFadeEffect</include>
          <!-- <animation effect="slide" end="-1800,0" time="200" delay="200" condition="Control.IsVisible(50)">conditional</animation> -->
          <animation effect="fade" start="0" end="100" time="400">WindowOpen</animation>
          <animation effect="fade" start="100" end="0" time="400" delay="200">WindowClose</animation>
          <control type="image">
            <left>-90</left>
            <top>40</top>
            <width>380</width>
            <height>250</height>
            <aspectratio aligny="bottom">keep</aspectratio>
            <bordertexture>button-nofocus.png</bordertexture>
            <bordersize>4</bordersize>
            <texture background="true">$INFO[ListItem.Icon]</texture>
            <visible>!Control.IsVisible(50)</visible>
          </control>
          <control type="list" id="49">
            <visible>!Control.IsVisible(50)</visible>
            <left>240</left>
            <top>20</top>
            <width>1040</width>
            <height>330</height>
            <onleft>49</onleft>
            <onright>49</onright>
            <onup>9000</onup>
            <ondown>61</ondown>
            <pagecontrol>-</pagecontrol>
            <scrolltime>200</scrolltime>
            <itemlayout height="30">
              <control type="label">
                <left>10</left>
                <top>0</top>
                <width>160</width>
                <height>30</height>
                <font>Font_Neon_25</font>
                <align>right</align>
                <aligny>center</aligny>
                <textcolor>mainblue</textcolor>
                <selectedcolor>selected</selectedcolor>
                <info>ListItem.Label</info>
              </control>
              <control type="label">
                <left>180</left>
                <top>0</top>
                <width>1000</width>
                <height>30</height>
                <font>Font_Neon_20_title</font>
                <align>left</align>
                <aligny>center</aligny>
                <textcolor>white</textcolor>
                <selectedcolor>white</selectedcolor>
                <info>ListItem.Label2</info>
              </control>
            </itemlayout>
            <focusedlayout height="30">
              <control type="label">
                <left>10</left>
                <top>0</top>
                <width>160</width>
                <height>30</height>
                <font>Font_Neon_25</font>
                <align>right</align>
                <aligny>center</aligny>
                <textcolor>mainblue</textcolor>
                <selectedcolor>selected</selectedcolor>
                <info>ListItem.Label</info>
              </control>
              <control type="label">
                <left>180</left>
                <top>0</top>
                <width>1000</width>
                <height>30</height>
                <font>Font_Neon_20_title</font>
                <align>left</align>
                <aligny>center</aligny>
                <textcolor>white</textcolor>
                <selectedcolor>white</selectedcolor>
                <info>ListItem.Label2</info>
              </control>
            </focusedlayout>
            <content>
              <item>
                <label>$LOCALIZE[20364]:</label>
                <label2>$INFO[ListItem.TVShowTitle]</label2>
                <onclick>noop</onclick>
                <visible>!IsEmpty(ListItem.TVShowTitle)</visible>
              </item>
              <item>
                <label>$LOCALIZE[20373]:</label>
                <label2>$INFO[ListItem.Season]</label2>
                <onclick>noop</onclick>
                <visible>!IsEmpty(ListItem.Season)</visible>
              </item>
              <item>
                <label>$LOCALIZE[20359]:</label>
                <label2>$INFO[ListItem.Episode]</label2>
                <onclick>noop</onclick>
                <visible>!IsEmpty(ListItem.Episode)</visible>
              </item>
              <item>
                <label>$LOCALIZE[31208]:</label>
                <label2>$INFO[ListItem.Title]</label2>
                <onclick>noop</onclick>
                <visible>!IsEmpty(ListItem.Title)</visible>
              </item>
              <item>
                <label>$LOCALIZE[20416]:</label>
                <label2>$INFO[ListItem.Premiered]</label2>
                <onclick>noop</onclick>
                <visible>!IsEmpty(ListItem.Premiered)</visible>
              </item>
              <item>
                <label>$LOCALIZE[515]:</label>
                <label2>$INFO[ListItem.Genre]</label2>
                <onclick>noop</onclick>
                <visible>!IsEmpty(ListItem.Genre)</visible>
              </item>
              <item>
                <label>$LOCALIZE[20339]:</label>
                <label2>$INFO[ListItem.Director]</label2>
                <onclick>noop</onclick>
                <visible>!IsEmpty(ListItem.Director)</visible>
              </item>
              <item>
                <label>$LOCALIZE[20417]:</label>
                <label2>$INFO[ListItem.Writer]</label2>
                <onclick>noop</onclick>
                <visible>!IsEmpty(ListItem.Writer)</visible>
              </item>
              <item>
                <label>$LOCALIZE[562]:</label>
                <label2>$INFO[ListItem.Year]</label2>
                <onclick>noop</onclick>
                <visible>!IsEmpty(ListItem.Year)</visible>
              </item>
              <item>
                <label>$LOCALIZE[2050]:</label>
                <label2>$INFO[ListItem.Duration]</label2>
                <onclick>noop</onclick>
                <visible>!IsEmpty(ListItem.Duration)</visible>
              </item>
              <item>
                <label>$LOCALIZE[563]:</label>
                <label2>$INFO[ListItem.Rating]</label2>
                <onclick>noop</onclick>
                <visible>!IsEmpty(ListItem.Rating)</visible>
              </item>
              <item>
                <label>$LOCALIZE[15311]</label>
                <label2>$INFO[ListItem.FilenameAndPath]</label2>
                <onclick>noop</onclick>
                <visible>!IsEmpty(ListItem.FilenameAndPath) + Skin.HasSetting(showpathininfo)</visible>
              </item>
            </content>
          </control>
          <control type="image">
            <left>290</left>
            <top>370</top>
            <width>740</width>
            <height>4</height>
            <colordiffuse>mainblue</colordiffuse>
            <aspectratio>stretch</aspectratio>
            <texture>separator2.png</texture>
          </control>
        </control>
        <control type="group">
          <top>90</top>
          <left>210</left>
          <include>VisibleFadeEffect</include>
          <visible>container.content(musicvideos) + !Control.HasFocus(12)</visible>
          <control type="image" id="7019">
            <left>630</left>
            <top>230</top>
            <width>350</width>
            <height>350</height>
            <texture background="true">$INFO[ListItem.Art(clearart)]</texture>
            <fadetime>100</fadetime>
            <aspectratio>keep</aspectratio>
          </control>
          <control type="label">
            <description>header label</description>
            <left>-200</left>
            <top>-40</top>
            <width>1000</width>
            <height>30</height>
            <font>Font_Bartowski_Title_TVShow</font>
            <label>[B]$INFO[Listitem.Title][/B]</label>
            <align>center</align>
            <aligny>center</aligny>
            <textcolor>mainblue</textcolor>
            <visible>IsEmpty(Control.GetLabel(7019))</visible>
          </control>
          <control type="image">
            <left>-85</left>
            <top>-30</top>
            <width>380</width>
            <height>360</height>
            <aspectratio>keep</aspectratio>
            <bordertexture>button-nofocus.png</bordertexture>
            <bordersize>4</bordersize>
            <texture background="true">$INFO[ListItem.Icon]</texture>
          </control>
          <control type="list" id="49">
            <left>390</left>
            <top>20</top>
            <width>640</width>
            <height>330</height>
            <onleft>49</onleft>
            <onright>49</onright>
            <onup>9000</onup>
            <ondown>61</ondown>
            <pagecontrol>-</pagecontrol>
            <scrolltime>200</scrolltime>
            <itemlayout height="30">
              <control type="label">
                <left>10</left>
                <top>0</top>
                <width>160</width>
                <height>30</height>
                <font>Font_Neon_20</font>
                <align>right</align>
                <aligny>center</aligny>
                <textcolor>mainblue</textcolor>
                <selectedcolor>selected</selectedcolor>
                <info>ListItem.Label</info>
              </control>
              <control type="label">
                <left>180</left>
                <top>0</top>
                <width>465</width>
                <height>30</height>
                <font>Font_Neon_20</font>
                <align>left</align>
                <aligny>center</aligny>
                <textcolor>white</textcolor>
                <selectedcolor>white</selectedcolor>
                <info>ListItem.Label2</info>
              </control>
            </itemlayout>
            <focusedlayout height="30">
              <control type="image">
                <left>0</left>
                <top>0</top>
                <width>640</width>
                <height>30</height>
                <visible>Control.HasFocus(49)</visible>
                <colordiffuse>mainblue</colordiffuse>
                <texture>button-focus.png</texture>
                <include>VisibleFadeEffect</include>
              </control>
              <control type="label">
                <left>10</left>
                <top>0</top>
                <width>160</width>
                <height>30</height>
                <font>Font_Neon_20</font>
                <align>right</align>
                <aligny>center</aligny>
                <textcolor>mainblue</textcolor>
                <selectedcolor>selected</selectedcolor>
                <info>ListItem.Label</info>
              </control>
              <control type="label">
                <left>180</left>
                <top>0</top>
                <width>465</width>
                <height>30</height>
                <font>Font_Neon_20</font>
                <align>left</align>
                <aligny>center</aligny>
                <textcolor>white</textcolor>
                <selectedcolor>white</selectedcolor>
                <info>ListItem.Label2</info>
              </control>
            </focusedlayout>
            <content>
              <item>
                <label>$LOCALIZE[557]:</label>
                <label2>$INFO[ListItem.Artist]</label2>
                <onclick>noop</onclick>
                <visible>!IsEmpty(ListItem.Artist)</visible>
              </item>
              <item>
                <label>$LOCALIZE[558]:</label>
                <label2>$INFO[ListItem.Album]</label2>
                <onclick>noop</onclick>
                <visible>!IsEmpty(ListItem.Album)</visible>
              </item>
              <item>
                <label>$LOCALIZE[515]:</label>
                <label2>$INFO[ListItem.Genre]</label2>
                <onclick>noop</onclick>
                <visible>!IsEmpty(ListItem.Genre)</visible>
              </item>
              <item>
                <label>$LOCALIZE[572]:</label>
                <label2>$INFO[ListItem.Studio]</label2>
                <onclick>noop</onclick>
                <visible>!IsEmpty(ListItem.Studio)</visible>
              </item>
              <item>
                <label>$LOCALIZE[20417]:</label>
                <label2>$INFO[ListItem.Writer]</label2>
                <onclick>noop</onclick>
                <visible>!IsEmpty(ListItem.Writer)</visible>
              </item>
              <item>
                <label>$LOCALIZE[562]:</label>
                <label2>$INFO[ListItem.Year]</label2>
                <onclick>noop</onclick>
                <visible>!IsEmpty(ListItem.Year)</visible>
              </item>
              <item>
                <label>$LOCALIZE[2050]:</label>
                <label2>$INFO[ListItem.Duration]</label2>
                <onclick>noop</onclick>
                <visible>!IsEmpty(ListItem.Duration)</visible>
              </item>
              <item>
                <label>$LOCALIZE[15311]</label>
                <label2>$INFO[ListItem.FilenameAndPath]</label2>
                <onclick>noop</onclick>
                <visible>!IsEmpty(ListItem.FilenameAndPath) + Skin.HasSetting(showpathininfo)</visible>
              </item>
            </content>
          </control>
        </control>
        <control type="textbox" id="400">
          <description>Description Value for TV Shows</description>
          <left>60</left>
          <top>480</top>
          <width>700</width>
          <height>120</height>
          <font>Font_RSS_Unicode</font>
          <align>justify</align>
          <textcolor>white</textcolor>
          <pagecontrol>61</pagecontrol>
          <label>$INFO[ListItem.Plot]</label>
          <autoscroll time="3000" delay="4000" repeat="5000">!Control.HasFocus(61) + Skin.HasSetting(AutoScroll)</autoscroll>
          <!-- JVB <animation effect="slide" start="0,0" end="0,700" time="200" delay="100" condition="Control.IsVisible(50)">conditional</animation> -->
          <animation effect="fade" start="0" end="90" time="400">WindowOpen</animation>
          <animation effect="fade" start="90" end="0" time="400" delay="200">WindowClose</animation>
          <visible>!container.content(movies) + !Control.HasFocus(12) + container.content(episodes)</visible>
        </control>
        <!--!!!!-->
        <control type="image" id="123">
          <description>Actor image</description>
          <left>20</left>
          <top>40</top>
          <width>400</width>
          <height>400</height>
          <texture>$INFO[Container(50).Listitem.Icon]</texture>
          <bordertexture border="5">button-nofocus.png</bordertexture>
          <bordersize>5</bordersize>
          <align>right</align>
          <aspectratio>keep</aspectratio>
          <visible>!Container.Content(movies) + Control.IsVisible(50) + ![Control.HasFocus(12) | Control.HasFocus(14)]</visible>
          <!-- <animation effect="slide" start="-400,0" end="0,0" time="400" delay="300" condition="Control.IsVisible(50)">conditional</animation> -->
          <animation effect="fade" start="0" end="90" time="400">WindowOpen</animation>
          <animation effect="fade" start="90" end="0" time="400" delay="200">WindowClose</animation>
        </control>
        <control type="image" id="123">
          <description>Actor image</description>
          <left>70</left>
          <top>110</top>
          <width>300</width>
          <height>300</height>
          <texture>$INFO[Container(50).Listitem.Icon]</texture>
          <bordertexture border="5">button-nofocus.png</bordertexture>
          <bordersize>5</bordersize>
          <align>right</align>
          <aspectratio>keep</aspectratio>
          <visible>Container.Content(movies) + Control.IsVisible(50) + ![Control.HasFocus(12) | Control.HasFocus(14)]</visible>
          <!-- <animation effect="slide" start="-400,0" end="0,0" time="400" delay="300" condition="Control.IsVisible(50)">conditional</animation> -->
          <animation effect="fade" start="0" end="90" time="400">WindowOpen</animation>
          <animation effect="fade" start="90" end="0" time="400" delay="200">WindowClose</animation>
        </control>
        <control type="group">
          <visible>!Container.Content(Genres)+ !Container.Content(movies) + Control.IsVisible(50) + ![Control.HasFocus(12) | Control.HasFocus(14)]</visible>
          <control type="image">
            <left>930</left>
            <top>-42</top>
            <height>565</height>
            <width>282</width>
            <aspectratio align="center" aligny="center">keep</aspectratio>
            <texture background="true">$INFO[ListItem.Icon]</texture>
            <bordertexture border="5">button-nofocus.png</bordertexture>
            <bordersize>8</bordersize>
          </control>
          <control type="image">
            <left>100</left>
            <top>460</top>
            <width>1080</width>
            <height>4</height>
            <colordiffuse>mainblue</colordiffuse>
            <aspectratio>stretch</aspectratio>
            <texture>separator2.png</texture>
          </control>
          <control type="image">
            <left>260</left>
            <top>490</top>
            <align>center</align>
            <texture background="true">$INFO[ListItem.Art(banner)]</texture>
            <fadetime>100</fadetime>
          </control>
          <control type="image">
            <left>1200</left>
            <top>660</top>
            <width>59</width>
            <height>40</height>
            <aspectratio>keep</aspectratio>
            <texture>$INFO[listitem.studio,extras/Studios/,.png]</texture>
          </control>
        </control>
        <control type="list" id="50">
          <left>430</left>
          <top>110</top>
          <width>450</width>
          <height>290</height>
          <onleft>9000</onleft>
          <onright>9000</onright>
          <onup>61</onup>
          <ondown>61</ondown>
          <viewtype label="">list</viewtype>
          <pagecontrol>61</pagecontrol>
          <scrolltime>200</scrolltime>
          <orientation>vertical</orientation>
          <visible>![Control.HasFocus(12) | Control.HasFocus(14)]</visible>
          <animation effect="fade" start="0" end="90" time="400">WindowOpen</animation>
          <animation effect="fade" start="90" end="0" time="400" delay="200">WindowClose</animation>
          <itemlayout height="40" width="430">
            <control type="label">
              <left>10</left>
              <top>0</top>
              <width>450</width>
              <height>40</height>
              <font>Font_MediaMenu</font>
              <align>left</align>
              <aligny>center</aligny>
              <selectedcolor>white</selectedcolor>
              <info>ListItem.Label</info>
            </control>
          </itemlayout>
          <focusedlayout height="40" width="430">
            <control type="image">
              <left>0</left>
              <top>0</top>
              <width>450</width>
              <height>40</height>
              <visible>Control.HasFocus(50)</visible>
              <colordiffuse>mainblue</colordiffuse>
              <texture>button-focus.png</texture>
            </control>
            <control type="label">
              <left>10</left>
              <top>0</top>
              <width>660</width>
              <height>40</height>
              <font>Font_MediaMenu</font>
              <align>left</align>
              <aligny>center</aligny>
              <textcolor>white</textcolor>
              <info>ListItem.Label</info>
            </control>
          </focusedlayout>
        </control>
        <control type="grouplist" id="9000">
          <!-- Bottom Button Bar -->
          <left>0</left>
          <top>650</top>
          <width>1280</width>
          <height>40</height>
          <itemgap>2</itemgap>
          <align>center</align>
          <orientation>horizontal</orientation>
          <onleft>9000</onleft>
          <onright>9000</onright>
          <onup>50</onup>
          <ondown>50</ondown>
          <control type="togglebutton" id="8">
            <description>Play</description>
            <include>ButtonInfoDialogsCommonValues</include>
            <label>208</label>
            <alttexturefocus border="2">button-focus.png</alttexturefocus>
            <alttexturenofocus border="2">button-nofocus.png</alttexturenofocus>
            <altlabel>1024</altlabel>
            <usealttexture>Container.Content(TVShows)</usealttexture>
          </control>
          <control type="button" id="11">
            <description>Play Trailer</description>
            <include>ButtonInfoDialogsCommonValues</include>
            <label>$LOCALIZE[20410]</label>
            <visible>!IsEmpty(ListItem.Trailer) + Skin.HasSetting(big_trailer)</visible>
          </control>
          <control type="button" id="15">
            <description>Play Trailer Windowed</description>
            <include>ButtonInfoDialogsCommonValues</include>
            <label>$LOCALIZE[20410]</label>
            <onclick>Dialog.Close(MovieInformation)</onclick>
            <onclick>PlayMedia($ESCINFO[ListItem.Trailer],1)</onclick>
            <visible>!IsEmpty(ListItem.Trailer) + !Skin.HasSetting(big_trailer)</visible>
          </control>
          <control type="button" id="113">
            <description>Cinema Script</description>
            <include>ButtonInfoDialogsCommonValues</include>
            <label>$LOCALIZE[31212]</label>
            <onclick>Playlist.Clear</onclick>
            <onclick>Dialog.Close(MovieInformation)</onclick>
            <onclick>RunScript(script.cinema.experience)</onclick>
            <visible>system.hasaddon(script.cinema.experience) + Container.Content(movies)</visible>
          </control>
          <control type="button" id="5">
            <description>Cast/Review</description>
            <include>ButtonInfoDialogsCommonValues</include>
            <label>$LOCALIZE[206]</label>
          </control>
          <control type="button" id="6">
            <description>Refresh</description>
            <include>ButtonInfoDialogsCommonValues</include>
            <label>$LOCALIZE[184]</label>
            <visible>!Skin.HasSetting(LockViews)</visible>
          </control>
          <control type="button" id="10">
            <description>Choose Art</description>
            <include>ButtonInfoDialogsCommonValues</include>
            <label>$LOCALIZE[13511]</label>
            <visible>!Skin.HasSetting(LockViews)</visible>
          </control>
          <control type="button" id="14">
            <description>Download Logos</description>
            <include>ButtonInfoDialogsCommonValues</include>
            <label>$LOCALIZE[31249]</label>
            <onclick>XBMC.RunScript(script.artwork.downloader, mode=custom, mediatype=tvshow, clearart, tvthumb, poster, banner, fanart, clearlogo, dbid=$INFO[ListItem.DBID])</onclick>
            <visible>System.HasAddon(script.artwork.downloader) + Container.Content(tvshows) + !Skin.HasSetting(LockViews)</visible>
          </control>
          <control type="button" id="100">
            <description>Fetch TvTunes stuff</description>
            <include>ButtonInfoDialogsCommonValues</include>
            <label>$LOCALIZE[31126]</label>
            <onclick>XBMC.RunScript(script.tvtunes,mode=solo)</onclick>
            <visible>!Skin.HasSetting(DeactivateTvTunes) + System.HasAddon(script.tvtunes) 
             + [Container.Content(TVShows) | Container.Content(movies) | Container.Content(musicvideos)]
             + IsEmpty(Window(movieinformation).Property("TvTunes_HideVideoInfoButton"))</visible>
          </control>
          <control type="button" id="105">
            <description>Extras</description>
            <include>ButtonInfoDialogsCommonValues</include>
            <label>$LOCALIZE[31021]</label>
            <onclick>XBMC.RunScript(script.videoextras,display,"$INFO[ListItem.FilenameAndPath]")</onclick>
            <visible>System.HasAddon(script.videoextras)
             + [Container.Content(movies) | Container.Content(episodes) | Container.Content(TVShows) | Container.Content(musicvideos)]
             + IsEmpty(Window(movieinformation).Property("HideVideoExtrasButton"))</visible>
          </control>
        </control>
      </control>
    </control>
  </controls>
</window>
