<?xml version="1.0" encoding="UTF-8"?>
<window>
  <defaultcontrol always="true">6</defaultcontrol>
  <allowoverlay>no</allowoverlay>
  <controls>
    <include>CommonSettingsBackground</include>
    <include>CommonMediaPlayingBackground</include>
    <control type="group">
      <left>90</left>
      <top>50</top>
      <animation type="WindowOpen" reversible="false">
        <effect type="zoom" start="80" end="100" center="640,360" easing="out" tween="back" time="300" />
        <effect type="fade" start="0" end="100" time="300" />
      </animation>
      <animation type="WindowClose" reversible="false">
        <effect type="zoom" start="100" end="80" center="640,360" easing="in" tween="back" time="300" />
        <effect type="fade" start="100" end="0" time="300" />
      </animation>
      <control type="image">
        <left>0</left>
        <top>0</top>
        <width>1100</width>
        <height>640</height>
        <colordiffuse>mainblue</colordiffuse>
        <texture border="20">DialogBack.png</texture>
      </control>
      <control type="image">
        <description>LOGO</description>
        <left>30</left>
        <top>15</top>
        <width>220</width>
        <height>80</height>
        <aspectratio>keep</aspectratio>
        <colordiffuse>mainblue</colordiffuse>
        <texture>Neon.png</texture>
      </control>
      <control type="button" id="4">
        <description>OK Button</description>
        <left>10</left>
        <top>90</top>
        <width>260</width>
        <height>60</height>
        <textoffsety>13</textoffsety>
        <label>186</label>
        <font>font24caps_title</font>
        <textcolor>grey3</textcolor>
        <focusedcolor>white</focusedcolor>
        <textoffsetx>10</textoffsetx>
        <align>center</align>
        <aligny>center</aligny>
        <colordiffuse>mainblue</colordiffuse>
        <texturenofocus border="5">MenuItemNF.png</texturenofocus>
        <texturefocus border="5">MenuItemFO.png</texturefocus>
        <onleft>60</onleft>
        <onright>7</onright>
        <onup>6</onup>
        <ondown>5</ondown>
      </control>
      <control type="button" id="5">
        <description>Apply changes Button</description>
        <left>10</left>
        <top>150</top>
        <width>260</width>
        <height>60</height>
        <textoffsety>13</textoffsety>
        <label>14070</label>
        <textcolor>grey3</textcolor>
        <focusedcolor>white</focusedcolor>
        <textoffsetx>10</textoffsetx>
        <align>center</align>
        <aligny>center</aligny>
        <colordiffuse>mainblue</colordiffuse>
        <texturenofocus border="5">MenuItemNF.png</texturenofocus>
        <texturefocus border="5">MenuItemFO.png</texturefocus>
        <onleft>60</onleft>
        <onright>7</onright>
        <onup>4</onup>
        <ondown>6</ondown>
      </control>
      <control type="button" id="6">
        <description>Cancel Button</description>
        <left>10</left>
        <top>210</top>
        <width>260</width>
        <height>60</height>
        <textoffsety>13</textoffsety>
        <label>222</label>
        <textcolor>grey3</textcolor>
        <focusedcolor>white</focusedcolor>
        <textoffsetx>10</textoffsetx>
        <align>center</align>
        <aligny>center</aligny>
        <colordiffuse>mainblue</colordiffuse>
        <texturenofocus border="5">MenuItemNF.png</texturenofocus>
        <texturefocus border="5">MenuItemFO.png</texturefocus>
        <onleft>60</onleft>
        <onright>7</onright>
        <onup>5</onup>
        <ondown>4</ondown>
      </control>
      <control type="radiobutton" id="7">
        <description>Channel activated</description>
        <left>268</left>
        <top>80</top>
        <textoffsetx>13</textoffsetx>
        <width>380</width>
        <height>35</height>
        <font>Font_Neon_20</font>
        <textcolor>white</textcolor>
        <focusedcolor>white</focusedcolor>
        <shadowcolor>black</shadowcolor>
        <align>left</align>
        <aligny>center</aligny>
        <colordiffuse>mainblue</colordiffuse>
        <texturefocus border="5">button-focus.png</texturefocus>
        <texturenofocus border="5">button-nofocus.png</texturenofocus>
        <pulseonselect>no</pulseonselect>
        <label>19074</label>
        <onleft>4</onleft>
        <onright>20</onright>
        <onup>33</onup>
        <ondown>8</ondown>
      </control>
      <control type="edit" id="8">
        <description>Channel name</description>
        <left>268</left>
        <top>115</top>
        <textoffsetx>13</textoffsetx>
        <width>380</width>
        <height>35</height>
        <font>Font_Neon_20</font>
        <textcolor>white</textcolor>
        <focusedcolor>white</focusedcolor>
        <shadowcolor>black</shadowcolor>
        <colordiffuse>mainblue</colordiffuse>
        <texturefocus border="5">button-focus.png</texturefocus>
        <texturenofocus border="5">button-nofocus.png</texturenofocus>
        <label>19201</label>
        <onright>20</onright>
        <onleft>4</onleft>
        <onup>7</onup>
        <ondown>9</ondown>
      </control>
      <control type="button" id="9">
        <description>Channellogo Button</description>
        <left>268</left>
        <top>150</top>
        <textoffsetx>13</textoffsetx>
        <width>380</width>
        <height>35</height>
        <font>Font_Neon_20</font>
        <textcolor>white</textcolor>
        <focusedcolor>white</focusedcolor>
        <colordiffuse>mainblue</colordiffuse>
        <texturefocus border="5">button-focus.png</texturefocus>
        <texturenofocus border="5">button-nofocus.png</texturenofocus>
        <label>19202</label>
        <onleft>4</onleft>
        <onright>20</onright>
        <onup>8</onup>
        <ondown>11</ondown>
      </control>
      <control type="image" id="10">
        <description>LOGO</description>
        <left>613</left>
        <top>150</top>
        <width>35</width>
        <height>35</height>
        <aspectratio>keep</aspectratio>
        <info>ListItem.Property(Icon)</info>
      </control>
      <control type="spincontrolex" id="11">
        <description>Group selection</description>
        <left>268</left>
        <top>185</top>
        <textoffsetx>13</textoffsetx>
        <width>380</width>
        <height>35</height>
        <font>Font_Neon_20</font>
        <textcolor>white</textcolor>
        <focusedcolor>white</focusedcolor>
        <colordiffuse>mainblue</colordiffuse>
        <texturefocus border="5">button-focus.png</texturefocus>
        <texturenofocus border="5">button-nofocus.png</texturenofocus>
        <label>19207</label>
        <onright>20</onright>
        <onleft>4</onleft>
        <onup>9</onup>
        <ondown>12</ondown>
      </control>
      <control type="radiobutton" id="12">
        <description>EPG activated</description>
        <left>268</left>
        <top>220</top>
        <textoffsetx>13</textoffsetx>
        <width>380</width>
        <height>35</height>
        <font>Font_Neon_20</font>
        <textcolor>white</textcolor>
        <focusedcolor>white</focusedcolor>
        <shadowcolor>black</shadowcolor>
        <align>left</align>
        <aligny>center</aligny>
        <colordiffuse>mainblue</colordiffuse>
        <texturefocus border="5">button-focus.png</texturefocus>
        <texturenofocus border="5">button-nofocus.png</texturenofocus>
        <pulseonselect>no</pulseonselect>
        <label>19206</label>
        <onleft>4</onleft>
        <onright>20</onright>
        <onup>11</onup>
        <ondown>13</ondown>
      </control>
      <control type="spincontrolex" id="13">
        <description>EPG source</description>
        <left>268</left>
        <top>255</top>
        <textoffsetx>13</textoffsetx>
        <width>380</width>
        <height>35</height>
        <font>Font_Neon_20</font>
        <textcolor>white</textcolor>
        <focusedcolor>white</focusedcolor>
        <colordiffuse>mainblue</colordiffuse>
        <texturefocus border="5">button-focus.png</texturefocus>
        <texturenofocus border="5">button-nofocus.png</texturenofocus>
        <label>19200</label>
        <onright>20</onright>
        <onleft>4</onleft>
        <onup>12</onup>
        <ondown>30</ondown>
      </control>
      <control type="button" id="30">
        <description>Group Manager Button</description>
        <left>268</left>
        <top>425</top>
        <textoffsetx>13</textoffsetx>
        <width>190</width>
        <height>35</height>
        <font>Font_Neon_20</font>
        <textcolor>white</textcolor>
        <focusedcolor>white</focusedcolor>
        <colordiffuse>mainblue</colordiffuse>
        <texturefocus border="5">button-focus.png</texturefocus>
        <texturenofocus border="5">button-nofocus.png</texturenofocus>
        <align>center</align>
        <label>19205</label>
        <onleft>4</onleft>
        <onright>34</onright>
        <onup>13</onup>
        <ondown>31</ondown>
      </control>
      <control type="button" id="34">
        <description>TV/Radio Button</description>
        <left>458</left>
        <top>425</top>
        <textoffsetx>13</textoffsetx>
        <width>190</width>
        <height>35</height>
        <font>Font_Neon_20</font>
        <textcolor>white</textcolor>
        <focusedcolor>white</focusedcolor>
        <colordiffuse>mainblue</colordiffuse>
        <visible>IsEmpty(Window.Property(IsRadio))</visible>
        <texturefocus border="5">button-focus.png</texturefocus>
        <texturenofocus border="5">button-nofocus.png</texturenofocus>
        <align>center</align>
        <label>19024</label>
        <onleft>30</onleft>
        <onright>20</onright>
        <onup>13</onup>
        <ondown>31</ondown>
      </control>
      <control type="button" id="34">
        <description>TV/Radio Button</description>
        <left>458</left>
        <top>425</top>
        <textoffsetx>13</textoffsetx>
        <width>190</width>
        <height>35</height>
        <font>Font_Neon_20</font>
        <textcolor>white</textcolor>
        <focusedcolor>white</focusedcolor>
        <colordiffuse>mainblue</colordiffuse>
        <visible>!IsEmpty(Window.Property(IsRadio))</visible>
        <texturefocus border="5">button-focus.png</texturefocus>
        <texturenofocus border="5">button-nofocus.png</texturenofocus>
        <align>center</align>
        <label>19023</label>
        <onleft>30</onleft>
        <onright>20</onright>
        <onup>13</onup>
        <ondown>31</ondown>
      </control>
      <control type="button" id="31">
        <description>Edit channel Button</description>
        <left>268</left>
        <top>460</top>
        <textoffsetx>13</textoffsetx>
        <width>380</width>
        <height>35</height>
        <font>Font_Neon_20</font>
        <textcolor>white</textcolor>
        <focusedcolor>white</focusedcolor>
        <colordiffuse>mainblue</colordiffuse>
        <texturefocus border="5">button-focus.png</texturefocus>
        <texturenofocus border="5">button-nofocus.png</texturenofocus>
        <align>center</align>
        <label>19203</label>
        <onleft>4</onleft>
        <onright>20</onright>
        <onup>30</onup>
        <ondown>32</ondown>
      </control>
      <control type="button" id="32">
        <description>Delete channel Button</description>
        <left>268</left>
        <top>495</top>
        <textoffsetx>13</textoffsetx>
        <width>380</width>
        <height>35</height>
        <font>Font_Neon_20</font>
        <textcolor>white</textcolor>
        <focusedcolor>white</focusedcolor>
        <colordiffuse>mainblue</colordiffuse>
        <texturefocus border="5">button-focus.png</texturefocus>
        <texturenofocus border="5">button-nofocus.png</texturenofocus>
        <align>center</align>
        <label>19211</label>
        <onleft>4</onleft>
        <onright>20</onright>
        <onup>31</onup>
        <ondown>33</ondown>
      </control>
      <control type="button" id="33">
        <description>New channel Button</description>
        <left>268</left>
        <top>530</top>
        <textoffsetx>13</textoffsetx>
        <width>380</width>
        <height>35</height>
        <font>Font_Neon_20</font>
        <textcolor>white</textcolor>
        <focusedcolor>white</focusedcolor>
        <colordiffuse>mainblue</colordiffuse>
        <texturefocus border="5">button-focus.png</texturefocus>
        <texturenofocus border="5">button-nofocus.png</texturenofocus>
        <align>center</align>
        <label>19204</label>
        <onleft>4</onleft>
        <onright>20</onright>
        <onup>32</onup>
        <ondown>7</ondown>
      </control>
      <control type="image">
        <left>670</left>
        <top>60</top>
        <width>380</width>
        <height>530</height>
        <texture>ContentPanel.png</texture>
      </control>
      <control type="list" id="20">
        <left>680</left>
        <top>70</top>
        <width>350</width>
        <height>500</height>
        <onup>20</onup>
        <ondown>20</ondown>
        <onleft>7</onleft>
        <onright>60</onright>
        <pagecontrol>60</pagecontrol>
        <scrolltime>200</scrolltime>
        <itemlayout height="40">
          <control type="image">
            <left>0</left>
            <top>0</top>
            <width>350</width>
            <height>40</height>
            <texture border="5">MenuItemNF.png</texture>
          </control>
          <control type="image">
            <left>0</left>
            <top>5</top>
            <width>30</width>
            <height>30</height>
            <info>ListItem.Property(Icon)</info>
          </control>
          <control type="image">
            <left>0</left>
            <top>5</top>
            <width>30</width>
            <height>30</height>
            <texture>black-back2.png</texture>
            <visible>!ListItem.Property(ActiveChannel)</visible>
          </control>
          <control type="image">
            <left>320</left>
            <top>5</top>
            <width>30</width>
            <height>30</height>
            <texture border="5">amt-overlay-saved.png</texture>
            <visible>ListItem.Property(Changed)</visible>
          </control>
          <control type="label">
            <left>35</left>
            <top>0</top>
            <width>50</width>
            <height>35</height>
            <font>Font_Neon_20</font>
            <align>left</align>
            <aligny>center</aligny>
            <textcolor>gray</textcolor>
            <selectedcolor>selected</selectedcolor>
            <info>ListItem.Property(Number)</info>
            <visible>!ListItem.Property(ActiveChannel)</visible>
          </control>
          <control type="label">
            <left>35</left>
            <top>0</top>
            <width>50</width>
            <height>35</height>
            <font>Font_Neon_20</font>
            <align>left</align>
            <aligny>center</aligny>
            <textcolor>white</textcolor>
            <selectedcolor>selected</selectedcolor>
            <info>ListItem.Property(Number)</info>
            <visible>ListItem.Property(ActiveChannel)</visible>
          </control>
          <control type="label">
            <left>85</left>
            <top>0</top>
            <width>190</width>
            <height>35</height>
            <font>Font_Neon_20</font>
            <align>left</align>
            <aligny>center</aligny>
            <textcolor>gray</textcolor>
            <selectedcolor>selected</selectedcolor>
            <info>ListItem.Property(Name)</info>
            <visible>!ListItem.Property(ActiveChannel)</visible>
          </control>
          <control type="label">
            <left>85</left>
            <top>0</top>
            <width>190</width>
            <height>35</height>
            <font>Font_Neon_20</font>
            <align>left</align>
            <aligny>center</aligny>
            <textcolor>white</textcolor>
            <selectedcolor>selected</selectedcolor>
            <info>ListItem.Property(Name)</info>
            <visible>ListItem.Property(ActiveChannel)</visible>
          </control>
        </itemlayout>
        <focusedlayout height="60">
          <control type="image">
            <left>0</left>
            <top>0</top>
            <width>350</width>
            <height>60</height>
            <texture border="5">MenuItemNF.png</texture>
            <visible>!Control.HasFocus(20)</visible>
            <include>VisibleFadeEffect</include>
          </control>
          <control type="image">
            <left>0</left>
            <top>0</top>
            <width>350</width>
            <height>60</height>
            <colordiffuse>mainblue</colordiffuse>
            <texture border="5">MenuItemFO.png</texture>
            <visible>Control.HasFocus(20)</visible>
            <include>VisibleFadeEffect</include>
          </control>
          <control type="image">
            <left>0</left>
            <top>5</top>
            <width>30</width>
            <height>30</height>
            <info>ListItem.Property(Icon)</info>
          </control>
          <control type="image">
            <left>320</left>
            <top>5</top>
            <width>30</width>
            <height>30</height>
            <texture border="5">amt-overlay-saved.png</texture>
            <visible>ListItem.Property(Changed)</visible>
          </control>
          <control type="label">
            <left>35</left>
            <top>0</top>
            <width>50</width>
            <height>35</height>
            <font>Font_Neon_20</font>
            <align>left</align>
            <aligny>center</aligny>
            <textcolor>gray</textcolor>
            <selectedcolor>selected</selectedcolor>
            <info>ListItem.Property(Number)</info>
            <visible>!ListItem.Property(ActiveChannel)</visible>
          </control>
          <control type="label">
            <left>35</left>
            <top>0</top>
            <width>50</width>
            <height>35</height>
            <font>Font_Neon_20</font>
            <align>left</align>
            <aligny>center</aligny>
            <textcolor>white</textcolor>
            <selectedcolor>selected</selectedcolor>
            <info>ListItem.Property(Number)</info>
            <visible>ListItem.Property(ActiveChannel)</visible>
          </control>
          <control type="label">
            <left>85</left>
            <top>0</top>
            <width>190</width>
            <height>35</height>
            <font>Font_Neon_20</font>
            <align>left</align>
            <aligny>center</aligny>
            <textcolor>gray</textcolor>
            <selectedcolor>selected</selectedcolor>
            <info>ListItem.Property(Name)</info>
            <visible>!ListItem.Property(ActiveChannel)</visible>
          </control>
          <control type="label">
            <left>85</left>
            <top>0</top>
            <width>190</width>
            <height>35</height>
            <font>Font_Neon_20</font>
            <align>left</align>
            <aligny>center</aligny>
            <textcolor>white</textcolor>
            <selectedcolor>selected</selectedcolor>
            <info>ListItem.Property(Name)</info>
            <visible>ListItem.Property(ActiveChannel)</visible>
          </control>
          <control type="label">
            <left>0</left>
            <top>30</top>
            <width>350</width>
            <height>35</height>
            <font>font10</font>
            <align>left</align>
            <aligny>center</aligny>
            <textcolor>grey2</textcolor>
            <selectedcolor>selected</selectedcolor>
            <label>$LOCALIZE[19210]: $INFO[ListItem.Property(ClientName)]</label>
          </control>
          <control type="image">
            <left>0</left>
            <top>0</top>
            <width>350</width>
            <height>60</height>
            <texture border="5">black-back2.png</texture>
            <visible>!ListItem.Property(ActiveChannel)</visible>
          </control>
        </focusedlayout>
      </control>
      <control type="scrollbar" id="60">
        <left>1060</left>
        <top>60</top>
        <width>25</width>
        <height>530</height>
        <texturesliderbackground border="0,14,0,14">ScrollBarV.png</texturesliderbackground>
        <texturesliderbar border="0,14,0,14">ScrollBarV_bar.png</texturesliderbar>
        <texturesliderbarfocus border="0,14,0,14" colordiffuse="mainblue">ScrollBarV_bar_focus.png</texturesliderbarfocus>
        <textureslidernib>ScrollBarNib.png</textureslidernib>
        <textureslidernibfocus>ScrollBarNib.png</textureslidernibfocus>
        <onleft>20</onleft>
        <onright>4</onright>
        <showonepage>false</showonepage>
        <orientation>vertical</orientation>
      </control>
      <control type="label">
        <description>Page Count Label</description>
        <left>1040</left>
        <top>600</top>
        <width>500</width>
        <height>20</height>
        <font>Font_Neon_20</font>
        <textcolor>grey</textcolor>
        <scroll>false</scroll>
        <align>right</align>
        <aligny>center</aligny>
        <label>([COLOR=maiblue]$INFO[Container(20).NumItems][/COLOR]) $LOCALIZE[19019] - $LOCALIZE[31024] ([COLOR=mainblue]$INFO[Container(20).CurrentPage]/$INFO[Container(20).NumPages][/COLOR])</label>
      </control>
      <control type="image">
        <left>268</left>
        <top>10</top>
        <width>790</width>
        <height>618</height>
        <texture border="5">black-back2.png</texture>
      </control>
      <control type="image">
        <left>268</left>
        <top>10</top>
        <width>804</width>
        <height>70</height>
        <aspectratio>stretch</aspectratio>
        <texture>GlassTitleBar.png</texture>
      </control>
      <control type="label">
        <description>header label</description>
        <left>300</left>
        <top>20</top>
        <width>740</width>
        <height>30</height>
        <font>font16caps</font>
        <label>$LOCALIZE[19199] - $LOCALIZE[19023]</label>
        <align>left</align>
        <aligny>center</aligny>
        <textcolor>white</textcolor>
        <shadowcolor>black</shadowcolor>
        <visible>IsEmpty(Window.Property(IsRadio))</visible>
      </control>
      <control type="label">
        <description>header label</description>
        <left>300</left>
        <top>20</top>
        <width>740</width>
        <height>30</height>
        <font>font16caps</font>
        <label>$LOCALIZE[19199] - $LOCALIZE[19024]</label>
        <align>left</align>
        <aligny>center</aligny>
        <textcolor>white</textcolor>
        <shadowcolor>black</shadowcolor>
        <visible>!IsEmpty(Window.Property(IsRadio))</visible>
      </control>
    </control>
    <include>BehindDialogFadeOut</include>
    <control type="group">
      <left>60</left>
      <top>0</top>
      <animation effect="slide" end="-310,0" time="400" tween="quadratic" easing="out">WindowClose</animation>
      <animation effect="slide" start="-310,0" time="400" tween="quadratic" easing="out">WindowOpen</animation>
      <control type="image">
        <left>0</left>
        <top>0</top>
        <width>250</width>
        <height>35</height>
        <texture border="0,0,32,0">header.png</texture>
      </control>
      <control type="label">
        <include>WindowTitleCommons</include>
        <left>220</left>
        <label>$LOCALIZE[19199]</label>
      </control>
    </control>
    <include>Time</include>
  </controls>
</window>