<?xml version="1.0" encoding="UTF-8"?>
<window>
  <defaultcontrol always="true">11</defaultcontrol>
  <coordinates>
    <system>1</system>
    <left>780</left>
    <top>30</top>
  </coordinates>
  <include>dialogeffect</include>
  <controls>
    <control type="group">
      <control type="image">
        <description>background image</description>
        <left>0</left>
        <top>0</top>
        <width>480</width>
        <height>660</height>
        <colordiffuse>mainblue</colordiffuse>
        <texture border="40">DialogBack.png</texture>
      </control>
      <control type="button">
        <description>Close Window button</description>
        <left>400</left>
        <top>9</top>
        <width>64</width>
        <height>32</height>
        <label>-</label>
        <font>-</font>
        <onclick>PreviousMenu</onclick>
        <colordiffuse>mainblue</colordiffuse>
        <texturefocus>DialogCloseButton-focus.png</texturefocus>
        <texturenofocus>DialogCloseButton.png</texturenofocus>
        <onleft>2</onleft>
        <onright>2</onright>
        <onup>2</onup>
        <ondown>2</ondown>
        <visible>system.getbool(input.enablemouse)</visible>
      </control>
      <control type="image">
        <left>40</left>
        <top>10</top>
        <width>430</width>
        <height>90</height>
        <aspectratio>stretch</aspectratio>
        <colordiffuse>mainblue</colordiffuse>
        <texture>GlassTitleBar.png</texture>
      </control>
      <control type="label">
        <description>header label</description>
        <left>40</left>
        <top>18</top>
        <width>430</width>
        <height>30</height>
        <font>Font_Neon_22</font>
        <label>$LOCALIZE[19029] - $INFO[VideoPlayer.ChannelName]</label>
        <align>center</align>
        <aligny>center</aligny>
        <textcolor>white</textcolor>
        <shadowcolor>black</shadowcolor>
      </control>
      <control type="list" id="11">
        <left>40</left>
        <top>64</top>
        <width>390</width>
        <height>541</height>
        <onleft>60</onleft>
        <onright>60</onright>
        <onup>11</onup>
        <ondown>11</ondown>
        <viewtype label="535">list</viewtype>
        <pagecontrol>60</pagecontrol>
        <scrolltime>200</scrolltime>
        <itemlayout height="60" width="400">
          <control type="image">
            <left>0</left>
            <top>0</top>
            <width>390</width>
            <height>61</height>
            <texture border="2">MenuItemNF.png</texture>
            <include>VisibleFadeEffect</include>
          </control>
          <control type="label">
            <left>5</left>
            <top>0</top>
            <width>200</width>
            <height>30</height>
            <font>font13</font>
            <textcolor>mainblue</textcolor>
            <selectedcolor>selected</selectedcolor>
            <align>left</align>
            <aligny>center</aligny>
            <label>$INFO[ListItem.StartTime]</label>
          </control>
          <control type="label">
            <left>390</left>
            <top>0</top>
            <width>370</width>
            <height>30</height>
            <font>Font_Neon_20</font>
            <textcolor>grey2</textcolor>
            <selectedcolor>selected</selectedcolor>
            <align>right</align>
            <aligny>center</aligny>
            <label>$INFO[ListItem.StartDate]</label>
          </control>
          <control type="label">
            <left>5</left>
            <top>30</top>
            <width>390</width>
            <height>30</height>
            <font>Font_Neon_20</font>
            <textcolor>grey</textcolor>
            <selectedcolor>selected</selectedcolor>
            <align>left</align>
            <aligny>center</aligny>
            <label>$INFO[ListItem.Label]</label>
            <visible>![ListItem.IsRecording | ListItem.HasTimer]</visible>
          </control>
          <control type="label">
            <left>5</left>
            <top>30</top>
            <width>350</width>
            <height>30</height>
            <font>Font_Neon_20</font>
            <textcolor>grey</textcolor>
            <selectedcolor>selected</selectedcolor>
            <align>left</align>
            <aligny>center</aligny>
            <label>$INFO[ListItem.Label]</label>
            <visible>ListItem.IsRecording | ListItem.HasTimer</visible>
          </control>
          <control type="image">
            <left>360</left>
            <top>30</top>
            <width>30</width>
            <height>20</height>
            <texture>PVR-IsRecording.png</texture>
            <visible>ListItem.IsRecording</visible>
          </control>
          <control type="image">
            <left>370</left>
            <top>30</top>
            <width>20</width>
            <height>20</height>
            <texture>PVR-HasTimer.png</texture>
            <visible>ListItem.HasTimer</visible>
          </control>
        </itemlayout>
        <focusedlayout height="60" width="500">
          <control type="image">
            <left>0</left>
            <top>0</top>
            <width>390</width>
            <height>61</height>
            <texture border="2">MenuItemNF.png</texture>
            <visible>!Control.HasFocus(11)</visible>
            <include>VisibleFadeEffect</include>
          </control>
          <control type="image">
            <left>0</left>
            <top>0</top>
            <width>390</width>
            <height>61</height>
            <colordiffuse>mainblue</colordiffuse>
            <texture border="2">MenuItemFO.png</texture>
            <visible>Control.HasFocus(11)</visible>
            <include>VisibleFadeEffect</include>
          </control>
          <control type="label">
            <left>5</left>
            <top>0</top>
            <width>200</width>
            <height>30</height>
            <font>font13</font>
            <textcolor>selected</textcolor>
            <selectedcolor>selected</selectedcolor>
            <align>left</align>
            <aligny>center</aligny>
            <label>$INFO[ListItem.StartTime]</label>
          </control>
          <control type="label">
            <left>390</left>
            <top>0</top>
            <width>370</width>
            <height>30</height>
            <font>Font_Neon_20</font>
            <textcolor>selected</textcolor>
            <selectedcolor>selected</selectedcolor>
            <align>right</align>
            <aligny>center</aligny>
            <label>$INFO[ListItem.StartDate]</label>
          </control>
          <control type="label">
            <left>5</left>
            <top>30</top>
            <width>390</width>
            <height>30</height>
            <font>Font_Neon_20</font>
            <textcolor>white</textcolor>
            <selectedcolor>selected</selectedcolor>
            <align>left</align>
            <aligny>center</aligny>
            <label>[B]$INFO[ListItem.Label][/B]</label>
            <visible>![ListItem.IsRecording | ListItem.HasTimer]</visible>
          </control>
          <control type="label">
            <left>5</left>
            <top>30</top>
            <width>350</width>
            <height>30</height>
            <font>Font_Neon_20</font>
            <textcolor>white</textcolor>
            <selectedcolor>selected</selectedcolor>
            <align>left</align>
            <aligny>center</aligny>
            <label>[B]$INFO[ListItem.Label][/B]</label>
            <visible>ListItem.IsRecording | ListItem.HasTimer</visible>
          </control>
          <control type="image">
            <left>360</left>
            <top>30</top>
            <width>30</width>
            <height>20</height>
            <texture>PVR-IsRecording.png</texture>
            <visible>ListItem.IsRecording</visible>
          </control>
          <control type="image">
            <left>370</left>
            <top>30</top>
            <width>20</width>
            <height>20</height>
            <texture>PVR-HasTimer.png</texture>
            <visible>ListItem.HasTimer</visible>
          </control>
        </focusedlayout>
      </control>
      <control type="scrollbar" id="60">
        <left>435</left>
        <top>65</top>
        <width>25</width>
        <height>541</height>
        <texturesliderbackground border="0,14,0,14">ScrollBarV.png</texturesliderbackground>
        <texturesliderbar border="0,14,0,14">ScrollBarV_bar.png</texturesliderbar>
        <texturesliderbarfocus border="0,14,0,14" colordiffuse="mainblue">ScrollBarV_bar_focus.png</texturesliderbarfocus>
        <textureslidernib>ScrollBarNib.png</textureslidernib>
        <textureslidernibfocus>ScrollBarNib.png</textureslidernibfocus>
        <onleft>11</onleft>
        <onright>11</onright>
        <ondown>61</ondown>
        <onup>61</onup>
        <showonepage>false</showonepage>
        <orientation>vertical</orientation>
      </control>
      <control type="label">
        <description>Page Count Label</description>
        <left>450</left>
        <top>615</top>
        <width>400</width>
        <height>20</height>
        <font>Font_Neon_20</font>
        <textcolor>grey</textcolor>
        <scroll>false</scroll>
        <align>right</align>
        <aligny>center</aligny>
        <label>([COLOR=blue]$INFO[Container(11).NumItems][/COLOR]) $LOCALIZE[31025] - $LOCALIZE[31024] ([COLOR=blue]$INFO[Container(11).CurrentPage]/$INFO[Container(11).NumPages][/COLOR])</label>
        <include>Window_OpenClose_Animation</include>
      </control>
    </control>
  </controls>
</window>