<?xml version="1.0" encoding="UTF-8"?>
<window>
  <defaultcontrol always="true">2</defaultcontrol>
  <coordinates>
    <system>1</system>
    <left>240</left>
    <top>55</top>
  </coordinates>
  <controls>
    <control type="group">
      <include>Animation_Bartowski_Context_Zoom</include>
      <control type="image">
        <description>background image</description>
        <left>0</left>
        <top>0</top>
        <width>800</width>
        <height>610</height>
        <colordiffuse>mainblue</colordiffuse>
        <texture>DialogBackwht.png</texture>
      </control>
      <control type="image">
        <description>background image</description>
        <left>0</left>
        <top>0</top>
        <width>800</width>
        <height>610</height>
        <colordiffuse>mainblue</colordiffuse>
        <texture>DialogBack.png</texture>
      </control>
      <!--<control type="image">
				<left>80</left>
				<top>10</top>
				<width>640</width>
				<height>90</height>
				<aspectratio>stretch</aspectratio>
				<texture>GlassTitleBar.png</texture>
			</control>-->
      <control type="label" id="20">
        <description>header label</description>
        <left>20</left>
        <top>18</top>
        <width>760</width>
        <height>30</height>
        <font>font24caps_title</font>
        <label>-</label>
        <align>center</align>
        <aligny>center</aligny>
        <textcolor>black</textcolor>
      </control>
      <control type="grouplist" id="2">
        <description>control area</description>
        <left>30</left>
        <top>80</top>
        <width>740</width>
        <height>420</height>
        <itemgap>-1</itemgap>
        <onup>2</onup>
        <ondown>2</ondown>
        <onleft>10</onleft>
        <onright>10</onright>
      </control>
      <control type="button" id="3">
        <description>Default Button</description>
        <height>40</height>
        <font>Font_Neon_20_title</font>
        <textoffsetx>20</textoffsetx>
        <textcolor>ff8F8D8E</textcolor>
        <focusedcolor>white</focusedcolor>
        <colordiffuse>mainblue</colordiffuse>
        <texturefocus>button-focus.png</texturefocus>
      </control>
      <control type="radiobutton" id="4">
        <description>Default RadioButton</description>
        <height>40</height>
        <font>Font_Neon_20_title</font>
        <textoffsetx>20</textoffsetx>
        <textcolor>ff8F8D8E</textcolor>
        <focusedcolor>white</focusedcolor>
        <colordiffuse>mainblue</colordiffuse>
        <texturefocus>button-focus.png</texturefocus>
      </control>
      <control type="spincontrolex" id="5">
        <description>Default spincontrolex</description>
        <height>40</height>
        <textcolor>ff8F8D8E</textcolor>
        <focusedcolor>white</focusedcolor>
        <colordiffuse>mainblue</colordiffuse>
        <texturefocus>button-focus.png</texturefocus>
        <font>Font_Neon_20_title</font>
        <textoffsetx>20</textoffsetx>
        <aligny>center</aligny>
        <reverse>yes</reverse>
      </control>
      <control type="label" id="7">
        <height>45</height>
        <font>Font_KeyboardKeys</font>
        <label>-</label>
        <textcolor>black</textcolor>
        <align>left</align>
        <aligny>center</aligny>
      </control>
      <control type="image" id="6">
        <description>Default Seperator</description>
        <height>2</height>
        <texture>common/separator2.png</texture>
      </control>
      <control type="group" id="9001">
        <top>540</top>
        <control type="button" id="10">
          <description>OK Button</description>
          <left>300</left>
          <top>0</top>
          <width>200</width>
          <height>40</height>
          <align>center</align>
          <aligny>center</aligny>
          <colordiffuse>mainblue</colordiffuse>
          <texturefocus>button-focus.png</texturefocus>
          <font>Font_Neon_25</font>
          <textcolor>black</textcolor>
          <focusedcolor>white</focusedcolor>
          <label>186</label>
          <onleft>12</onleft>
          <onright>11</onright>
          <onup>2</onup>
          <ondown>2</ondown>
        </control>
        <control type="button" id="11">
          <description>Cancel Button</description>
          <left>510</left>
          <top>0</top>
          <width>200</width>
          <height>40</height>
          <align>center</align>
          <aligny>center</aligny>
          <colordiffuse>mainblue</colordiffuse>
          <texturefocus>button-focus.png</texturefocus>
          <font>Font_Neon_25</font>
          <textcolor>black</textcolor>
          <focusedcolor>white</focusedcolor>
          <label>222</label>
          <onleft>10</onleft>
          <onright>12</onright>
          <onup>2</onup>
          <ondown>2</ondown>
        </control>
        <control type="button" id="12">
          <description>Defaults Button</description>
          <left>90</left>
          <top>0</top>
          <width>200</width>
          <height>40</height>
          <align>center</align>
          <aligny>center</aligny>
          <colordiffuse>mainblue</colordiffuse>
          <texturefocus>button-focus.png</texturefocus>
          <font>Font_Neon_25</font>
          <textcolor>black</textcolor>
          <focusedcolor>white</focusedcolor>
          <label>409</label>
          <onleft>11</onleft>
          <onright>10</onright>
          <onup>2</onup>
          <ondown>2</ondown>
        </control>
      </control>
    </control>
  </controls>
</window>