<?xml version="1.0" encoding="UTF-8"?>
<window>
  <defaultcontrol always="true">5</defaultcontrol>
  <controls>
    <control type="image">
      <include>Dimensions_Fullscreen</include>
      <texture>background-solid.png</texture>
      <animation effect="fade" start="0" end="100" time="600">Visible</animation>
      <animation effect="fade" start="100" end="0" time="600">Hidden</animation>
    </control>
    <control type="group">
      <left>-100</left>
      <include>Animation_Bartowski_Context_Zoom</include>
      <control type="image">
        <left>160</left>
        <top>180</top>
        <width>490</width>
        <height>360</height>
        <aspectratio align="center" aligny="center">keep</aspectratio>
        <texture background="true">$INFO[ListItem.Icon]</texture>
        <bordertexture border="8">common/thumb_border.png</bordertexture>
        <bordersize>8</bordersize>
        <visible>!Container.Content(Genres)</visible>
        <include>Animation_Music_Fullscreen_Left</include>
      </control>
      <control type="label">
        <description>header label</description>
        <left>700</left>
        <top>40</top>
        <width>710</width>
        <height>30</height>
        <font>Font_Neon_45_Context</font>
        <label>$LOCALIZE[13406]</label>
        <aligny>center</aligny>
        <textcolor>white</textcolor>
        <shadowcolor>black</shadowcolor>
      </control>
      <control type="list" id="5">
        <left>670</left>
        <top>90</top>
        <width>560</width>
        <height>601</height>
        <onleft>60</onleft>
        <onright>60</onright>
        <onup>5</onup>
        <ondown>5</ondown>
        <pagecontrol>60</pagecontrol>
        <scrolltime>200</scrolltime>
        <itemlayout height="40">
          <control type="label">
            <left>0</left>
            <top>0</top>
            <width>160</width>
            <height>35</height>
            <font>Font_Neon_20_title</font>
            <aligny>center</aligny>
            <textcolor>mainblue</textcolor>
            <shadowcolor>black</shadowcolor>
            <selectedcolor>selected</selectedcolor>
            <align>right</align>
            <label>$INFO[ListItem.Label][COLOR=grey2] : [/COLOR]</label>
          </control>
          <control type="label">
            <left>170</left>
            <top>0</top>
            <width>390</width>
            <height>35</height>
            <font>Font_KeyboardEdit</font>
            <aligny>center</aligny>
            <shadowcolor>black</shadowcolor>
            <selectedcolor>selected</selectedcolor>
            <align>left</align>
            <info>ListItem.Label2</info>
          </control>
        </itemlayout>
        <focusedlayout height="40">
          <control type="image">
            <left>0</left>
            <top>0</top>
            <width>560</width>
            <height>41</height>
            <visible>!Control.HasFocus(5)</visible>
            <texture border="5">MenuItemNF.png</texture>
          </control>
          <control type="image">
            <left>0</left>
            <top>0</top>
            <width>560</width>
            <height>42</height>
            <visible>Control.HasFocus(5)</visible>
            <colordiffuse>mainblue</colordiffuse>
            <texture>MenuItemFO.png</texture>
          </control>
          <control type="label">
            <left>0</left>
            <top>0</top>
            <width>160</width>
            <height>35</height>
            <font>Font_Neon_20_title</font>
            <aligny>center</aligny>
            <textcolor>mainblue</textcolor>
            <shadowcolor>black</shadowcolor>
            <selectedcolor>selected</selectedcolor>
            <align>right</align>
            <label>$INFO[ListItem.Label][COLOR=grey2] : [/COLOR]</label>
          </control>
          <control type="label">
            <left>170</left>
            <top>0</top>
            <width>390</width>
            <height>35</height>
            <font>Font_KeyboardEdit</font>
            <aligny>center</aligny>
            <shadowcolor>black</shadowcolor>
            <textcolor>white</textcolor>
            <align>left</align>
            <info>ListItem.Label2</info>
          </control>
        </focusedlayout>
      </control>
      <control type="scrollbar" id="60">
        <left>1240</left>
        <top>80</top>
        <width>25</width>
        <height>611</height>
        <texturesliderbackground border="0,14,0,14">ScrollBarV.png</texturesliderbackground>
        <texturesliderbar border="0,14,0,14">ScrollBarV_bar.png</texturesliderbar>
        <texturesliderbarfocus border="0,14,0,14" colordiffuse="mainblue">ScrollBarV_bar_focus.png</texturesliderbarfocus>
        <textureslidernib>ScrollBarNib.png</textureslidernib>
        <textureslidernibfocus>ScrollBarNib.png</textureslidernibfocus>
        <onleft>5</onleft>
        <onright>5</onright>
        <ondown>60</ondown>
        <onup>60</onup>
        <showonepage>false</showonepage>
        <orientation>vertical</orientation>
      </control>
    </control>
  </controls>
</window>