<?xml version="1.0" encoding="UTF-8"?>
<window>
  <defaultcontrol always="true">9</defaultcontrol>
  <coordinates>
    <system>1</system>
    <left>160</left>
    <top>55</top>
  </coordinates>
  <include>dialogeffect</include>
  <controls>
    <control type="image">
      <description>background image</description>
      <left>0</left>
      <top>0</top>
      <width>960</width>
      <height>610</height>
      <colordiffuse>mainblue</colordiffuse>
      <texture border="40">DialogBackwht.png</texture>
    </control>
    <control type="image">
      <description>background image</description>
      <left>0</left>
      <top>0</top>
      <width>960</width>
      <height>610</height>
      <colordiffuse>mainblue</colordiffuse>
      <texture border="40">DialogBack.png</texture>
    </control>
    <control type="image">
      <description>separator image</description>
      <left>60</left>
      <top>60</top>
      <width>900</width>
      <height>1</height>
      <texture>common/separator.png</texture>
    </control>
    <control type="image">
      <description>separator image</description>
      <left>268</left>
      <top>538</top>
      <width>650</width>
      <height>1</height>
      <texture>common/separator.png</texture>
    </control>
    <control type="label" id="20">
      <description>header label</description>
      <left>340</left>
      <top>20</top>
      <width>640</width>
      <height>30</height>
      <font>font24caps_title</font>
      <label>-</label>
      <align>left</align>
      <aligny>center</aligny>
      <textcolor>mainblue</textcolor>
    </control>
    <control type="grouplist" id="9">
      <description>button area</description>
      <left>10</left>
      <top>90</top>
      <width>200</width>
      <height>481</height>
      <itemgap>-1</itemgap>
      <onleft>30</onleft>
      <onright>2</onright>
      <onup>9</onup>
      <ondown>9</ondown>
    </control>
    <control type="grouplist" id="2">
      <description>control area</description>
      <left>230</left>
      <top>70</top>
      <width>680</width>
      <height>460</height>
      <itemgap>-1</itemgap>
      <pagecontrol>30</pagecontrol>
      <onup>9001</onup>
      <ondown>9001</ondown>
      <onleft>9</onleft>
      <onright>30</onright>
    </control>
    <control type="scrollbar" id="30">
      <left>920</left>
      <top>70</top>
      <width>25</width>
      <height>470</height>
      <texturesliderbackground border="0,14,0,14">ScrollBarV.png</texturesliderbackground>
      <texturesliderbar border="2,16,2,16">ScrollBarV_bar.png</texturesliderbar>
      <texturesliderbarfocus border="2,16,2,16" colordiffuse="mainblue">ScrollBarV_bar_focus.png</texturesliderbarfocus>
      <textureslidernib>ScrollBarNib.png</textureslidernib>
      <textureslidernibfocus>ScrollBarNib.png</textureslidernibfocus>
      <onleft>2</onleft>
      <onright>9</onright>
      <showonepage>false</showonepage>
      <orientation>vertical</orientation>
    </control>
    <control type="group" id="9001">
      <top>545</top>
      <left>180</left>
      <control type="button" id="10">
        <description>OK Button</description>
        <left>0</left>
        <top>0</top>
        <width>200</width>
        <height>40</height>
        <align>center</align>
        <aligny>center</aligny>
        <colordiffuse>mainblue</colordiffuse>
        <texturefocus>button-focus.png</texturefocus>
        <font>Font_Bartowski_Press_S</font>
        <textcolor>mainblue</textcolor>
        <focusedcolor>white</focusedcolor>
        <label>186</label>
        <onleft>12</onleft>
        <onright>11</onright>
        <onup>2</onup>
        <ondown>2</ondown>
      </control>
      <control type="button" id="11">
        <description>Cancel Button</description>
        <left>210</left>
        <top>0</top>
        <width>200</width>
        <height>40</height>
        <align>center</align>
        <aligny>center</aligny>
        <colordiffuse>mainblue</colordiffuse>
        <texturefocus>button-focus.png</texturefocus>
        <font>Font_Bartowski_Press_S</font>
        <textcolor>mainblue</textcolor>
        <focusedcolor>white</focusedcolor>
        <label>222</label>
        <onleft>10</onleft>
        <onright>12</onright>
        <onup>2</onup>
        <ondown>2</ondown>
      </control>
      <control type="button" id="12">
        <description>Defaults Button</description>
        <left>420</left>
        <top>0</top>
        <width>200</width>
        <height>40</height>
        <align>center</align>
        <aligny>center</aligny>
        <colordiffuse>mainblue</colordiffuse>
        <texturefocus>button-focus.png</texturefocus>
        <font>Font_Bartowski_Press_S</font>
        <textcolor>mainblue</textcolor>
        <focusedcolor>white</focusedcolor>
        <label>409</label>
        <onleft>11</onleft>
        <onright>10</onright>
        <onup>2</onup>
        <ondown>2</ondown>
      </control>
    </control>
    <control type="button" id="13">
      <description>Default Category Button</description>
      <height>60</height>
      <width>200</width>
      <textoffsetx>20</textoffsetx>
      <align>right</align>
      <aligny>center</aligny>
      <font>Font_KeyboardKeys_Plot</font>
      <textcolor>mainblue</textcolor>
      <focusedcolor>white</focusedcolor>
      <colordiffuse>mainblue</colordiffuse>
      <texturefocus>button-focus.png</texturefocus>
      <pulseonselect>false</pulseonselect>
    </control>
    <control type="button" id="3">
      <description>Default Button</description>
      <height>40</height>
      <font>Font_Neon_25</font>
      <textoffsetx>10</textoffsetx>
      <textcolor>grey</textcolor>
      <focusedcolor>white</focusedcolor>
      <colordiffuse>mainblue</colordiffuse>
      <texturefocus border="0,2,0,2">mainmenu/home_bottom_white.png</texturefocus>
    </control>
    <control type="radiobutton" id="4">
      <description>Default RadioButton</description>
      <height>40</height>
      <font>Font_Neon_25</font>
      <textoffsetx>10</textoffsetx>
      <textcolor>grey</textcolor>
      <focusedcolor>white</focusedcolor>
      <colordiffuse>mainblue</colordiffuse>
      <texturefocus border="0,2,0,2">mainmenu/home_bottom_white.png</texturefocus>
    </control>
    <control type="spincontrolex" id="5">
      <description>Default spincontrolex</description>
      <height>40</height>
      <textcolor>grey</textcolor>
      <focusedcolor>white</focusedcolor>
      <colordiffuse>mainblue</colordiffuse>
      <texturefocus border="0,2,0,2">mainmenu/home_bottom_white.png</texturefocus>
      <font>Font_Neon_25</font>
      <textoffsetx>10</textoffsetx>
      <aligny>center</aligny>
      <reverse>yes</reverse>
    </control>
    <control type="label" id="7">
      <height>45</height>
      <font>Font_KeyboardKeys_Plot_title</font>
      <textoffsetx>10</textoffsetx>
      <label>-</label>
      <textcolor>mainblue</textcolor>
      <shadowcolor>black</shadowcolor>
      <align>left</align>
      <aligny>center</aligny>
    </control>
    <control type="image" id="6">
      <description>Default Seperator</description>
      <height>2</height>
      <texture>separator2.png</texture>
    </control>
    <control type="sliderex" id="8">
      <description>Default Slider</description>
      <height>40</height>
      <font>Font_Neon_25</font>
      <textcolor>grey</textcolor>
      <focusedcolor>white</focusedcolor>
      <colordiffuse>mainblue</colordiffuse>
      <texturefocus border="0,2,0,2">mainmenu/home_bottom_white.png</texturefocus>
    </control>
  </controls>
</window>