<?xml version="1.0" encoding="UTF-8"?>
<includes>
  <include name="HorizontalHomeBottom">
    <control type="wraplist" id="301">
      <left>0</left>
      <top>244</top>
      <height>67</height>
      <width>1280</width>
      <onup>4052</onup>
      <ondown>4051</ondown>
      <onleft>301</onleft>
      <onright>301</onright>
      <viewtype>list</viewtype>
      <orientation>horizontal</orientation>
      <focusposition>1</focusposition>
      <scrolltime>200</scrolltime>
      <include>Animation_Bartowski_Context_Zoom_Bottom</include>
      <animation effect="slide" end="0,330" time="0" condition="Window.IsActive(Home)">conditional</animation>
      <itemlayout width="428" height="61">
        <control type="label">
          <width>428</width>
          <height>61</height>
          <left>0</left>
          <top>6</top>
          <align>center</align>
          <font>Font_Neon_45</font>
          <textcolor>38b8b7b7</textcolor>
          <label>[UPPERCASE]$INFO[ListItem.label][/UPPERCASE]</label>
          <!--	<animation effect="slide" end="0,600" time="600" condition="ControlGroup(9001).HasFocus()">conditional</animation> -->
          <!-- <animation effect="fade" start="0" end="100" delay="301" time="200" condition="ControlGroup(9001).HasFocus()">conditional</animation> -->
          <!-- <animation effect="fade" start="100" end="0" time="0" condition="ControlGroup(9001).HasFocus()">WindowClose</animation> -->
          <animation effect="slide" end="0,350" time="0" condition="ControlGroup(9001).HasFocus()">conditional</animation>
          <animation effect="fade" start="20" end="100" time="1000" condition="!ControlGroup(9001).HasFocus()">conditional&gt;</animation>
        </control>
      </itemlayout>
      <focusedlayout width="428" height="61">
        <control type="label">
          <width>428</width>
          <height>61</height>
          <left>-1</left>
          <top>0</top>
          <align>center</align>
          <font>Font_Neon_45_Focus</font>
          <textcolor>ffffffff</textcolor>
          <shadowcolor>black</shadowcolor>
          <label>[UPPERCASE]$INFO[ListItem.label][/UPPERCASE]</label>
          <!--	<animation effect="slide" end="0,-60" time="301" condition="ControlGroup(9001).HasFocus()">conditional</animation> -->
        </control>
      </focusedlayout>
      <content>
        <item id="1">
          <description>music</description>
          <label>2</label>
          <icon>special://skin/backgrounds/music.jpg</icon>
          <thumb>$INFO[Skin.String(CustomMusicFolder)]</thumb>
          <onclick>ActivateWindow(Music)</onclick>
          <visible>!Skin.HasSetting(HomeMenuNoMusicButton)</visible>
        </item>
        <item id="2">
          <description>Videos</description>
          <label>$LOCALIZE[10006]</label>
          <icon>special://skin/backgrounds/videos.jpg</icon>
          <thumb>$INFO[Skin.String(CustomVideosFolder)]</thumb>
          <onclick>ActivateWindow(Videos)</onclick>
          <visible>!Skin.HasSetting(HomeMenuNoVideosButton)</visible>
        </item>
        <item id="3">
          <description>movies</description>
          <label>$LOCALIZE[20342]</label>
          <icon>special://skin/backgrounds/movies.jpg</icon>
          <thumb>$INFO[Skin.String(CustomMoviesFolder)]</thumb>
          <onclick>ActivateWindow(Videos,MovieTitles,return)</onclick>
          <visible>!Skin.HasSetting(HomeMenuNoMoviesButton) + Library.HasContent(Movies)</visible>
        </item>
        <item id="4">
          <description>hd movies</description>
          <label>$LOCALIZE[31280]</label>
          <icon>special://skin/backgrounds/HDmovies.jpg</icon>
          <thumb>$INFO[Skin.String(CustomHDMoviesFolder)]</thumb>
          <onclick>ActivateWindow(Videos,special://skin/playlists/HDMovies.xsp,return)</onclick>
          <visible>!Skin.HasSetting(HomeMenuNoHDMoviesButton) + Library.HasContent(Movies)</visible>
        </item>
        <item id="5">
          <description>TV shows</description>
          <label>$LOCALIZE[31004]</label>
          <icon>special://skin/backgrounds/tvshows.jpg</icon>
          <thumb>$INFO[Skin.String(CustomTVShowsFolder)]</thumb>
          <onclick>ActivateWindow(Videos,TVShowTitles,return)</onclick>
          <visible>!Skin.HasSetting(HomeMenuNoTVShowsButton) + Library.HasContent(TVShows)</visible>
        </item>
        <item id="26">
          <description>Live TV</description>
          <label>$LOCALIZE[31502]</label>
          <onclick>ActivateWindow(TVChannels)</onclick>
          <icon>special://skin/backgrounds/tv.jpg</icon>
          <thumb>$INFO[Skin.String(Home_Custom_Back_TV_Folder)]</thumb>
          <visible>!Skin.HasSetting(HomeNoMenuLiveTV) + System.GetBool(pvrmanager.enabled)</visible>
        </item>
        <item id="27">
          <description>Radio</description>
          <label>$LOCALIZE[19021]</label>
          <onclick>ActivateWindow(RadioChannels)</onclick>
          <icon>special://skin/backgrounds/radio.jpg</icon>
          <thumb>$INFO[Skin.String(Home_Custom_Back_Radio_Folder)]</thumb>
          <visible>!Skin.HasSetting(HomeNoMenuRadio) + System.GetBool(pvrmanager.enabled)</visible>
        </item>
        <item id="7">
          <description>TV GUIDE</description>
          <label>$LOCALIZE[31972]</label>
          <icon>-</icon>
          <thumb>-</thumb>
          <onclick>RunScript(script.tv.show.next.aired)</onclick>
          <visible>!Skin.HasSetting(DeactivateTvShowNextAired) + !Skin.HasSetting(HomeMenuNoTVGuide) + System.HasAddon(script.tv.show.next.aired)</visible>
        </item>
        <item id="21">
          <description>Custom Playlist 1</description>
          <label>$INFO[Skin.String(Menu_Custom6_Label)]</label>
          <icon>special://skin/backgrounds/custom.jpg</icon>
          <thumb>$INFO[Skin.String(Menu_Custom6_Folder)]</thumb>
          <!-- <onclick>XBMC.ActivateWindow(Videos,$INFO[Skin.String(Menu_Custom6_Path)],return)</onclick> -->
          <onclick>XBMC.PlayMedia($ESCINFO[Skin.String(Menu_Custom6_Path)])</onclick>
          <onclick>ReplaceWindow(Home)</onclick>
          <visible>Skin.HasSetting(Menu_Custom6) + Skin.HasSetting(Menu_Custom6_Play)</visible>
        </item>
        <item id="21">
          <description>Custom Playlist 1</description>
          <label>$INFO[Skin.String(Menu_Custom6_Label)]</label>
          <icon>special://skin/backgrounds/custom.jpg</icon>
          <thumb>$INFO[Skin.String(Menu_Custom6_Folder)]</thumb>
          <onclick>XBMC.ActivateWindow(Videos,$INFO[Skin.String(Menu_Custom6_Path)],return)</onclick>
          <!-- <onclick>XBMC.PlayMedia($ESCINFO[Skin.String(Menu_Custom6_Path)])</onclick> -->
          <visible>Skin.HasSetting(Menu_Custom6) + !Skin.HasSetting(Menu_Custom6_Play)</visible>
        </item>
        <item id="22">
          <description>Custom Playlist 2</description>
          <label>$INFO[Skin.String(Menu_Custom7_Label)]</label>
          <icon>special://skin/backgrounds/custom.jpg</icon>
          <thumb>$INFO[Skin.String(Menu_Custom7_Folder)]</thumb>
          <onclick>XBMC.PlayMedia($ESCINFO[Skin.String(Menu_Custom7_Path)])</onclick>
          <visible>Skin.HasSetting(Menu_Custom7) + Skin.HasSetting(Menu_Custom7_Play)</visible>
        </item>
        <item id="22">
          <description>Custom Playlist 2</description>
          <label>$INFO[Skin.String(Menu_Custom7_Label)]</label>
          <icon>special://skin/backgrounds/custom.jpg</icon>
          <thumb>$INFO[Skin.String(Menu_Custom7_Folder)]</thumb>
          <onclick>XBMC.ActivateWindow(Videos,$INFO[Skin.String(Menu_Custom7_Path)],return)</onclick>
          <visible>Skin.HasSetting(Menu_Custom7) + !Skin.HasSetting(Menu_Custom7_Play)</visible>
        </item>
        <item id="23">
          <description>Custom Playlist 3</description>
          <label>$INFO[Skin.String(Menu_Custom8_Label)]</label>
          <icon>special://skin/backgrounds/custom.jpg</icon>
          <thumb>$INFO[Skin.String(Menu_Custom8_Folder)]</thumb>
          <onclick>XBMC.PlayMedia($ESCINFO[Skin.String(Menu_Custom8_Path)])</onclick>
          <visible>Skin.HasSetting(Menu_Custom8) + Skin.HasSetting(Menu_Custom8_Play)</visible>
        </item>
        <item id="23">
          <description>Custom Playlist 3</description>
          <label>$INFO[Skin.String(Menu_Custom8_Label)]</label>
          <icon>special://skin/backgrounds/custom.jpg</icon>
          <thumb>$INFO[Skin.String(Menu_Custom8_Folder)]</thumb>
          <onclick>XBMC.ActivateWindow(Videos,$INFO[Skin.String(Menu_Custom8_Path)],return)</onclick>
          <visible>Skin.HasSetting(Menu_Custom8) + !Skin.HasSetting(Menu_Custom8_Play)</visible>
        </item>
        <item id="24">
          <description>Custom Playlist 4</description>
          <label>$INFO[Skin.String(Menu_Custom9_Label)]</label>
          <icon>special://skin/backgrounds/custom.jpg</icon>
          <thumb>$INFO[Skin.String(Menu_Custom9_Folder)]</thumb>
          <onclick>XBMC.PlayMedia($ESCINFO[Skin.String(Menu_Custom9_Path)])</onclick>
          <visible>Skin.HasSetting(Menu_Custom9) + Skin.HasSetting(Menu_Custom9_Play)</visible>
        </item>
        <item id="24">
          <description>Custom Playlist 4</description>
          <label>$INFO[Skin.String(Menu_Custom9_Label)]</label>
          <icon>special://skin/backgrounds/custom.jpg</icon>
          <thumb>$INFO[Skin.String(Menu_Custom9_Folder)]</thumb>
          <onclick>XBMC.ActivateWindow(Videos,$INFO[Skin.String(Menu_Custom9_Path)],return)</onclick>
          <visible>Skin.HasSetting(Menu_Custom9) + !Skin.HasSetting(Menu_Custom9_Play)</visible>
        </item>
        <item id="25">
          <description>Custom Playlist 5</description>
          <label>$INFO[Skin.String(Menu_Custom10_Label)]</label>
          <icon>special://skin/backgrounds/custom.jpg</icon>
          <thumb>$INFO[Skin.String(Menu_Custom10_Folder)]</thumb>
          <onclick>XBMC.PlayMedia($ESCINFO[Skin.String(Menu_Custom10_Path)])</onclick>
          <visible>Skin.HasSetting(Menu_Custom10) + Skin.HasSetting(Menu_Custom10_Play)</visible>
        </item>
        <item id="25">
          <description>Custom Playlist 5</description>
          <label>$INFO[Skin.String(Menu_Custom10_Label)]</label>
          <icon>special://skin/backgrounds/custom.jpg</icon>
          <thumb>$INFO[Skin.String(Menu_Custom10_Folder)]</thumb>
          <onclick>XBMC.ActivateWindow(Videos,$INFO[Skin.String(Menu_Custom10_Path)],return)</onclick>
          <visible>Skin.HasSetting(Menu_Custom10) + !Skin.HasSetting(Menu_Custom10_Play)</visible>
        </item>
        <item id="15">
          <description>Custom Movie One</description>
          <label>$INFO[Skin.String(Menu_Custom1_Label)]</label>
          <icon>special://skin/backgrounds/custom.jpg</icon>
          <thumb>$INFO[Skin.String(Menu_Custom1_Folder)]</thumb>
          <onclick>$INFO[Skin.String(Menu_Custom1_Path)]</onclick>
          <visible>Skin.HasSetting(Menu_Custom1)</visible>
        </item>
        <item id="16">
          <description>Custom Movie Two</description>
          <label>$INFO[Skin.String(Menu_Custom2_Label)]</label>
          <icon>special://skin/backgrounds/custom.jpg</icon>
          <thumb>$INFO[Skin.String(Menu_Custom2_Folder)]</thumb>
          <onclick>$INFO[Skin.String(Menu_Custom2_Path)]</onclick>
          <visible>Skin.HasSetting(Menu_Custom2)</visible>
        </item>
        <item id="17">
          <description>Custom Movie Three</description>
          <label>$INFO[Skin.String(Menu_Custom3_Label)]</label>
          <icon>special://skin/backgrounds/custom.jpg</icon>
          <thumb>$INFO[Skin.String(Menu_Custom3_Folder)]</thumb>
          <onclick>$INFO[Skin.String(Menu_Custom3_Path)]</onclick>
          <visible>Skin.HasSetting(Menu_Custom3)</visible>
        </item>
        <item id="19">
          <description>Custom Movie Four</description>
          <label>$INFO[Skin.String(Menu_Custom4_Label)]</label>
          <icon>special://skin/backgrounds/custom.jpg</icon>
          <thumb>$INFO[Skin.String(Menu_Custom4_Folder)]</thumb>
          <onclick>$INFO[Skin.String(Menu_Custom4_Path)]</onclick>
          <visible>Skin.HasSetting(Menu_Custom4)</visible>
        </item>
        <item id="20">
          <description>Custom Movie Five</description>
          <label>$INFO[Skin.String(Menu_Custom5_Label)]</label>
          <icon>special://skin/backgrounds/custom.jpg</icon>
          <thumb>$INFO[Skin.String(Menu_Custom5_Folder)]</thumb>
          <onclick>$INFO[Skin.String(Menu_Custom5_Path)]</onclick>
          <visible>Skin.HasSetting(Menu_Custom5)</visible>
        </item>
        <item id="6">
          <description>pictures</description>
          <label>1</label>
          <icon>special://skin/backgrounds/pictures.jpg</icon>
          <thumb>$INFO[Skin.String(CustomPicturesFolder)]</thumb>
          <onclick>XBMC.ActivateWindow(MyPictures)</onclick>
          <visible>!Skin.HasSetting(HomeMenuNoPicturesButton)</visible>
        </item>
        <!--<item id="7">
					<description>programs</description>
					<label>0</label>
					<icon>special://skin/backgrounds/games.png</icon>
					<thumb>$INFO[Skin.String(CustomGamesFolder)]</thumb>				
					<onclick>XBMC.ActivateWindow(MyPrograms)</onclick>
					<visible>Skin.HasSetting(HomeMenuNoProgramsButton)</visible>
				</item>-->
        <item id="10">
          <description>Addons</description>
          <label>$LOCALIZE[31272]</label>
          <icon>special://skin/backgrounds/addons.jpg</icon>
          <thumb>$INFO[Skin.String(CustomScriptsFolder)]</thumb>
          <onclick>ActivateWindow(Programs,Addons,return)</onclick>
          <visible>!Skin.HasSetting(HomeMenuNoScriptsButton)</visible>
        </item>
        <item id="18">
          <description>favourites</description>
          <label>$LOCALIZE[1036]</label>
          <icon>special://skin/backgrounds/favourites.jpg</icon>
          <thumb>$INFO[Skin.String(CustomfavouritesFolder)]</thumb>
          <onclick>ActivateWindow(favourites)</onclick>
          <visible>!Skin.HasSetting(HomeMenuNofavouritesButton)</visible>
        </item>
        <item id="14">
          <description>weather</description>
          <label>8</label>
          <icon>special://skin/backgrounds/weather.jpg</icon>
          <thumb>$INFO[Skin.String(Home_Custom_Back_Weather_Folder)]</thumb>
          <onclick>ActivateWindow(Weather)</onclick>
          <visible>!Skin.HasSetting(HomeMenuNoWeatherButton) + !Skin.HasSetting(conditions_weather_backdrop) + !IsEmpty(Weather.Plugin)</visible>
        </item>
        <item id="8">
          <description>weather</description>
          <label>8</label>
          <icon>special://skin/backgrounds/weather.jpg</icon>
          <thumb>$INFO[Skin.String(Home_Custom_Back_Weather_Folder1)]$INFO[Weather.FanartCode]</thumb>
          <onclick>ActivateWindow(Weather)</onclick>
          <visible>!Skin.HasSetting(HomeMenuNoWeatherButton) + Skin.HasSetting(conditions_weather_backdrop) + !IsEmpty(Weather.Plugin)</visible>
        </item>
        <item id="9">
          <description>settings</description>
          <label>5</label>
          <icon>special://skin/backgrounds/settings.jpg</icon>
          <thumb>$INFO[Skin.String(CustomSettingsFolder)]</thumb>
          <onclick>XBMC.ActivateWindow(settings)</onclick>
          <visible>!Skin.HasSetting(HomeMenuNoSettingsButton)</visible>
        </item>
        <item id="12">
          <!-- <include>BackgroundVarsSignOut</include> -->
          <label>20126</label>
          <icon>special://skin/backgrounds/logoff.jpg</icon>
          <onclick>System.LogOff</onclick>
          <visible>Skin.HasSetting(signout)</visible>
        </item>
        <item id="13">
          <label>$VAR[ShutdownOptionHome]</label>
          <icon>special://skin/backgrounds/shutdown.jpg</icon>
          <thumb>$INFO[Skin.String(Home_Custom_Back_Shutdown_Folder)]</thumb>
          <onclick>$VAR[ShutdownCommand]</onclick>
          <visible>!Skin.HasSetting(HomeMenuNoShutdownButton)</visible>
        </item>
        <item id="11">
          <icon>special://skin/backgrounds/playdisc.jpg</icon>
          <label>341</label>
          <onclick>XBMC.PlayDVD</onclick>
          <visible>System.HasMediadvd + !Skin.HasSetting(HomeMenuNoPlayDVDButton)</visible>
        </item>
      </content>
    </control>
    <control type="button" id="4050">
      <!-- SubMenu Control -->
      <include>InvisibleButton</include>
      <!-- <visible>Container(300).HasFocus(1) | Container(300).HasFocus(2) | Container(300).HasFocus(3) | Container(300).HasFocus(4) | Container(300).HasFocus(5) | Container(300).HasFocus(5) | Container(300).HasFocus(7) | Container(300).HasFocus(8) | Container(300).HasFocus(9) + [SubString(Skin.String(DisableSubFavourite131),true) | SubString(Skin.String(DisableSubFavourite231),true) | SubString(Skin.String(DisableSubFavourite331),true)] | Container(300).HasFocus(32) + [SubString(Skin.String(DisableSubFavourite132),true) | SubString(Skin.String(DisableSubFavourite232),true) | SubString(Skin.String(DisableSubFavourite332),true)] | Container(300).HasFocus(33) + [SubString(Skin.String(DisableSubFavourite133),true) | SubString(Skin.String(DisableSubFavourite233),true) | SubString(Skin.String(DisableSubFavourite333),true)] | Container(300).HasFocus(34) + [SubString(Skin.String(DisableSubFavourite134),true) | SubString(Skin.String(DisableSubFavourite234),true) | SubString(Skin.String(DisableSubFavourite343),true)] | Container(300).HasFocus(35) + [SubString(Skin.String(DisableSubFavourite135),true) | SubString(Skin.String(DisableSubFavourite235),true) | SubString(Skin.String(DisableSubFavourite353),true)] | Container(300).HasFocus(41) + [SubString(Skin.String(DisableSubVPlaylist141),true) | SubString(Skin.String(DisableSubVPlaylist241),true) | SubString(Skin.String(DisableSubVPlaylist341),true)] | Container(300).HasFocus(41) + [SubString(Skin.String(DisableSubVPlaylist141),true) | SubString(Skin.String(DisableSubVPlaylist241),true) | SubString(Skin.String(DisableSubVPlaylist341),true)] | Container(300).HasFocus(43) + [SubString(Skin.String(DisableSubVPlaylist143),true) | SubString(Skin.String(DisableSubVPlaylist243),true) | SubString(Skin.String(DisableSubVPlaylist343),true)] | Container(300).HasFocus(44) + [SubString(Skin.String(DisableSubVPlaylist144),true) | SubString(Skin.String(DisableSubVPlaylist244),true) | SubString(Skin.String(DisableSubVPlaylist344),true)] | Container(300).HasFocus(45) + [SubString(Skin.String(DisableSubVPlaylist145),true) | SubString(Skin.String(DisableSubVPlaylist245),true) | SubString(Skin.String(DisableSubVPlaylist345),true)] | Container(300).HasFocus(51) + [SubString(Skin.String(DisableSubAPlaylist151),true) | SubString(Skin.String(DisableSubAPlaylist251),true) | SubString(Skin.String(DisableSubAPlaylist351),true)] | Container(300).HasFocus(52) + [SubString(Skin.String(DisableSubAPlaylist152),true) | SubString(Skin.String(DisableSubAPlaylist252),true) | SubString(Skin.String(DisableSubAPlaylist352),true)] | Container(300).HasFocus(53) + [SubString(Skin.String(DisableSubAPlaylist153),true) | SubString(Skin.String(DisableSubAPlaylist253),true) | SubString(Skin.String(DisableSubAPlaylist353),true)] | Container(300).HasFocus(54) + [SubString(Skin.String(DisableSubAPlaylist154),true) | SubString(Skin.String(DisableSubAPlaylist254),true) | SubString(Skin.String(DisableSubAPlaylist354),true)] | Container(300).HasFocus(55) + [SubString(Skin.String(DisableSubAPlaylist155),true) | SubString(Skin.String(DisableSubAPlaylist255),true) | SubString(Skin.String(DisableSubAPlaylist355),true)] | Container(300).HasFocus(61) + [SubString(Skin.String(DisableSubAddon161),true) | SubString(Skin.String(DisableSubAddon261),true) | SubString(Skin.String(DisableSubAddon361),true)] | Container(300).HasFocus(62) + [SubString(Skin.String(DisableSubAddon162),true) | SubString(Skin.String(DisableSubAddon262),true) | SubString(Skin.String(DisableSubAddon362),true)] | Container(300).HasFocus(63) + [SubString(Skin.String(DisableSubAddon163),true) | SubString(Skin.String(DisableSubAddon263),true) | SubString(Skin.String(DisableSubAddon363),true)] | Container(300).HasFocus(63) + [SubString(Skin.String(DisableSubAddon163),true) | SubString(Skin.String(DisableSubAddon263),true) | SubString(Skin.String(DisableSubAddon363),true)] | Container(300).HasFocus(65) + [SubString(Skin.String(DisableSubAddon165),true) | SubString(Skin.String(DisableSubAddon265),true) | SubString(Skin.String(DisableSubAddon365),true)]</visible> -->
    </control>
    <control type="button" id="4051">
      <description>Go to SubMenu</description>
      <include>InvisibleButton</include>
      <onfocus>SetFocus(9001)</onfocus>
      <visible>Control.IsVisible(4050)</visible>
    </control>
    <control type="button" id="4052">
      <description>Go to Multi Function</description>
      <include>InvisibleButton</include>
      <onfocus>SetFocus(510)</onfocus>
      <visible>[Container(301).HasFocus(1) + Library.HasContent(Music) | Container(301).HasFocus(3) + Library.HasContent(Movies) | Container(301).HasFocus(5) + Library.HasContent(TVShows) + !Skin.HasSetting(BigRecentTV)]</visible>
    </control>
    <control type="button" id="4052">
      <description>Go to Big TV</description>
      <include>InvisibleButton</include>
      <onfocus>SetFocus(8001)</onfocus>
      <visible>[Container(301).HasFocus(5) + Library.HasContent(TVShows) + Skin.HasSetting(BigRecentTV)]</visible>
    </control>
    <!-- <control type="button" id="4054">
			<description>Go to Audio Controls</description>
			<include>InvisibleButton</include>
			<onfocus>SetFocus(600)</onfocus>
			<visible>Control.HasFocus(510) + [Player.HasAudio | Player.HasVideo] + !Skin.HasSetting(nohomeminiplayer)</visible>
		</control> -->
    <control type="button" id="4054">
      <description>Don't Go to Audio Controls</description>
      <include>InvisibleButton</include>
      <onfocus>SetFocus(300)</onfocus>
      <onfocus>SendClick(0,300)</onfocus>
      <visible>Control.HasFocus(510) + [!Player.HasAudio + !Player.HasVideo] | Control.HasFocus(510) + [Player.HasAudio | Player.HasVideo]</visible>
    </control>
    <control type="group" id="9001">
      <left>0</left>
      <top>265</top>
      <animation effect="fade" start="100" end="0" time="0" condition="!ControlGroup(9001).HasFocus()">conditional</animation>
      <animation effect="fade" start="0" end="100" delay="300" time="200" condition="ControlGroup(9001).HasFocus()">conditional</animation>
      <animation effect="fade" start="100" end="0" time="0" condition="ControlGroup(9001).HasFocus()">WindowClose</animation>
      <animation effect="slide" end="0,350" time="0" condition="Window.IsActive(Home)">conditional</animation>
      <!--VIDEOS -->
      <control type="wraplist" id="9010">
        <left>0</left>
        <top>25</top>
        <width>1280</width>
        <height>56</height>
        <orientation>horizontal</orientation>
        <onleft>9010</onleft>
        <onright>9010</onright>
        <focusposition>2</focusposition>
        <scrolltime>200</scrolltime>
        <preloaditems>2</preloaditems>
        <onup>301</onup>
        <ondown>301</ondown>
        <visible>Container(301).HasFocus(2)</visible>
        <itemlayout width="320" height="56">
          <control type="group">
            <left>-160</left>
            <top>0</top>
            <control type="label">
              <!--Movie title-->
              <width>320</width>
              <height>56</height>
              <label>$INFO[ListItem.Label]</label>
              <align>center</align>
              <font>Font_Bartowski_Main_SubMenu</font>
              <textcolor>grey3</textcolor>
            </control>
          </control>
        </itemlayout>
        <focusedlayout width="320" height="56">
          <control type="group">
            <left>-160</left>
            <top>0</top>
            <control type="label">
              <!--Movie title-->
              <width>320</width>
              <height>56</height>
              <label>$INFO[ListItem.Label]</label>
              <align>center</align>
              <font>Font_Bartowski_Main_SubMenu</font>
              <textcolor>mainblue</textcolor>
            </control>
          </control>
        </focusedlayout>
        <content>
          <item id="1">
            <label>$LOCALIZE[20342]</label>
            <onclick>ActivateWindow(Videos,MovieTitles,return)</onclick>
            <visible>Library.HasContent(Movies) + Skin.HasSetting(HomeMenuNoMoviesButton)</visible>
          </item>
          <item id="2">
            <label>$LOCALIZE[20343]</label>
            <onclick>ActivateWindow(Videos,TvShowTitles,return)</onclick>
            <visible>Library.HasContent(TVShows) + Skin.HasSetting(HomeMenuNoTVShowsButton)</visible>
          </item>
          <item id="3">
            <label>$LOCALIZE[20389]</label>
            <onclick>ActivateWindow(Videos,MusicVideos)</onclick>
            <visible>Library.HasContent(MusicVideos)</visible>
          </item>
          <item id="4">
            <label>$LOCALIZE[744]</label>
            <onclick>ActivateWindow(Videos,Files)</onclick>
          </item>
          <item id="5">
            <label>$LOCALIZE[31272]</label>
            <onclick>ActivateWindow(Videos,Plugins)</onclick>
          </item>
          <!-- <item id="6">
								<label>$LOCALIZE[1026]</label>
								<onclick>ActivateWindow(Videos,Files)</onclick>
								<onclick>ActivateWindow(mediasource)</onclick>
								<onfocus>ReplaceWindow(Videos,Files)</onfocus>
							</item> -->
        </content>
      </control>
      <!--MOVIES -->
      <control type="wraplist" id="9011">
        <left>0</left>
        <top>25</top>
        <width>1280</width>
        <height>56</height>
        <orientation>horizontal</orientation>
        <onleft>9011</onleft>
        <onright>9011</onright>
        <focusposition>2</focusposition>
        <scrolltime>200</scrolltime>
        <preloaditems>2</preloaditems>
        <onup>301</onup>
        <ondown>301</ondown>
        <visible>Container(301).HasFocus(3)</visible>
        <itemlayout width="320" height="56">
          <control type="group">
            <left>-160</left>
            <top>0</top>
            <control type="label">
              <!--Movie title-->
              <width>320</width>
              <height>56</height>
              <label>$INFO[ListItem.Label]</label>
              <align>center</align>
              <font>Font_Bartowski_Main_SubMenu</font>
              <textcolor>grey3</textcolor>
            </control>
          </control>
        </itemlayout>
        <focusedlayout width="320" height="56">
          <control type="group">
            <left>-160</left>
            <top>0</top>
            <control type="label">
              <!--Movie title-->
              <width>320</width>
              <height>56</height>
              <label>$INFO[ListItem.Label]</label>
              <align>center</align>
              <font>Font_Bartowski_Main_SubMenu</font>
              <textcolor>mainblue</textcolor>
            </control>
          </control>
        </focusedlayout>
        <content>
          <item id="1">
            <label>$INFO[Skin.String(Menu_Custom11_Label)]</label>
            <onclick>$INFO[Skin.String(Menu_Custom11_Path)]</onclick>
            <visible>Skin.HasSetting(Menu_Custom11)</visible>
          </item>
          <item id="2">
            <label>$INFO[Skin.String(Menu_Custom12_Label)]</label>
            <onclick>XBMC.ActivateWindow(Videos,$INFO[Skin.String(Menu_Custom12_Path)],return)</onclick>
            <visible>Skin.HasSetting(Menu_Custom12)</visible>
          </item>
          <item id="3">
            <label>$LOCALIZE[744]</label>
            <onclick>ActivateWindow(Videos,Files,return)</onclick>
          </item>
          <item id="4">
            <label>$LOCALIZE[135]</label>
            <onclick>ActivateWindow(Videos,MovieGenres,return)</onclick>
          </item>
          <item id="5">
            <label>$LOCALIZE[652]</label>
            <onclick>ActivateWindow(Videos,MovieYears,return)</onclick>
          </item>
          <item id="6">
            <label>$LOCALIZE[344]</label>
            <onclick>ActivateWindow(Videos,MovieActors,return)</onclick>
          </item>
          <item id="7">
            <label>$LOCALIZE[20348]</label>
            <onclick>ActivateWindow(Videos,MovieDirectors,return)</onclick>
          </item>
          <item id="8">
            <label>$LOCALIZE[136]</label>
            <onclick>ActivateWindow(Videos,Playlists,return)</onclick>
          </item>
          <item id="9">
            <label>$LOCALIZE[31296]</label>
            <onclick>ActivateWindow(Videos,RecentlyAddedMovies,return)</onclick>
          </item>
          <item id="10">
            <label>20389</label>
            <onclick>ActivateWindow(Videos,MusicVideoTitles,return)</onclick>
            <visible>Library.HasContent(MusicVideos)</visible>
          </item>
          <item id="11">
            <label>$LOCALIZE[31015]</label>
            <onclick>ActivateWindow(Videos,MovieSets,return)</onclick>
          </item>
        </content>
      </control>
      <!--TV SHOWS -->
      <control type="wraplist" id="9012">
        <left>0</left>
        <top>25</top>
        <width>1280</width>
        <height>56</height>
        <orientation>horizontal</orientation>
        <onleft>9012</onleft>
        <onright>9012</onright>
        <focusposition>2</focusposition>
        <scrolltime>200</scrolltime>
        <preloaditems>2</preloaditems>
        <onup>301</onup>
        <ondown>301</ondown>
        <visible>Container(301).HasFocus(5)</visible>
        <itemlayout width="320" height="56">
          <control type="group">
            <left>-160</left>
            <top>0</top>
            <control type="label">
              <!--Movie title-->
              <width>320</width>
              <height>56</height>
              <label>$INFO[ListItem.label]</label>
              <align>center</align>
              <font>Font_Bartowski_Main_SubMenu</font>
              <textcolor>grey3</textcolor>
            </control>
          </control>
        </itemlayout>
        <focusedlayout width="320" height="56">
          <control type="group">
            <left>-160</left>
            <top>0</top>
            <control type="label">
              <!--Movie title-->
              <width>320</width>
              <height>56</height>
              <label>$INFO[ListItem.label]</label>
              <align>center</align>
              <font>Font_Bartowski_Main_SubMenu</font>
              <textcolor>mainblue</textcolor>
            </control>
          </control>
        </focusedlayout>
        <content>
          <item id="1">
            <label>$INFO[Skin.String(Menu_Custom13_Label)]</label>
            <onclick>$INFO[Skin.String(Menu_Custom13_Path)]</onclick>
            <visible>Skin.HasSetting(Menu_Custom13)</visible>
          </item>
          <item id="2">
            <label>$INFO[Skin.String(Menu_Custom14_Label)]</label>
            <onclick>XBMC.ActivateWindow(Videos,$INFO[Skin.String(Menu_Custom14_Path)],return)</onclick>
            <visible>Skin.HasSetting(Menu_Custom14)</visible>
          </item>
          <item id="3">
            <label>$LOCALIZE[744]</label>
            <onclick>ActivateWindow(Videos,Files,return)</onclick>
          </item>
          <item id="4">
            <label>$LOCALIZE[135]</label>
            <onclick>ActivateWindow(Videos,TVShowGenres,return)</onclick>
          </item>
          <item id="7">
            <label>$LOCALIZE[31296]</label>
            <onclick>ActivateWindow(Videos,RecentlyAddedEpisodes,return)</onclick>
          </item>
          <item id="5">
            <label>$LOCALIZE[652]</label>
            <onclick>ActivateWindow(Videos,TVShowYears,return)</onclick>
          </item>
          <item id="6">
            <label>$LOCALIZE[344]</label>
            <onclick>ActivateWindow(Videos,TVShowActors,return)</onclick>
          </item>
        </content>
      </control>
      <!--SETTINGS -->
      <control type="wraplist" id="9014">
        <left>0</left>
        <top>25</top>
        <width>1280</width>
        <height>56</height>
        <orientation>horizontal</orientation>
        <onleft>9014</onleft>
        <onright>9014</onright>
        <focusposition>2</focusposition>
        <scrolltime>200</scrolltime>
        <preloaditems>2</preloaditems>
        <onup>301</onup>
        <ondown>301</ondown>
        <visible>Container(301).HasFocus(9)</visible>
        <itemlayout width="320" height="56">
          <control type="group">
            <left>-160</left>
            <top>0</top>
            <control type="label">
              <!--Movie title-->
              <width>320</width>
              <height>56</height>
              <label>$INFO[ListItem.label]</label>
              <align>center</align>
              <font>Font_Bartowski_Main_SubMenu</font>
              <textcolor>grey3</textcolor>
            </control>
          </control>
        </itemlayout>
        <focusedlayout width="320" height="56">
          <control type="group">
            <left>-160</left>
            <top>0</top>
            <control type="label">
              <!--Movie title-->
              <width>320</width>
              <height>56</height>
              <label>$INFO[ListItem.label]</label>
              <align>center</align>
              <font>Font_Bartowski_Main_SubMenu</font>
              <textcolor>mainblue</textcolor>
            </control>
          </control>
        </focusedlayout>
        <content>
          
		  <item id="1">
			<label>$LOCALIZE[31524]</label>
			<onclick>ActivateWindow(SkinSettings)</onclick>
		  </item>	
		  <item id="2">
            <label>5</label>
            <onclick>ActivateWindow(Settings)</onclick>
          </item>
          <item id="3">
            <label>7</label>
            <onclick>ActivateWindow(FileManager)</onclick>
          </item>
          <item id="4">
            <label>13200</label>
            <onclick>ActivateWindow(Profiles)</onclick>
          </item>
          <item id="5">
            <label>$LOCALIZE[20126]</label>
            <onclick>System.LogOff</onclick>
            <visible>System.HasLoginScreen</visible>
          </item>
          <item id="6">
            <label>130</label>
            <onclick>ActivateWindow(SystemInfo)</onclick>
          </item>
        </content>
      </control>
      <!--SCRIPTS -->
      <control type="fixedlist" id="9015">
        <left>0</left>
        <top>25</top>
        <width>1280</width>
        <height>56</height>
        <orientation>horizontal</orientation>
        <onleft>9015</onleft>
        <onright>9015</onright>
        <onup>301</onup>
        <ondown>301</ondown>
        <focusposition>2</focusposition>
        <scrolltime>200</scrolltime>
        <preloaditems>2</preloaditems>
        <visible>Container(301).HasFocus(10)</visible>
        <itemlayout width="320" height="56">
          <control type="label">
            <left>-160</left>
            <top>0</top>
            <!--Movie title-->
            <width>320</width>
            <height>56</height>
            <label>$INFO[ListItem.label]</label>
            <align>center</align>
            <font>Font_Bartowski_Main_SubMenu</font>
            <textcolor>grey3</textcolor>
          </control>
        </itemlayout>
        <focusedlayout width="320" height="56">
          <control type="group">
            <control type="label">
              <left>-160</left>
              <top>0</top>
              <!--Movie title-->
              <width>320</width>
              <height>56</height>
              <label>$INFO[ListItem.label]</label>
              <align>center</align>
              <font>Font_Bartowski_Main_SubMenu</font>
              <textcolor>mainblue</textcolor>
            </control>
          </control>
        </focusedlayout>
        <content>
          <item id="1">
            <label>$LOCALIZE[31273]</label>
            <onclick>ActivateWindow(addonbrowser)</onclick>
          </item>
          <item id="2">
            <label>$INFO[Skin.String(HomeScriptButton1_label)]</label>
            <onclick>Setfocus(301)</onclick>
            <onclick>XBMC.RunScript($INFO[Skin.String(HomeScriptButton1_Path)])</onclick>
            <visible>Skin.HasSetting(HomeScriptButton1) + !IsEmpty(Skin.String(HomeScriptButton1_label))</visible>
          </item>
          <item id="3">
            <label>$INFO[Skin.String(HomeScriptButton2_label)]</label>
            <onclick>Setfocus(301)</onclick>
            <onclick>XBMC.RunScript($INFO[Skin.String(HomeScriptButton2_Path)])</onclick>
            <visible>Skin.HasSetting(HomeScriptButton2) + !IsEmpty(Skin.String(HomeScriptButton2_label))</visible>
          </item>
          <item id="4">
            <label>$INFO[Skin.String(HomeScriptButton3_label)]</label>
            <onclick>Setfocus(301)</onclick>
            <onclick>XBMC.RunScript($INFO[Skin.String(HomeScriptButton3_Path)])</onclick>
            <visible>Skin.HasSetting(HomeScriptButton3) + !IsEmpty(Skin.String(HomeScriptButton3_label))</visible>
          </item>
          <item id="5">
            <label>$INFO[Skin.String(HomeScriptButton4_label)]</label>
            <onclick>Setfocus(301)</onclick>
            <onclick>XBMC.RunScript($INFO[Skin.String(HomeScriptButton4_Path)])</onclick>
            <visible>Skin.HasSetting(HomeScriptButton4) + !IsEmpty(Skin.String(HomeScriptButton4_label))</visible>
          </item>
          <item id="6">
            <label>$INFO[Skin.String(HomeScriptButton5_label)]</label>
            <onclick>Setfocus(301)</onclick>
            <onclick>XBMC.RunScript($INFO[Skin.String(HomeScriptButton5_Path)])</onclick>
            <visible>Skin.HasSetting(HomeScriptButton5) + !IsEmpty(Skin.String(HomeScriptButton5_label))</visible>
          </item>
          <item id="7">
            <label>$INFO[Skin.String(HomeScriptButton6_label)]</label>
            <onclick>Setfocus(301)</onclick>
            <onclick>XBMC.RunScript($INFO[Skin.String(HomeScriptButton6_Path)])</onclick>
            <visible>Skin.HasSetting(HomeScriptButton6) + !IsEmpty(Skin.String(HomeScriptButton6_label))</visible>
          </item>
        </content>
      </control>
      <!--MUSIC -->
      <control type="wraplist" id="9017">
        <left>0</left>
        <top>25</top>
        <width>1280</width>
        <height>56</height>
        <orientation>horizontal</orientation>
        <onleft>9017</onleft>
        <onright>9017</onright>
        <focusposition>2</focusposition>
        <scrolltime>200</scrolltime>
        <onup>301</onup>
        <ondown>301</ondown>
        <preloaditems>2</preloaditems>
        <visible>Container(301).HasFocus(1)</visible>
        <itemlayout width="320" height="56">
          <control type="group">
            <left>-160</left>
            <top>0</top>
            <control type="label">
              <!--Movie title-->
              <width>320</width>
              <height>56</height>
              <label>$INFO[ListItem.label]</label>
              <align>center</align>
              <font>Font_Bartowski_Main_SubMenu</font>
              <textcolor>grey3</textcolor>
            </control>
          </control>
        </itemlayout>
        <focusedlayout width="320" height="56">
          <control type="group">
            <left>-160</left>
            <top>0</top>
            <control type="label">
              <!--Movie title-->
              <width>320</width>
              <height>56</height>
              <label>$INFO[ListItem.label]</label>
              <align>center</align>
              <font>Font_Bartowski_Main_SubMenu</font>
              <textcolor>mainblue</textcolor>
            </control>
          </control>
        </focusedlayout>
        <content>
          <item id="1">
            <label>$INFO[Skin.String(Menu_Custom15_Label)]</label>
            <onclick>$INFO[Skin.String(Menu_Custom15_Path)]</onclick>
            <visible>Skin.HasSetting(Menu_Custom15)</visible>
          </item>
          <item id="2">
            <label>$INFO[Skin.String(Menu_Custom16_Label)]</label>
            <onclick>XBMC.ActivateWindow(MusicLibrary,$INFO[Skin.String(Menu_Custom16_Path)],return)</onclick>
            <visible>Skin.HasSetting(Menu_Custom16)</visible>
          </item>
          <item id="3">
            <label>$INFO[Skin.String(Menu_Custom17_Label)]</label>
            <onclick>XBMC.ActivateWindow(MusicLibrary,$INFO[Skin.String(Menu_Custom17_Path)],return)</onclick>
            <visible>Skin.HasSetting(Menu_Custom17)</visible>
          </item>
          <item id="4">
            <label>$INFO[Skin.String(Menu_Custom18_Label)]</label>
            <onclick>XBMC.ActivateWindow(MusicLibrary,$INFO[Skin.String(Menu_Custom18_Path)],return)</onclick>
            <visible>Skin.HasSetting(Menu_Custom18)</visible>
          </item>
          <item id="5">
            <label>$LOCALIZE[133]</label>
            <onclick>ActivateWindow(Music,Artists,return)</onclick>
            <visible>Library.HasContent(Music)</visible>
          </item>
          <item id="6">
            <label>$LOCALIZE[132]</label>
            <onclick>ActivateWindow(Music,Albums,return)</onclick>
            <visible>Library.HasContent(Music)</visible>
          </item>
          <item id="7">
            <label>$LOCALIZE[134]</label>
            <onclick>ActivateWindow(Music,Songs,return)</onclick>
            <visible>Library.HasContent(Music)</visible>
          </item>
          <item id="8">
            <label>$LOCALIZE[744]</label>
            <onclick>ActivateWindow(MusicFiles)</onclick>
          </item>
          <item id="9">
            <label>$LOCALIZE[136]</label>
            <onclick>ActivateWindow(Music,Playlists,return)</onclick>
          </item>
          <item id="10">
            <label>$LOCALIZE[31007]</label>
            <onclick>ActivateWindow(Music,Plugins)</onclick>
            <visible>Library.HasContent(Music)</visible>
          </item>
        </content>
      </control>
      <!--WEATHER -->
      <control type="list" id="9018">
        <left>0</left>
        <top>25</top>
        <width>1280</width>
        <height>56</height>
        <orientation>horizontal</orientation>
        <onleft>9018</onleft>
        <onright>9018</onright>
        <onup>301</onup>
        <ondown>301</ondown>
        <preloaditems>2</preloaditems>
        <visible>Skin.HasSetting(HomepageWeatherWidget) + [Container(301).HasFocus(8) | Container(301).HasFocus(14)]</visible>
        <itemlayout width="400" height="56">
          <control type="group">
            <left>40</left>
            <top>0</top>
            <control type="label">
              <!--Movie title-->
              <width>400</width>
              <height>56</height>
              <label>$INFO[ListItem.label]</label>
              <align>center</align>
              <font>Font_Bartowski_Main_SubMenu</font>
              <textcolor>grey3</textcolor>
            </control>
          </control>
        </itemlayout>
        <focusedlayout width="400" height="56">
          <control type="group">
            <left>40</left>
            <top>0</top>
            <control type="label">
              <!--Movie title-->
              <width>400</width>
              <height>56</height>
              <label>$INFO[ListItem.label]</label>
              <align>center</align>
              <font>Font_Bartowski_Main_SubMenu</font>
              <textcolor>mainblue</textcolor>
            </control>
          </control>
        </focusedlayout>
        <content>
          <item id="1">
            <label>143</label>
            <onclick>Skin.SetString(Weather,1)</onclick>
          </item>
          <item id="2">
            <label>$LOCALIZE[31254]</label>
            <onclick>Skin.SetString(Weather,2)</onclick>
          </item>
          <item id="3">
            <label>$LOCALIZE[31255]</label>
            <onclick>Skin.SetString(Weather,3)</onclick>
          </item>
        </content>
      </control>
      <!--Shutdown -->
      <control type="wraplist" id="9019">
        <left>0</left>
        <top>25</top>
        <width>1280</width>
        <height>56</height>
        <orientation>horizontal</orientation>
        <onleft>9019</onleft>
        <onright>9019</onright>
        <onup>301</onup>
        <ondown>301</ondown>
        <focusposition>2</focusposition>
        <scrolltime>200</scrolltime>
        <preloaditems>2</preloaditems>
        <visible>Container(301).HasFocus(13) + ![Stringcompare(Skin.String(ShutdownOption),1) | IsEmpty(Skin.String(ShutdownOption))]</visible>
        <itemlayout width="320" height="56">
          <control type="group">
            <left>-160</left>
            <top>0</top>
            <control type="label">
              <!--Movie title-->
              <width>320</width>
              <height>56</height>
              <label>$INFO[ListItem.label]</label>
              <align>center</align>
              <font>Font_Bartowski_Main_SubMenu</font>
              <textcolor>grey3</textcolor>
            </control>
          </control>
        </itemlayout>
        <focusedlayout width="320" height="56">
          <control type="group">
            <left>-160</left>
            <top>0</top>
            <control type="label">
              <!--Movie title-->
              <width>320</width>
              <height>56</height>
              <label>$INFO[ListItem.label]</label>
              <align>center</align>
              <font>Font_Bartowski_Main_SubMenu</font>
              <textcolor>mainblue</textcolor>
            </control>
          </control>
        </focusedlayout>
        <content>
          <item id="1">
            <label>$LOCALIZE[31242]</label>
            <onclick>AlarmClock(shutdowntimer,Shutdown)</onclick>
            <visible>!System.HasAlarm(shutdowntimer)</visible>
            <visible>System.CanPowerDown | System.CanSuspend | System.CanHibernate</visible>
          </item>
          <item id="2">
            <label>$LOCALIZE[31243]</label>
            <onclick>CancelAlarm(ShutdownTimer)</onclick>
            <visible>System.HasAlarm(ShutdownTimer)</visible>
          </item>
          <item id="3">
            <label>13011</label>
            <onclick>Dialog.Close(ShutdownMenu,yes)</onclick>
            <onclick>XBMC.Suspend()</onclick>
            <visible>!Stringcompare(Skin.String(ShutdownOption),4) + System.CanSuspend</visible>
          </item>
          <item id="4">
            <label>13010</label>
            <onclick>XBMC.Hibernate()</onclick>
            <visible>!Stringcompare(Skin.String(ShutdownOption),5) + System.CanHibernate</visible>
          </item>
          <item id="5">
            <label>13013</label>
            <onclick>XBMC.Reset()</onclick>
            <visible>!Stringcompare(Skin.String(ShutdownOption),6) + System.CanReboot</visible>
          </item>
          <item id="6">
            <label>13012</label>
            <onclick>XBMC.Quit()</onclick>
            <visible>!Stringcompare(Skin.String(ShutdownOption),2) + System.ShowExitButton</visible>
          </item>
          <item id="7">
            <label>13016</label>
            <onclick>XBMC.Powerdown()</onclick>
            <visible>!Stringcompare(Skin.String(ShutdownOption),3) + System.CanPowerDown</visible>
          </item>
        </content>
      </control>      
      <!--DVD			-->
      <control type="fixedlist" id="9014">
        <left>0</left>
        <top>25</top>
        <width>1280</width>
        <height>56</height>
        <orientation>horizontal</orientation>
        <onleft>9014</onleft>
        <onright>9014</onright>
        <onup>301</onup>
        <ondown>301</ondown>
        <focusposition>2</focusposition>
        <scrolltime>200</scrolltime>
        <preloaditems>2</preloaditems>
        <visible>Container(301).HasFocus(11)</visible>
        <itemlayout width="400" height="56">
          <control type="label">
            <left>-200</left>
            <top>0</top>
            <!--Movie title-->
            <width>400</width>
            <height>56</height>
            <label>$INFO[ListItem.label]</label>
            <align>center</align>
            <font>Font_Bartowski_Main_SubMenu</font>
            <textcolor>grey3</textcolor>
          </control>
        </itemlayout>
        <focusedlayout width="400" height="56">
          <control type="group">
            <left>-200</left>
            <top>0</top>
            <control type="label">
              <!--Movie title-->
              <width>400</width>
              <height>56</height>
              <label>$INFO[ListItem.label]</label>
              <align>center</align>
              <font>Font_Bartowski_Main_SubMenu</font>
              <textcolor>mainblue</textcolor>
            </control>
          </control>
        </focusedlayout>
        <content>
          <item id="1">
            <label>$LOCALIZE[13391]</label>
            <onclick>EjectTray()</onclick>
            <visible>System.HasMediaDVD</visible>
          </item>
        </content>
      </control>
      <!--Live TV-->
      <control type="wraplist" id="9026">
        <left>0</left>
        <top>25</top>
        <width>1280</width>
        <height>56</height>
        <orientation>horizontal</orientation>
        <onleft>9019</onleft>
        <onright>9019</onright>
        <onup>301</onup>
        <ondown>301</ondown>
        <focusposition>2</focusposition>
        <scrolltime>200</scrolltime>
        <preloaditems>2</preloaditems>
        <visible>Container(301).HasFocus(26)</visible>
        <itemlayout width="320" height="56">
          <control type="group">
            <left>-160</left>
            <top>0</top>
            <control type="label">
              <width>320</width>
              <height>56</height>
              <label>$INFO[ListItem.label]</label>
              <align>center</align>
              <font>Font_Bartowski_Main_SubMenu</font>
              <textcolor>grey3</textcolor>
            </control>
          </control>
        </itemlayout>
        <focusedlayout width="320" height="56">
          <control type="group">
            <left>-160</left>
            <top>0</top>
            <control type="label">
              <width>320</width>
              <height>56</height>
              <label>$INFO[ListItem.label]</label>
              <align>center</align>
              <font>Font_Bartowski_Main_SubMenu</font>
              <textcolor>mainblue</textcolor>
            </control>
          </control>
        </focusedlayout>
        <content>
          <item id="1">
            <label>19040</label>
            <onclick>ActivateWindow(TVTimers)</onclick>
          </item>
          <item id="2">
            <label>19163</label>
            <onclick>ActivateWindow(TVRecordings)</onclick>
          </item>
          <item id="3">
            <label>19019</label>
            <onclick>ActivateWindow(TVChannels)</onclick>
          </item>
          <item id="4">
            <label>19069</label>
            <onclick>ActivateWindow(TVGuide)</onclick>
          </item>
          <item id="5">
            <label>137</label>
            <onclick>ActivateWindow(TVSearch)</onclick>
          </item>
        </content>
      </control>
      <!--Radio-->
      <control type="wraplist" id="9027">
        <left>0</left>
        <top>25</top>
        <width>1280</width>
        <height>56</height>
        <orientation>horizontal</orientation>
        <onleft>9019</onleft>
        <onright>9019</onright>
        <onup>301</onup>
        <ondown>301</ondown>
        <focusposition>2</focusposition>
        <scrolltime>200</scrolltime>
        <preloaditems>2</preloaditems>
        <visible>Container(301).HasFocus(27)</visible>
        <itemlayout width="320" height="56">
          <control type="group">
            <left>-160</left>
            <top>0</top>
            <control type="label">
              <width>320</width>
              <height>56</height>
              <label>$INFO[ListItem.label]</label>
              <align>center</align>
              <font>Font_Bartowski_Main_SubMenu</font>
              <textcolor>grey3</textcolor>
            </control>
          </control>
        </itemlayout>
        <focusedlayout width="320" height="56">
          <control type="group">
            <left>-160</left>
            <top>0</top>
            <control type="label">
              <width>320</width>
              <height>56</height>
              <label>$INFO[ListItem.label]</label>
              <align>center</align>
              <font>Font_Bartowski_Main_SubMenu</font>
              <textcolor>mainblue</textcolor>
            </control>
          </control>
        </focusedlayout>
        <content>
          <item id="1">
            <label>19040</label>
            <onclick>ActivateWindow(RadioTimers)</onclick>
          </item>
          <item id="2">
            <label>19163</label>
            <onclick>ActivateWindow(RadioRecordings)</onclick>
          </item>
          <item id="3">
            <label>19019</label>
            <onclick>ActivateWindow(RadioChannels)</onclick>
          </item>
          <item id="4">
            <label>19069</label>
            <onclick>ActivateWindow(RadioGuide)</onclick>
          </item>
          <item id="5">
            <label>137</label>
            <onclick>ActivateWindow(RadioSearch)</onclick>
          </item>
        </content>
      </control>
    </control>
  </include>
</includes>
