<?xml version="1.0" encoding="UTF-8"?>
<includes>
  <include name="NewRecentlyAdded">
    <control type="group">
      <include>Animation_CommonFadeNoHideBack-Home</include>
      <!-- Movies -->
      <control type="group">
        <left>-800</left>
        <top>300</top>
        <visible>Container(301).HasFocus(3) + Library.HasContent(Movies)</visible>
        <animation effect="slide" start="0,0" end="830,0" time="500" easing="inout" tween="cubic" condition="Control.HasFocus(510) + Container(301).HasFocus(3)">Conditional</animation>
        <control type="image">
          <left>-9</left>
          <top>-10</top>
          <width>188</width>
          <height>280</height>
          <texture diffuse="showcase_matte.png">thumb_cover_back.png</texture>
          <aspectratio scalediffuse="false">stretch</aspectratio>
        </control>
        <control type="largeimage">
          <left>0</left>
          <top>0</top>
          <width>169</width>
          <height>260</height>
          <fadetime>FanartCrossfadeTime</fadetime>
          <texture diffuse="showcase_matte.png" background="true" fallback="DefaultVideoPoster.png">$INFO[Container(510).ListItem.Art(thumb)]</texture>
          <aspectratio scalediffuse="false">stretch</aspectratio>
        </control>
        <control type="image">
          <left>0</left>
          <top>0</top>
          <width>169</width>
          <height>260</height>
          <texture border="-17">showcase_shadow.png</texture>
          <aspectratio scalediffuse="false">stretch</aspectratio>
        </control>
        <control type="group">
          <top>14</top>
          <control type="image">
            <left>180</left>
            <top>-10</top>
            <width>570</width>
            <height>255</height>
            <colordiffuse>mainblue</colordiffuse>
            <texture border="20">ContentPanel.png</texture>
          </control>
          <control type="fadelabel">
            <left>195</left>
            <top>0</top>
            <width>540</width>
            <height>30</height>
            <aligny>center</aligny>
            <font>Font_Neon_30</font>
            <textcolor>mainblue</textcolor>
            <label>$INFO[Container(510).ListItem.Label]</label>
            <scrollout>false</scrollout>
          </control>
          <control type="image">
            <left>196</left>
            <top>30</top>
            <width>540</width>
            <height>1</height>
            <texture>common/separator.png</texture>
          </control>
          <control type="label">
            <include>Home_Movie_YearNote</include>
            <label>[COLOR=mainblue]$LOCALIZE[562]:[/COLOR] [COLOR abFFFFFF]$INFO[Container(510).ListItem.Property(MovieYear)][/COLOR] | [COLOR=mainblue]$LOCALIZE[368]:[/COLOR] [COLOR abFFFFFF]$INFO[Container(510).ListItem.Property(MovieRating)][/COLOR] | [COLOR=mainblue]$LOCALIZE[180]($LOCALIZE[12391]):[/COLOR] [COLOR abFFFFFF]$INFO[Container(510).ListItem.Property(RunningTime)][/COLOR]</label>
          </control>
          <control type="textbox">
            <include>Home_Movie_Plot</include>
            <label>$INFO[Container(510).ListItem.Property(MoviePlot)]</label>
          </control>
        </control>
      </control>
      <!-- TV Shows Large -->
      <control type="group" id="8888">
        <left>0</left>
        <top>45</top>
        <visible>Library.HasContent(TVShows) + Container(301).Hasfocus(5) + Skin.HasSetting(BigRecentTV) + !Skin.HasSetting(random_items)</visible>
        <animation effect="fade" start="0" end="100" time="600" delay="2000" condition="Container(301).HasFocus(5)">Conditional</animation>
        <control type="wraplist" id="8001">
          <left>0</left>
          <top>0</top>
          <width>1280</width>
          <height>510</height>
          <onleft>301</onleft>
          <onright>301</onright>
          <onup>8001</onup>
          <ondown>8001</ondown>
          <orientation>vertical</orientation>
          <focusposition>2</focusposition>
          <pagecontrol>-</pagecontrol>
          <scrolltime>0</scrolltime>
          <itemlayout width="633" height="172">
            <control type="group">
              <left>10</left>
              <top>0</top>
              <control type="image">
                <left>0</left>
                <top>0</top>
                <width>284</width>
                <height>160</height>
                <texture diffuse="episodematte.png" fallback="tv-landscape/tv-background.png">$INFO[ListItem.Art(thumb)]</texture>
                <aspectratio scalediffuse="false">stretch</aspectratio>
              </control>
              <control type="image">
                <left>0</left>
                <top>-100</top>
                <width>284</width>
                <height>260</height>
                <texture>common/recently_black_back.png</texture>
                <fadetime>200</fadetime>
                <aspectratio scalediffuse="false">scale</aspectratio>
              </control>
              <control type="image">
                <left>-10</left>
                <top>-10</top>
                <width>306</width>
                <height>180</height>
                <colordiffuse>grey3</colordiffuse>
                <texture>tv-landscape/landscapeframeFO.png</texture>
                <animation type="Focus" reversible="false">
                  <effect type="zoom" center="127,70" start="50" end="100" time="200" tween="cubic" easing="out" />
                  <effect type="fade" start="0" end="100" time="200" />
                </animation>
              </control>
              <control type="label">
                <left>270</left>
                <top>123</top>
                <width>260</width>
                <height>10</height>
                <font>Font_Bartowski_Movies</font>
                <textcolor>mainblue</textcolor>
                <shadowcolor>black</shadowcolor>
                <selectedcolor>selected</selectedcolor>
                <align>right</align>
                <aligny>center</aligny>
                <scroll>false</scroll>
                <label>[B]$INFO[ListItem.Label2][/B]</label>
              </control>
              <control type="label">
                <left>270</left>
                <top>138</top>
                <width>260</width>
                <scroll>false</scroll>
                <height>20</height>
                <font>Font_Neon_16</font>
                <textcolor>white</textcolor>
                <shadowcolor>black</shadowcolor>
                <selectedcolor>selected</selectedcolor>
                <align>right</align>
                <aligny>center</aligny>
                <label>[B]$INFO[ListItem.Label][/B]</label>
              </control>
            </control>
          </itemlayout>
          <focusedlayout width="633" height="172">
            <control type="group">
              <left>10</left>
              <top>0</top>
              <control type="image">
                <left>-10</left>
                <top>-5</top>
                <width>1300</width>
                <height>170</height>
                <texture>black-back.png</texture>
              </control>
              <control type="image">
                <left>0</left>
                <top>0</top>
                <width>284</width>
                <height>160</height>
                <texture diffuse="episodematte.png" fallback="tv-landscape/tv-background.png">$INFO[ListItem.Art(thumb)]</texture>
                <aspectratio scalediffuse="false">stretch</aspectratio>
                <animation type="Focus" reversible="false">
                  <effect type="zoom" center="127,70" start="50" end="100" time="200" tween="cubic" easing="out" />
                  <effect type="fade" start="0" end="100" time="200" />
                </animation>
              </control>
              <control type="image">
                <left>-10</left>
                <top>-10</top>
                <width>306</width>
                <height>180</height>
                <colordiffuse>grey3</colordiffuse>
                <texture>tv-landscape/landscapeframeFO.png</texture>
                <animation type="Focus" reversible="false">
                  <effect type="zoom" center="127,70" start="50" end="100" time="200" tween="cubic" easing="out" />
                  <effect type="fade" start="0" end="100" time="200" />
                </animation>
              </control>
              <control type="label">
                <!-- Good -->
                <description>Episode Title</description>
                <left>300</left>
                <top>6</top>
                <width>960</width>
                <height>50</height>
                <aligny>center</aligny>
                <font>Font_Neon_30</font>
                <textcolor>mainblue</textcolor>
                <label>[COLOR=mainblue]$INFO[ListItem.Label2][/COLOR] - [COLOR=white]$INFO[ListItem.Label][/COLOR]</label>
              </control>
              <control type="textbox">
                <left>300</left>
                <top>60</top>
                <width>960</width>
                <height>104</height>
                <align>justify</align>
                <label>$INFO[ListItem.Property(Plot)]</label>
                <font>Font_Bartowski_Movies_Plot</font>
                <textcolor>grey</textcolor>
                <autoscroll time="3000" delay="5000" repeat="5000">Skin.HasSetting(autoscroll)</autoscroll>
              </control>
            </control>
          </focusedlayout>
          <content>
            <item id="1">
              <label>$INFO[Window.Property(LatestEpisode.1.EpisodeTitle)]</label>
              <label2>$INFO[Window.Property(LatestEpisode.1.ShowTitle)] - $INFO[Window.Property(LatestEpisode.1.EpisodeNo)]</label2>
              <thumb>$INFO[Window.Property(LatestEpisode.1.Thumb)]</thumb>
              <icon>$INFO[Window.Property(LatestEpisode.1.Fanart)]</icon>
              <onclick>$INFO[Window.Property(LatestEpisode.1.Path),PlayMedia(",")]</onclick>
              <property name="Plot">$INFO[Window.Property(LatestEpisode.1.Plot)]</property>
              <property name="Showthumb">$INFO[Window.Property(LatestEpisode.1.Thumb)]</property>
              <property name="Fanart">$INFO[Window.Property(LatestEpisode.1.Fanart)]</property>
              <property name="Path">$INFO[Window.Property(LatestEpisode.1.Path)]</property>
            </item>
            <item id="2">
              <label>$INFO[Window.Property(LatestEpisode.2.EpisodeTitle)]</label>
              <label2>$INFO[Window.Property(LatestEpisode.2.ShowTitle)] - $INFO[Window.Property(LatestEpisode.2.EpisodeNo)]</label2>
              <onclick>$INFO[Window.Property(LatestEpisode.2.Path),PlayMedia(",")]</onclick>
              <thumb>$INFO[Window.Property(LatestEpisode.2.Thumb)]</thumb>
              <icon>$INFO[Window.Property(LatestEpisode.2.Fanart)]</icon>
              <property name="Plot">$INFO[Window.Property(LatestEpisode.2.Plot)]</property>
              <property name="Fanart">$INFO[Window.Property(LatestEpisode.2.Fanart)]</property>.
							<property name="Path">$INFO[Window.Property(LatestEpisode.2.Path)]</property></item>
            <item id="3">
              <label>$INFO[Window.Property(LatestEpisode.3.EpisodeTitle)]</label>
              <label2>$INFO[Window.Property(LatestEpisode.3.ShowTitle)] - $INFO[Window.Property(LatestEpisode.3.EpisodeNo)]</label2>
              <onclick>$INFO[Window.Property(LatestEpisode.3.Path),PlayMedia(",")]</onclick>
              <thumb>$INFO[Window.Property(LatestEpisode.3.Thumb)]</thumb>
              <icon>$INFO[Window.Property(LatestEpisode.3.Fanart)]</icon>
              <property name="Plot">$INFO[Window.Property(LatestEpisode.3.Plot)]</property>
              <property name="Fanart">$INFO[Window.Property(LatestEpisode.3.Fanart)]</property>
              <property name="Path">$INFO[Window.Property(LatestEpisode.3.Path)]</property>
            </item>
            <item id="4">
              <label>$INFO[Window.Property(LatestEpisode.4.EpisodeTitle)]</label>
              <label2>$INFO[Window.Property(LatestEpisode.4.ShowTitle)] - $INFO[Window.Property(LatestEpisode.4.EpisodeNo)]</label2>
              <onclick>$INFO[Window.Property(LatestEpisode.4.Path),PlayMedia(",")]</onclick>
              <thumb>$INFO[Window.Property(LatestEpisode.4.Thumb)]</thumb>
              <icon>$INFO[Window.Property(LatestEpisode.4.Fanart)]</icon>
              <property name="Plot">$INFO[Window.Property(LatestEpisode.4.Plot)]</property>
              <property name="Fanart">$INFO[Window.Property(LatestEpisode.4.Fanart)]</property>
              <property name="Path">$INFO[Window.Property(LatestEpisode.4.Path)]</property>
            </item>
            <item id="5">
              <label>$INFO[Window.Property(LatestEpisode.5.EpisodeTitle)]</label>
              <label2>$INFO[Window.Property(LatestEpisode.5.ShowTitle)] - $INFO[Window.Property(LatestEpisode.5.EpisodeNo)]</label2>
              <onclick>$INFO[Window.Property(LatestEpisode.5.Path),PlayMedia(",")]</onclick>
              <thumb>$INFO[Window.Property(LatestEpisode.5.Thumb)]</thumb>
              <icon>$INFO[Window.Property(LatestEpisode.5.Fanart)]</icon>
              <property name="Plot">$INFO[Window.Property(LatestEpisode.5.Plot)]</property>
              <property name="Fanart">$INFO[Window.Property(LatestEpisode.5.Fanart)]</property>
              <property name="Path">$INFO[Window.Property(LatestEpisode.5.Path)]</property>
            </item>
            <item id="6">
              <label>$INFO[Window.Property(LatestEpisode.6.EpisodeTitle)]</label>
              <label2>$INFO[Window.Property(LatestEpisode.6.ShowTitle)] - $INFO[Window.Property(LatestEpisode.6.EpisodeNo)]</label2>
              <onclick>$INFO[Window.Property(LatestEpisode.6.Path),PlayMedia(",")]</onclick>
              <thumb>$INFO[Window.Property(LatestEpisode.6.Thumb)]</thumb>
              <icon>$INFO[Window.Property(LatestEpisode.6.Fanart)]</icon>
              <property name="Plot">$INFO[Window.Property(LatestEpisode.6.Plot)]</property>
              <property name="Fanart">$INFO[Window.Property(LatestEpisode.6.Fanart)]</property>
              <property name="Path">$INFO[Window.Property(LatestEpisode.6.Path)]</property>
            </item>
            <item id="7">
              <label>$INFO[Window.Property(LatestEpisode.7.EpisodeTitle)]</label>
              <label2>$INFO[Window.Property(LatestEpisode.7.ShowTitle)] - $INFO[Window.Property(LatestEpisode.7.EpisodeNo)]</label2>
              <onclick>$INFO[Window.Property(LatestEpisode.7.Path),PlayMedia(",")]</onclick>
              <thumb>$INFO[Window.Property(LatestEpisode.7.Thumb)]</thumb>
              <icon>$INFO[Window.Property(LatestEpisode.7.Fanart)]</icon>
              <property name="Plot">$INFO[Window.Property(LatestEpisode.7.Plot)]</property>
              <property name="Fanart">$INFO[Window.Property(LatestEpisode.7.Fanart)]</property>
              <property name="Path">$INFO[Window.Property(LatestEpisode.7.Path)]</property>
            </item>
            <item id="8">
              <label>$INFO[Window.Property(LatestEpisode.8.EpisodeTitle)]</label>
              <label2>$INFO[Window.Property(LatestEpisode.8.ShowTitle)] - $INFO[Window.Property(LatestEpisode.8.EpisodeNo)]</label2>
              <onclick>$INFO[Window.Property(LatestEpisode.8.Path),PlayMedia(",")]</onclick>
              <thumb>$INFO[Window.Property(LatestEpisode.8.Thumb)]</thumb>
              <icon>$INFO[Window.Property(LatestEpisode.8.Fanart)]</icon>
              <property name="Plot">$INFO[Window.Property(LatestEpisode.8.Plot)]</property>
              <property name="Fanart">$INFO[Window.Property(LatestEpisode.8.Fanart)]</property>
              <property name="Path">$INFO[Window.Property(LatestEpisode.8.Path)]</property>
            </item>
            <item id="9">
              <label>$INFO[Window.Property(LatestEpisode.9.EpisodeTitle)]</label>
              <label2>$INFO[Window.Property(LatestEpisode.9.ShowTitle)] - $INFO[Window.Property(LatestEpisode.9.EpisodeNo)]</label2>
              <onclick>$INFO[Window.Property(LatestEpisode.9.Path),PlayMedia(",")]</onclick>
              <thumb>$INFO[Window.Property(LatestEpisode.9.Thumb)]</thumb>
              <icon>$INFO[Window.Property(LatestEpisode.9.Fanart)]</icon>
              <property name="Plot">$INFO[Window.Property(LatestEpisode.9.Plot)]</property>
              <property name="Fanart">$INFO[Window.Property(LatestEpisode.9.Fanart)]</property>
              <property name="Path">$INFO[Window.Property(LatestEpisode.9.Path)]</property>
            </item>
            <item id="10">
              <label>$INFO[Window.Property(LatestEpisode.10.EpisodeTitle)]</label>
              <label2>$INFO[Window.Property(LatestEpisode.10.ShowTitle)] - $INFO[Window.Property(LatestEpisode.10.EpisodeNo)]</label2>
              <onclick>$INFO[Window.Property(LatestEpisode.10.Path),PlayMedia(",")]</onclick>
              <thumb>$INFO[Window.Property(LatestEpisode.10.Thumb)]</thumb>
              <icon>$INFO[Window.Property(LatestEpisode.10.Fanart)]</icon>
              <property name="Plot">$INFO[Window.Property(LatestEpisode.10.Plot)]</property>
              <property name="Fanart">$INFO[Window.Property(LatestEpisode.10.Fanart)]</property>
              <property name="Path">$INFO[Window.Property(LatestEpisode.10.Path)]</property>
            </item>
          </content>
        </control>
      </control>
      <!-- TV Shows small -->
      <control type="group">
        <visible>Container(301).HasFocus(5) + Library.HasContent(TVShows) + !Skin.HasSetting(BigRecentTV)</visible>
        <left>-900</left>
        <top>320</top>
        <animation effect="slide" start="0,0" end="929,0" time="500" easing="inout" tween="cubic" condition="Control.HasFocus(510) + Container(301).HasFocus(5) + !Skin.HasSetting(BigRecentTV)">Conditional</animation>
        <control type="image">
          <left>320</left>
          <top>68</top>
          <width>20</width>
          <height>40</height>
          <texture>arrow_settings_left.png</texture>
        </control>
        <control type="image">
          <left>-11</left>
          <top>56</top>
          <width>346</width>
          <height>194</height>
          <texture diffuse="thumb_tvmask.png">thumb_nowplaying_back.png</texture>
          <aspectratio scalediffuse="false">stretch</aspectratio>
        </control>
        <control type="largeimage">
          <left>0</left>
          <top>51</top>
          <width>321</width>
          <height>180</height>
          <fadetime>FanartCrossfadeTime</fadetime>
          <texture diffuse="thumb_tvmask.png" background="true" fallback="DefaultExtraThumbs.png">$INFO[Container(510).ListItem.Icon]</texture>
          <aspectratio scalediffuse="false">stretch</aspectratio>
        </control>
        <control type="image">
          <left>1</left>
          <top>63</top>
          <width>321</width>
          <height>180</height>
          <texture diffuse="thumb_tvmask.png">thumb_tvglass_noedge.png</texture>
          <aspectratio scalediffuse="false">stretch</aspectratio>
        </control>
        <control type="image">
          <left>330</left>
          <top>65</top>
          <width>570</width>
          <height>175</height>
          <colordiffuse>mainblue</colordiffuse>
          <texture border="20">ContentPanel.png</texture>
        </control>
        <control type="group">
          <left>5</left>
          <top>5</top>
          <control type="fadelabel">
            <left>340</left>
            <top>69</top>
            <width>540</width>
            <height>30</height>
            <aligny>center</aligny>
            <font>Font_Neon_30</font>
            <textcolor>mainblue</textcolor>
            <label>[UPPERCASE]$INFO[Container(510).ListItem.Label][/UPPERCASE]</label>
            <scrollout>false</scrollout>
          </control>
          <control type="image">
            <left>340</left>
            <top>98</top>
            <width>540</width>
            <height>1</height>
            <texture>common/separator.png</texture>
          </control>
          <control type="fadelabel">
            <left>340</left>
            <top>99</top>
            <width>540</width>
            <height>20</height>
            <aligny>center</aligny>
            <font>Font_Neon_22</font>
            <textcolor>ccFFFFFF</textcolor>
            <label>[UPPERCASE]$INFO[Container(510).ListItem.Label2][/UPPERCASE]</label>
            <scrollout>false</scrollout>
          </control>
          <control type="label">
            <include>Home_Episode_Note</include>
            <label>[COLOR=mainblue]$LOCALIZE[20373]/$LOCALIZE[20359]:[/COLOR] [COLOR abFFFFFF][UPPERCASE]$INFO[Container(510).ListItem.Property(EpisodeNumber)][/UPPERCASE][/COLOR] | [COLOR=mainblue]$LOCALIZE[368]:[/COLOR] [COLOR abFFFFFF]$INFO[Container(510).ListItem.Property(EpisodeRating)][/COLOR]</label>
          </control>
          <control type="textbox">
            <include>Home_Episode_Plot</include>
            <label>$INFO[Container(510).ListItem.Property(EpisodePlot)]</label>
          </control>
        </control>
      </control>
      <!-- Music -->
      <control type="group">
        <visible>Container(301).HasFocus(1) + Library.HasContent(Music)</visible>
        <animation effect="slide" start="0,0" end="1022,0" time="500" easing="inout" tween="cubic" condition="Control.HasFocus(510) + Container(301).HasFocus(1)">Conditional</animation>
        <left>-1020</left>
        <top>268</top>
        <control type="image">
          <left>282</left>
          <top>70</top>
          <width>20</width>
          <height>40</height>
          <texture>arrow_settings_left.png</texture>
        </control>
        <control type="image">
          <left>20</left>
          <top>53</top>
          <height>247</height>
          <width>273</width>
          <texture diffuse="thumb_cdmask_diffuse.png">thumb_nowplaying_back.png</texture>
          <aspectratio scalediffuse="false">stretch</aspectratio>
        </control>
        <control type="largeimage">
          <left>28</left>
          <top>62</top>
          <height>230</height>
          <width>255</width>
          <fadetime>FanartCrossfadeTime</fadetime>
          <texture diffuse="music/musicwallmatte.png" background="true" fallback="DefaultAudio.png">$INFO[Container(510).ListItem.Art(thumb)]</texture>
          <aspectratio scalediffuse="false">stretch</aspectratio>
        </control>
        <control type="image">
          <left>28</left>
          <top>62</top>
          <height>230</height>
          <width>255</width>
          <texture diffuse="thumb_cdmask_diffuse.png">thumb_tvglass_noedge.png</texture>
          <aspectratio scalediffuse="false">stretch</aspectratio>
        </control>
        <control type="group">
          <left>7</left>
          <top>5</top>
          <control type="image">
            <left>290</left>
            <top>62</top>
            <width>400</width>
            <height>225</height>
            <colordiffuse>mainblue</colordiffuse>
            <texture border="20">ContentPanel.png</texture>
          </control>
          <control type="fadelabel">
            <left>305</left>
            <top>70</top>
            <height>30</height>
            <width>375</width>
            <aligny>center</aligny>
            <font>Font_WeatherTitle</font>
            <textcolor>ccffffff</textcolor>
            <label>[UPPERCASE]$INFO[Container(510).ListItem.Label][/UPPERCASE]</label>
            <scrollout>false</scrollout>
          </control>
          <control type="image">
            <left>306</left>
            <top>100</top>
            <width>540</width>
            <height>1</height>
            <texture>common/separator.png</texture>
          </control>
          <control type="fadelabel">
            <left>305</left>
            <top>102</top>
            <width>540</width>
            <height>25</height>
            <aligny>center</aligny>
            <font>Font_Neon_22</font>
            <textcolor>abFFFFFF</textcolor>
            <label>[UPPERCASE]$INFO[Container(510).ListItem.Label2][/UPPERCASE]</label>
            <scrollout>false</scrollout>
          </control>
          <control type="label">
            <include>Home_Song_YearGenre</include>
            <label>[COLOR=mainblue]$LOCALIZE[562]:[/COLOR] [COLOR abFFFFFF][UPPERCASE]$INFO[Container(510).ListItem.Property(SongYear)][/UPPERCASE][/COLOR] | [COLOR=mainblue]$LOCALIZE[515]:[/COLOR] [COLOR abFFFFFF]$INFO[Container(510).ListItem.Property(SongGenre)][/COLOR]</label>
            <visible>!Skin.HasSetting(random_items)</visible>
          </control>
          <control type="textbox">
            <include>Home_Song_Plot</include>
            <label>$INFO[Container(510).ListItem.Property(SongReview)]</label>
          </control>
        </control>
      </control>
      <!-- Common List Background -->
      <control type="group">
        <animation effect="slide" start="0,0" end="-380,0" time="500" easing="inout" tween="cubic" condition="Control.HasFocus(510)">Conditional</animation>
        <animation effect="slide" start="0,0" end="0,20" time="0" condition="!Skin.HasSetting(nohometime) + Skin.HasSetting(highertime)+ !Skin.HasSetting(lowermainmenu)">Conditional</animation>
        <include>Animation_CloseZoom</include>
        <left>1340</left>
        <top>305</top>
        <control type="image">
          <left>0</left>
          <top>0</top>
          <width>300</width>
          <height>255</height>
          <colordiffuse>mainblue</colordiffuse>
          <texture background="true" border="20">ContentPanel.png</texture>
        </control>
        <control type="label">
          <left>0</left>
          <top>13</top>
          <width>300</width>
          <textcolor>mainblue</textcolor>
          <align>center</align>
          <label>31520</label>
          <visible>!Skin.HasSetting(random_items) + [Container(301).HasFocus(1) | Container(301).HasFocus(3) | [Container(301).HasFocus(5) + !Skin.HasSetting(BigRecentTV)]]</visible>
        </control>
        <control type="label">
          <left>0</left>
          <top>13</top>
          <width>300</width>
          <textcolor>mainblue</textcolor>
          <align>center</align>
          <label>31521</label>
          <visible>Skin.HasSetting(random_items) + [Container(301).HasFocus(1) | Container(301).HasFocus(3) | [Container(301).HasFocus(5) + !Skin.HasSetting(BigRecentTV)]]</visible>
        </control>
      </control>
      <!-- List Latest -->
      <control type="group">
        <visible>[Container(301).HasFocus(1) | Container(301).HasFocus(3) | [Container(301).HasFocus(5) + !Skin.HasSetting(BigRecentTV)]]</visible>
        <animation effect="slide" start="0,0" end="-380,0" time="500" easing="inout" tween="cubic" condition="Control.HasFocus(510)">Conditional</animation>
        <animation effect="slide" start="0,0" end="0,20" time="0" condition="!Skin.HasSetting(Clock)">Conditional</animation>
        <left>1340</left>
        <top>250</top>
        <control type="list" id="510">
          <left>0</left>
          <top>72</top>
          <width>300</width>
          <height>210</height>
          <onleft>4054</onleft>
          <onright>300</onright>
          <onup>510</onup>
          <ondown>510</ondown>
          <pagecontrol>-</pagecontrol>
          <visible>!Skin.HasSetting(random_items)</visible>
          <itemlayout height="24" width="300">
            <control type="image">
              <left>-6</left>
              <top>6</top>
              <height>24</height>
              <width>311</width>
              <texture>osd_settings_buttonnf.png</texture>
              <colordiffuse>88ffffff</colordiffuse>
            </control>
            <control type="label">
              <include>Objects_ListMultiFunction_Label</include>
              <textcolor>c0FFFFFF</textcolor>
            </control>
          </itemlayout>
          <focusedlayout height="24" width="300">
            <control type="image">
              <left>-6</left>
              <top>6</top>
              <height>24</height>
              <width>311</width>
              <texture>osd_settings_buttonnf.png</texture>
              <colordiffuse>88ffffff</colordiffuse>
            </control>
            <control type="image">
              <left>3</left>
              <top>5</top>
              <width>293</width>
              <height>25</height>
              <texture>common_browser_focus.png</texture>
            </control>
            <control type="label">
              <include>Objects_ListMultiFunction_Label</include>
              <textcolor>mainblue</textcolor>
            </control>
          </focusedlayout>
          <content>
            <item id="1">
              <label>$INFO[Window.Property(LatestEpisode.1.EpisodeTitle)]</label>
              <label2>$INFO[Window.Property(LatestEpisode.1.ShowTitle)]</label2>
              <property name="EpisodeNumber">$INFO[Window.Property(LatestEpisode.1.EpisodeNo)]</property>
              <property name="EpisodeRating">$INFO[Window.Property(LatestEpisode.1.Rating)]</property>
              <property name="EpisodePlot">$INFO[Window.Property(LatestEpisode.1.Plot)]</property>
              <onclick>PlayMedia($ESCINFO[Window.Property(LatestEpisode.1.Path)])</onclick>
              <icon>$INFO[Window.Property(LatestEpisode.1.Fanart)]</icon>
              <thumb>$INFO[Window.Property(LatestEpisode.1.Thumb)]</thumb>
              <visible>Container(301).HasFocus(5) + !Skin.HasSetting(BigRecentTV)</visible>
            </item>
            <item id="2">
              <label>$INFO[Window.Property(LatestEpisode.2.EpisodeTitle)]</label>
              <label2>$INFO[Window.Property(LatestEpisode.2.ShowTitle)]</label2>
              <property name="EpisodeNumber">$INFO[Window.Property(LatestEpisode.2.EpisodeNo)]</property>
              <property name="EpisodeRating">$INFO[Window.Property(LatestEpisode.2.Rating)]</property>
              <property name="EpisodePlot">$INFO[Window.Property(LatestEpisode.2.Plot)]</property>
              <onclick>PlayMedia($ESCINFO[Window.Property(LatestEpisode.2.Path)])</onclick>
              <icon>$INFO[Window.Property(LatestEpisode.2.Fanart)]</icon>
              <thumb>$INFO[Window.Property(LatestEpisode.2.Thumb)]</thumb>
              <visible>Container(301).HasFocus(5) + !Skin.HasSetting(BigRecentTV)</visible>
            </item>
            <item id="3">
              <label>$INFO[Window.Property(LatestEpisode.3.EpisodeTitle)]</label>
              <label2>$INFO[Window.Property(LatestEpisode.3.ShowTitle)]</label2>
              <property name="EpisodeNumber">$INFO[Window.Property(LatestEpisode.3.EpisodeNo)]</property>
              <property name="EpisodeRating">$INFO[Window.Property(LatestEpisode.3.Rating)]</property>
              <property name="EpisodePlot">$INFO[Window.Property(LatestEpisode.3.Plot)]</property>
              <onclick>PlayMedia($ESCINFO[Window.Property(LatestEpisode.3.Path)])</onclick>
              <icon>$INFO[Window.Property(LatestEpisode.3.Fanart)]</icon>
              <thumb>$INFO[Window.Property(LatestEpisode.3.Thumb)]</thumb>
              <visible>Container(301).HasFocus(5) + !Skin.HasSetting(BigRecentTV)</visible>
            </item>
            <item id="4">
              <label>$INFO[Window.Property(LatestEpisode.4.EpisodeTitle)]</label>
              <label2>$INFO[Window.Property(LatestEpisode.4.ShowTitle)]</label2>
              <property name="EpisodeNumber">$INFO[Window.Property(LatestEpisode.4.EpisodeNo)]</property>
              <property name="EpisodeRating">$INFO[Window.Property(LatestEpisode.4.Rating)]</property>
              <property name="EpisodePlot">$INFO[Window.Property(LatestEpisode.4.Plot)]</property>
              <onclick>PlayMedia($ESCINFO[Window.Property(LatestEpisode.4.Path)])</onclick>
              <icon>$INFO[Window.Property(LatestEpisode.4.Fanart)]</icon>
              <thumb>$INFO[Window.Property(LatestEpisode.4.Thumb)]</thumb>
              <visible>Container(301).HasFocus(5)</visible>
            </item>
            <item id="5">
              <label>$INFO[Window.Property(LatestEpisode.5.EpisodeTitle)]</label>
              <label2>$INFO[Window.Property(LatestEpisode.5.ShowTitle)]</label2>
              <property name="EpisodeNumber">$INFO[Window.Property(LatestEpisode.5.EpisodeNo)]</property>
              <property name="EpisodeRating">$INFO[Window.Property(LatestEpisode.5.Rating)]</property>
              <property name="EpisodePlot">$INFO[Window.Property(LatestEpisode.5.Plot)]</property>
              <onclick>PlayMedia($ESCINFO[Window.Property(LatestEpisode.5.Path)])</onclick>
              <icon>$INFO[Window.Property(LatestEpisode.5.Fanart)]</icon>
              <thumb>$INFO[Window.Property(LatestEpisode.5.Thumb)]</thumb>
              <visible>Container(301).HasFocus(5) + !Skin.HasSetting(BigRecentTV)</visible>
            </item>
            <item id="6">
              <label>$INFO[Window.Property(LatestEpisode.6.EpisodeTitle)]</label>
              <label2>$INFO[Window.Property(LatestEpisode.6.ShowTitle)]</label2>
              <property name="EpisodeNumber">$INFO[Window.Property(LatestEpisode.6.EpisodeNo)]</property>
              <property name="EpisodeRating">$INFO[Window.Property(LatestEpisode.6.Rating)]</property>
              <property name="EpisodePlot">$INFO[Window.Property(LatestEpisode.6.Plot)]</property>
              <onclick>PlayMedia($ESCINFO[Window.Property(LatestEpisode.6.Path)])</onclick>
              <icon>$INFO[Window.Property(LatestEpisode.6.Fanart)]</icon>
              <thumb>$INFO[Window.Property(LatestEpisode.6.Thumb)]</thumb>
              <visible>Container(301).HasFocus(5) + !Skin.HasSetting(BigRecentTV)</visible>
            </item>
            <item id="7">
              <label>$INFO[Window.Property(LatestEpisode.7.EpisodeTitle)]</label>
              <label2>$INFO[Window.Property(LatestEpisode.7.ShowTitle)]</label2>
              <property name="EpisodeNumber">$INFO[Window.Property(LatestEpisode.7.EpisodeNo)]</property>
              <property name="EpisodeRating">$INFO[Window.Property(LatestEpisode.7.Rating)]</property>
              <property name="EpisodePlot">$INFO[Window.Property(LatestEpisode.7.Plot)]</property>
              <onclick>PlayMedia($ESCINFO[Window.Property(LatestEpisode.7.Path)])</onclick>
              <icon>$INFO[Window.Property(LatestEpisode.7.Fanart)]</icon>
              <thumb>$INFO[Window.Property(LatestEpisode.7.Thumb)]</thumb>
              <visible>Container(301).HasFocus(5) + !Skin.HasSetting(BigRecentTV)</visible>
            </item>
            <item id="8">
              <label>$INFO[Window.Property(LatestEpisode.8.EpisodeTitle)]</label>
              <label2>$INFO[Window.Property(LatestEpisode.8.ShowTitle)]</label2>
              <property name="EpisodeNumber">$INFO[Window.Property(LatestEpisode.8.EpisodeNo)]</property>
              <property name="EpisodeRating">$INFO[Window.Property(LatestEpisode.8.Rating)]</property>
              <property name="EpisodePlot">$INFO[Window.Property(LatestEpisode.8.Plot)]</property>
              <onclick>PlayMedia($ESCINFO[Window.Property(LatestEpisode.8.Path)])</onclick>
              <icon>$INFO[Window.Property(LatestEpisode.8.Fanart)]</icon>
              <thumb>$INFO[Window.Property(LatestEpisode.8.Thumb)]</thumb>
              <visible>Container(301).HasFocus(5) + !Skin.HasSetting(BigRecentTV)</visible>
            </item>
            <item id="10">
              <label>$INFO[Window.Property(LatestMovie.1.Title)]</label>
              <property name="MoviePlot">$INFO[Window.Property(LatestMovie.1.Plot)]</property>
              <property name="MovieYear">$INFO[Window.Property(LatestMovie.1.Year)]</property>
              <property name="MovieRating">$INFO[Window.Property(LatestMovie.1.Rating)]</property>
              <property name="RunningTime">$INFO[Window.Property(LatestMovie.1.RunningTime)]</property>
              <onclick>PlayMedia($ESCINFO[Window.Property(LatestMovie.1.Path)])</onclick>
              <icon>$INFO[Window.Property(LatestMovie.1.Fanart)]</icon>
              <thumb>$INFO[Window.Property(LatestMovie.1.Thumb)]</thumb>
              <visible>Container(301).HasFocus(3)</visible>
            </item>
            <item id="11">
              <label>$INFO[Window.Property(LatestMovie.2.Title)]</label>
              <property name="MoviePlot">$INFO[Window.Property(LatestMovie.2.Plot)]</property>
              <property name="MovieYear">$INFO[Window.Property(LatestMovie.2.Year)]</property>
              <property name="MovieRating">$INFO[Window.Property(LatestMovie.2.Rating)]</property>
              <property name="RunningTime">$INFO[Window.Property(LatestMovie.2.RunningTime)]</property>
              <onclick>PlayMedia($ESCINFO[Window.Property(LatestMovie.2.Path)])</onclick>
              <icon>$INFO[Window.Property(LatestMovie.2.Fanart)]</icon>
              <thumb>$INFO[Window.Property(LatestMovie.2.Thumb)]</thumb>
              <visible>Container(301).HasFocus(3)</visible>
            </item>
            <item id="12">
              <label>$INFO[Window.Property(LatestMovie.3.Title)]</label>
              <property name="MoviePlot">$INFO[Window.Property(LatestMovie.3.Plot)]</property>
              <property name="MovieYear">$INFO[Window.Property(LatestMovie.3.Year)]</property>
              <property name="MovieRating">$INFO[Window.Property(LatestMovie.3.Rating)]</property>
              <property name="RunningTime">$INFO[Window.Property(LatestMovie.3.RunningTime)]</property>
              <onclick>PlayMedia($ESCINFO[Window.Property(LatestMovie.3.Path)])</onclick>
              <icon>$INFO[Window.Property(LatestMovie.3.Fanart)]</icon>
              <thumb>$INFO[Window.Property(LatestMovie.3.Thumb)]</thumb>
              <visible>Container(301).HasFocus(3)</visible>
            </item>
            <item id="13">
              <label>$INFO[Window.Property(LatestMovie.4.Title)]</label>
              <property name="MoviePlot">$INFO[Window.Property(LatestMovie.4.Plot)]</property>
              <property name="MovieYear">$INFO[Window.Property(LatestMovie.4.Year)]</property>
              <property name="MovieRating">$INFO[Window.Property(LatestMovie.4.Rating)]</property>
              <property name="RunningTime">$INFO[Window.Property(LatestMovie.4.RunningTime)]</property>
              <onclick>PlayMedia($ESCINFO[Window.Property(LatestMovie.4.Path)])</onclick>
              <icon>$INFO[Window.Property(LatestMovie.4.Fanart)]</icon>
              <thumb>$INFO[Window.Property(LatestMovie.4.Thumb)]</thumb>
              <visible>Container(301).HasFocus(3)</visible>
            </item>
            <item id="14">
              <label>$INFO[Window.Property(LatestMovie.5.Title)]</label>
              <property name="MoviePlot">$INFO[Window.Property(LatestMovie.5.Plot)]</property>
              <property name="MovieYear">$INFO[Window.Property(LatestMovie.5.Year)]</property>
              <property name="MovieRating">$INFO[Window.Property(LatestMovie.5.Rating)]</property>
              <property name="RunningTime">$INFO[Window.Property(LatestMovie.5.RunningTime)]</property>
              <onclick>PlayMedia($ESCINFO[Window.Property(LatestMovie.5.Path)])</onclick>
              <icon>$INFO[Window.Property(LatestMovie.5.Fanart)]</icon>
              <thumb>$INFO[Window.Property(LatestMovie.5.Thumb)]</thumb>
              <visible>Container(301).HasFocus(3)</visible>
            </item>
            <item id="15">
              <label>$INFO[Window.Property(LatestMovie.6.Title)]</label>
              <property name="MoviePlot">$INFO[Window.Property(LatestMovie.6.Plot)]</property>
              <property name="MovieYear">$INFO[Window.Property(LatestMovie.6.Year)]</property>
              <property name="MovieRating">$INFO[Window.Property(LatestMovie.6.Rating)]</property>
              <property name="RunningTime">$INFO[Window.Property(LatestMovie.6.RunningTime)]</property>
              <onclick>PlayMedia($ESCINFO[Window.Property(LatestMovie.6.Path)])</onclick>
              <icon>$INFO[Window.Property(LatestMovie.6.Fanart)]</icon>
              <thumb>$INFO[Window.Property(LatestMovie.6.Thumb)]</thumb>
              <visible>Container(301).HasFocus(3)</visible>
            </item>
            <item id="16">
              <label>$INFO[Window.Property(LatestMovie.7.Title)]</label>
              <property name="MoviePlot">$INFO[Window.Property(LatestMovie.7.Plot)]</property>
              <property name="MovieYear">$INFO[Window.Property(LatestMovie.7.Year)]</property>
              <property name="MovieRating">$INFO[Window.Property(LatestMovie.7.Rating)]</property>
              <property name="RunningTime">$INFO[Window.Property(LatestMovie.7.RunningTime)]</property>
              <onclick>PlayMedia($ESCINFO[Window.Property(LatestMovie.7.Path)])</onclick>
              <icon>$INFO[Window.Property(LatestMovie.7.Fanart)]</icon>
              <thumb>$INFO[Window.Property(LatestMovie.7.Thumb)]</thumb>
              <visible>Container(301).HasFocus(3)</visible>
            </item>
            <item id="17">
              <label>$INFO[Window.Property(LatestMovie.8.Title)]</label>
              <property name="MoviePlot">$INFO[Window.Property(LatestMovie.8.Plot)]</property>
              <property name="MovieYear">$INFO[Window.Property(LatestMovie.8.Year)]</property>
              <property name="MovieRating">$INFO[Window.Property(LatestMovie.8.Rating)]</property>
              <property name="RunningTime">$INFO[Window.Property(LatestMovie.8.RunningTime)]</property>
              <onclick>PlayMedia($ESCINFO[Window.Property(LatestMovie.8.Path)])</onclick>
              <icon>$INFO[Window.Property(LatestMovie.8.Fanart)]</icon>
              <thumb>$INFO[Window.Property(LatestMovie.8.Thumb)]</thumb>
              <visible>Container(301).HasFocus(3)</visible>
            </item>
            <item id="28">
              <label>$INFO[Window.Property(LatestAlbum.1.Title)]</label>
              <label2>$INFO[Window.Property(LatestAlbum.1.Artist)]</label2>
              <property name="SongYear">$INFO[Window.Property(LatestAlbum.1.Year)]</property>
              <property name="SongGenre">$INFO[Window.Property(LatestAlbum.1.Genre)]</property>
              <property name="SongReview">$INFO[Window.Property(LatestAlbum.1.Review)]</property>
              <onclick>PlayList.Clear</onclick>
              <onclick>PlayMedia($ESCINFO[Window.Property(LatestAlbum.1.Path)])</onclick>
              <icon>$INFO[Window.Property(LatestAlbum.1.Fanart)]</icon>
              <thumb>$INFO[Window.Property(LatestAlbum.1.Thumb)]</thumb>
              <visible>Container(301).HasFocus(1)</visible>
            </item>
            <item id="29">
              <label>$INFO[Window.Property(LatestAlbum.2.Title)]</label>
              <label2>$INFO[Window.Property(LatestAlbum.2.Artist)]</label2>
              <property name="SongYear">$INFO[Window.Property(LatestAlbum.2.Year)]</property>
              <property name="SongGenre">$INFO[Window.Property(LatestAlbum.2.Genre)]</property>
              <property name="SongReview">$INFO[Window.Property(LatestAlbum.2.Review)]</property>
              <onclick>PlayList.Clear</onclick>
              <onclick>PlayMedia($ESCINFO[Window.Property(LatestAlbum.2.Path)])</onclick>
              <icon>$INFO[Window.Property(LatestAlbum.2.Fanart)]</icon>
              <thumb>$INFO[Window.Property(LatestAlbum.2.Thumb)]</thumb>
              <visible>Container(301).HasFocus(1)</visible>
            </item>
            <item id="30">
              <label>$INFO[Window.Property(LatestAlbum.3.Title)]</label>
              <label2>$INFO[Window.Property(LatestAlbum.3.Artist)]</label2>
              <property name="SongYear">$INFO[Window.Property(LatestAlbum.3.Year)]</property>
              <property name="SongGenre">$INFO[Window.Property(LatestAlbum.3.Genre)]</property>
              <property name="SongReview">$INFO[Window.Property(LatestAlbum.3.Review)]</property>
              <onclick>PlayList.Clear</onclick>
              <onclick>PlayMedia($ESCINFO[Window.Property(LatestAlbum.3.Path)])</onclick>
              <icon>$INFO[Window.Property(LatestAlbum.3.Fanart)]</icon>
              <thumb>$INFO[Window.Property(LatestAlbum.3.Thumb)]</thumb>
              <visible>Container(301).HasFocus(1)</visible>
            </item>
            <item id="31">
              <label>$INFO[Window.Property(LatestAlbum.4.Title)]</label>
              <label2>$INFO[Window.Property(LatestAlbum.4.Artist)]</label2>
              <property name="SongYear">$INFO[Window.Property(LatestAlbum.4.Year)]</property>
              <property name="SongGenre">$INFO[Window.Property(LatestAlbum.4.Genre)]</property>
              <property name="SongReview">$INFO[Window.Property(LatestAlbum.4.Review)]</property>
              <onclick>PlayList.Clear</onclick>
              <onclick>PlayMedia($ESCINFO[Window.Property(LatestAlbum.4.Path)])</onclick>
              <icon>$INFO[Window.Property(LatestAlbum.4.Fanart)]</icon>
              <thumb>$INFO[Window.Property(LatestAlbum.4.Thumb)]</thumb>
              <visible>Container(301).HasFocus(1)</visible>
            </item>
            <item id="32">
              <label>$INFO[Window.Property(LatestAlbum.5.Title)]</label>
              <label2>$INFO[Window.Property(LatestAlbum.5.Artist)]</label2>
              <property name="SongYear">$INFO[Window.Property(LatestAlbum.5.Year)]</property>
              <property name="SongGenre">$INFO[Window.Property(LatestAlbum.5.Genre)]</property>
              <property name="SongReview">$INFO[Window.Property(LatestAlbum.5.Review)]</property>
              <onclick>PlayList.Clear</onclick>
              <onclick>PlayMedia($ESCINFO[Window.Property(LatestAlbum.5.Path)])</onclick>
              <icon>$INFO[Window.Property(LatestAlbum.5.Fanart)]</icon>
              <thumb>$INFO[Window.Property(LatestAlbum.5.Thumb)]</thumb>
              <visible>Container(301).HasFocus(1)</visible>
            </item>
            <item id="25">
              <label>$INFO[Window.Property(LatestAlbum.6.Title)]</label>
              <label2>$INFO[Window.Property(LatestAlbum.6.Artist)]</label2>
              <property name="SongYear">$INFO[Window.Property(LatestAlbum.6.Year)]</property>
              <property name="SongGenre">$INFO[Window.Property(LatestAlbum.6.Genre)]</property>
              <property name="SongReview">$INFO[Window.Property(LatestAlbum.6.Review)]</property>
              <onclick>PlayList.Clear</onclick>
              <onclick>PlayMedia($ESCINFO[Window.Property(LatestAlbum.6.Path)])</onclick>
              <icon>$INFO[Window.Property(LatestAlbum.6.Fanart)]</icon>
              <thumb>$INFO[Window.Property(LatestAlbum.6.Thumb)]</thumb>
              <visible>Container(301).HasFocus(1)</visible>
            </item>
            <item id="33">
              <label>$INFO[Window.Property(LatestAlbum.7.Title)]</label>
              <label2>$INFO[Window.Property(LatestAlbum.7.Artist)]</label2>
              <property name="SongYear">$INFO[Window.Property(LatestAlbum.7.Year)]</property>
              <property name="SongGenre">$INFO[Window.Property(LatestAlbum.7.Genre)]</property>
              <property name="SongReview">$INFO[Window.Property(LatestAlbum.7.Review)]</property>
              <onclick>PlayList.Clear</onclick>
              <onclick>PlayMedia($ESCINFO[Window.Property(LatestAlbum.7.Path)])</onclick>
              <icon>$INFO[Window.Property(LatestAlbum.7.Fanart)]</icon>
              <thumb>$INFO[Window.Property(LatestAlbum.7.Thumb)]</thumb>
              <visible>Container(301).HasFocus(1)</visible>
            </item>
            <item id="34">
              <label>$INFO[Window.Property(LatestAlbum.8.Title)]</label>
              <label2>$INFO[Window.Property(LatestAlbum.8.Artist)]</label2>
              <property name="SongYear">$INFO[Window.Property(LatestAlbum.8.Year)]</property>
              <property name="SongGenre">$INFO[Window.Property(LatestAlbum.8.Genre)]</property>
              <property name="SongReview">$INFO[Window.Property(LatestAlbum.8.Review)]</property>
              <onclick>PlayList.Clear</onclick>
              <onclick>PlayMedia($ESCINFO[Window.Property(LatestAlbum.8.Path)])</onclick>
              <icon>$INFO[Window.Property(LatestAlbum.8.Fanart)]</icon>
              <thumb>$INFO[Window.Property(LatestAlbum.8.Thumb)]</thumb>
              <visible>Container(301).HasFocus(1)</visible>
            </item>
          </content>
        </control>
      </control>
      <!-- List Random -->
      <control type="group">
        <visible>[Container(301).HasFocus(1) | Container(301).HasFocus(3) | [Container(301).HasFocus(5) + !Skin.HasSetting(BigRecentTV)]]</visible>
        <animation effect="slide" start="0,0" end="-380,0" time="500" easing="inout" tween="cubic" condition="Control.HasFocus(510)">Conditional</animation>
        <animation effect="slide" start="0,0" end="0,20" time="0" condition="!Skin.HasSetting(nohometime) + Skin.HasSetting(highertime)+ !Skin.HasSetting(lowermainmenu)">Conditional</animation>
        <left>1340</left>
        <top>250</top>
        <control type="list" id="510">
          <left>0</left>
          <top>96</top>
          <width>300</width>
          <height>210</height>
          <onleft>4054</onleft>
          <onright>300</onright>
          <onup>510</onup>
          <ondown>510</ondown>
          <pagecontrol>-</pagecontrol>
          <visible>Skin.HasSetting(random_items)</visible>
          <itemlayout height="24" width="300">
            <control type="image">
              <left>-6</left>
              <top>6</top>
              <height>24</height>
              <width>311</width>
              <texture>osd_settings_buttonnf.png</texture>
              <colordiffuse>88ffffff</colordiffuse>
            </control>
            <control type="label">
              <include>Objects_ListMultiFunction_Label</include>
              <textcolor>c0FFFFFF</textcolor>
            </control>
          </itemlayout>
          <focusedlayout height="24" width="300">
            <control type="image">
              <left>-6</left>
              <top>6</top>
              <height>24</height>
              <width>311</width>
              <texture>osd_settings_buttonnf.png</texture>
              <colordiffuse>88ffffff</colordiffuse>
            </control>
            <control type="image">
              <left>3</left>
              <top>5</top>
              <width>293</width>
              <height>25</height>
              <texture>common_browser_focus.png</texture>
            </control>
            <control type="label">
              <include>Objects_ListMultiFunction_Label</include>
              <textcolor>mainblue</textcolor>
            </control>
          </focusedlayout>
          <content>
            <item id="1">
              <!-- Random Episodes -->
              <label>$INFO[Window.Property(RandomEpisode.1.Title)]</label>
              <label2>$INFO[Window.Property(RandomEpisode.1.TVshowTitle)]</label2>
              <property name="EpisodeNumber">$INFO[Window.Property(RandomEpisode.1.EpisodeNo)]</property>
              <property name="EpisodeRating">$INFO[Window.Property(RandomEpisode.1.Rating)]</property>
              <property name="EpisodePlot">$INFO[Window.Property(RandomEpisode.1.Plot)]</property>
              <onclick>PlayMedia($ESCINFO[Window.Property(RandomEpisode.1.Path)])</onclick>
              <icon>$INFO[Window.Property(RandomEpisode.1.Art(fanart))]</icon>
              <thumb>$INFO[Window.Property(RandomEpisode.1.Art(thumb))]</thumb>
              <visible>Container(301).HasFocus(5) + !Skin.HasSetting(BigRecentTV)</visible>
            </item>
            <item id="2">
              <label>$INFO[Window.Property(RandomEpisode.2.Title)]</label>
              <label2>$INFO[Window.Property(RandomEpisode.2.TVshowTitle)]</label2>
              <property name="EpisodeNumber">$INFO[Window.Property(RandomEpisode.2.EpisodeNo)]</property>
              <property name="EpisodeRating">$INFO[Window.Property(RandomEpisode.2.Rating)]</property>
              <property name="EpisodePlot">$INFO[Window.Property(RandomEpisode.2.Plot)]</property>
              <onclick>PlayMedia($ESCINFO[Window.Property(RandomEpisode.2.Path)])</onclick>
              <icon>$INFO[Window.Property(RandomEpisode.2.Art(fanart))]</icon>
              <thumb>$INFO[Window.Property(RandomEpisode.2.Art(thumb))]</thumb>
              <visible>Container(301).HasFocus(5) + !Skin.HasSetting(BigRecentTV)</visible>
            </item>
            <item id="3">
              <label>$INFO[Window.Property(RandomEpisode.3.Title)]</label>
              <label2>$INFO[Window.Property(RandomEpisode.3.TVshowTitle)]</label2>
              <property name="EpisodeNumber">$INFO[Window.Property(RandomEpisode.3.EpisodeNo)]</property>
              <property name="EpisodeRating">$INFO[Window.Property(RandomEpisode.3.Rating)]</property>
              <property name="EpisodePlot">$INFO[Window.Property(RandomEpisode.3.Plot)]</property>
              <onclick>PlayMedia($ESCINFO[Window.Property(RandomEpisode.3.Path)])</onclick>
              <icon>$INFO[Window.Property(RandomEpisode.3.Art(fanart))]</icon>
              <thumb>$INFO[Window.Property(RandomEpisode.3.Art(thumb))]</thumb>
              <visible>Container(301).HasFocus(5) + !Skin.HasSetting(BigRecentTV)</visible>
            </item>
            <item id="4">
              <label>$INFO[Window.Property(RandomEpisode.4.Title)]</label>
              <label2>$INFO[Window.Property(RandomEpisode.4.TVshowTitle)]</label2>
              <property name="EpisodeNumber">$INFO[Window.Property(RandomEpisode.4.EpisodeNo)]</property>
              <property name="EpisodeRating">$INFO[Window.Property(RandomEpisode.4.Rating)]</property>
              <property name="EpisodePlot">$INFO[Window.Property(RandomEpisode.4.Plot)]</property>
              <onclick>PlayMedia($ESCINFO[Window.Property(RandomEpisode.4.Path)])</onclick>
              <icon>$INFO[Window.Property(RandomEpisode.4.Art(fanart))]</icon>
              <thumb>$INFO[Window.Property(RandomEpisode.4.Art(thumb))]</thumb>
              <visible>Container(301).HasFocus(5) + !Skin.HasSetting(BigRecentTV)</visible>
            </item>
            <item id="5">
              <label>$INFO[Window.Property(RandomEpisode.5.Title)]</label>
              <label2>$INFO[Window.Property(RandomEpisode.5.TVshowTitle)]</label2>
              <property name="EpisodeNumber">$INFO[Window.Property(RandomEpisode.5.EpisodeNo)]</property>
              <property name="EpisodeRating">$INFO[Window.Property(RandomEpisode.5.Rating)]</property>
              <property name="EpisodePlot">$INFO[Window.Property(RandomEpisode.5.Plot)]</property>
              <onclick>PlayMedia($ESCINFO[Window.Property(RandomEpisode.5.Path)])</onclick>
              <icon>$INFO[Window.Property(RandomEpisode.5.Art(fanart))]</icon>
              <thumb>$INFO[Window.Property(RandomEpisode.5.Art(thumb))]</thumb>
              <visible>Container(301).HasFocus(5) + !Skin.HasSetting(BigRecentTV)</visible>
            </item>
            <item id="6">
              <label>$INFO[Window.Property(RandomEpisode.6.Title)]</label>
              <label2>$INFO[Window.Property(RandomEpisode.6.TVshowTitle)]</label2>
              <property name="EpisodeNumber">$INFO[Window.Property(RandomEpisode.6.EpisodeNo)]</property>
              <property name="EpisodeRating">$INFO[Window.Property(RandomEpisode.6.Rating)]</property>
              <property name="EpisodePlot">$INFO[Window.Property(RandomEpisode.6.Plot)]</property>
              <onclick>PlayMedia($ESCINFO[Window.Property(RandomEpisode.6.Path)])</onclick>
              <icon>$INFO[Window.Property(RandomEpisode.6.Art(fanart))]</icon>
              <thumb>$INFO[Window.Property(RandomEpisode.6.Art(thumb))]</thumb>
              <visible>Container(301).HasFocus(5) + !Skin.HasSetting(BigRecentTV)</visible>
            </item>
            <item id="7">
              <label>$INFO[Window.Property(RandomEpisode.7.Title)]</label>
              <label2>$INFO[Window.Property(RandomEpisode.7.TVshowTitle)]</label2>
              <property name="EpisodeNumber">$INFO[Window.Property(RandomEpisode.7.EpisodeNo)]</property>
              <property name="EpisodeRating">$INFO[Window.Property(RandomEpisode.7.Rating)]</property>
              <property name="EpisodePlot">$INFO[Window.Property(RandomEpisode.7.Plot)]</property>
              <onclick>PlayMedia($ESCINFO[Window.Property(RandomEpisode.7.Path)])</onclick>
              <icon>$INFO[Window.Property(RandomEpisode.7.Art(fanart))]</icon>
              <thumb>$INFO[Window.Property(RandomEpisode.7.Art(thumb))]</thumb>
              <visible>Container(301).HasFocus(5) + !Skin.HasSetting(BigRecentTV)</visible>
            </item>
            <item id="8">
              <label>$INFO[Window.Property(RandomEpisode.8.Title)]</label>
              <label2>$INFO[Window.Property(RandomEpisode.8.TVshowTitle)]</label2>
              <property name="EpisodeNumber">$INFO[Window.Property(RandomEpisode.8.EpisodeNo)]</property>
              <property name="EpisodeRating">$INFO[Window.Property(RandomEpisode.8.Rating)]</property>
              <property name="EpisodePlot">$INFO[Window.Property(RandomEpisode.8.Plot)]</property>
              <onclick>PlayMedia($ESCINFO[Window.Property(RandomEpisode.8.Path)])</onclick>
              <icon>$INFO[Window.Property(RandomEpisode.8.Art(fanart))]</icon>
              <thumb>$INFO[Window.Property(RandomEpisode.8.Art(thumb))]</thumb>
              <visible>Container(301).HasFocus(5) + !Skin.HasSetting(BigRecentTV)</visible>
            </item>
            <item id="10">
              <!-- Random Movies -->
              <label>$INFO[Window.Property(RandomMovie.1.Title)]</label>
              <property name="MoviePlot">$INFO[Window.Property(RandomMovie.1.Plot)]</property>
              <property name="MovieYear">$INFO[Window.Property(RandomMovie.1.Year)]</property>
              <property name="MovieRating">$INFO[Window.Property(RandomMovie.1.Rating)]</property>
              <property name="RunningTime">$INFO[Window.Property(RandomMovie.1.RunningTime)]</property>
              <onclick>PlayMedia($ESCINFO[Window.Property(RandomMovie.1.Path)])</onclick>
              <icon>$INFO[Window.Property(RandomMovie.1.Art(fanart))]</icon>
              <thumb>$INFO[Window.Property(RandomMovie.1.Art(poster))]</thumb>
              <visible>Container(301).HasFocus(3)</visible>
            </item>
            <item id="11">
              <label>$INFO[Window.Property(RandomMovie.2.Title)]</label>
              <property name="MoviePlot">$INFO[Window.Property(RandomMovie.2.Plot)]</property>
              <property name="MovieYear">$INFO[Window.Property(RandomMovie.2.Year)]</property>
              <property name="MovieRating">$INFO[Window.Property(RandomMovie.2.Rating)]</property>
              <property name="RunningTime">$INFO[Window.Property(RandomMovie.2.RunningTime)]</property>
              <onclick>PlayMedia($ESCINFO[Window.Property(RandomMovie.2.Path)])</onclick>
              <icon>$INFO[Window.Property(RandomMovie.2.Art(fanart))]</icon>
              <thumb>$INFO[Window.Property(RandomMovie.2.Art(poster))]</thumb>
              <visible>Container(301).HasFocus(3)</visible>
            </item>
            <item id="12">
              <label>$INFO[Window.Property(RandomMovie.3.Title)]</label>
              <property name="MoviePlot">$INFO[Window.Property(RandomMovie.3.Plot)]</property>
              <property name="MovieYear">$INFO[Window.Property(RandomMovie.3.Year)]</property>
              <property name="MovieRating">$INFO[Window.Property(RandomMovie.3.Rating)]</property>
              <property name="RunningTime">$INFO[Window.Property(RandomMovie.3.RunningTime)]</property>
              <onclick>PlayMedia($ESCINFO[Window.Property(RandomMovie.3.Path)])</onclick>
              <icon>$INFO[Window.Property(RandomMovie.3.Art(fanart))]</icon>
              <thumb>$INFO[Window.Property(RandomMovie.3.Art(poster))]</thumb>
              <visible>Container(301).HasFocus(3)</visible>
            </item>
            <item id="13">
              <label>$INFO[Window.Property(RandomMovie.4.Title)]</label>
              <property name="MoviePlot">$INFO[Window.Property(RandomMovie.4.Plot)]</property>
              <property name="MovieYear">$INFO[Window.Property(RandomMovie.4.Year)]</property>
              <property name="MovieRating">$INFO[Window.Property(RandomMovie.4.Rating)]</property>
              <property name="RunningTime">$INFO[Window.Property(RandomMovie.4.RunningTime)]</property>
              <onclick>PlayMedia($ESCINFO[Window.Property(RandomMovie.4.Path)])</onclick>
              <icon>$INFO[Window.Property(RandomMovie.4.Art(fanart))]</icon>
              <thumb>$INFO[Window.Property(RandomMovie.4.Art(poster))]</thumb>
              <visible>Container(301).HasFocus(3)</visible>
            </item>
            <item id="14">
              <label>$INFO[Window.Property(RandomMovie.5.Title)]</label>
              <property name="MoviePlot">$INFO[Window.Property(RandomMovie.5.Plot)]</property>
              <property name="MovieYear">$INFO[Window.Property(RandomMovie.5.Year)]</property>
              <property name="MovieRating">$INFO[Window.Property(RandomMovie.5.Rating)]</property>
              <property name="RunningTime">$INFO[Window.Property(RandomMovie.5.RunningTime)]</property>
              <onclick>PlayMedia($ESCINFO[Window.Property(RandomMovie.5.Path)])</onclick>
              <icon>$INFO[Window.Property(RandomMovie.5.Art(fanart))]</icon>
              <thumb>$INFO[Window.Property(RandomMovie.5.Art(poster))]</thumb>
              <visible>Container(301).HasFocus(3)</visible>
            </item>
            <item id="15">
              <label>$INFO[Window.Property(RandomMovie.6.Title)]</label>
              <property name="MoviePlot">$INFO[Window.Property(RandomMovie.6.Plot)]</property>
              <property name="MovieYear">$INFO[Window.Property(RandomMovie.6.Year)]</property>
              <property name="MovieRating">$INFO[Window.Property(RandomMovie.6.Rating)]</property>
              <property name="RunningTime">$INFO[Window.Property(RandomMovie.6.RunningTime)]</property>
              <onclick>PlayMedia($ESCINFO[Window.Property(RandomMovie.6.Path)])</onclick>
              <icon>$INFO[Window.Property(RandomMovie.6.Art(fanart))]</icon>
              <thumb>$INFO[Window.Property(RandomMovie.6.Art(poster))]</thumb>
              <visible>Container(301).HasFocus(3)</visible>
            </item>
            <item id="16">
              <label>$INFO[Window.Property(RandomMovie.7.Title)]</label>
              <property name="MoviePlot">$INFO[Window.Property(RandomMovie.7.Plot)]</property>
              <property name="MovieYear">$INFO[Window.Property(RandomMovie.7.Year)]</property>
              <property name="MovieRating">$INFO[Window.Property(RandomMovie.7.Rating)]</property>
              <property name="RunningTime">$INFO[Window.Property(RandomMovie.7.RunningTime)]</property>
              <onclick>PlayMedia($ESCINFO[Window.Property(RandomMovie.7.Path)])</onclick>
              <icon>$INFO[Window.Property(RandomMovie.7.Art(fanart))]</icon>
              <thumb>$INFO[Window.Property(RandomMovie.7.Art(poster))]</thumb>
              <visible>Container(301).HasFocus(3)</visible>
            </item>
            <item id="17">
              <label>$INFO[Window.Property(RandomMovie.8.Title)]</label>
              <property name="MoviePlot">$INFO[Window.Property(RandomMovie.8.Plot)]</property>
              <property name="MovieYear">$INFO[Window.Property(RandomMovie.8.Year)]</property>
              <property name="MovieRating">$INFO[Window.Property(RandomMovie.8.Rating)]</property>
              <property name="RunningTime">$INFO[Window.Property(RandomMovie.8.RunningTime)]</property>
              <onclick>PlayMedia($ESCINFO[Window.Property(RandomMovie.8.Path)])</onclick>
              <icon>$INFO[Window.Property(RandomMovie.8.Art(fanart))]</icon>
              <thumb>$INFO[Window.Property(RandomMovie.8.Art(poster))]</thumb>
              <visible>Container(301).HasFocus(3)</visible>
            </item>
            <item id="20">
              <!-- Random Songs -->
              <label>$INFO[Window.Property(RandomSong.1.Title)]</label>
              <label2>$INFO[Window.Property(RandomSong.1.Artist)]</label2>
              <property name="SongYear">$INFO[Window.Property(RandomSong.1.Year)]</property>
              <property name="SongGenre">$INFO[Window.Property(RandomSong.1.Genre)]</property>
              <property name="SongReview">$INFO[Window.Property(RandomSong.1.Review)]</property>
              <onclick>$INFO[Window.Property(RandomSong.1.Path)]</onclick>
              <icon>$INFO[Window.Property(RandomSong.1.Fanart)]</icon>
              <thumb>$INFO[Window.Property(RandomSong.1.Thumb)]</thumb>
              <visible>Container(301).HasFocus(1) + !Skin.HasSetting(noprefersong)</visible>
            </item>
            <item id="21">
              <label>$INFO[Window.Property(RandomSong.2.Title)]</label>
              <label2>$INFO[Window.Property(RandomSong.2.Artist)]</label2>
              <property name="SongYear">$INFO[Window.Property(RandomSong.2.Year)]</property>
              <property name="SongGenre">$INFO[Window.Property(RandomSong.2.Genre)]</property>
              <property name="SongReview">$INFO[Window.Property(RandomSong.2.Review)]</property>
              <onclick>$INFO[Window.Property(RandomSong.2.Path)]</onclick>
              <icon>$INFO[Window.Property(RandomSong.2.Fanart)]</icon>
              <thumb>$INFO[Window.Property(RandomSong.2.Thumb)]</thumb>
              <visible>Container(301).HasFocus(1) + !Skin.HasSetting(noprefersong)</visible>
            </item>
            <item id="22">
              <label>$INFO[Window.Property(RandomSong.3.Title)]</label>
              <label2>$INFO[Window.Property(RandomSong.3.Artist)]</label2>
              <property name="SongYear">$INFO[Window.Property(RandomSong.3.Year)]</property>
              <property name="SongGenre">$INFO[Window.Property(RandomSong.3.Genre)]</property>
              <property name="SongReview">$INFO[Window.Property(RandomSong.3.Review)]</property>
              <onclick>$INFO[Window.Property(RandomSong.3.Path)]</onclick>
              <icon>$INFO[Window.Property(RandomSong.3.Fanart)]</icon>
              <thumb>$INFO[Window.Property(RandomSong.3.Thumb)]</thumb>
              <visible>Container(301).HasFocus(1) + !Skin.HasSetting(noprefersong)</visible>
            </item>
            <item id="23">
              <label>$INFO[Window.Property(RandomSong.4.Title)]</label>
              <label2>$INFO[Window.Property(RandomSong.4.Artist)]</label2>
              <property name="SongYear">$INFO[Window.Property(RandomSong.4.Year)]</property>
              <property name="SongGenre">$INFO[Window.Property(RandomSong.4.Genre)]</property>
              <property name="SongReview">$INFO[Window.Property(RandomSong.4.Review)]</property>
              <onclick>$INFO[Window.Property(RandomSong.4.Path)]</onclick>
              <icon>$INFO[Window.Property(RandomSong.4.Fanart)]</icon>
              <thumb>$INFO[Window.Property(RandomSong.4.Thumb)]</thumb>
              <visible>Container(301).HasFocus(1) + !Skin.HasSetting(noprefersong)</visible>
            </item>
            <item id="24">
              <label>$INFO[Window.Property(RandomSong.5.Title)]</label>
              <label2>$INFO[Window.Property(RandomSong.5.Artist)]</label2>
              <property name="SongYear">$INFO[Window.Property(RandomSong.5.Year)]</property>
              <property name="SongGenre">$INFO[Window.Property(RandomSong.5.Genre)]</property>
              <property name="SongReview">$INFO[Window.Property(RandomSong.5.Review)]</property>
              <onclick>$INFO[Window.Property(RandomSong.5.Path)]</onclick>
              <icon>$INFO[Window.Property(RandomSong.5.Fanart)]</icon>
              <thumb>$INFO[Window.Property(RandomSong.5.Thumb)]</thumb>
              <visible>Container(301).HasFocus(1) + !Skin.HasSetting(noprefersong)</visible>
            </item>
            <item id="25">
              <label>$INFO[Window.Property(RandomSong.6.Title)]</label>
              <label2>$INFO[Window.Property(RandomSong.6.Artist)]</label2>
              <property name="SongYear">$INFO[Window.Property(RandomSong.6.Year)]</property>
              <property name="SongGenre">$INFO[Window.Property(RandomSong.6.Genre)]</property>
              <property name="SongReview">$INFO[Window.Property(RandomSong.6.Review)]</property>
              <onclick>$INFO[Window.Property(RandomSong.6.Path)]</onclick>
              <icon>$INFO[Window.Property(RandomSong.6.Fanart)]</icon>
              <thumb>$INFO[Window.Property(RandomSong.6.Thumb)]</thumb>
              <visible>Container(301).HasFocus(1) + !Skin.HasSetting(noprefersong)</visible>
            </item>
            <item id="26">
              <label>$INFO[Window.Property(RandomSong.7.Title)]</label>
              <label2>$INFO[Window.Property(RandomSong.7.Artist)]</label2>
              <property name="SongYear">$INFO[Window.Property(RandomSong.7.Year)]</property>
              <property name="SongGenre">$INFO[Window.Property(RandomSong.7.Genre)]</property>
              <property name="SongReview">$INFO[Window.Property(RandomSong.7.Review)]</property>
              <onclick>$INFO[Window.Property(RandomSong.7.Path)]</onclick>
              <icon>$INFO[Window.Property(RandomSong.7.Fanart)]</icon>
              <thumb>$INFO[Window.Property(RandomSong.7.Thumb)]</thumb>
              <visible>Container(301).HasFocus(1) + !Skin.HasSetting(noprefersong)</visible>
            </item>
            <item id="27">
              <label>$INFO[Window.Property(RandomSong.8.Title)]</label>
              <label2>$INFO[Window.Property(RandomSong.8.Artist)]</label2>
              <property name="SongYear">$INFO[Window.Property(RandomSong.8.Year)]</property>
              <property name="SongGenre">$INFO[Window.Property(RandomSong.8.Genre)]</property>
              <property name="SongReview">$INFO[Window.Property(RandomSong.8.Review)]</property>
              <onclick>$INFO[Window.Property(RandomSong.8.Path)]</onclick>
              <icon>$INFO[Window.Property(RandomSong.8.Fanart)]</icon>
              <thumb>$INFO[Window.Property(RandomSong.8.Thumb)]</thumb>
              <visible>Container(301).HasFocus(1) + !Skin.HasSetting(noprefersong)</visible>
            </item>
            <item id="28">
              <!-- Random Albums -->
              <label>$INFO[Window.Property(RandomAlbum.1.Title)]</label>
              <label2>$INFO[Window.Property(RandomAlbum.1.Artist)]</label2>
              <property name="SongYear">$INFO[Window.Property(RandomAlbum.1.Year)]</property>
              <property name="SongGenre">$INFO[Window.Property(RandomAlbum.1.Genre)]</property>
              <property name="SongReview">$INFO[Window.Property(RandomAlbum.1.Review)]</property>
              <onclick>$INFO[Window.Property(RandomAlbum.1.Path)]</onclick>
              <icon>$INFO[Window.Property(RandomAlbum.1.Fanart)]</icon>
              <thumb>$INFO[Window.Property(RandomAlbum.1.Thumb)]</thumb>
              <visible>Container(301).HasFocus(1) + Skin.HasSetting(noprefersong)</visible>
            </item>
            <item id="29">
              <label>$INFO[Window.Property(RandomAlbum.2.Title)]</label>
              <label2>$INFO[Window.Property(RandomAlbum.2.Artist)]</label2>
              <property name="SongYear">$INFO[Window.Property(RandomAlbum.2.Year)]</property>
              <property name="SongGenre">$INFO[Window.Property(RandomAlbum.2.Genre)]</property>
              <property name="SongReview">$INFO[Window.Property(RandomAlbum.2.Review)]</property>
              <onclick>$INFO[Window.Property(RandomAlbum.2.Path)]</onclick>
              <icon>$INFO[Window.Property(RandomAlbum.2.Fanart)]</icon>
              <thumb>$INFO[Window.Property(RandomAlbum.2.Thumb)]</thumb>
              <visible>Container(301).HasFocus(1) + Skin.HasSetting(noprefersong)</visible>
            </item>
            <item id="30">
              <label>$INFO[Window.Property(RandomAlbum.3.Title)]</label>
              <label2>$INFO[Window.Property(RandomAlbum.3.Artist)]</label2>
              <property name="SongYear">$INFO[Window.Property(RandomAlbum.3.Year)]</property>
              <property name="SongGenre">$INFO[Window.Property(RandomAlbum.3.Genre)]</property>
              <property name="SongReview">$INFO[Window.Property(RandomAlbum.3.Review)]</property>
              <onclick>$INFO[Window.Property(RandomAlbum.3.Path)]</onclick>
              <icon>$INFO[Window.Property(RandomAlbum.3.Fanart)]</icon>
              <thumb>$INFO[Window.Property(RandomAlbum.3.Thumb)]</thumb>
              <visible>Container(301).HasFocus(1) + Skin.HasSetting(noprefersong)</visible>
            </item>
            <item id="31">
              <label>$INFO[Window.Property(RandomAlbum.4.Title)]</label>
              <label2>$INFO[Window.Property(RandomAlbum.4.Artist)]</label2>
              <property name="SongYear">$INFO[Window.Property(RandomAlbum.4.Year)]</property>
              <property name="SongGenre">$INFO[Window.Property(RandomAlbum.4.Genre)]</property>
              <property name="SongReview">$INFO[Window.Property(RandomAlbum.4.Review)]</property>
              <onclick>$INFO[Window.Property(RandomAlbum.4.Path)]</onclick>
              <icon>$INFO[Window.Property(RandomAlbum.4.Fanart)]</icon>
              <thumb>$INFO[Window.Property(RandomAlbum.4.Thumb)]</thumb>
              <visible>Container(301).HasFocus(1) + Skin.HasSetting(noprefersong)</visible>
            </item>
            <item id="32">
              <label>$INFO[Window.Property(RandomAlbum.5.Title)]</label>
              <label2>$INFO[Window.Property(RandomAlbum.5.Artist)]</label2>
              <property name="SongYear">$INFO[Window.Property(RandomAlbum.5.Year)]</property>
              <property name="SongGenre">$INFO[Window.Property(RandomAlbum.5.Genre)]</property>
              <property name="SongReview">$INFO[Window.Property(RandomAlbum.5.Review)]</property>
              <onclick>$INFO[Window.Property(RandomAlbum.5.Path)]</onclick>
              <icon>$INFO[Window.Property(RandomAlbum.5.Fanart)]</icon>
              <thumb>$INFO[Window.Property(RandomAlbum.5.Thumb)]</thumb>
              <visible>Container(301).HasFocus(1) + Skin.HasSetting(noprefersong)</visible>
            </item>
            <item id="25">
              <label>$INFO[Window.Property(RandomAlbum.6.Title)]</label>
              <label2>$INFO[Window.Property(RandomAlbum.6.Artist)]</label2>
              <property name="SongYear">$INFO[Window.Property(RandomAlbum.6.Year)]</property>
              <property name="SongGenre">$INFO[Window.Property(RandomAlbum.6.Genre)]</property>
              <property name="SongReview">$INFO[Window.Property(RandomAlbum.6.Review)]</property>
              <onclick>$INFO[Window.Property(RandomAlbum.6.Path)]</onclick>
              <icon>$INFO[Window.Property(RandomAlbum.6.Fanart)]</icon>
              <thumb>$INFO[Window.Property(RandomAlbum.6.Thumb)]</thumb>
              <visible>Container(301).HasFocus(1) + Skin.HasSetting(noprefersong)</visible>
            </item>
            <item id="33">
              <label>$INFO[Window.Property(RandomAlbum.7.Title)]</label>
              <label2>$INFO[Window.Property(RandomAlbum.7.Artist)]</label2>
              <property name="SongYear">$INFO[Window.Property(RandomAlbum.7.Year)]</property>
              <property name="SongGenre">$INFO[Window.Property(RandomAlbum.7.Genre)]</property>
              <property name="SongReview">$INFO[Window.Property(RandomAlbum.7.Review)]</property>
              <onclick>$INFO[Window.Property(RandomAlbum.7.Path)]</onclick>
              <icon>$INFO[Window.Property(RandomAlbum.7.Fanart)]</icon>
              <thumb>$INFO[Window.Property(RandomAlbum.7.Thumb)]</thumb>
              <visible>Container(301).HasFocus(1) + Skin.HasSetting(noprefersong)</visible>
            </item>
            <item id="34">
              <label>$INFO[Window.Property(RandomAlbum.8.Title)]</label>
              <label2>$INFO[Window.Property(RandomAlbum.8.Artist)]</label2>
              <property name="SongYear">$INFO[Window.Property(RandomAlbum.8.Year)]</property>
              <property name="SongGenre">$INFO[Window.Property(RandomAlbum.8.Genre)]</property>
              <property name="SongReview">$INFO[Window.Property(RandomAlbum.8.Review)]</property>
              <onclick>$INFO[Window.Property(RandomAlbum.8.Path)]</onclick>
              <icon>$INFO[Window.Property(RandomAlbum.8.Fanart)]</icon>
              <thumb>$INFO[Window.Property(RandomAlbum.8.Thumb)]</thumb>
              <visible>Container(301).HasFocus(1) + Skin.HasSetting(noprefersong)</visible>
            </item>
          </content>
        </control>
      </control>
      <!-- Latest Movie/TVShow/Music/Info AeonMQ -->
      <control type="group">
        <include>Animation_OpenCloseSlideWidget</include>
        <visible>[[Container(301).HasFocus(1) + Library.HasContent(Music)] | [Container(301).HasFocus(3) + Library.HasContent(Movies)] | [Container(301).HasFocus(5) + !Skin.HasSetting(BigRecentTV) + Library.HasContent(TVShows)] | Container(301).HasFocus(9)]</visible>
        <left>1000</left>
        <top>320</top>
        <animation effect="slide" start="0,0" end="380,0" time="500" easing="inout" tween="cubic" condition="Control.HasFocus(510)">Conditional</animation>
        <animation effect="slide" start="0,0" end="0,403" time="400" tween="cubic" easing="inout" condition="Skin.HasSetting(lowerwidgets) + !Skin.HasSetting(lowermainmenu)">Conditional</animation>
        <animation effect="slide" start="0,0" end="0,-30" time="400" tween="cubic" easing="inout" condition="Skin.HasSetting(lowerwidgets) + !Skin.HasSetting(lowermainmenu) + Skin.HasSetting(lowerrss)">Conditional</animation>
        <control type="image">
          <include>Objects_MultiFunctionWidget</include>
          <texture background="true" border="20">ContentPanel.png</texture>
        </control>
        <control type="label">
          <!-- Recent label when Random items -->
          <include>MainMenuMultiFunction_ClassicTitle</include>
          <label>31520</label>
          <visible>[Container(301).HasFocus(1) | Container(301).HasFocus(3) | [Container(301).HasFocus(5) + !Skin.HasSetting(BigRecentTV)]] + !Skin.HasSetting(random_items)</visible>
        </control>
        <control type="label">
          <!-- Random label when Random items -->
          <include>MainMenuMultiFunction_ClassicTitle</include>
          <label>31521</label>
          <visible>[Container(301).HasFocus(1) | Container(301).HasFocus(3) | [Container(301).HasFocus(5) + !Skin.HasSetting(BigRecentTV)]] + Skin.HasSetting(random_items)</visible>
        </control>
        <control type="image">
          <left>1</left>
          <top>61</top>
          <width>238</width>
          <height>132</height>
          <texture diffuse="thumb_tvmask.png">thumb_nowplaying_back.png</texture>
          <aspectratio scalediffuse="false">stretch</aspectratio>
          <include>Animation_OpenCloseMFWidget</include>
          <visible>Container(301).HasFocus(3) | [Container(301).HasFocus(5) + !Skin.HasSetting(BigRecentTV)]</visible>
        </control>
        <control type="image">
          <left>44</left>
          <top>63</top>
          <width>150</width>
          <height>133</height>
          <texture diffuse="thumb_cdmask_diffuse.png">thumb_nowplaying_back.png</texture>
          <aspectratio scalediffuse="false">stretch</aspectratio>
          <include>Animation_OpenCloseMFWidget</include>
          <visible>Container(301).HasFocus(1) | Container(301).HasFocus(9)</visible>
        </control>
        <control type="image">
          <left>15</left>
          <top>55</top>
          <width>220</width>
          <height>123</height>
          <fadetime>FanartCrossfadeTime</fadetime>
          <texture diffuse="thumb_tvmask.png" background="true" fallback="DefaultExtraThumbs.png">$INFO[Container(510).ListItem.ActualIcon]</texture>
          <aspectratio scalediffuse="false">stretch</aspectratio>
          <include>Animation_OpenCloseMFWidget</include>
          <visible>Container(301).HasFocus(3)</visible>
        </control>
        <control type="image">
          <left>15</left>
          <top>55</top>
          <width>220</width>
          <height>123</height>
          <fadetime>FanartCrossfadeTime</fadetime>
          <texture diffuse="thumb_tvmask.png" background="true" fallback="DefaultExtraThumbs.png">$INFO[Container(510).ListItem.Icon]</texture>
          <aspectratio scalediffuse="false">stretch</aspectratio>
          <include>Animation_OpenCloseMFWidget</include>
          <visible>Container(301).HasFocus(5) + !Skin.HasSetting(BigRecentTV)</visible>
        </control>
        <control type="image">
          <left>55</left>
          <top>57</top>
          <width>140</width>
          <height>125</height>
          <fadetime>FanartCrossfadeTime</fadetime>
          <texture diffuse="thumb_cdmask_diffuse.png" background="true" fallback="DefaultAudio.png">$INFO[Container(510).ListItem.Icon]</texture>
          <aspectratio scalediffuse="false">stretch</aspectratio>
          <include>Animation_OpenCloseMFWidget</include>
          <visible>Container(301).HasFocus(1)</visible>
        </control>
        <control type="image">
          <left>50</left>
          <top>67</top>
          <width>140</width>
          <height>140</height>
          <fadetime>FanartCrossfadeTime</fadetime>
          <texture diffuse="thumb_cdmask_diffuse.png" background="true" fallback="DefaultAudio.png">special://skin/icon.png</texture>
          <aspectratio scalediffuse="false">stretch</aspectratio>
          <include>Animation_OpenCloseMFWidget</include>
          <visible>Container(301).HasFocus(9)</visible>
        </control>
        <control type="image">
          <left>10</left>
          <top>65</top>
          <width>220</width>
          <height>123</height>
          <texture diffuse="thumb_tvmask.png">thumb_episodeicon_glass.png</texture>
          <aspectratio scalediffuse="false">stretch</aspectratio>
          <include>Animation_OpenCloseMFWidget</include>
          <visible>Container(301).HasFocus(3) | [Container(301).HasFocus(5) + !Skin.HasSetting(BigRecentTV)]</visible>
        </control>
        <control type="image">
          <left>50</left>
          <top>67</top>
          <width>140</width>
          <height>125</height>
          <colordiffuse>aaFFFFFF</colordiffuse>
          <texture diffuse="thumb_cdmask_diffuse.png">thumb_tvglass_noedge.png</texture>
          <aspectratio scalediffuse="false">stretch</aspectratio>
          <include>Animation_OpenCloseMFWidget</include>
          <visible>Container(301).HasFocus(1) | Container(301).HasFocus(9)</visible>
        </control>
        <control type="label">
          <include>MainMenuMultiFunction_SubTitle</include>
          <textcolor>c0FFFFFF</textcolor>
          <label>[UPPERCASE]$INFO[Container(510).ListItem.Label][/UPPERCASE]</label>
          <include>Animation_CommonFade</include>
          <visible>Container(301).HasFocus(1) | Container(301).HasFocus(3) | [Container(301).HasFocus(5) + !Skin.HasSetting(BigRecentTV)]</visible>
        </control>
        <control type="label">
          <include>MainMenuMultiFunction_SubTitle2</include>
          <textcolor>c0FFFFFF</textcolor>
          <label>$INFO[Container(510).ListItem.Label2]</label>
          <include>Animation_CommonFade</include>
          <visible>Container(301).HasFocus(1) | [Container(301).HasFocus(5) + !Skin.HasSetting(BigRecentTV)]</visible>
        </control>
      </control>
    </control>
  </include>
  <include name="Objects_ListMultiFunction_Label">
    <left>20</left>
    <top>2</top>
    <width>270</width>
    <height>30</height>
    <font>Font_Neon_24</font>
    <align>left</align>
    <aligny>center</aligny>
    <label>$INFO[ListItem.Label]</label>
  </include>
  <include name="MainMenuMultiFunction_SubTitle">
    <left>15</left>
    <top>182</top>
    <width>220</width>
    <height>25</height>
    <font>Font_Neon_20</font>
    <align>center</align>
    <aligny>center</aligny>
    <scrollspeed>70</scrollspeed>
    <scrollout>true</scrollout>
    <pauseatend>1500</pauseatend>
    <scroll>true</scroll>
    <animation effect="slide" start="0,0" end="0,7" time="50" tween="cubic" easing="inout" condition="Container(300).HasFocus(3)">Conditional</animation>
  </include>
  <include name="MainMenuMultiFunction_SubTitle2">
    <left>15</left>
    <top>206</top>
    <width>220</width>
    <height>20</height>
    <font>Font_Time</font>
    <align>center</align>
    <aligny>center</aligny>
  </include>
  <include name="Objects_ListMultiFunction_Label">
    <left>20</left>
    <top>2</top>
    <width>270</width>
    <height>30</height>
    <font>Font_Neon_20</font>
    <align>left</align>
    <aligny>center</aligny>
    <label>$INFO[ListItem.Label]</label>
  </include>
  <include name="Objects_LatestSong_Label">
    <left>10</left>
    <top>193</top>
    <width>220</width>
    <height>20</height>
    <font>Font_Neon_24</font>
    <textcolor>red</textcolor>
    <align>center</align>
    <aligny>center</aligny>
  </include>
  <include name="Home_Song_YearNote">
    <left>305</left>
    <top>132</top>
    <width>533</width>
    <height>25</height>
    <aligny>center</aligny>
    <textcolor>ab749a9a</textcolor>
    <font>Font_Neon_22</font>
  </include>
  <include name="Home_Recently_Song_Genre">
    <left>305</left>
    <top>152</top>
    <width>533</width>
    <height>25</height>
    <aligny>center</aligny>
    <textcolor>ab749a9a</textcolor>
    <font>Font_Neon_22</font>
  </include>
  <include name="Home_Recently_Song_Album">
    <left>305</left>
    <top>172</top>
    <width>533</width>
    <height>25</height>
    <aligny>center</aligny>
    <textcolor>ab749a9a</textcolor>
    <font>Font_Neon_22</font>
    <label>$LOCALIZE[31425]:</label>
  </include>
  <include name="Home_Recently_Song_Plot">
    <left>305</left>
    <top>197</top>
    <width>533</width>
    <height>117</height>
    <aligny>center</aligny>
    <textcolor>c0FFFFFF</textcolor>
    <font>Font_Neon_22</font>
  </include>
  <include name="Home_Movie_YearNote">
    <left>195</left>
    <top>33</top>
    <width>540</width>
    <height>25</height>
    <aligny>center</aligny>
    <textcolor>ab749a9a</textcolor>
    <font>Font_Neon_22</font>
  </include>
  <include name="Home_Movie_Plot">
    <left>195</left>
    <top>57</top>
    <width>540</width>
    <height>169</height>
    <aligny>top</aligny>
    <textcolor>c0FFFFFF</textcolor>
    <font>Font_Neon_22</font>
    <align>justify</align>
    <autoscroll delay="8000" time="2000" repeat="8000">!Skin.HasSetting(noallowscroll)</autoscroll>
  </include>
  <include name="Home_Episode_Note">
    <left>340</left>
    <top>116</top>
    <width>540</width>
    <height>25</height>
    <aligny>center</aligny>
    <textcolor>ab749a9a</textcolor>
    <font>Font_Neon_22</font>
  </include>
  <include name="Home_Episode_Plot">
    <left>340</left>
    <top>140</top>
    <width>540</width>
    <height>77</height>
    <aligny>top</aligny>
    <textcolor>c0FFFFFF</textcolor>
    <font>Font_Neon_22</font>
    <align>justify</align>
    <autoscroll delay="8000" time="2000" repeat="8000">!Skin.HasSetting(noallowscroll)</autoscroll>
  </include>
  <include name="Home_Song_YearGenre">
    <left>305</left>
    <top>125</top>
    <width>540</width>
    <height>25</height>
    <aligny>center</aligny>
    <textcolor>ab749a9a</textcolor>
    <font>Font_Neon_22</font>
  </include>
  <include name="Home_Song_Plot">
    <left>305</left>
    <top>145</top>
    <width>540</width>
    <height>133</height>
    <aligny>center</aligny>
    <textcolor>c0FFFFFF</textcolor>
    <font>Font_Neon_22</font>
    <align>justify</align>
    <autoscroll delay="8000" time="2000" repeat="8000">!Skin.HasSetting(noallowscroll)</autoscroll>
  </include>
  <include name="Objects_MultiFunctionWidget">
    <left>0</left>
    <top>0</top>
    <width>250</width>
    <height>250</height>
  </include>
  <include name="MainMenuMultiFunction_ClassicTitle">
    <left>0</left>
    <top>13</top>
    <width>240</width>
    <height>40</height>
    <align>center</align>
    <aligny>center</aligny>
    <font>Font_Neon_30</font>
    <textcolor>mainblue</textcolor>
    <animation effect="slide" start="0,0" end="0,-10" time="50" tween="cubic" easing="inout" condition="Container(300).HasFocus(1)">Conditional</animation>
  </include>
</includes>
