<?xml version="1.0" encoding="UTF-8"?>
<!--Alaska-->
<includes>
  <!-- Common animations -->
  <include name="Window_OpenClose_Animation">
    <animation effect="fade" time="250">WindowOpen</animation>
    <animation effect="fade" time="250">WindowClose</animation>
  </include>
  <include name="Animation_CloseZoom">
    <animation type="WindowClose" reversible="false">
      <effect type="fade" start="100" end="0" time="300"/>
      <effect type="zoom" start="100" end="130" center="640,360" time="300" tween="cubic" easing="in"/>
    </animation>
  </include>
  <include name="Animation_OpenCloseSlideWidget">
    <animation type="WindowOpen" reversible="false" condition="Window.Previous(Startup)">
      <effect type="slide" start="1500,0" end="0,0" time="1000" delay="3000" tween="cubic" easing="out" />
    </animation>
    <animation type="WindowOpen" reversible="false" condition="!Window.Previous(Startup)">
      <effect type="slide" start="1500,0" end="0,0" time="500" delay="1000" tween="cubic" easing="out" />
    </animation>
    <animation type="Visible" reversible="false">
      <effect type="slide" start="1500,0" end="0,0" time="500" delay="200" tween="cubic" easing="inout" />
    </animation>
    <animation type="Hidden" reversible="false">
      <effect type="slide" start="0,0" end="1500,0" time="500" delay="200" tween="cubic" easing="inout" />
    </animation>
    <include>Animation_CloseZoom</include>
  </include>
  <include name="Animation_ZoomedByMenu">
    <animation type="Conditional" condition="ControlGroup(7000).HasFocus | Window.IsActive(100) | Window.IsActive(106) | Window.IsActive(111) | Window.IsActive(134) | Window.IsActive(2002) | Window.IsActive(103) | Window.IsActive(129)">
      <effect type="zoom" time="600" center="640,360" start="100" end="50" tween="cubic" easing="inout" />
      <effect type="fade" time="400" start="100" end="20" />
    </animation>
  </include>
  <include name="Animation_KeyboardFade">
    <animation effect="fade" time="200">Visible</animation>
    <animation effect="fade" time="200">Hidden</animation>
    <animation effect="fade" time="200">WindowOpen</animation>
    <animation effect="fade" time="200">WindowClose</animation>
  </include>
  <include name="Animation_SettingsFade">
    <animation type="WindowOpen" reversible="false">
      <effect type="fade" start="0" end="100" time="100" />
    </animation>
    <animation type="WindowClose" reversible="false">
      <effect type="fade" start="100" end="0" time="100" />
    </animation>
  </include>
  <include name="Animation_CommonFade">
    <animation effect="fade" start="0" end="100" time="100">WindowOpen</animation>
    <animation effect="fade" start="100" end="0" time="100">WindowClose</animation>
    <animation effect="fade" start="0" end="100" time="100">Visible</animation>
    <animation effect="fade" start="100" end="0" time="100">Hidden</animation>
  </include>
  <include name="Animation_Fade75">
    <animation type="WindowOpen" reversible="false">
      <effect type="fade" start="0" end="75" time="100" />
    </animation>
    <animation type="WindowClose" reversible="false">
      <effect type="fade" start="75" end="0" time="100" />
    </animation>
  </include>
  <include name="dialogeffect">
    <animation effect="fade" time="150">WindowOpen</animation>
    <animation effect="fade" time="150">WindowClose</animation>
  </include>
  <include name="BehindDialogFadeOut">
    <control type="image">
      <left>0</left>
      <top>0</top>
      <width>1280</width>
      <height>720</height>
      <texture>black-back.png</texture>
      <animation effect="fade" time="100">Visible</animation>
      <animation effect="fade" time="100">Hidden</animation>
      <visible>Window.IsActive(MovieInformation) | Window.IsActive(MusicInformation) | Window.IsActive(SongInformation) | Window.IsActive(FileBrowser) | Window.IsActive(TextViewer) | Window.IsActive(AddonSettings) | Window.IsActive(ContentSettings) | Window.IsActive(SelectDialog) | Window.IsActive(FileStackingDialog) | Window.IsActive(MediaSource) | Window.IsActive(PictureInfo) | Window.IsActive(PlayerControls) | Window.IsActive(VirtualKeyboard) | Window.IsActive(NumericInput) | Window.IsActive(ProfileSettings) | Window.IsActive(LockSettings) | Window.IsActive(SmartPlaylistEditor) | Window.IsActive(SmartPlaylistRule) | Window.IsActive(script-Apple_Movie_Trailers-settings.xml) | Window.IsActive(script-Apple_Movie_Trailers-chooser.xml) | Window.IsActive(script-Apple_Movie_Trailers-search.xml) | Window.IsActive(script-Apple_Movie_Trailers-showtimes.xml) | Window.IsActive(script-XBMC_Lyrics-settings.xml) | Window.IsActive(script-RSS_Editor-rssEditor.xml) | Window.IsActive(script-RSS_Editor-setEditor.xml) | Window.IsActive(AddonInformation)</visible>
    </control>
  </include>
  <include name="Animation_CommonFade_ViewOptions">
    <animation effect="slide" start="0,200" end="0,0" time="100" delay="0" condition="ControlGroup(7000).HasFocus()">Conditional</animation>
  </include>
  <include name="Animation_7000_viewslide">
    <animation effect="slide" start="0,0" end="0,-100" time="100" delay="0" condition="ControlGroup(7000).HasFocus()">Conditional</animation>
  </include>
  <include name="Animation_BackdropFade">
    <animation effect="fade" start="0" end="100" time="400">WindowOpen</animation>
    <animation effect="fade" start="100" end="0" time="100">WindowClose</animation>
    <animation effect="fade" start="0" end="100" time="100">Visible</animation>
    <animation effect="fade" start="100" end="0" time="100">Hidden</animation>
  </include>
  <include name="Animation_MyVideoNav_Fanart">
    <animation effect="fade" start="0" end="100" time="100">WindowOpen</animation>
    <animation effect="fade" start="100" end="0" time="100">WindowClose</animation>
  </include>
  <include name="Animation_LandscapeFade">
    <animation effect="fade" start="0" end="100" time="800" delay="800">WindowOpen</animation>
    <animation effect="fade" start="100" end="0" time="100">WindowClose</animation>
  </include>
  <include name="Animation_CommonFadeNoHide">
    <animation effect="fade" start="0" end="100" time="100">WindowOpen</animation>
    <animation effect="fade" start="100" end="0" time="100">WindowClose</animation>
  </include>
  <include name="Animation_CommonFadeNoHideBack">
    <animation effect="fade" start="0" end="100" time="100">WindowOpen</animation>
    <animation effect="fade" start="100" end="0" time="100">WindowClose</animation>
  </include>
  <include name="Animation_CommonFadeNoHideBack-Home">
    <animation effect="fade" start="0" end="100" time="1000">WindowOpen</animation>
    <animation effect="fade" start="100" end="0" time="1">WindowClose</animation>
  </include>
  <!-- Window transition animations -->
  <include name="cdartspin2">
    <animation type="WindowOpen">
      <effect type="slide" end="-72" tween="cubic" easing="out" delay="1000" time="2000" />
      <effect type="rotate" center="auto" end="234" time="3250" />
    </animation>
    <animation type="WindowClose" reversible="false" condition="Player.Playing">
      <effect type="slide" start="-72" end="0" tween="cubic" easing="out" time="2000" />
      <effect type="rotate" center="auto" start="0" end="20" time="500" />
      <effect type="rotate" center="auto" start="0" end="25" time="500" delay="500" />
      <effect type="rotate" center="auto" start="0" end="30" time="500" delay="1000" />
      <effect type="rotate" center="auto" start="0" end="36" time="500" delay="1500" />
    </animation>
    <animation effect="rotate" end="-36000" center="auto" time="500000" loop="true" reversible="false" condition="true">Conditional</animation>
    <animation effect="rotate" end="-360" center="auto" time="3000" loop="true" reversible="false" condition="Player.Forwarding2x">Conditional</animation>
    <animation effect="rotate" end="-360" center="auto" time="2000" loop="true" reversible="false" condition="Player.Forwarding4x">Conditional</animation>
    <animation effect="rotate" end="-360" center="auto" time="1500" loop="true" reversible="false" condition="Player.Forwarding8x">Conditional</animation>
    <animation effect="rotate" end="-360" center="auto" time="1000" loop="true" reversible="false" condition="Player.Forwarding16x">Conditional</animation>
    <animation effect="rotate" end="-360" center="auto" time="500" loop="true" reversible="false" condition="Player.Forwarding32x">Conditional</animation>
    <animation effect="rotate" end="720" center="auto" time="3000" loop="true" reversible="false" condition="Player.Rewinding2x">Conditional</animation>
    <animation effect="rotate" end="720" center="auto" time="2000" loop="true" reversible="false" condition="Player.Rewinding4x">Conditional</animation>
    <animation effect="rotate" end="720" center="auto" time="1500" loop="true" reversible="false" condition="Player.Rewinding8x">Conditional</animation>
    <animation effect="rotate" end="720" center="auto" time="1000" loop="true" reversible="false" condition="Player.Rewinding16x">Conditional</animation>
    <animation effect="rotate" end="720" center="auto" time="500" loop="true" reversible="false" condition="Player.Rewinding32x">Conditional</animation>
    <animation effect="rotate" end="36000" center="auto" time="500000" loop="true" reversible="false" condition="Player.Paused">Conditional</animation>
    <animation effect="rotate" end="-28" center="auto" time="500" reversible="false" condition="Player.Paused">Conditional</animation>
    <animation effect="rotate" end="-15" center="auto" time="500" delay="500" reversible="false" condition="Player.Paused">Conditional</animation>
    <animation effect="rotate" end="-3" center="auto" time="250" delay="1000" reversible="false" condition="Player.Paused">Conditional</animation>
  </include>
  <include name="cdartspin">
    <animation type="WindowOpen">
      <effect type="slide" end="95" tween="cubic" easing="out" delay="1000" time="2000" />
      <effect type="rotate" center="auto" end="234" time="3250" />
    </animation>
    <animation type="WindowClose" reversible="false" condition="Player.Playing">
      <effect type="slide" start="95" end="0" tween="cubic" easing="out" time="2000" />
      <effect type="rotate" center="auto" start="0" end="20" time="500" />
      <effect type="rotate" center="auto" start="0" end="25" time="500" delay="500" />
      <effect type="rotate" center="auto" start="0" end="30" time="500" delay="1000" />
      <effect type="rotate" center="auto" start="0" end="36" time="500" delay="1500" />
    </animation>
    <animation effect="rotate" end="-36000" center="auto" time="500000" loop="true" reversible="false" condition="true">Conditional</animation>
    <animation effect="rotate" end="-360" center="auto" time="3000" loop="true" reversible="false" condition="Player.Forwarding2x">Conditional</animation>
    <animation effect="rotate" end="-360" center="auto" time="2000" loop="true" reversible="false" condition="Player.Forwarding4x">Conditional</animation>
    <animation effect="rotate" end="-360" center="auto" time="1500" loop="true" reversible="false" condition="Player.Forwarding8x">Conditional</animation>
    <animation effect="rotate" end="-360" center="auto" time="1000" loop="true" reversible="false" condition="Player.Forwarding16x">Conditional</animation>
    <animation effect="rotate" end="-360" center="auto" time="500" loop="true" reversible="false" condition="Player.Forwarding32x">Conditional</animation>
    <animation effect="rotate" end="720" center="auto" time="3000" loop="true" reversible="false" condition="Player.Rewinding2x">Conditional</animation>
    <animation effect="rotate" end="720" center="auto" time="2000" loop="true" reversible="false" condition="Player.Rewinding4x">Conditional</animation>
    <animation effect="rotate" end="720" center="auto" time="1500" loop="true" reversible="false" condition="Player.Rewinding8x">Conditional</animation>
    <animation effect="rotate" end="720" center="auto" time="1000" loop="true" reversible="false" condition="Player.Rewinding16x">Conditional</animation>
    <animation effect="rotate" end="720" center="auto" time="500" loop="true" reversible="false" condition="Player.Rewinding32x">Conditional</animation>
    <animation effect="rotate" end="36000" center="auto" time="500000" loop="true" reversible="false" condition="Player.Paused">Conditional</animation>
    <animation effect="rotate" end="-28" center="auto" time="500" reversible="false" condition="Player.Paused">Conditional</animation>
    <animation effect="rotate" end="-15" center="auto" time="500" delay="500" reversible="false" condition="Player.Paused">Conditional</animation>
    <animation effect="rotate" end="-3" center="auto" time="250" delay="1000" reversible="false" condition="Player.Paused">Conditional</animation>
  </include>
  <include name="cdartspin3">
    <animation type="WindowOpen">
      <effect type="slide" end="50" tween="cubic" easing="out" delay="1000" time="2000" />
      <effect type="rotate" center="auto" end="234" time="3250" />
    </animation>
    <animation type="WindowClose" reversible="false" condition="Player.Playing">
      <effect type="slide" start="50" end="0" tween="cubic" easing="out" time="2000" />
      <effect type="rotate" center="auto" start="0" end="20" time="500" />
      <effect type="rotate" center="auto" start="0" end="25" time="500" delay="500" />
      <effect type="rotate" center="auto" start="0" end="30" time="500" delay="1000" />
      <effect type="rotate" center="auto" start="0" end="36" time="500" delay="1500" />
    </animation>
    <animation effect="rotate" end="-36000" center="auto" time="500000" loop="true" reversible="false" condition="true">Conditional</animation>
    <animation effect="rotate" end="-360" center="auto" time="3000" loop="true" reversible="false" condition="Player.Forwarding2x">Conditional</animation>
    <animation effect="rotate" end="-360" center="auto" time="2000" loop="true" reversible="false" condition="Player.Forwarding4x">Conditional</animation>
    <animation effect="rotate" end="-360" center="auto" time="1500" loop="true" reversible="false" condition="Player.Forwarding8x">Conditional</animation>
    <animation effect="rotate" end="-360" center="auto" time="1000" loop="true" reversible="false" condition="Player.Forwarding16x">Conditional</animation>
    <animation effect="rotate" end="-360" center="auto" time="500" loop="true" reversible="false" condition="Player.Forwarding32x">Conditional</animation>
    <animation effect="rotate" end="720" center="auto" time="3000" loop="true" reversible="false" condition="Player.Rewinding2x">Conditional</animation>
    <animation effect="rotate" end="720" center="auto" time="2000" loop="true" reversible="false" condition="Player.Rewinding4x">Conditional</animation>
    <animation effect="rotate" end="720" center="auto" time="1500" loop="true" reversible="false" condition="Player.Rewinding8x">Conditional</animation>
    <animation effect="rotate" end="720" center="auto" time="1000" loop="true" reversible="false" condition="Player.Rewinding16x">Conditional</animation>
    <animation effect="rotate" end="720" center="auto" time="500" loop="true" reversible="false" condition="Player.Rewinding32x">Conditional</animation>
    <animation effect="rotate" end="36000" center="auto" time="500000" loop="true" reversible="false" condition="Player.Paused">Conditional</animation>
    <animation effect="rotate" end="-28" center="auto" time="500" reversible="false" condition="Player.Paused">Conditional</animation>
    <animation effect="rotate" end="-15" center="auto" time="500" delay="500" reversible="false" condition="Player.Paused">Conditional</animation>
    <animation effect="rotate" end="-3" center="auto" time="250" delay="1000" reversible="false" condition="Player.Paused">Conditional</animation>
  </include>
  <include name="Animation_Bartowski_ZoomOutZoomIn">
    <animation type="WindowOpen">
      <effect type="zoom" time="100" center="640,360" start="180" end="100" tween="cubic" easing="out" />
      <effect type="fade" time="100" center="640,360" start="0" end="100" />
    </animation>
    <animation type="WindowClose">
      <effect type="zoom" time="100" center="40,460" start="100" end="280" tween="cubic" easing="in" />
      <effect type="fade" time="100" center="40,460" start="100" end="0" />
    </animation>
  </include>
  <include name="Animation_ZoomOutZoomIn">
    <animation type="WindowOpen">
      <effect type="zoom" time="100" center="640,360" start="180" end="100" tween="cubic" easing="out" />
      <effect type="fade" time="100" start="0" end="100" />
    </animation>
    <animation type="WindowClose">
      <effect type="zoom" time="100" center="640,360" start="100" end="180" tween="cubic" easing="in" />
      <effect type="fade" time="100" start="100" end="0" />
    </animation>
  </include>
  <include name="Animation_ZoomInZoomOut">
    <animation type="WindowOpen">
      <effect type="zoom" time="100" center="640,360" start="50" end="100" tween="cubic" easing="out" />
      <effect type="fade" time="100" start="0" end="100" />
    </animation>
    <animation type="WindowClose">
      <effect type="zoom" time="100" center="640,360" start="100" end="50" tween="cubic" easing="in" />
      <effect type="fade" time="100" start="100" end="0" />
    </animation>
  </include>
  <include name="Animation_Bartowski_Context_Zoom">
    <animation type="WindowOpen">
      <effect type="zoom" time="100" center="640,360" start="180" end="100" tween="cubic" easing="out" />
      <effect type="fade" time="100" start="0" end="100" />
    </animation>
    <animation type="WindowClose">
      <effect type="zoom" time="100" center="640,360" start="100" end="280" tween="cubic" easing="in" />
      <effect type="fade" time="100" start="100" end="0" />
    </animation>
  </include>
  <include name="Animation_Bartowski_Context_Zoom_Bottom">
    <animation type="WindowOpen">
      <!-- <effect type="zoom" time="100" center="640,660" start="180" end="100" tween="cubic" easing="out" /> -->s\
			<effect type="fade" time="100" start="0" end="100" /></animation>
    <animation type="WindowClose">
      <!-- <effect type="zoom" time="100" center="640,660" start="100" end="0" tween="cubic" easing="in" /> -->
      <effect type="fade" time="100" start="100" end="0" />
    </animation>
  </include>
  <include name="Animation_Bartowski_Context_Zoom_Slide">
    <animation type="WindowOpen">
      <effect type="zoom" time="100" center="auto" start="180" end="100" tween="cubic" easing="out" />
      <effect type="fade" time="100" start="0" end="100" />
    </animation>
    <animation type="WindowClose">
      <effect type="zoom" time="100" center="auto" start="100" end="280" tween="cubic" easing="in" />
      <effect type="fade" time="100" start="100" end="0" />
    </animation>
  </include>
  <include name="Animation_ZoomInMenu">
    <animation type="Visible">
      <effect delay="200" type="zoom" time="600" center="640,360" start="50" end="100" tween="cubic" easing="out" />
      <effect delay="200" type="fade" time="600" start="0" end="100" />
    </animation>
    <animation type="Hidden">
      <effect type="fade" time="100" start="100" end="0" />
    </animation>
    <animation type="WindowOpen">
      <effect delay="200" type="zoom" time="600" center="640,360" start="50" end="100" tween="cubic" easing="out" />
      <effect delay="200" type="fade" time="600" start="0" end="100" />
    </animation>
    <animation type="WindowClose">
      <effect type="fade" time="100" start="100" end="0" />
    </animation>
  </include>
  <include name="Animation_BartowskiZoomInMenu">
    <animation type="Visible">
      <effect type="slide" start="0,300" end="0,0" time="600" tween="cubic" easing="out" />
      <effect type="fade" start="0" end="100" time="600" />
    </animation>
    <animation type="Hidden">
      <effect type="fade" time="100" start="100" end="0" />
    </animation>
    <animation type="WindowOpen">
      <effect delay="200" type="zoom" time="600" center="640,360" start="50" end="100" tween="cubic" easing="out" />
      <effect delay="200" type="fade" time="600" start="0" end="100" />
    </animation>
    <animation type="WindowClose">
      <effect type="fade" time="100" start="100" end="0" />
    </animation>
  </include>
  <include name="Animation_ViewOptions">
    <animation type="Visible">
      <effect type="zoom" time="100" center="640,360" start="180" end="100" tween="cubic" easing="out" />
      <effect type="fade" time="100" center="640,360" start="0" end="100" />
    </animation>
    <animation type="Hidden">
      <effect type="zoom" time="100" center="640,700" start="100" end="380" tween="cubic" easing="in" />
      <effect type="fade" time="100" center="640,700" start="100" end="0" />
    </animation>
    <animation type="WindowOpen">
      <effect type="zoom" time="100" center="640,360" start="180" end="100" tween="cubic" easing="out" />
      <effect type="fade" time="100" center="640,360" start="0" end="100" />
    </animation>
    <animation type="WindowClose">
      <effect type="zoom" time="100" center="640,700" start="100" end="380" tween="cubic" easing="in" />
      <effect type="fade" time="100" center="640,700" start="100" end="0" />
    </animation>
  </include>
  <include name="Animation_ViewOptions_whitebar">
    <animation type="Visible">
      <effect type="zoom" time="100" center="640,360" start="180" end="100" tween="cubic" easing="out" />
      <effect type="fade" time="100" center="640,360" start="0" end="100" />
    </animation>
    <animation type="Hidden">
      <effect type="zoom" time="100" center="640,700" start="100" end="380" tween="cubic" easing="in" />
      <effect type="fade" time="100" center="640,700" start="100" end="0" />
    </animation>
    <animation type="WindowOpen">
      <effect type="zoom" time="100" center="640,360" start="180" end="100" tween="cubic" easing="out" />
      <effect type="fade" time="100" center="640,360" start="0" end="100" />
    </animation>
    <animation type="WindowClose">
      <effect type="zoom" time="100" center="640,700" start="100" end="380" tween="cubic" easing="in" />
      <effect type="fade" time="100" center="640,700" start="100" end="0" />
    </animation>
  </include>
  <include name="Animation_BartowskiPressS">
    <animation type="WindowOpen">
      <effect type="zoom" time="100" center="640,360" start="180" end="100" tween="cubic" easing="out" />
      <effect type="fade" time="100" center="640,360" start="0" end="100" />
    </animation>
    <animation type="WindowClose">
      <effect type="zoom" time="100" center="640,700" start="100" end="0" tween="cubic" easing="in" />
      <effect type="fade" time="100" center="640,700" start="100" end="0" />
    </animation>
  </include>
  <include name="Animation_SlideUpFadeOut">
    <animation type="WindowOpen" reversible="false">
      <effect type="slide" start="0,100" end="0,0" time="100" tween="cubic" easing="out" />
      <effect type="fade" start="0" end="100" time="100" />
    </animation>
    <animation type="WindowClose" reversible="false">
      <effect type="fade" start="100" end="0" time="100" />
    </animation>
  </include>
  <include name="Animation_SlideDownFadeOut">
    <animation type="WindowOpen" reversible="false">
      <effect type="slide" start="0,-100" end="0,0" time="100" tween="cubic" easing="out" />
      <effect type="fade" start="0" end="100" time="100" />
    </animation>
    <animation type="WindowClose" reversible="false">
      <effect type="fade" start="100" end="0" time="100" />
    </animation>
    <animation type="Visible" reversible="false">
      <effect type="slide" start="0,-100" end="0,0" time="100" tween="cubic" easing="out" />
      <effect type="fade" start="0" end="100" time="100" />
    </animation>
    <animation type="Hidden" reversible="false">
      <effect type="fade" start="100" end="0" time="100" />
    </animation>
  </include>
  <include name="Animation_SlideAcrossToRight">
    <animation type="WindowOpen" reversible="false">
      <effect type="slide" start="-200,0" end="0,0" time="100" tween="cubic" easing="out" />
      <effect type="fade" start="0" end="100" time="100" />
    </animation>
    <animation type="WindowClose" reversible="false">
      <effect type="slide" start="0,0" end="200,0" time="100" tween="cubic" easing="in" />
      <effect type="fade" start="100" end="0" time="100" />
    </animation>
  </include>
  <include name="Animation_SlideAcrossToLeft">
    <animation type="WindowOpen" reversible="false">
      <effect type="slide" start="200,0" end="0,0" time="100" tween="cubic" easing="out" />
      <effect type="fade" start="0" end="100" time="100" />
    </animation>
    <animation type="WindowClose" reversible="false">
      <effect type="slide" start="0,0" end="-200,0" time="100" tween="cubic" easing="in" />
      <effect type="fade" start="100" end="0" time="100" />
    </animation>
  </include>
  <include name="Animation_ZoomInFadeOut">
    <animation type="WindowOpen" reversible="false">
      <effect type="fade" start="0" end="100" time="600" delay="100" />
      <effect type="zoom" start="50,50" end="100,100" center="auto" time="500" delay="100" tween="back" easing="out" />
    </animation>
    <animation type="WindowClose" reversible="false">
      <effect type="fade" start="100" end="0" time="100" delay="500" />
      <effect type="zoom" end="50,50" start="100,100" center="auto" time="500" delay="500" />
    </animation>
  </include>
  <include name="VisibleFadeEffect">
    <animation effect="fade" time="300">Visible</animation>
    <animation effect="fade" time="300">Hidden</animation>
  </include>
  <!-- Info dialog animations -->
  <include name="Animation_HiddenByInfo">
    <animation effect="fade" start="100" end="0" time="100" condition="Window.IsActive(movieinformation) | Window.IsActive(addoninformation) | Window.IsActive(songinformation)">Conditional</animation>
  </include>
  <include name="Animation_HiddenByMusicInfo">
    <animation type="Conditional" condition="Window.IsActive(2001)">
      <effect type="zoom" time="100" center="640,360" start="100" end="20" tween="cubic" easing="in" />
      <effect type="fade" time="100" start="100" end="0" />
    </animation>
  </include>
  <!-- Movie Info Pressing I animations -->
  <!-- Browser animations -->
  <include name="Animation_EpisodeFloat">
    <animation effect="slide" end="0,10" time="100" condition="Container(51).Row(0)">Conditional</animation>
    <animation effect="slide" end="0,5" time="100" condition="Container(51).Row(1)">Conditional</animation>
    <animation effect="slide" end="0,0" time="100" condition="Container(51).Row(2)">Conditional</animation>
    <animation effect="slide" end="0,-5" time="100" condition="Container(51).Row(3)">Conditional</animation>
    <animation effect="slide" end="0,-10" time="100" condition="Container(51).Row(4)">Conditional</animation>
    <animation effect="slide" end="0,-15" time="100" condition="Container(51).Row(5)">Conditional</animation>
  </include>
  <include name="Animation_EpisodePlot">
    <animation effect="slide" end="0,60" time="0" condition="Container(51).Row(1)">Conditional</animation>
    <animation effect="slide" end="0,120" time="0" condition="Container(51).Row(2)">Conditional</animation>
    <animation effect="slide" end="0,180" time="0" condition="Container(51).Row(3)">Conditional</animation>
    <animation effect="slide" end="0,240" time="0" condition="Container(51).Row(4)">Conditional</animation>
    <animation effect="slide" end="0,300" time="0" condition="Container(51).Row(5)">Conditional</animation>
  </include>
  <include name="Animation_PictureGridFloat">
    <animation effect="slide" end="0,10" time="100" tween="cubic" easing="inout" condition="Container(50).Row(0)">Conditional</animation>
    <animation effect="slide" end="0,0" time="100" tween="cubic" easing="inout" condition="Container(50).Row(1)">Conditional</animation>
    <animation effect="slide" end="0,-10" time="100" tween="cubic" easing="inout" condition="Container(50).Row(2)">Conditional</animation>
    <animation effect="slide" end="0,-20" time="100" tween="cubic" easing="inout" condition="Container(50).Row(3)">Conditional</animation>
  </include>
  <include name="Animation_MusicWallFloat">
    <animation effect="slide" end="0,0" time="300" tween="cubic" easing="inout" condition="Container(53).Row(0)">Conditional</animation>
    <animation effect="slide" end="0,-200" time="300" tween="cubic" easing="inout" condition="Container(53).Row(1)">Conditional</animation>
    <animation effect="slide" end="0,-400" time="300" tween="cubic" easing="inout" condition="Container(53).Row(2)">Conditional</animation>
    <animation effect="slide" end="0,-600" time="300" tween="cubic" easing="inout" condition="Container(53).Row(3)">Conditional</animation>
    <animation effect="slide" end="0,-800" time="300" tween="cubic" easing="inout" condition="Container(53).Row(4)">Conditional</animation>
    <animation effect="slide" end="0,-1000" time="300" tween="cubic" easing="inout" condition="Container(53).Row(5)">Conditional</animation>
    <animation effect="slide" end="0,0" time="300" tween="cubic" easing="inout" condition="Container(53).Column(3)">Conditional</animation>
    <animation effect="slide" end="-200,0" time="300" tween="cubic" easing="inout" condition="Container(53).Column(4)">Conditional</animation>
    <animation effect="slide" end="-400,0" time="300" tween="cubic" easing="inout" condition="Container(53).Column(5)">Conditional</animation>
    <animation effect="slide" end="-600,0" time="300" tween="cubic" easing="inout" condition="Container(53).Column(6)">Conditional</animation>
    <animation effect="slide" end="-800,0" time="300" tween="cubic" easing="inout" condition="Container(53).Column(7)">Conditional</animation>
    <animation effect="slide" end="-1000,0" time="300" tween="cubic" easing="inout" condition="Container(53).Column(8)">Conditional</animation>
    <animation effect="slide" end="200,0" time="300" tween="cubic" easing="inout" condition="Container(53).Column(2)">Conditional</animation>
    <animation effect="slide" end="400,0" time="300" tween="cubic" easing="inout" condition="Container(53).Column(1)">Conditional</animation>
    <animation effect="slide" end="600,0" time="300" tween="cubic" easing="inout" condition="Container(53).Column(0)">Conditional</animation>
  </include>
  <!--VIEWTYPE FILES -->
  <include name="Animation_Viewtype_Files_LeftArea">
    <animation type="WindowOpen">
      <effect type="slide" start="-1000,0" end="0,0" time="600" tween="cubic" easing="inout" />
    </animation>
    <animation type="WindowClose">
      <effect type="slide" start="0" end="-1000,0" time="600" tween="cubic" easing="inout" />
    </animation>
  </include>
  <include name="Animation_Viewtype_Files_RightArea">
    <animation type="WindowOpen">
      <effect type="slide" start="800,0" end="0,0" time="600" delay="600" tween="cubic" easing="inout" />
    </animation>
    <animation type="WindowClose">
      <effect type="slide" start="0" end="800,0" time="600" delay="600" tween="cubic" easing="inout" />
    </animation>
  </include>
  <!--VIEWTYPE EPISODES -->
  <include name="Animation_Viewtype_Episode_FocusArea">
    <animation type="WindowOpen">
      <effect type="slide" start="400" end="0,0" time="600" tween="cubic" easing="inout" />
    </animation>
    <animation type="WindowClose">
      <effect type="slide" start="0" end="400,0" time="600" tween="cubic" easing="inout" />
    </animation>
  </include>
  <include name="Animation_Viewtype_Episode_LeftSide">
    <animation type="WindowOpen">
      <effect type="slide" start="-800" end="0,0" time="600" tween="cubic" easing="inout" />
    </animation>
    <animation type="WindowClose">
      <effect type="slide" start="0" end="-800,0" time="600" tween="cubic" easing="inout" />
    </animation>
  </include>
  <include name="Animation_Viewtype_Episode_BottomArea">
    <animation type="WindowOpen">
      <effect type="slide" start="0,400" end="0,0" time="600" tween="cubic" easing="inout" />
    </animation>
    <animation type="WindowClose">
      <effect type="slide" start="0,0" end="0,400" time="600" tween="cubic" easing="inout" />
    </animation>
  </include>
  <!--VIEWTYPE 3DLandscape -->
  <include name="Animation_Viewtype_3dLand_FocusArea">
    <animation type="WindowOpen">
      <effect type="slide" start="1400" end="0,0" time="1000" delay="200" tween="cubic" easing="inout" />
    </animation>
    <animation type="WindowClose">
      <effect type="slide" start="0" end="1400,0" time="1000" delay="200" tween="cubic" easing="inout" />
    </animation>
  </include>
  <include name="Animation_Viewtype_3dland_Lefttop">
    <animation type="WindowOpen">
      <effect type="slide" start="-900,0" end="0,0" time="600" tween="cubic" easing="inout" />
    </animation>
    <animation type="WindowClose">
      <effect type="slide" start="0,0" end="-900,0" time="600" tween="cubic" easing="inout" />
    </animation>
  </include>
  <include name="Animation_Viewtype_3dland_Leftplot">
    <animation type="WindowOpen">
      <effect type="slide" start="0,800" end="0,0" time="600" tween="cubic" easing="inout" />
    </animation>
    <animation type="WindowClose">
      <effect type="slide" start="0,0" end="0,800" time="600" tween="cubic" easing="inout" />
    </animation>
  </include>
  <!--VIEWTYPE LANDSCAPE -->
  <include name="Animation_Viewtype_Landscape_FocusArea">
    <animation type="WindowOpen">
      <effect type="slide" start="1400" end="-400,0" time="600" tween="cubic" easing="inout" />
      <effect type="slide" start="0,0" end="400,0" time="800" delay="600" tween="cubic" easing="inout" />
    </animation>
    <animation type="WindowClose">
      <effect type="slide" start="0" end="0,-200" time="600" tween="cubic" easing="inout" />
    </animation>
  </include>
  <include name="Animation_Viewtype_Landscape_Fanart_FocusArea">
    <animation type="WindowOpen">
      <effect type="slide" start="1400" end="-400,0" time="600" tween="cubic" easing="inout" />
      <effect type="slide" start="0,0" end="400,0" time="800" delay="600" tween="cubic" easing="inout" />
    </animation>
    <animation type="WindowClose">
      <effect type="slide" start="0" end="0,200" time="600" tween="cubic" easing="inout" />
    </animation>
  </include>
  <include name="Animation_Viewtype_Landscape_RightArea">
    <animation type="WindowOpen">
      <effect type="slide" start="1000,0" end="0,0" time="800" tween="cubic" easing="inout" />
    </animation>
    <animation type="WindowClose">
      <effect type="slide" start="0,0" end="1000,0" time="800" tween="cubic" easing="inout" />
    </animation>
  </include>
  <include name="Animation_Viewtype_Landscape_BottomInfo">
    <animation type="WindowOpen">
      <effect type="slide" start="0,600" end="0,0" time="600" tween="cubic" easing="inout" />
    </animation>
    <animation type="WindowClose">
      <effect type="slide" start="0,0" end="0,600" time="600" tween="cubic" easing="inout" />
    </animation>
  </include>
  <include name="Animation_Viewtype_Landscape_ThumbArea">
    <animation type="WindowOpen">
      <effect type="slide" start="-800,0" end="0,0" time="600" delay="400" tween="cubic" easing="inout" />
    </animation>
    <animation type="WindowClose">
      <effect type="slide" start="0,0" end="-800,0" time="600" delay="400" tween="cubic" easing="inout" />
    </animation>
  </include>
  <!--VIEWTYPE SHOWCASE -->
  <include name="Animation_Viewtype_Showcase_FocusArea">
    <animation type="WindowOpen">
      <effect type="slide" start="0,400" end="0,0" time="600" tween="cubic" easing="inout" />
    </animation>
    <animation type="WindowClose">
      <effect type="slide" start="0,0" end="0,400" time="600" tween="cubic" easing="inout" />
      <effect type="fade" start="100" end="0" time="100" tween="cubic" easing="inout" />
    </animation>
  </include>
  <include name="Animation_Viewtype_Showcase_RightArea">
    <animation type="WindowOpen">
      <effect type="slide" start="800,0" end="0,0" time="800" delay="200" tween="cubic" easing="inout" />
    </animation>
    <animation type="WindowClose">
      <effect type="slide" start="0,0" end="800,0" time="800" delay="200" tween="cubic" easing="inout" />
    </animation>
  </include>
  <include name="Animation_Viewtype_Showcase_RightFlags">
    <animation type="WindowOpen">
      <effect type="slide" start="800,0" end="0,0" time="800" delay="600" tween="cubic" easing="inout" />
    </animation>
    <animation type="WindowClose">
      <effect type="slide" start="0,0" end="800,0" time="800" delay="600" tween="cubic" easing="inout" />
    </animation>
  </include>
  <include name="Animation_Viewtype_Showcase_LeftArea">
    <animation type="WindowOpen">
      <effect type="slide" start="-600" end="0,0" time="600" tween="cubic" easing="inout" />
    </animation>
    <animation type="WindowClose">
      <effect type="slide" start="0,0" end="-600,0" time="600" tween="cubic" easing="inout" />
    </animation>
  </include>
  <include name="Animation_Viewtype_Showcase_Trailer">
    <animation type="WindowOpen">
      <effect type="slide" start="-800,0" end="0,0" time="800" tween="cubic" easing="inout" />
    </animation>
    <animation type="WindowClose">
      <effect type="slide" start="0,0" end="-800,0" time="800" tween="cubic" easing="inout" />
    </animation>
  </include>
  <include name="Animation_Viewtype_Showcase_Plot">
    <animation type="WindowOpen">
      <effect type="slide" start="0,-800" end="0,0" time="600" tween="cubic" easing="inout" />
    </animation>
    <animation type="WindowClose">
      <effect type="slide" start="0,0" end="0,-800" time="600" tween="cubic" easing="inout" />
    </animation>
  </include>
  <include name="Animation_Viewtype_Showcase_ThumbArea">
    <animation type="WindowOpen">
      <effect type="slide" start="-800,0" end="0,0" time="600" delay="400" tween="cubic" easing="inout" />
    </animation>
    <animation type="WindowClose">
      <effect type="slide" start="0,0" end="-800,0" time="600" delay="400" tween="cubic" easing="inout" />
    </animation>
  </include>
  <!--VIEWTYPE PANEL -->
  <include name="Animation_Viewtype_Panel_FocusArea">
    <animation type="WindowOpen">
      <effect type="slide" start="800,0" end="0,0" time="600" tween="cubic" easing="inout" />
    </animation>
    <animation type="WindowClose">
      <effect type="slide" start="0,0" end="800,0" time="600" tween="cubic" easing="inout" />
    </animation>
  </include>
  <include name="Animation_Viewtype_Panel_Title">
    <animation type="WindowOpen">
      <effect type="slide" start="-600,0" end="0,0" time="600" delay="200" tween="cubic" easing="inout" />
    </animation>
    <animation type="WindowClose">
      <effect type="slide" start="0,0" end="-600,0" time="600" delay="200" tween="cubic" easing="inout" />
    </animation>
  </include>
  <include name="Animation_Viewtype_Panel_BottomArea">
    <animation type="WindowOpen">
      <effect type="slide" start="0,600" end="0,0" time="600" delay="400" tween="cubic" easing="inout" />
    </animation>
    <animation type="WindowClose">
      <effect type="slide" start="0,0" end="0,600" time="600" delay="400" tween="cubic" easing="inout" />
    </animation>
  </include>
  <include name="Animation_Viewtype_Panel_Fanart">
    <animation type="WindowOpen">
      <effect type="fade" start="0" end="100" time="600" delay="400" tween="cubic" easing="inout" />
    </animation>
    <animation type="WindowClose">
      <effect type="fade" start="100" end="0" time="600" delay="400" tween="cubic" easing="inout" />
    </animation>
  </include>
  <!--VIEWTYPE WALL -->
  <include name="Animation_Viewtype_Wall_Title">
    <animation type="WindowOpen">
      <effect type="slide" start="800,0" end="0,0" time="600" delay="400" tween="cubic" easing="inout" />
    </animation>
    <animation type="WindowClose">
      <effect type="slide" start="0,0" end="800,0" time="600" delay="400" tween="cubic" easing="inout" />
    </animation>
  </include>
  <include name="Animation_Viewtype_Wall_UnderInfo">
    <animation type="WindowOpen">
      <effect type="slide" start="800,0" end="0,0" time="600" delay="600" tween="cubic" easing="inout" />
    </animation>
    <animation type="WindowClose">
      <effect type="slide" start="0,0" end="800,0" time="600" delay="600" tween="cubic" easing="inout" />
    </animation>
  </include>
  <include name="Animation_Viewtype_Wall_Plot">
    <animation type="WindowOpen">
      <effect type="slide" start="800,0" end="0,0" time="600" delay="800" tween="cubic" easing="inout" />
    </animation>
    <animation type="WindowClose">
      <effect type="slide" start="0,0" end="800,0" time="600" delay="800" tween="cubic" easing="inout" />
    </animation>
  </include>
  <include name="Animation_Viewtype_Wall_Fags">
    <animation type="WindowOpen">
      <effect type="slide" start="0,200" end="0,0" time="600" delay="600" tween="cubic" easing="inout" />
    </animation>
    <animation type="WindowClose">
      <effect type="slide" start="0,0" end="0,200" time="600" delay="600" tween="cubic" easing="inout" />
    </animation>
  </include>
  <!--MUSIC FULLSCREEEN INFO -->
  <include name="Animation_Music_Fullscreen_Title">
    <animation type="WindowOpen">
      <effect type="slide" start="0,-200" end="0,0" time="600" delay="800" tween="cubic" easing="inout" />
    </animation>
    <animation type="WindowClose">
      <effect type="slide" start="0,0" end="0,-200" time="600" delay="800" tween="cubic" easing="inout" />
    </animation>
  </include>
  <include name="Animation_Music_Fullscreen_Right">
    <animation type="WindowOpen">
      <effect type="slide" start="800,0" end="0,0" time="600" tween="cubic" easing="inout" />
    </animation>
    <animation type="WindowClose">
      <effect type="slide" start="0,0" end="800,0" time="600" tween="cubic" easing="inout" />
    </animation>
  </include>
  <include name="Animation_Music_Fullscreen_Left">
    <animation type="WindowOpen">
      <effect type="slide" start="-800,0" end="0,0" time="600" delay="400" tween="cubic" easing="inout" />
    </animation>
    <animation type="WindowClose">
      <effect type="slide" start="0,0" end="-800,0" time="600" delay="400" tween="cubic" easing="inout" />
    </animation>
  </include>
  <include name="Animation_Music_Fullscreen_Plot">
    <animation type="WindowOpen">
      <effect type="slide" start="-1400,0" end="0,0" time="600" tween="cubic" easing="inout" />
    </animation>
    <animation type="WindowClose">
      <effect type="slide" start="0,0" end="-1400,0" time="600" tween="cubic" easing="inout" />
    </animation>
  </include>
  <include name="Animation_OpenCloseMFWidget">
    <animation effect="fade" start="0" end="100" delay="1000" time="500">WindowOpen</animation>
    <animation effect="fade" start="100" end="0" time="200">WindowClose</animation>
    <animation effect="fade" start="0" end="100" delay="500" time="1200">Visible</animation>
    <animation effect="fade" start="100" end="0" time="500">Hidden</animation>
  </include>
</includes>