<?xml version="1.0" encoding="UTF-8"?>
<includes>
  <include name="TVGuide">
    <control type="group">
      <visible>Container(301).Hasfocus(7) + !Skin.HasSetting(homepageHideTodayTV)</visible>
      <control type="group">
        <animation effect="fade" time="250">WindowOpen</animation>
        <animation effect="fade" time="250">WindowClose</animation>
        <control type="image">
          <left>0</left>
          <top>0</top>
          <width>1280</width>
          <height>720</height>
          <aspectratio>scale</aspectratio>
          <texture>special://skin/backgrounds/programs.jpg</texture>
        </control>
      </control>
      <control type="grouplist">
        <left>40</left>
        <top>100</top>
        <width>1200</width>
        <height>660</height>
        <orientation>horizontal</orientation>
        <align>center</align>
        <itemgap>0</itemgap>
        <control type="group">
          <visible>IntegerGreaterThan(Window(Home).Property(NextAired.TodayTotal),0)</visible>
          <width>600</width>
		  <height>500</height>
          <control type="image">
            <description>background</description>
            <left>0</left>
            <top>0</top>
            <width>600</width>
            <height>350</height>
            <colordiffuse>mainblue</colordiffuse>
            <texture>DialogBackwht.png</texture>
          </control>
          <control type="image">
            <description>background</description>
            <left>0</left>
            <top>0</top>
            <width>600</width>
            <height>350</height>
            <colordiffuse>mainblue</colordiffuse>
            <texture>ContentPanel.png</texture>
          </control>
          <control type="image">
            <left>8</left>
            <top>5</top>
            <width>600</width>
            <height>90</height>
            <aspectratio>stretch</aspectratio>
            <colordiffuse>mainblue</colordiffuse>
            <texture>GlassTitleBar.png</texture>
          </control>
          <control type="label">
            <description>header label</description>
            <left>0</left>
            <top>10</top>
            <width>600</width>
            <height>30</height>
            <font>Font_Neon_24</font>
            <label>[B]$LOCALIZE[31515][/B]</label>
            <align>center</align>
            <aligny>center</aligny>
            <textcolor>white</textcolor>
            <shadowcolor>black</shadowcolor>
          </control>
          <control type="grouplist">
            <left>0</left>
            <top>60</top>
            <width>580</width>
		    <height>270</height>
            <pagecontrol>4052</pagecontrol>
            <control type="group">
              <width>580</width>
              <height>50</height>
              <visible>substring(Window(Home).Property(NextAired.1.Today),true)</visible>
              <control type="image" id="3430">
                <description>Main Icon</description>
                <left>10</left>
                <top>0</top>
                <width>180</width>
                <height>40</height>
                <aspectratio scalediffuse="false">keep</aspectratio>
                <fadetime>200</fadetime>
                <texture background="true">$INFO[Window(Home).Property(NextAired.1.Art(banner))]</texture>
              </control>
              <control type="label">
                <left>10</left>
                <top>3</top>
                <width>180</width>
                <height>35</height>
                <align>center</align>
                <aligny>center</aligny>
                <font>Font_Neon_18</font>
                <textcolor>mainblue</textcolor>
                <scroll>true</scroll>
                <label fallback="-">$INFO[Window(Home).Property(NextAired.1.Label)]</label>
                <visible>IsEmpty(Control.GetLabel(3430))</visible>
              </control>
              <control type="label">
                <left>200</left>
                <top>3</top>
                <width>200</width>
                <height>17</height>
                <align>center</align>
                <aligny>center</aligny>
                <font>Font_Neon_18</font>
                <textcolor>mainblue</textcolor>
                <label fallback="-">$INFO[Window(Home).Property(NextAired.1.NextTitle)]</label>
              </control>
              <control type="label">
                <left>200</left>
                <top>21</top>
                <width>200</width>
                <height>17</height>
                <align>center</align>
                <aligny>center</aligny>
                <font>Font_Neon_16</font>
                <textcolor>grey</textcolor>
                <label fallback="-">$INFO[Window(Home).Property(NextAired.1.ShortTime)] on $INFO[Window(Home).Property(NextAired.1.Network)]</label>
              </control>
              <control type="label">
                <left>400</left>
                <top>3</top>
                <width>180</width>
                <height>17</height>
                <align>center</align>
                <aligny>center</aligny>
                <font>Font_Neon_18</font>
                <textcolor>mainblue</textcolor>
                <label fallback="-">$INFO[Window(Home).Property(NextAired.1.NextNumber),$LOCALIZE[20359] - ]</label>
              </control>
              <control type="label">
                <left>400</left>
                <top>21</top>
                <width>180</width>
                <height>17</height>
                <align>center</align>
                <aligny>center</aligny>
                <font>Font_Neon_16</font>
                <textcolor>grey</textcolor>
                <label fallback="-">$INFO[Window(Home).Property(NextAired.1.RunTime),, $LOCALIZE[12391]]</label>
              </control>
            </control>
            <control type="group">
              <width>580</width>
              <height>50</height>
              <visible>substring(Window(Home).Property(NextAired.2.Today),true)</visible>
              <control type="image" id="3431">
                <description>Main Icon</description>
                <left>10</left>
                <top>0</top>
                <width>180</width>
                <height>40</height>
                <aspectratio scalediffuse="false">keep</aspectratio>
                <fadetime>200</fadetime>
                <texture background="true">$INFO[Window(Home).Property(NextAired.2.Art(banner))]</texture>
              </control>
              <control type="label">
                <left>10</left>
                <top>3</top>
                <width>180</width>
                <height>35</height>
                <align>center</align>
                <aligny>center</aligny>
                <font>Font_Neon_18</font>
                <textcolor>mainblue</textcolor>
                <scroll>true</scroll>
                <label fallback="-">$INFO[Window(Home).Property(NextAired.2.Label)]</label>
                <visible>IsEmpty(Control.GetLabel(3431))</visible>
              </control>
              <control type="label">
                <left>200</left>
                <top>3</top>
                <width>200</width>
                <height>17</height>
                <align>center</align>
                <aligny>center</aligny>
                <font>Font_Neon_18</font>
                <textcolor>mainblue</textcolor>
                <label fallback="-">$INFO[Window(Home).Property(NextAired.2.NextTitle)]</label>
              </control>
              <control type="label">
                <left>200</left>
                <top>21</top>
                <width>200</width>
                <height>17</height>
                <align>center</align>
                <aligny>center</aligny>
                <font>Font_Neon_16</font>
                <textcolor>grey</textcolor>
                <label fallback="-">$INFO[Window(Home).Property(NextAired.2.ShortTime)] on $INFO[Window(Home).Property(NextAired.2.Network)]</label>
              </control>
              <control type="label">
                <left>400</left>
                <top>3</top>
                <width>180</width>
                <height>17</height>
                <align>center</align>
                <aligny>center</aligny>
                <font>Font_Neon_18</font>
                <textcolor>mainblue</textcolor>
                <label fallback="-">$INFO[Window(Home).Property(NextAired.2.NextNumber),$LOCALIZE[20359] - ]</label>
              </control>
              <control type="label">
                <left>400</left>
                <top>21</top>
                <width>180</width>
                <height>17</height>
                <align>center</align>
                <aligny>center</aligny>
                <font>Font_Neon_16</font>
                <textcolor>grey</textcolor>
                <label fallback="-">$INFO[Window(Home).Property(NextAired.2.RunTime),, $LOCALIZE[12391]]</label>
              </control>
            </control>
            <control type="group">
              <width>580</width>
              <height>50</height>
              <visible>substring(Window(Home).Property(NextAired.3.Today),true)</visible>
              <control type="image" id="3432">
                <description>Main Icon</description>
                <left>10</left>
                <top>0</top>
                <width>180</width>
                <height>40</height>
                <aspectratio scalediffuse="false">keep</aspectratio>
                <fadetime>200</fadetime>
                <texture background="true">$INFO[Window(Home).Property(NextAired.3.Art(banner))]</texture>
              </control>
              <control type="label">
                <left>10</left>
                <top>3</top>
                <width>180</width>
                <height>35</height>
                <align>center</align>
                <aligny>center</aligny>
                <font>Font_Neon_18</font>
                <textcolor>mainblue</textcolor>
                <scroll>true</scroll>
                <label fallback="-">$INFO[Window(Home).Property(NextAired.3.Label)]</label>
                <visible>IsEmpty(Control.GetLabel(3432))</visible>
              </control>
              <control type="label">
                <left>200</left>
                <top>3</top>
                <width>200</width>
                <height>17</height>
                <align>center</align>
                <aligny>center</aligny>
                <font>Font_Neon_18</font>
                <textcolor>mainblue</textcolor>
                <label fallback="-">$INFO[Window(Home).Property(NextAired.3.NextTitle)]</label>
              </control>
              <control type="label">
                <left>200</left>
                <top>21</top>
                <width>200</width>
                <height>17</height>
                <align>center</align>
                <aligny>center</aligny>
                <font>Font_Neon_16</font>
                <textcolor>grey</textcolor>
                <label fallback="-">$INFO[Window(Home).Property(NextAired.3.ShortTime)] on $INFO[Window(Home).Property(NextAired.3.Network)]</label>
              </control>
              <control type="label">
                <left>400</left>
                <top>3</top>
                <width>180</width>
                <height>17</height>
                <align>center</align>
                <aligny>center</aligny>
                <font>Font_Neon_18</font>
                <textcolor>mainblue</textcolor>
                <label fallback="-">$INFO[Window(Home).Property(NextAired.3.NextNumber),$LOCALIZE[20359] - ]</label>
              </control>
              <control type="label">
                <left>400</left>
                <top>21</top>
                <width>180</width>
                <height>17</height>
                <align>center</align>
                <aligny>center</aligny>
                <font>Font_Neon_16</font>
                <textcolor>grey</textcolor>
                <label fallback="-">$INFO[Window(Home).Property(NextAired.3.RunTime),, $LOCALIZE[12391]]</label>
              </control>
            </control>
            <control type="group">
              <width>580</width>
              <height>50</height>
              <visible>substring(Window(Home).Property(NextAired.4.Today),true)</visible>
              <control type="image" id="3433">
                <description>Main Icon</description>
                <left>10</left>
                <top>0</top>
                <width>180</width>
                <height>40</height>
                <aspectratio scalediffuse="false">keep</aspectratio>
                <fadetime>200</fadetime>
                <texture background="true">$INFO[Window(Home).Property(NextAired.4.Art(banner))]</texture>
              </control>
              <control type="label">
                <left>10</left>
                <top>3</top>
                <width>180</width>
                <height>35</height>
                <align>center</align>
                <aligny>center</aligny>
                <font>Font_Neon_18</font>
                <textcolor>mainblue</textcolor>
                <scroll>true</scroll>
                <label fallback="-">$INFO[Window(Home).Property(NextAired.4.Label)]</label>
                <visible>IsEmpty(Control.GetLabel(3433))</visible>
              </control>
              <control type="label">
                <left>200</left>
                <top>3</top>
                <width>200</width>
                <height>17</height>
                <align>center</align>
                <aligny>center</aligny>
                <font>Font_Neon_18</font>
                <textcolor>mainblue</textcolor>
                <label fallback="-">$INFO[Window(Home).Property(NextAired.4.NextTitle)]</label>
              </control>
              <control type="label">
                <left>200</left>
                <top>21</top>
                <width>200</width>
                <height>17</height>
                <align>center</align>
                <aligny>center</aligny>
                <font>Font_Neon_16</font>
                <textcolor>grey</textcolor>
                <label fallback="-">$INFO[Window(Home).Property(NextAired.4.ShortTime)] on $INFO[Window(Home).Property(NextAired.4.Network)]</label>
              </control>
              <control type="label">
                <left>400</left>
                <top>3</top>
                <width>180</width>
                <height>17</height>
                <align>center</align>
                <aligny>center</aligny>
                <font>Font_Neon_18</font>
                <textcolor>mainblue</textcolor>
                <label fallback="-">$INFO[Window(Home).Property(NextAired.4.NextNumber),$LOCALIZE[20359] - ]</label>
              </control>
              <control type="label">
                <left>400</left>
                <top>21</top>
                <width>180</width>
                <height>17</height>
                <align>center</align>
                <aligny>center</aligny>
                <font>Font_Neon_16</font>
                <textcolor>grey</textcolor>
                <label fallback="-">$INFO[Window(Home).Property(NextAired.4.RunTime),, $LOCALIZE[12391]]</label>
              </control>
            </control>
            <control type="group">
              <width>580</width>
              <height>50</height>
              <visible>substring(Window(Home).Property(NextAired.5.Today),true)</visible>
              <control type="image" id="3434">
                <description>Main Icon</description>
                <left>10</left>
                <top>0</top>
                <width>180</width>
                <height>40</height>
                <aspectratio scalediffuse="false">keep</aspectratio>
                <fadetime>200</fadetime>
                <texture background="true">$INFO[Window(Home).Property(NextAired.5.Art(banner))]</texture>
              </control>
              <control type="label">
                <left>10</left>
                <top>3</top>
                <width>180</width>
                <height>35</height>
                <align>center</align>
                <aligny>center</aligny>
                <font>Font_Neon_18</font>
                <textcolor>mainblue</textcolor>
                <scroll>true</scroll>
                <label fallback="-">$INFO[Window(Home).Property(NextAired.5.Label)]</label>
                <visible>IsEmpty(Control.GetLabel(3434))</visible>
              </control>
              <control type="label">
                <left>200</left>
                <top>3</top>
                <width>200</width>
                <height>17</height>
                <align>center</align>
                <aligny>center</aligny>
                <font>Font_Neon_18</font>
                <textcolor>mainblue</textcolor>
                <label fallback="-">$INFO[Window(Home).Property(NextAired.5.NextTitle)]</label>
              </control>
              <control type="label">
                <left>200</left>
                <top>21</top>
                <width>200</width>
                <height>17</height>
                <align>center</align>
                <aligny>center</aligny>
                <font>Font_Neon_16</font>
                <textcolor>grey</textcolor>
                <label fallback="-">$INFO[Window(Home).Property(NextAired.5.ShortTime)] on $INFO[Window(Home).Property(NextAired.5.Network)]</label>
              </control>
              <control type="label">
                <left>400</left>
                <top>3</top>
                <width>180</width>
                <height>17</height>
                <align>center</align>
                <aligny>center</aligny>
                <font>Font_Neon_18</font>
                <textcolor>mainblue</textcolor>
                <label fallback="-">$INFO[Window(Home).Property(NextAired.5.NextNumber),$LOCALIZE[20359] - ]</label>
              </control>
              <control type="label">
                <left>400</left>
                <top>21</top>
                <width>180</width>
                <height>17</height>
                <align>center</align>
                <aligny>center</aligny>
                <font>Font_Neon_16</font>
                <textcolor>grey</textcolor>
                <label fallback="-">$INFO[Window(Home).Property(NextAired.5.RunTime),, $LOCALIZE[12391]]</label>
              </control>
            </control>
            <control type="group">
              <width>580</width>
              <height>50</height>
              <visible>substring(Window(Home).Property(NextAired.6.Today),true)</visible>
              <control type="image" id="3435">
                <description>Main Icon</description>
                <left>10</left>
                <top>0</top>
                <width>180</width>
                <height>40</height>
                <aspectratio scalediffuse="false">keep</aspectratio>
                <fadetime>200</fadetime>
                <texture background="true">$INFO[Window(Home).Property(NextAired.6.Art(banner))]</texture>
              </control>
              <control type="label">
                <left>10</left>
                <top>3</top>
                <width>180</width>
                <height>35</height>
                <align>center</align>
                <aligny>center</aligny>
                <font>Font_Neon_18</font>
                <textcolor>mainblue</textcolor>
                <scroll>true</scroll>
                <label fallback="-">$INFO[Window(Home).Property(NextAired.6.Label)]</label>
                <visible>IsEmpty(Control.GetLabel(3435))</visible>
              </control>
              <control type="label">
                <left>200</left>
                <top>3</top>
                <width>200</width>
                <height>17</height>
                <align>center</align>
                <aligny>center</aligny>
                <font>Font_Neon_18</font>
                <textcolor>mainblue</textcolor>
                <label fallback="-">$INFO[Window(Home).Property(NextAired.6.NextTitle)]</label>
              </control>
              <control type="label">
                <left>200</left>
                <top>21</top>
                <width>200</width>
                <height>17</height>
                <align>center</align>
                <aligny>center</aligny>
                <font>Font_Neon_16</font>
                <textcolor>grey</textcolor>
                <label fallback="-">$INFO[Window(Home).Property(NextAired.6.ShortTime)] on $INFO[Window(Home).Property(NextAired.6.Network)]</label>
              </control>
              <control type="label">
                <left>400</left>
                <top>3</top>
                <width>180</width>
                <height>17</height>
                <align>center</align>
                <aligny>center</aligny>
                <font>Font_Neon_18</font>
                <textcolor>mainblue</textcolor>
                <label fallback="-">$INFO[Window(Home).Property(NextAired.6.NextNumber),$LOCALIZE[20359] - ]</label>
              </control>
              <control type="label">
                <left>400</left>
                <top>21</top>
                <width>180</width>
                <height>17</height>
                <align>center</align>
                <aligny>center</aligny>
                <font>Font_Neon_16</font>
                <textcolor>grey</textcolor>
                <label fallback="-">$INFO[Window(Home).Property(NextAired.6.RunTime),, $LOCALIZE[12391]]</label>
              </control>
            </control>
            <control type="group">
              <width>580</width>
              <height>50</height>
              <visible>substring(Window(Home).Property(NextAired.7.Today),true)</visible>
              <control type="image" id="3436">
                <description>Main Icon</description>
                <left>10</left>
                <top>0</top>
                <width>180</width>
                <height>40</height>
                <aspectratio scalediffuse="false">keep</aspectratio>
                <fadetime>200</fadetime>
                <texture background="true">$INFO[Window(Home).Property(NextAired.7.Art(banner))]</texture>
              </control>
              <control type="label">
                <left>10</left>
                <top>3</top>
                <width>180</width>
                <height>35</height>
                <align>center</align>
                <aligny>center</aligny>
                <font>Font_Neon_18</font>
                <textcolor>mainblue</textcolor>
                <scroll>true</scroll>
                <label fallback="-">$INFO[Window(Home).Property(NextAired.7.Label)]</label>
                <visible>IsEmpty(Control.GetLabel(3436))</visible>
              </control>
              <control type="label">
                <left>200</left>
                <top>3</top>
                <width>200</width>
                <height>17</height>
                <align>center</align>
                <aligny>center</aligny>
                <font>Font_Neon_18</font>
                <textcolor>mainblue</textcolor>
                <label fallback="-">$INFO[Window(Home).Property(NextAired.7.NextTitle)]</label>
              </control>
              <control type="label">
                <left>200</left>
                <top>21</top>
                <width>200</width>
                <height>17</height>
                <align>center</align>
                <aligny>center</aligny>
                <font>Font_Neon_16</font>
                <textcolor>grey</textcolor>
                <label fallback="-">$INFO[Window(Home).Property(NextAired.7.ShortTime)] on $INFO[Window(Home).Property(NextAired.7.Network)]</label>
              </control>
              <control type="label">
                <left>400</left>
                <top>3</top>
                <width>180</width>
                <height>17</height>
                <align>center</align>
                <aligny>center</aligny>
                <font>Font_Neon_18</font>
                <textcolor>mainblue</textcolor>
                <label fallback="-">$INFO[Window(Home).Property(NextAired.7.NextNumber),$LOCALIZE[20359] - ]</label>
              </control>
              <control type="label">
                <left>400</left>
                <top>21</top>
                <width>180</width>
                <height>17</height>
                <align>center</align>
                <aligny>center</aligny>
                <font>Font_Neon_16</font>
                <textcolor>grey</textcolor>
                <label fallback="-">$INFO[Window(Home).Property(NextAired.7.RunTime),, $LOCALIZE[12391]]</label>
              </control>
            </control>
            <control type="group">
              <width>580</width>
              <height>50</height>
              <visible>substring(Window(Home).Property(NextAired.8.Today),true)</visible>
              <control type="image" id="3437">
                <description>Main Icon</description>
                <left>10</left>
                <top>0</top>
                <width>180</width>
                <height>40</height>
                <aspectratio scalediffuse="false">keep</aspectratio>
                <fadetime>200</fadetime>
                <texture background="true">$INFO[Window(Home).Property(NextAired.8.Art(banner))]</texture>
              </control>
              <control type="label">
                <left>10</left>
                <top>3</top>
                <width>180</width>
                <height>35</height>
                <align>center</align>
                <aligny>center</aligny>
                <font>Font_Neon_18</font>
                <textcolor>mainblue</textcolor>
                <scroll>true</scroll>
                <label fallback="-">$INFO[Window(Home).Property(NextAired.8.Label)]</label>
                <visible>IsEmpty(Control.GetLabel(3437))</visible>
              </control>
              <control type="label">
                <left>200</left>
                <top>3</top>
                <width>200</width>
                <height>17</height>
                <align>center</align>
                <aligny>center</aligny>
                <font>Font_Neon_18</font>
                <textcolor>mainblue</textcolor>
                <label fallback="-">$INFO[Window(Home).Property(NextAired.8.NextTitle)]</label>
              </control>
              <control type="label">
                <left>200</left>
                <top>21</top>
                <width>200</width>
                <height>17</height>
                <align>center</align>
                <aligny>center</aligny>
                <font>Font_Neon_16</font>
                <textcolor>grey</textcolor>
                <label fallback="-">$INFO[Window(Home).Property(NextAired.8.ShortTime)] on $INFO[Window(Home).Property(NextAired.8.Network)]</label>
              </control>
              <control type="label">
                <left>400</left>
                <top>3</top>
                <width>180</width>
                <height>17</height>
                <align>center</align>
                <aligny>center</aligny>
                <font>Font_Neon_18</font>
                <textcolor>mainblue</textcolor>
                <label fallback="-">$INFO[Window(Home).Property(NextAired.8.NextNumber),$LOCALIZE[20359] - ]</label>
              </control>
              <control type="label">
                <left>400</left>
                <top>21</top>
                <width>180</width>
                <height>17</height>
                <align>center</align>
                <aligny>center</aligny>
                <font>Font_Neon_16</font>
                <textcolor>grey</textcolor>
                <label fallback="-">$INFO[Window(Home).Property(NextAired.8.RunTime),, $LOCALIZE[12391]]</label>
              </control>
            </control>
            <control type="group">
              <width>580</width>
              <height>50</height>
              <visible>substring(Window(Home).Property(NextAired.9.Today),true)</visible>
              <control type="image" id="3438">
                <description>Main Icon</description>
                <left>10</left>
                <top>0</top>
                <width>180</width>
                <height>40</height>
                <aspectratio scalediffuse="false">keep</aspectratio>
                <fadetime>200</fadetime>
                <texture background="true">$INFO[Window(Home).Property(NextAired.9.Art(banner))]</texture>
              </control>
              <control type="label">
                <left>10</left>
                <top>3</top>
                <width>180</width>
                <height>35</height>
                <align>center</align>
                <aligny>center</aligny>
                <font>Font_Neon_18</font>
                <textcolor>mainblue</textcolor>
                <scroll>true</scroll>
                <label fallback="-">$INFO[Window(Home).Property(NextAired.9.Label)]</label>
                <visible>IsEmpty(Control.GetLabel(3438))</visible>
              </control>
              <control type="label">
                <left>200</left>
                <top>3</top>
                <width>200</width>
                <height>17</height>
                <align>center</align>
                <aligny>center</aligny>
                <font>Font_Neon_18</font>
                <textcolor>mainblue</textcolor>
                <label fallback="-">$INFO[Window(Home).Property(NextAired.9.NextTitle)]</label>
              </control>
              <control type="label">
                <left>200</left>
                <top>21</top>
                <width>200</width>
                <height>17</height>
                <align>center</align>
                <aligny>center</aligny>
                <font>Font_Neon_16</font>
                <textcolor>grey</textcolor>
                <label fallback="-">$INFO[Window(Home).Property(NextAired.9.ShortTime)] on $INFO[Window(Home).Property(NextAired.9.Network)]</label>
              </control>
              <control type="label">
                <left>400</left>
                <top>3</top>
                <width>180</width>
                <height>17</height>
                <align>center</align>
                <aligny>center</aligny>
                <font>Font_Neon_18</font>
                <textcolor>mainblue</textcolor>
                <label fallback="-">$INFO[Window(Home).Property(NextAired.9.NextNumber),$LOCALIZE[20359] - ]</label>
              </control>
              <control type="label">
                <left>400</left>
                <top>21</top>
                <width>180</width>
                <height>17</height>
                <align>center</align>
                <aligny>center</aligny>
                <font>Font_Neon_16</font>
                <textcolor>grey</textcolor>
                <label fallback="-">$INFO[Window(Home).Property(NextAired.9.RunTime),, $LOCALIZE[12391]]</label>
              </control>
            </control>
          </control>
          <control type="scrollbar" id="4052">
            <left>570</left>
            <top>40</top>
            <width>20</width>
            <height>300</height>
            <texturesliderbackground border="0,14,0,14">ScrollBarV.png</texturesliderbackground>
            <texturesliderbar border="0,14,0,14">ScrollBarV_bar.png</texturesliderbar>
            <texturesliderbarfocus border="0,14,0,14" colordiffuse="mainblue">ScrollBarV_bar_focus.png</texturesliderbarfocus>
            <textureslidernib>ScrollBarNib.png</textureslidernib>
            <textureslidernibfocus>ScrollBarNib.png</textureslidernibfocus>
            <onleft>301</onleft>
            <onright>301</onright>
            <showonepage>false</showonepage>
            <orientation>vertical</orientation>
          </control>
        </control>
      </control>
    </control>
  </include>
</includes>