<?xml version="1.0" encoding="UTF-8"?>
<includes>
  <!-- File includes -->
  <include file="Defaults.xml" />
  <include file="Viewtype_Episode.xml" />
  <include file="Viewtype_Poster.xml" />
  <include file="Viewtype_PictureGrid.xml" />
  <include file="Viewtype_JukeBox.xml" />
  <include file="Viewtype_MusicWall.xml" />
  <include file="Viewtype_List.xml" />
  <include file="Viewtype_List2.xml" />
  <include file="Viewtype_Landscape.xml" />
  <include file="Viewtype_Landscape_Fanart.xml" />
  <include file="Viewtype_Panel.xml" />
  <include file="Viewtype_Files.xml" />
  <include file="Viewtype_Showcase.xml" />
  <include file="Viewtype_MusicShowcase.xml" />
  <include file="Viewtype_PanelLandscape.xml" />
  <include file="Viewtype_Banner_Panel.xml" />
  <include file="Viewtype_Songs.xml" />
  <include file="Viewtype_16x9.xml" />
  <include file="Viewtype_Wall.xml" />
  <include file="Viewtype_WallPanel.xml" />
  <include file="Viewtype_Shelf.xml" />
  <include file="Viewtype_addons.xml" />
  <include file="Viewtype_3dbanner.xml" />
  <include file="Viewtype_Logo.xml" />
  <include file="Viewtype_3daddon.xml" />
  <include file="Viewtype_Slide.xml" />
  <include file="Viewtype_CoverFlow.xml" />
  <include file="Viewtype_SlimFiles.xml" />
  <include file="Viewtype_Newest_Episodes.xml" />
  <include file="Viewtype_3dLandscape.xml" />
  <include file="Viewtype_MusicLogo.xml" />
  <include file="Includes_Animations.xml" />
  <include file="Includes_Trailer.xml" />
  <include file="IncludesHomeRecentlyAdded.xml" />
  <include file="Includes_Next_Aired.xml" />
  <include file="Includes_Music_Global.xml" />
  <include file="IncludesCodecFlagging.xml" />
  <include file="IncludesHomepageWeatherWidget.xml" />
  <include file="Includes_Home_Horizontal.xml" />
  <include file="Viewtype_Multiplex.xml" />
  <include file="ViewsVideoLibrary.xml" />
  <include file="ViewsMusicLibrary.xml" />
  <include file="Includes_TVGuide.xml" />
  <include file="ViewsPVR.xml" />
  <include file="IncludesBackgroundBuilding.xml" />
  <include file="weather\10DayForecast.xml"/>
  <include file="weather\36HourForecast.xml"/>
  <include file="weather\WeekendForecast.xml"/>
  <include file="weather\HourlyForecast.xml"/>
  <include file="weather\MapAlerts.xml"/>
  <!--	<include file="Viewtype_Newest_Episodes.xml" /> -->
  <constant name="FanartCrossfadeTime">30</constant>
  
  <variable name="BannerThumb">
    <value condition="!IsEmpty(ListItem.Art(banner))">$INFO[ListItem.Art(banner)]</value>
    <value condition="IsEmpty(ListItem.Art(banner))">$INFO[ListItem.Icon]</value>
  </variable>
  <variable name="PosterThumb">
    <value condition="!IsEmpty(ListItem.Art(poster))">$INFO[ListItem.Art(poster)]</value>
    <value condition="IsEmpty(ListItem.Art(poster))">$INFO[ListItem.Icon]</value>
  </variable>
  <variable name="ShutdownOption">
    <value condition="Stringcompare(Skin.String(ShutdownOption),2)">$LOCALIZE[13012]</value>
    <value condition="Stringcompare(Skin.String(ShutdownOption),3)">$LOCALIZE[13016]</value>
    <value condition="Stringcompare(Skin.String(ShutdownOption),4)">$LOCALIZE[13011]</value>
    <value condition="Stringcompare(Skin.String(ShutdownOption),5)">$LOCALIZE[13010]</value>
    <value condition="Stringcompare(Skin.String(ShutdownOption),6)">$LOCALIZE[13013]</value>
    <value>$LOCALIZE[13005] $LOCALIZE[33061] [$LOCALIZE[13278]]</value>
  </variable>
  <variable name="ShutdownOptionHome">
    <value condition="Stringcompare(Skin.String(ShutdownOption),2)">$LOCALIZE[13012]</value>
    <value condition="Stringcompare(Skin.String(ShutdownOption),3)">$LOCALIZE[13005]</value>
    <value condition="Stringcompare(Skin.String(ShutdownOption),4)">$LOCALIZE[13011]</value>
    <value condition="Stringcompare(Skin.String(ShutdownOption),5)">$LOCALIZE[13010]</value>
    <value condition="Stringcompare(Skin.String(ShutdownOption),6)">$LOCALIZE[13013]</value>
    <value>$LOCALIZE[13005]*</value>
  </variable>
  <variable name="ShutdownCommand">
    <value condition="Stringcompare(Skin.String(ShutdownOption),2)">XBMC.Quit()</value>
    <value condition="Stringcompare(Skin.String(ShutdownOption),3)">XBMC.Powerdown()</value>
    <value condition="Stringcompare(Skin.String(ShutdownOption),4)">XBMC.Suspend()</value>
    <value condition="Stringcompare(Skin.String(ShutdownOption),5)">XBMC.Hibernate()</value>
    <value condition="Stringcompare(Skin.String(ShutdownOption),6)">XBMC.Reset()</value>
    <value>ActivateWindow(ShutdownMenu)</value>
  </variable>
  <variable name="PlayList">
    <value condition="Window.IsActive(videolibrary) + !StringCompare(Playlist.Length(video),0)">ActivateWindow(videoplaylist)</value>
    <value condition="[Window.IsActive(musiclibrary) | Window.IsActive(musicfiles)] + !StringCompare(Playlist.Length(music),0)">ActivateWindow(musicplaylist)</value>
  </variable>
  
  <include name="VisibleFadeEffect">
    <animation effect="fade" time="300">Visible</animation>
    <animation effect="fade" time="300">Hidden</animation>
  </include>
  <include name="CommonSettingsBackground">
    <control type="multiimage">
      <left>0</left>
      <top>0</top>
      <width>1280</width>
      <height>720</height>
      <imagepath fallback="special://skin/backgrounds/settings.jpg" background="true">$INFO[Skin.String(CustomSettingsFolder)]</imagepath>
      <timeperimage>10000</timeperimage>
      <randomize>true</randomize>
      <fadetime>1000</fadetime>
    </control>
  </include>
  <include name="CommonMediaPlayingBackground">
    <control type="image">
      <left>0</left>
      <top>0</top>
      <width>1280</width>
      <height>720</height>
      <texture>special://skin/backgrounds/media-overlay.png</texture>
      <visible>Player.HasVideo + !Skin.HasSetting(ShowBackgroundVideo) + ![Window.IsVisible(PVR) + [Control.IsVisible(11) | Control.IsVisible(12)]]</visible>
    </control>
    <control type="visualisation">
      <left>0</left>
      <top>0</top>
      <width>1280</width>
      <height>720</height>
      <visible>Player.HasAudio + !Skin.HasSetting(ShowMusicVis) + ![Window.IsVisible(PVR) + [Control.IsVisible(11) | Control.IsVisible(12)]]</visible>
    </control>
    <control type="videowindow">
      <left>0</left>
      <top>0</top>
      <width>1280</width>
      <height>720</height>
      <visible>Player.HasVideo + !Skin.HasSetting(ShowBackgroundVideo) + ![Window.IsVisible(PVR) + [Control.IsVisible(11) | Control.IsVisible(12)]]</visible>
    </control>
  </include>
  <include name="switch_vertical_home">
    <onfocus>SetFocus(300)</onfocus>
  </include>
  <include name="switch_horizontal_home">
    <onfocus>SetFocus(301)</onfocus>
  </include>
  <include name="switch_vertical_fanart">
    <imagepath background="true">$INFO[Container(300).ListItem.Icon]</imagepath>
  </include>
  <include name="switch_horizontal_fanart">
    <imagepath background="true">$INFO[Container(301).ListItem.Icon]</imagepath>
  </include>
  <include name="CommonMusicBackground">
    <control type="multiimage">
      <left>0</left>
      <top>0</top>
      <width>1280</width>
      <height>720</height>
      <imagepath fallback="special://skin/backgrounds/music.jpg" background="true">$INFO[Skin.String(CustomMusicFolder)]</imagepath>
      <timeperimage>10000</timeperimage>
      <randomize>true</randomize>
      <fadetime>1000</fadetime>
    </control>
  </include>
  <include name="dialogConfirmButton">
    <width>120</width>
    <height>42</height>
    <font>Font_Neon_25</font>
    <align>center</align>
    <aligny>center</aligny>
    <textoffsety>10</textoffsety>
    <colordiffuse>mainblue</colordiffuse>
    <texturefocus>button-focus.png</texturefocus>
    <textcolor>white</textcolor>
    <focusedcolor>white</focusedcolor>
    <pulseonselect>false</pulseonselect>
  </include>
  <include name="skin_settings_labels">
    <width>798</width>
    <height>34</height>
    <textoffsetx>30</textoffsetx>
    <font>Font_Neon_25</font>
    <textcolor>grey2</textcolor>
    <focusedcolor>white</focusedcolor>
    <colordiffuse>mainblue</colordiffuse>
    <texturefocus>mainmenu/home_bottom_white.png</texturefocus>
    <texturenofocus>MenuItemNF.png</texturenofocus>
  </include>
  <include name="skin_settings_sub_labels">
    <width>798</width>
    <height>34</height>
    <textoffsetx>40</textoffsetx>
    <font>Font_Neon_25</font>
    <textcolor>grey2</textcolor>
    <focusedcolor>white</focusedcolor>
    <colordiffuse>mainblue</colordiffuse>
    <texturefocus>mainmenu/home_bottom_white.png</texturefocus>
    <texturenofocus>MenuItemNF.png</texturenofocus>
  </include>
  <include name="skin_settings_button">
    <width>798</width>
    <height>34</height>
    <textoffsetx>40</textoffsetx>
    <font>Font_Neon_25</font>
    <textcolor>grey2</textcolor>
    <focusedcolor>white</focusedcolor>
    <colordiffuse>mainblue</colordiffuse>
    <texturefocus>mainmenu/home_bottom_white.png</texturefocus>
    <texturenofocus>MenuItemNF.png</texturenofocus>
  </include>
  <include name="SideBladeRight">
    <control type="image">
      <right>26</right>
      <top>0</top>
      <width>846</width>
      <height>720</height>
      <texture flipx="true">HomeBlade.png</texture>
      <animation effect="slide" start="26,0" end="0,0" time="300" tween="quadratic" easing="out">WindowOpen</animation>
      <animation effect="slide" start="0,0" end="26,0" time="200" delay="200" tween="quadratic" easing="out">WindowClose</animation>
    </control>
  </include>
  <include name="DialogID">
    <left>10</left>
    <top>35</top>
    <font>Font_Neon_16</font>
    <textcolor>TextDisabled</textcolor>
    <align>left</align>
  </include>
  <include name="ondown_small_trailer">
    <ondown>PlayMedia($ESCINFO[ListItem.Trailer],1)</ondown>
  </include>
  <include name="ondown_big_trailer">
    <ondown>PlayMedia($ESCINFO[ListItem.Trailer])</ondown>
  </include>
  <include name="onleft_small_trailer">
    <onleft>PlayMedia($ESCINFO[ListItem.Trailer],1)</onleft>
  </include>
  <include name="onleft_big_trailer">
    <onleft>PlayMedia($ESCINFO[ListItem.Trailer])</onleft>
  </include>
  <include name="onclick_small_trailer">
    <onclick>PlayMedia($ESCINFO[ListItem.Trailer],1)</onclick>
  </include>
  <include name="onclick_big_trailer">
    <onclick>PlayMedia($ESCINFO[ListItem.Trailer])</onclick>
  </include>
  <include name="poster_focusposition_dark">
    <focusposition>3</focusposition>
  </include>
  <include name="poster_focusposition_fanart">
    <focusposition>5</focusposition>
  </include>
  <include name="3dland_down_scrollbar">
    <ondown>6330</ondown>
  </include>
  <include name="3dland_down_plot">
    <ondown>8374</ondown>
  </include>
  <!-- Below from Confluence for Weather -->
  <include name="SideBladeLeft">
    <animation effect="slide" start="0,0" end="260,0" time="400" tween="quadratic" easing="out" condition="ControlGroup(7000).HasFocus | Control.HasFocus(8999)">Conditional</animation>
	<animation effect="slide" start="0,0" end="-300,0" time="400" tween="quadratic" easing="out" condition="ControlGroup(7000).HasFocus">WindowClose</animation>
	<animation effect="slide" start="0,0" end="-50,0" time="300" tween="quadratic" easing="out" condition="!ControlGroup(7000).HasFocus">WindowClose</animation>
	<animation effect="slide" start="-50,0" end="0,0" time="300" tween="quadratic" easing="out">WindowOpen</animation>
    <control type="button" id="8999">
      <description>Fake button for mouse control</description>
      <left>0</left>
      <top>0</top>
      <width>846</width>
      <height>720</height>
      <label>-</label>
      <font>-</font>
      <texturenofocus>-</texturenofocus>
      <texturefocus>-</texturefocus>
      <visible>true</visible>
    </control>
    <control type="image">
      <left>0</left>
      <top>0</top>
      <width>846</width>
      <height>720</height>
      <colordiffuse>mainblue</colordiffuse>
      <texture>HomeBlade.png</texture>
    </control>
  </include>
  <include name="WindowTitleCommons">
    <top>0</top>
    <width>1060</width>
    <height>28</height>
    <font>Font_Neon_20</font>
    <textcolor>white</textcolor>
    <scroll>false</scroll>
    <align>right</align>
    <aligny>center</aligny>
  </include>
  <include name="ButtonHomeSubCommonValues">
    <width>600</width>
    <height>45</height>
    <textoffsetx>20</textoffsetx>
    <textwidth>600</textwidth>
    <left>150</left>
    <top>91</top>
    <font>Font_Bartowski_Main_SubMenu</font>
    <textcolor>38b8b7b7</textcolor>
    <focusedcolor>white</focusedcolor>
    <colordiffuse>mainblue</colordiffuse>
    <texturefocus border="5">button-focus.png</texturefocus>
    <texturenofocus border="5">button-nofocus.png</texturenofocus>
  </include>
  <include name="ButtonHomeSubCommonValues_Horizontal">
    <width>320</width>
    <height>56</height>
    <font>Font_Bartowski_Main_SubMenu</font>
    <textcolor>ffb8b7b7</textcolor>
    <focusedcolor>mainblue</focusedcolor>
  </include>
  <include name="ButtonMediaSubCommonValues">
    <height>40</height>
    <width>221</width>
    <textoffsetx>20</textoffsetx>
    <textwidth>195</textwidth>
    <aligny>center</aligny>
    <font>Font_Neon_22</font>
    <textcolor>grey2</textcolor>
    <focusedcolor>white</focusedcolor>
    <colordiffuse>mainblue</colordiffuse>
    <texturefocus border="5">button-focus.png</texturefocus>
    <texturenofocus border="5">button-nofocus.png</texturenofocus>
    <pulseonselect>false</pulseonselect>
  </include>
  <include name="ScrollOffsetLabel">
    <control type="group">
      <visible>Container.Scrolling + [StringCompare(Container.SortMethod,$LOCALIZE[551]) | StringCompare(Container.SortMethod,$LOCALIZE[561]) | StringCompare(Container.SortMethod,$LOCALIZE[558]) | StringCompare(Container.SortMethod,$LOCALIZE[557]) | StringCompare(Container.SortMethod,$LOCALIZE[556])]</visible>
      <animation effect="slide" start="0,0" end="0,-60" time="100">Visible</animation>
      <animation effect="slide" start="0,-60" end="0,0" delay="400" time="100">Hidden</animation>
      <right>300</right>
      <top>720</top>
      <control type="image">
        <left>0</left>
        <top>0</top>
        <width>70</width>
        <height>65</height>
        <texture border="20,20,20,2">InfoMessagePanel.png</texture>
      </control>
      <control type="label">
        <left>5</left>
        <top>0</top>
        <width>65</width>
        <height>60</height>
        <align>center</align>
        <aligny>center</aligny>
        <label>[B]$INFO[ListItem.SortLetter][/B]</label>
        <textcolor>mainblue</textcolor>
        <font>Font_Neon_30</font>
      </control>
    </control>
  </include>
  <!-- Global dimensions -->
  <include name="Dimensions_Fullscreen">
    <left>0</left>
    <top>0</top>
    <width>1280</width>
    <height>720</height>
  </include>
  <include name="7000_has_focus">
    <control type="image">
      <visible>!Skin.HasSetting(LockViews) + [ControlGroup(7000).HasFocus() | Window.IsActive(contextmenu) | Window.IsActive(shutdownmenu)]</visible>
      <include>Dimensions_Fullscreen</include>
      <texture>common/7000_focus.png</texture>
      <animation effect="fade" start="0" end="100" time="600">Visible</animation>
      <animation effect="fade" start="100" end="0" time="600">Hidden</animation>
    </control>
  </include>
  <include name="Global_RSS">
    <visible>!system.getbool(lookandfeel.enablerssfeeds) + Window.IsActive(home)</visible>
    <control type="image">
      <left>0</left>
      <top>0</top>
      <width>1280</width>
      <height>32</height>
      <texture>MediaInfoBackUpper.png</texture>
      <colordiffuse>mainblue</colordiffuse>
      <animation effect="fade" start="0" end="70" time="400">WindowOpen</animation>
      <animation effect="fade" start="70" end="0" time="400">WindowClose</animation>
      <visible>system.getbool(lookandfeel.enablerssfeeds) + Window.IsActive(home)</visible>
    </control>
    <control type="rss" id="1">
      <left>10</left>
      <top>2</top>
      <width>1280</width>
      <height>40</height>
      <aligny>bottom</aligny>
      <font>Font_RSS</font>
      <textcolor>red</textcolor>
      <headlinecolor>white</headlinecolor>
      <highlightcolor>white</highlightcolor>
      <titlecolor>mainblue</titlecolor>
      <urlset>1</urlset>
      <animation effect="fade" start="100" end="0" time="400">WindowClose</animation>
      <animation effect="fade" start="0" end="100" time="400">WindowOpen</animation>
      <visible>system.getbool(lookandfeel.enablerssfeeds) + Window.IsActive(home)</visible>
    </control>
  </include>
  <include name="Time">
    <control type="group">
      <visible>[!IsEmpty(Weather.Plugin) + !Skin.HasSetting(no_weather_info) + Skin.HasSetting(no_global_clock)] + ![[Player.Paused + Player.Caching] + !Player.Seeking]</visible>
      <left>1250</left>
      <top>0</top>
      <control type="group">
        <visible>![Window.IsActive(142) + VideoPlayer.Content(episodes)]</visible>
        <animation effect="slide" start="300,0" end="-70,0" time="500">WindowOpen</animation>
        <animation effect="slide" start="-70,0" end="300,0" time="400">WindowClose</animation>
        <control type="image">
		  <left>0</left>
		  <top>0</top>
          <colordiffuse>mainblue</colordiffuse>
          <texture>MenuItemFO_small.png</texture>
        </control>
        <control type="image">
          <texture>$INFO[Window(Weather).Property(Current.ConditionIcon)]</texture>
          <aspectratio>keep</aspectratio>
          <width>21</width>
          <height>21</height>
          <left>12</left>
          <top>4</top>
          <aligny>center</aligny>
        </control>
        <control type="label">
          <left>42</left>
          <top>2</top>
          <font>Font_RSS</font>
          <textcolor>white</textcolor>
          <label>$INFO[Window(Weather).Property(Current.Temperature)]$INFO[System.TemperatureUnits]</label>
          <align>right</align>
        </control>
      </control>
    </control>
    <control type="group">
      <visible>!Skin.HasSetting(no_global_clock) + ![[Player.Paused + Player.Caching] + !Player.Seeking]</visible>
      <left>1150</left>
      <top>0</top>
      <control type="group">
        <visible>[!IsEmpty(Weather.Plugin) + !Skin.HasSetting(no_weather_info)] + ![Window.IsActive(142) + VideoPlayer.Content(episodes)]</visible>
        <animation effect="slide" start="300,0" end="-70,0" time="500">WindowOpen</animation>
        <animation effect="slide" start="-70,0" end="300,0" time="400">WindowClose</animation>
        <control type="image">
		  <left>0</left>
		  <top>0</top>
          <colordiffuse>mainblue</colordiffuse>
          <texture>MenuItemFO_small.png</texture>
        </control>
        <control type="image">
          <texture>$INFO[Window(Weather).Property(Current.ConditionIcon)]</texture>
          <aspectratio>keep</aspectratio>
          <width>21</width>
          <height>21</height>
          <left>12</left>
          <top>4</top>
          <aligny>center</aligny>
        </control>
        <control type="label">
          <left>42</left>
          <top>2</top>
          <font>Font_RSS</font>
          <textcolor>white</textcolor>
          <label>$INFO[Window(Weather).Property(Current.Temperature)]$INFO[System.TemperatureUnits]</label>
        </control>
      </control>
      <control type="group">
        <visible>!Skin.HasSetting(no_global_clock)</visible>
        <animation effect="slide" start="300,0" end="20,0" time="400">WindowOpen</animation>
        <animation effect="slide" start="20,0" end="300,0" time="300">WindowClose</animation>
        <control type="image">
          <left>0</left>
		  <top>0</top>
          <colordiffuse>mainblue</colordiffuse>
          <texture>MenuItemFO_small.png</texture>
        </control>
        <control type="label">
          <left>20</left>
          <top>2</top>
          <width>80</width>
          <font>Font_RSS</font>
          <textcolor>white</textcolor>
          <label>$INFO[System.Time(hh:mmxx)]</label>
          <align>center</align>
        </control>
      </control>
    </control>
  </include>
  <!-- Home Page Date -->
  <include name="Date">
    <control type="group">
      <visible>!Skin.HasSetting(no_global_clock)</visible>
      <left>0</left>
      <top>0</top>
      <control type="group">
        <animation effect="slide" start="-300,0" end="0,0" time="500">WindowOpen</animation>
        <animation effect="slide" start="0,0" end="-300,0" time="400">WindowClose</animation>
        <control type="image">
		  <left>-180</left>
		  <top>0</top>
          <colordiffuse>mainblue</colordiffuse>
          <texture flipx="true">MenuItemFO_small.png</texture>
        </control>
        <control type="label">
          <left>10</left>
          <top>2</top>
          <width>150</width>
          <font>Font_RSS</font>
          <textcolor>white</textcolor>
          <info>System.Date</info>
          <align>right</align>
        </control>
      </control>
    </control>
  </include>
  <include name="Library Totals">
    <control type="group">
      <visible>![ControlGroup(7000).HasFocus]</visible>
      <left>0</left>
      <top>0</top>
      <control type="group">
        <animation effect="slide" start="-300,0" end="0,0" time="500">WindowOpen</animation>
        <animation effect="slide" start="0,0" end="-300,0" time="400">WindowClose</animation>
        <control type="image">
          <left>-150</left>
          <top>0</top>
          <colordiffuse>mainblue</colordiffuse>
          <texture flipx="true">MenuItemFO_small.png</texture>
        </control>
        <control type="group">
          <left>10</left>
          <top>2</top>
          <font>Font_RSS</font>
          <control type="label">
            <description>Movies</description>
            <label>[COLOR=mainblue]$LOCALIZE[342][/COLOR] - $INFO[Container.NumItems,, $LOCALIZE[31981]]</label>
            <include>Global_HeadingSectionVars2</include>
            <visible>Window.IsActive(25) + Container.Content(movies) + IsEmpty(Container.PluginName) + !Window.IsActive(134)</visible>
          </control>
          <control type="label">
            <description>Name of Plugin</description>
            <label>[COLOR=mainblue]$INFO[Container.PluginName][/COLOR] - $INFO[Container.NumItems,, $LOCALIZE[31981]]</label>
            <include>Global_HeadingSectionVars2</include>
            <visible>!IsEmpty(Container.PluginName) + !Window.IsActive(134)</visible>
          </control>
          <control type="label">
            <description>Plugins</description>
            <label>[COLOR=mainblue]$LOCALIZE[40157][/COLOR] - $INFO[Container.NumItems,, $LOCALIZE[31981]]</label>
            <include>Global_HeadingSectionVars2</include>
            <visible>IsEmpty(Container.PluginName) + Container.Content(plugins) + !Window.IsActive(134)</visible>
          </control>
          <control type="label">
            <font>Font_RSS</font>
            <description>Tv Shows</description>
            <label>[COLOR=mainblue]$LOCALIZE[20343][/COLOR] - $INFO[Container.NumItems,, $LOCALIZE[31981]]</label>
            <include>Global_HeadingSectionVars2</include>
            <visible>Window.IsActive(25) + Container.Content(tvshows) + !Window.IsActive(134)</visible>
          </control>
          <control type="label">
            <font>Font_RSS</font>
            <description>Tv Shows</description>
            <label>[COLOR=mainblue]$LOCALIZE[20373][/COLOR] - $INFO[Container.NumItems,, $LOCALIZE[31981]]</label>
            <include>Global_HeadingSectionVars2</include>
            <visible>Window.IsActive(25) + Container.Content(seasons) + !Window.IsActive(134)</visible>
          </control>
          <control type="label">
            <font>Font_RSS</font>
            <description>Tv Shows</description>
            <label>[COLOR=mainblue]$LOCALIZE[20360][/COLOR] - $INFO[Container.NumItems,, $LOCALIZE[31981]]</label>
            <include>Global_HeadingSectionVars2</include>
            <visible>Window.IsActive(25) + Container.Content(episodes) + !Window.IsActive(134)</visible>
          </control>
          <control type="label">
            <description>Name of Plugin</description>
            <label>[COLOR=mainblue]$INFO[Container.PluginName][/COLOR] - $INFO[Container.NumItems,, $LOCALIZE[31981]]</label>
            <include>Global_HeadingSectionVars2</include>
            <visible>!IsEmpty(Container.PluginName) + !Window.IsActive(134)</visible>
          </control>
          <control type="label">
            <description>Plugins</description>
            <label>[COLOR=mainblue]$LOCALIZE[40157] - $INFO[Container.NumItems,, $LOCALIZE[31981]][/COLOR]</label>
            <include>Global_HeadingSectionVars2</include>
            <visible>IsEmpty(Container.PluginName) + Container.Content(plugins) + !Window.IsActive(134)</visible>
          </control>
          <control type="label">
            <description>Albums</description>
            <label>[COLOR=mainblue]$LOCALIZE[132][/COLOR] - $INFO[Container.NumItems,, $LOCALIZE[31981]]</label>
            <include>Global_HeadingSectionVars2</include>
            <visible>Container.Content(albums)</visible>
          </control>
          <control type="label">
            <description>Artists</description>
            <label>[COLOR=mainblue]$LOCALIZE[133][/COLOR] - $INFO[Container.NumItems,, $LOCALIZE[31981]]</label>
            <include>Global_HeadingSectionVars2</include>
            <visible>Container.Content(artists)</visible>
          </control>
          <control type="label">
            <description>Songs</description>
            <label>[COLOR=mainblue]$LOCALIZE[134][/COLOR] - $INFO[Container.NumItems,, $LOCALIZE[31981]]</label>
            <include>Global_HeadingSectionVars2</include>
            <visible>Container.Content(songs)</visible>
          </control>
          <control type="label">
            <description>Songs</description>
            <label>[COLOR=mainblue]$LOCALIZE[652][/COLOR] - $INFO[Container.NumItems,, $LOCALIZE[31981]]</label>
            <include>Global_HeadingSectionVars2</include>
            <visible>Container.Content(years)</visible>
          </control>
          <control type="label">
            <description>Songs</description>
            <label>[COLOR=mainblue]$LOCALIZE[652][/COLOR] - $INFO[Container.NumItems,, $LOCALIZE[31981]]</label>
            <include>Global_HeadingSectionVars2</include>
            <visible>Container.Content(musicvideos)</visible>
          </control>
          <control type="label">
            <description>Music</description>
            <label>[COLOR=mainblue]$LOCALIZE[2][/COLOR] - $INFO[Container.NumItems,, $LOCALIZE[31981]]</label>
            <include>Global_HeadingSectionVars2</include>
            <visible>[Window.IsActive(502) + !Container.Content(songs) + !Container.Content(albums)] + !Window.IsActive(134) + !Control.IsVisible(50) + IsEmpty(Container.PluginName) + !Container.Content(plugins)+ !Container.Content(artists)</visible>
          </control>
          <control type="label">
            <description>Video</description>
            <label>[COLOR=mainblue]$LOCALIZE[3][/COLOR] - $INFO[Container.NumItems,, $LOCALIZE[31981]]</label>
            <include>Global_HeadingSectionVars2</include>
            <visible>[Window.IsActive(24)| [Window.IsActive(25) + !Container.Content(tvshows) + !Container.Content(seasons) + !Container.Content(episodes) + !Container.Content(movies)]] + IsEmpty(Container.PluginName) + !Window.IsActive(134) + !Container.Content(years)</visible>
          </control>
          <control type="label">
            <description>Name of Plugin</description>
            <label>[COLOR=mainblue]$INFO[Container.PluginName][/COLOR] - $INFO[Container.NumItems,, $LOCALIZE[31981]] - </label>
            <include>Global_HeadingSectionVars2</include>
            <visible>!IsEmpty(Container.PluginName) + !Window.IsActive(134)</visible>
          </control>
          <control type="label">
            <description>Plugins</description>
            <label>[COLOR=mainblue]$LOCALIZE[40157][/COLOR] - $INFO[Container.NumItems,, $LOCALIZE[31981]]</label>
            <include>Global_HeadingSectionVars2</include>
            <visible>IsEmpty(Container.PluginName) + Container.Content(plugins) + !Window.IsActive(134)</visible>
          </control>
          <control type="label">
            <description>Albums</description>
            <label>[COLOR=mainblue]$LOCALIZE[132][/COLOR] - $INFO[Container.NumItems,, $LOCALIZE[31981]]</label>
            <include>Global_HeadingSectionVars2</include>
            <visible>Window.IsActive(502) + Container.Content(albums)</visible>
          </control>
          <control type="label">
            <description>Music</description>
            <label>[COLOR=mainblue]$LOCALIZE[134][/COLOR] - $INFO[Container.NumItems,, $LOCALIZE[31981]]</label>
            <include>Global_HeadingSectionVars2</include>
            <visible>Window.IsActive(502) + Container.Content(songs)</visible>
          </control>
          <control type="label">
            <description>Music</description>
            <label>[COLOR=mainblue]$LOCALIZE[2][/COLOR] - $INFO[Container.NumItems,, $LOCALIZE[31981]]</label>
            <include>Global_HeadingSectionVars2</include>
            <visible>[Window.IsActive(502) + !Container.Content(artists) + !Container.Content(songs) + !Container.Content(albums)] + !Window.IsActive(134) + !Control.IsVisible(50) + IsEmpty(Container.PluginName) + !Container.Content(plugins)</visible>
          </control>
          <control type="label">
            <description>Video</description>
            <label>[COLOR=mainblue]$LOCALIZE[3][/COLOR] - $INFO[Container.NumItems,, $LOCALIZE[31981]]</label>
            <include>Global_HeadingSectionVars2</include>
            <visible>[Window.IsActive(24)| [Window.IsActive(25) + !Container.Content(tvshows) + !Container.Content(seasons) + !Container.Content(episodes) + !Container.Content(movies)]] + IsEmpty(Container.PluginName) + !Window.IsActive(134) + !Container.Content(years)</visible>
          </control>
        </control>
      </control>
    </control>
  </include>
  <include name="Finish_Time">
    <control type="group">
      <visible>!Skin.HasSetting(no_global_clock) + ![[Player.Paused + Player.Caching] + !Player.Seeking] + !VideoPlayer.Content(LiveTV)</visible>
      <left>0</left>
      <top>0</top>
      <control type="group">
        <animation effect="slide" start="-500,0" end="-120,0" time="500">WindowOpen</animation>
        <animation effect="slide" start="-120,0" end="-500,0" time="400">WindowClose</animation>
        <control type="image">
	      <left>0</left>
		  <top>0</top>
          <colordiffuse>mainblue</colordiffuse>
          <texture flipx="true">MenuItemFO_small.png</texture>
        </control>
        <control type="label">
          <left>265</left>
          <top>0</top>
          <font>Font_RSS</font>
          <width>100</width>
          <textcolor>white</textcolor>
          <label>$INFO[Player.FinishTime]</label>
          <align>center</align>
        </control>
      </control>
      <control type="group">
        <animation effect="slide" start="-500,0" end="-210,0" time="400">WindowOpen</animation>
        <animation effect="slide" start="-210,0" end="-400,0" time="300">WindowClose</animation>
        <control type="image">
		  <left>0</left>
		  <top>0</top>
          <colordiffuse>mainblue</colordiffuse>
          <texture flipx="true">MenuItemFO_small.png</texture>
        </control>
        <control type="label">
          <left>195</left>
          <top>0</top>
          <width>180</width>
          <font>Font_RSS</font>
          <textcolor>white</textcolor>
          <label>$LOCALIZE[31075]</label>
          <align>center</align>
        </control>
      </control>
    </control>
  </include>
  <include name="Global_Time_TopRight_OSD">
    <control type="group">
      <visible>!Skin.HasSetting(no_global_clock)</visible>
      <left>0</left>
      <top>0</top>
      <animation effect="slide" start="0,-145" end="0,0" time="300" tween="quadratic" easing="out">WindowOpen</animation>
      <animation effect="slide" start="0,0" end="0,-145" time="300" delay="150" tween="quadratic" easing="out">WindowClose</animation>
      <animation effect="slide" start="0,0" end="0,-145" time="300" tween="quadratic" easing="out" condition="Window.IsVisible(SliderDialog) | Window.IsVisible(OSDVideoSettings) | Window.IsVisible(OSDAudioSettings) | Window.IsVisible(VideoBookmarks)">Conditional</animation>
      <control type="image">
        <animation type="WindowOpen">
          <effect type="fade" start="0" end="50" time="60" />
        </animation>
        <animation type="WindowClose">
          <effect type="fade" start="50" end="0" time="600" />
        </animation>
        <description> upper backgound </description>
        <left>0</left>
        <top>-140</top>
        <width>1280</width>
        <height>256</height>
        <colordiffuse>mainblue</colordiffuse>
        <texture>MediaInfoBackUpper.png</texture>
        <aspectratio>stretch</aspectratio>
        <visible>Window.IsVisible(videoosd) | Window.IsVisible(musicosd)</visible>
      </control>
      <include>Time</include>
      <control type="group">
        <visible>!Skin.HasSetting(no_global_clock)</visible>
        <animation type="WindowOpen">
          <effect type="fade" start="0" end="100" time="600" />
          <effect type="fade" start="100" end="0" time="600" delay="3000" />
        </animation>
        <animation type="WindowClose">
          <effect type="fade" start="0" end="0" time="600" />
          <!-- <effect type="fade" start="0" end="0"/> -->
        </animation>
        <control type="image">
          <animation type="WindowOpen">
            <effect type="fade" start="0" end="50" time="60" />
          </animation>
          <animation type="WindowClose">
            <effect type="fade" start="50" end="0" time="600" />
          </animation>
          <description> upper backgound </description>
          <left>0</left>
          <top>0</top>
          <width>1280</width>
          <height>32</height>
          <colordiffuse>mainblue</colordiffuse>
          <texture flipy="true">MediaInfoBacklower.png</texture>
          <aspectratio>stretch</aspectratio>
          <visible>!Window.IsVisible(videoosd) + !Window.IsVisible(musicosd)</visible>
        </control>
        <control type="progress">
          <texturebg>osd/osd_progress_back1.png</texturebg>
          <lefttexture>osd/left.png</lefttexture>
          <midtexture>osd/mid.png</midtexture>
          <righttexture>osd/new_pause2.png</righttexture>
          <info>Player.Progress</info>
          <left>490</left>
          <top>10</top>
          <width>300</width>
          <height>15</height>
          <visible>!Window.IsActive(115) + !Window.IsActive(2901) +!Window.IsVisible(musicosd)</visible>
        </control>
        <control type="label">
          <left>380</left>
          <top>3</top>
          <width>300</width>
          <height>25</height>
          <align>left</align>
          <font>Font_RSS_Unicode</font>
          <textcolor>mainblue</textcolor>
          <label>$INFO[VideoPlayer.Duration]</label>
          <visible>!Window.IsActive(115) + !Window.IsActive(2901) +!Window.IsVisible(musicosd)</visible>
        </control>
        <control type="label">
          <left>800</left>
          <top>3</top>
          <width>300</width>
          <height>25</height>
          <font>Font_RSS_Unicode</font>
          <textcolor>mainblue</textcolor>
          <label>$INFO[VideoPlayer.Duration]</label>
          <visible>!Window.IsActive(115) + !Window.IsActive(2901) +!Window.IsVisible(musicosd)</visible>
        </control>
      </control>
    </control>
  </include>
  <include name="global_kenburns_fanart">
    <animation effect="zoom" start="110" end="130" center="auto" time="16000" tween="cubic" easing="inout" pulse="true" condition="Skin.HasSetting(animation_bg) + Skin.HasSetting(animation_bg_global)">Conditional</animation>
    <animation effect="slide" start="-10,-10" end="20,20" time="8000" tween="cubic" easing="inout" pulse="true" condition="Skin.HasSetting(animation_bg) + Skin.HasSetting(animation_bg_global)">Conditional</animation>
  </include>
  <include name="Global_HeadingSectionVars">
    <width>960</width>
    <font>Font_Neon_40</font>
    <textcolor>ffffffff</textcolor>
    <align>right</align>
  </include>
  <include name="Global_HeadingSectionVars1">
    <width>960</width>
    <font>Font_Date</font>
    <textcolor>white</textcolor>
    <align>right</align>
  </include>
  <include name="Global_HeadingSectionVars2">
    <width>960</width>
    <font>Font_Date</font>
    <textcolor>white</textcolor>
    <align>left</align>
  </include>
  <include name="Global_HeadingDetailVars">
    <top>40</top>
    <width>800</width>
    <font>Font_Date</font>
    <textcolor>Date</textcolor>
    <align>right</align>
  </include>
  <include name="ButtonInfoDialogsCommonValues">
    <!--movie info bottom buttons-->
    <height>40</height>
    <width>150</width>
    <textoffsetx>10</textoffsetx>
    <align>center</align>
    <aligny>center</aligny>
    <font>Font_Bartowski_Buttons</font>
    <textcolor>grey2</textcolor>
    <focusedcolor>white</focusedcolor>
    <colordiffuse>mainblue</colordiffuse>
    <texturefocus>button-focus.png</texturefocus>
    <texturenofocus>button-nofocus.png</texturenofocus>
    <pulseonselect>true</pulseonselect>
  </include>
  <include name="ButtonInfoDialogsCommonValues2">
    <height>40</height>
    <width>170</width>
    <textoffsetx>20</textoffsetx>
    <align>center</align>
    <aligny>center</aligny>
    <font>Font_Bartowski_Press_S</font>
    <textcolor>ff000000</textcolor>
    <focusedcolor>white</focusedcolor>
    <colordiffuse>mainblue</colordiffuse>
    <texturefocus>button-focus.png</texturefocus>
    <alttexturenofocus>-</alttexturenofocus>
    <alttexturefocus>button-focus.png</alttexturefocus>
    <textureradiofocus>-</textureradiofocus>
    <textureradionofocus>-</textureradionofocus>
  </include>
  <include name="ButtonCommonValues">
    <height>40</height>
    <width>250</width>
    <textoffsetx>10</textoffsetx>
    <textwidth>235</textwidth>
    <aligny>center</aligny>
    <focusedcolor>white</focusedcolor>
    <font>Font_Neon_20</font>
    <colordiffuse>mainblue</colordiffuse>
    <texturefocus>button-focus.png</texturefocus>
    <texturenofocus>-</texturenofocus>
    <pulseonselect>false</pulseonselect>
  </include>
  <include name="BottomLine_RSS">
    <control type="image">
      <left>0</left>
      <top>690</top>
      <width>1280</width>
      <height>35</height>
      <texture flipy="true">MediaInfoBackUpper.png</texture>
      <colordiffuse>mainblue</colordiffuse>
      <animation effect="fade" start="0" end="70" time="400">WindowOpen</animation>
      <animation effect="fade" start="70" end="0" time="400">WindowClose</animation>
      <visible>Skin.HasSetting(global_bottomline) + Window.IsActive(home)</visible>
    </control>
    <control type="image">
      <left>0</left>
      <top>695</top>
      <texture>$INFO[Skin.String(Home_Custom_RSS_Logo)]</texture>
      <animation effect="fade" start="0" end="100" time="400">WindowOpen</animation>
      <animation effect="fade" start="100" end="0" time="400">WindowClose</animation>
      <visible>system.getbool(lookandfeel.enablerssfeeds) + Skin.HasSetting(global_bottomline) + Window.IsActive(home)</visible>
    </control>
    <control type="rss" id="2">
      <left>0</left>
      <top>695</top>
      <width>1400</width>
      <height>35</height>
      <aligny>bottom</aligny>
      <font>Font_RSS</font>
      <textcolor>red</textcolor>
      <headlinecolor>white</headlinecolor>
      <highlightcolor>white</highlightcolor>
      <titlecolor>mainblue</titlecolor>
      <urlset>2</urlset>
      <animation effect="fade" start="100" end="0" time="400">WindowClose</animation>
      <animation effect="fade" start="0" end="100" time="400">WindowOpen</animation>
      <visible>system.getbool(lookandfeel.enablerssfeeds) + Skin.HasSetting(global_bottomline) + Window.IsActive(home)</visible>
    </control>
  </include>
  <include name="Video_RSS">
    <!-- <visible>!Player.HasMedia + Window.IsActive(videolibrary) + ![[Control.IsVisible(52) + Container.Content(tvshows) + Skin.HasSetting(no_new_recent_info)] | Control.IsVisible(598) | Control.IsVisible(57) | Control.IsVisible(592) | Control.IsVisible(56) | Control.IsVisible(51) | Control.IsVisible(54) | Control.IsVisible(50) | Control.IsVisible(58)]</visible> -->
    <control type="image">
      <left>0</left>
      <top>0</top>
      <width>1280</width>
      <height>192</height>
      <texture>common/rss_back.png</texture>
      <colordiffuse>mainblue</colordiffuse>
    </control>
    <control type="rss" id="2">
      <left>10</left>
      <top>680</top>
      <width>1260</width>
      <height>40</height>
      <aligny>bottom</aligny>
      <font>Font_RSS_Unicode</font>
      <textcolor>mainblue</textcolor>
      <headlinecolor>white</headlinecolor>
      <highlightcolor>white</highlightcolor>
      <titlecolor>mainblue</titlecolor>
      <urlset>1</urlset>
      <animation effect="fade" start="100" end="0" time="400">WindowClose</animation>
      <animation effect="fade" start="0" end="100" time="400">WindowOpen</animation>
    </control>
  </include>
  <include name="MultiplexIconDimensionsWrap">
    <left>0</left>
    <top>20</top>
    <width>89</width>
    <height>129</height>
  </include>
  <!-- Window menus -->
  <include name="WindowMenuVars_Library">
    <width>440</width>
    <height>260</height>
    <left>270</left>
    <onright>50</onright>
    <onleft>50</onleft>
    <itemgap>0</itemgap>
    <align>left</align>
    <visible allowhiddenfocus="true">ControlGroup(7000).HasFocus() + !Skin.HasSetting(LockViews)</visible>
    <orientation>vertical</orientation>
  </include>
  <include name="WindowMenuButton_Library">
    <width>400</width>
    <height>30</height>
    <align>left</align>
    <font>Font_Bartowski_Smaller_MenuTitle</font>
    <textoffsetx>10</textoffsetx>
    <textcolor>ff000000</textcolor>
    <focusedcolor>white</focusedcolor>
    <colordiffuse>mainblue</colordiffuse>
    <texturefocus>button-focus.png</texturefocus>
  </include>
  <include name="WindowMenuVars">
    <width>1280</width>
    <height>40</height>
    <left>100</left>
    <onup>50</onup>
    <ondown>50</ondown>
    <itemgap>0</itemgap>
    <align>center</align>
    <visible allowhiddenfocus="true">ControlGroup(7000).HasFocus() + !Skin.HasSetting(LockViews)</visible>
    <orientation>horizontal</orientation>
  </include>
  <include name="WindowMenuVars_Vertical">
    <width>300</width>
    <height>720</height>
    <left>0</left>
    <onleft>7000</onleft>
    <onright>50</onright>
    <onup>7000</onup>
    <ondown>7000</ondown>
    <onback>50</onback>
    <itemgap>0</itemgap>
    <align>left</align>
    <orientation>vertical</orientation>
  </include>
  <include name="WindowMenuButton">
    <left>0</left>
    <top>30</top>
    <width>150</width>
    <height>30</height>
    <align>center</align>
    <font>Font_Bartowski_Smaller_MenuTitle</font>
    <textcolor>grey</textcolor>
    <focusedcolor>white</focusedcolor>
    <colordiffuse>mainblue</colordiffuse>
    <texturefocus>button-focus.png</texturefocus>
    <alttexturefocus>button-focus.png</alttexturefocus>
  </include>
  <include name="WindowMenuButton_Vertical">
    <width>250</width>
    <height>32</height>
    <align>left</align>
    <font>Font_Bartowski_Smaller_MenuTitle</font>
    <textcolor>grey</textcolor>
    <textoffsetx>10</textoffsetx>
    <focusedcolor>white</focusedcolor>
    <colordiffuse>mainblue</colordiffuse>
    <texturefocus>MenuItemFO.png</texturefocus>
    <alttexturefocus>MenuItemFO.png</alttexturefocus>
  </include>
  <include name="CommonWeatherBackground">
    <control type="multiimage">
      <left>0</left>
      <top>0</top>
      <width>1280</width>
      <height>720</height>
      <imagepath fallback="special://skin/backgrounds/weather.jpg" background="true">$INFO[Skin.String(Home_Custom_Back_Weather_Folder1)]$INFO[Weather.FanartCode]</imagepath>
      <timeperimage>10000</timeperimage>
      <randomize>true</randomize>
      <fadetime>1000</fadetime>
      <visible>Skin.HasSetting(conditions_weather_backdrop)</visible>
    </control>
    <control type="multiimage">
      <left>0</left>
      <top>0</top>
      <width>1280</width>
      <height>720</height>
      <imagepath background="true">$INFO[Skin.String(WeatherFanartDir)]$INFO[Weather.FanartCode]</imagepath>
      <timeperimage>10000</timeperimage>
      <randomize>true</randomize>
      <fadetime>1000</fadetime>
      <visible>Skin.HasSetting(ShowWeatherFanart) + !IsEmpty(Skin.String(WeatherFanartDir))</visible>
      <animation effect="fade" time="200">WindowClose</animation>
    </control>
  </include>
  <include name="WeatherMenuButton">
    <left>0</left>
    <top>30</top>
    <width>220</width>
    <height>30</height>
    <align>center</align>
    <textoffsetx>10</textoffsetx>
    <font>Font_Bartowski_Smaller_MenuTitle</font>
    <textcolor>ff000000</textcolor>
    <focusedcolor>white</focusedcolor>
    <colordiffuse>mainblue</colordiffuse>
    <texturefocus>button-focus.png</texturefocus>
    <alttexturenofocus>-</alttexturenofocus>
    <alttexturefocus>button-focus.png</alttexturefocus>
    <textureradiofocus>-</textureradiofocus>
    <textureradionofocus>-</textureradionofocus>
  </include>
  <include name="WindowMenuRadioButton">
    <left>0</left>
    <top>30</top>
    <width>200</width>
    <height>30</height>
    <align>center</align>
    <radioleft>45</radioleft>
    <radiotop>30</radiotop>
    <radioheight>7</radioheight>
    <radiowidth>100</radiowidth>
    <font>Font_MenuValue</font>
    <textcolor>MenuValue</textcolor>
    <textureradioon>common/radioUnderline.png</textureradioon>
    <textureradiooff>-</textureradiooff>
    <colordiffuse>FlagDiffuse</colordiffuse>
  </include>
  <include name="WindowMenuLabel">
    <left>0</left>
    <top>0</top>
    <width>150</width>
    <height>30</height>
    <align>center</align>
    <font>Font_Bartowski_Smaller_MenuTitle</font>
    <textcolor>mainblue</textcolor>
    <!--<shadowcolor>black</shadowcolor>-->
    <aligny>bottom</aligny>
  </include>
  <include name="WindowMenuLabel_Vertical">
    <left>0</left>
    <top>0</top>
    <width>150</width>
    <height>30</height>
    <align>left</align>
    <font>Font_Bartowski_Smaller_MenuTitle</font>
    <textcolor>mainblue</textcolor>
    <!--<shadowcolor>black</shadowcolor>-->
    <aligny>bottom</aligny>
  </include>
  <include name="WeatherMenuLabel">
    <left>0</left>
    <top>0</top>
    <width>220</width>
    <height>30</height>
    <align>center</align>
    <font>Font_Bartowski_Smaller_MenuTitle</font>
    <textcolor>mainblue</textcolor>
    <!--<shadowcolor>black</shadowcolor>-->
    <aligny>bottom</aligny>
  </include>
  <!-- Sub Menu -->
  <include name="ResetItems">
    <onfocus>Skin.Reset(programitems)</onfocus>
    <onfocus>Skin.Reset(videoitems)</onfocus>
    <onfocus>Skin.Reset(musicitems)</onfocus>
    <onfocus>Skin.Reset(movieitems)</onfocus>
    <onfocus>Skin.Reset(tvitems)</onfocus>
    <onfocus>Skin.Reset(pictureitems)</onfocus>
    <onfocus>Skin.Reset(weatheritems)</onfocus>
    <onfocus>Skin.Reset(settingitems)</onfocus>
  </include>
  <!-- Player OSD Status -->
  <!-- Now Playing Includes from Confluence -->
  <include name="CommonNowPlaying">
    <control type="group">
      <left>10</left>
      <top>345</top>
      <visible>Player.HasAudio + !SubString(Window(videolibrary).Property(TvTunesIsAlive),TRUE)</visible>
      <include>VisibleFadeEffect</include>
      <control type="button" id="608">
        <left>38</left>
        <top>0</top>
        <width>164</width>
        <height>164</height>
        <label>-</label>
        <texturefocus border="5">folder-focus.png</texturefocus>
        <texturenofocus>-</texturenofocus>
        <onleft>50</onleft>
        <onright>50</onright>
        <onup>603</onup>
        <ondown>611</ondown>
        <onclick>fullscreen</onclick>
      </control>
      <control type="image">
        <left>40</left>
        <top>2</top>
        <width>160</width>
        <height>160</height>
        <texture>$INFO[MusicPlayer.Cover]</texture>
        <bordertexture border="3">black-back2.png</bordertexture>
        <bordersize>5</bordersize>
        <aspectratio align="center">keep</aspectratio>
      </control>
      <control type="fadelabel">
        <left>0</left>
        <top>170</top>
        <width>240</width>
        <height>20</height>
        <label>$INFO[MusicPlayer.Title]</label>
        <align>left</align>
        <aligny>center</aligny>
        <font>Font_Neon_20</font>
        <textcolor>white</textcolor>
        <shadowcolor>black</shadowcolor>
        <scrollout>false</scrollout>
        <pauseatend>2000</pauseatend>
      </control>
      <control type="fadelabel">
        <left>0</left>
        <top>190</top>
        <width>240</width>
        <height>20</height>
        <label>$INFO[MusicPlayer.Artist]$INFO[MusicPlayer.Album, | ]</label>
        <align>left</align>
        <aligny>center</aligny>
        <font>font10</font>
        <textcolor>grey2</textcolor>
        <shadowcolor>black</shadowcolor>
        <scrollout>false</scrollout>
        <pauseatend>2000</pauseatend>
      </control>
    </control>
    <control type="group">
      <left>10</left>
      <top>345</top>
      <visible>Player.HasVideo + !SubString(Window(videolibrary).Property(TvTunesIsAlive),TRUE)</visible>
      <include>VisibleFadeEffect</include>
      <control type="button" id="608">
        <left>0</left>
        <top>0</top>
        <width>240</width>
        <height>164</height>
        <label>-</label>
        <texturefocus border="5">folder-focus.png</texturefocus>
        <texturenofocus>-</texturenofocus>
        <onleft>50</onleft>
        <onright>50</onright>
        <onup>603</onup>
        <ondown>611</ondown>
        <onclick>fullscreen</onclick>
      </control>
      <control type="videowindow">
        <left>2</left>
        <top>2</top>
        <width>236</width>
        <height>160</height>
      </control>
      <control type="fadelabel">
        <left>0</left>
        <top>170</top>
        <width>240</width>
        <height>20</height>
        <label>$INFO[VideoPlayer.Title]</label>
        <align>left</align>
        <aligny>center</aligny>
        <font>Font_Neon_20</font>
        <textcolor>white</textcolor>
        <shadowcolor>black</shadowcolor>
        <scrollout>false</scrollout>
        <pauseatend>2000</pauseatend>
      </control>
      <control type="fadelabel">
        <left>0</left>
        <top>190</top>
        <width>240</width>
        <height>20</height>
        <label>$INFO[VideoPlayer.TVShowTitle,, - ]$INFO[VideoPlayer.Season,,x]$INFO[VideoPlayer.Episode]</label>
        <align>left</align>
        <aligny>center</aligny>
        <font>font10</font>
        <textcolor>white</textcolor>
        <shadowcolor>black</shadowcolor>
        <scrollout>false</scrollout>
        <pauseatend>2000</pauseatend>
        <visible>VideoPlayer.Content(Episodes)</visible>
      </control>
      <control type="fadelabel">
        <left>0</left>
        <top>190</top>
        <width>240</width>
        <height>20</height>
        <label>$INFO[VideoPlayer.Year]$INFO[VideoPlayer.Director, | ]$INFO[VideoPlayer.Genre, | ]</label>
        <align>left</align>
        <aligny>center</aligny>
        <font>font10</font>
        <textcolor>white</textcolor>
        <shadowcolor>black</shadowcolor>
        <scrollout>false</scrollout>
        <pauseatend>2000</pauseatend>
        <visible>VideoPlayer.Content(Movies)</visible>
      </control>
    </control>
  </include>
  <include name="CommonNowPlaying_Controls">
    <control type="label" id="202">
      <width>250</width>
      <height>35</height>
      <font>font12caps</font>
      <label>31023</label>
      <textcolor>mainblue</textcolor>
      <align>center</align>
      <aligny>center</aligny>
      <visible>[Player.HasAudio | Player.HasVideo | Control.IsVisible(612)]</visible>
      <include>VisibleFadeEffect</include>
    </control>
    <control type="image" id="224">
      <description>separator</description>
      <width>240</width>
      <aspectratio>keep</aspectratio>
      <colordiffuse>mainblue</colordiffuse>
      <texture>separator2.png</texture>
    </control>
    <control type="button" id="610">
      <description>Fake Button to fix Player Controls Navigation</description>
      <visible>false</visible>
    </control>
    <control type="group" id="9006">
      <width>250</width>
      <height>45</height>
      <visible>VideoPlayer.Content(LiveTV)</visible>
      <include>VisibleFadeEffect</include>
      <control type="button" id="600">
        <left>20</left>
        <top>2</top>
        <width>39</width>
        <height>39</height>
        <label>-</label>
        <texturefocus>osd/OSDChannelUPFO.png</texturefocus>
        <texturenofocus>osd/OSDChannelUPNF.png</texturenofocus>
        <onleft>50</onleft>
        <onright>601</onright>
        <onup>610</onup>
        <ondown>611</ondown>
        <onclick>ChannelDown</onclick>  <!--  Channel button opposite to have indicated effect -->
      </control>
      <control type="button" id="601">
        <left>60</left>
        <top>2</top>
        <width>39</width>
        <height>39</height>
        <label>-</label>
        <texturefocus>osd/OSDChannelDownFO.png</texturefocus>
        <texturenofocus>osd/OSDChannelDownNF.png</texturenofocus>
        <onleft>600</onleft>
        <onright>603</onright>
        <onup>610</onup>
        <ondown>611</ondown>
        <onclick>ChannelUp</onclick>  <!--  Channel button opposite to have indicated effect -->
      </control>
      <control type="button" id="603">
        <left>100</left>
        <top>2</top>
        <width>39</width>
        <height>39</height>
        <label>-</label>
        <texturefocus>osd/OSDStopFO.png</texturefocus>
        <texturenofocus>osd/OSDStopNF.png</texturenofocus>
        <onleft>601</onleft>
        <onright>604</onright>
        <onup>610</onup>
        <ondown>611</ondown>
        <onclick>down</onclick>
        <onclick>XBMC.PlayerControl(Stop)</onclick>
      </control>
      <control type="togglebutton" id="604">
        <left>140</left>
        <top>2</top>
        <width>39</width>
        <height>39</height>
        <label>-</label>
        <texturefocus>osd/OSDPauseFO.png</texturefocus>
        <texturenofocus>osd/OSDPauseNF.png</texturenofocus>
        <usealttexture>Player.Paused | Player.Forwarding | Player.Rewinding</usealttexture>
        <alttexturefocus>osd/OSDPlayFO.png</alttexturefocus>
        <alttexturenofocus>osd/OSDPlayNF.png</alttexturenofocus>
        <onleft>603</onleft>
        <onright>605</onright>
        <onup>610</onup>
        <ondown>606</ondown>
        <onback>50</onback>
        <onclick>XBMC.PlayerControl(Play)</onclick>
        <enable>Player.PauseEnabled</enable>
        <animation effect="fade" start="100" end="30" time="100" condition="!Player.PauseEnabled">Conditional</animation>
      </control>
      <control type="button" id="605">
        <left>180</left>
        <top>2</top>
        <width>39</width>
        <height>39</height>
        <label>-</label>
        <texturefocus>osd/OSDRecordOffFO.png</texturefocus>
        <texturenofocus>osd/OSDRecordOffNF.png</texturenofocus>
        <onleft>604</onleft>
        <onright>50</onright>
        <onup>610</onup>
        <ondown>611</ondown>
        <onclick>XBMC.PlayerControl(record)</onclick>
        <enable>Player.CanRecord</enable>
        <animation effect="fade" start="100" end="30" time="100" condition="!Player.CanRecord">Conditional</animation>
      </control>
    </control>
    <control type="group" id="9005">
      <visible>Player.HasMedia</visible>
      <visible>!VideoPlayer.Content(LiveTV)</visible>
      <include>VisibleFadeEffect</include>
      <width>250</width>
      <height>45</height>
      <defaultcontrol always="true">603</defaultcontrol>
      <control type="button" id="600">
        <left>5</left>
        <top>2</top>
        <width>39</width>
        <height>39</height>
        <label>-</label>
        <texturefocus>osd/OSDPrevTrackFO.png</texturefocus>
        <texturenofocus>osd/OSDPrevTrackNF.png</texturenofocus>
        <onleft>50</onleft>
        <onright>606</onright>
        <onup>610</onup>
        <ondown>611</ondown>
        <onback>50</onback>
        <onclick>XBMC.PlayerControl(Previous)</onclick>
      </control>
      <control type="button" id="606">
        <left>45</left>
        <top>2</top>
        <width>39</width>
        <height>39</height>
        <label>-</label>
        <texturefocus>osd/OSDRewindFO.png</texturefocus>
        <texturenofocus>osd/OSDRewindNF.png</texturenofocus>
        <onleft>600</onleft>
        <onright>603</onright>
        <onup>610</onup>
        <ondown>611</ondown>
        <onback>50</onback>
        <onclick>XBMC.PlayerControl(Rewind)</onclick>
        <visible>Window.IsVisible(MusicPlaylist) | Window.IsVisible(VideoPlaylist) | Player.HasVideo</visible>
      </control>
      <control type="group">
        <animation effect="slide" start="0,0" end="40,0" time="0" condition="Window.IsVisible(MusicPlaylist) | Window.IsVisible(VideoPlaylist) | Player.HasVideo">Conditional</animation>
        <control type="togglebutton" id="603">
          <left>45</left>
          <top>2</top>
          <width>39</width>
          <height>39</height>
          <label>-</label>
          <texturefocus>osd/OSDPauseFO.png</texturefocus>
          <texturenofocus>osd/OSDPauseNF.png</texturenofocus>
          <usealttexture>Player.Paused | Player.Forwarding | Player.Rewinding</usealttexture>
          <alttexturefocus>osd/OSDPlayFO.png</alttexturefocus>
          <alttexturenofocus>osd/OSDPlayNF.png</alttexturenofocus>
          <onleft>606</onleft>
          <onright>601</onright>
          <onup>610</onup>
          <ondown>611</ondown>
          <onback>50</onback>
          <onclick>XBMC.PlayerControl(Play)</onclick>
        </control>
        <control type="button" id="601">
          <left>85</left>
          <top>2</top>
          <width>39</width>
          <height>39</height>
          <label>-</label>
          <texturefocus>osd/OSDStopFO.png</texturefocus>
          <texturenofocus>osd/OSDStopNF.png</texturenofocus>
          <onleft>603</onleft>
          <onright>607</onright>
          <onup>610</onup>
          <ondown>611</ondown>
          <onback>50</onback>
          <onclick>down</onclick>
          <onclick>XBMC.PlayerControl(Stop)</onclick>
        </control>
        <control type="button" id="607">
          <left>125</left>
          <top>2</top>
          <width>39</width>
          <height>39</height>
          <label>-</label>
          <texturefocus>osd/OSDForwardFO.png</texturefocus>
          <texturenofocus>osd/OSDForwardNF.png</texturenofocus>
          <onleft>601</onleft>
          <onright>602</onright>
          <onup>610</onup>
          <ondown>611</ondown>
          <onback>50</onback>
          <onclick>XBMC.PlayerControl(Forward)</onclick>
          <visible>Window.IsVisible(MusicPlaylist) | Window.IsVisible(VideoPlaylist) | Player.HasVideo</visible>
        </control>
        <control type="button" id="602">
          <left>125</left>
          <top>2</top>
          <width>39</width>
          <height>39</height>
          <label>-</label>
          <texturefocus>osd/OSDNextTrackFO.png</texturefocus>
          <texturenofocus>osd/OSDNextTrackNF.png</texturenofocus>
          <onleft>607</onleft>
          <onright>604</onright>
          <onup>610</onup>
          <ondown>611</ondown>
          <onback>50</onback>
          <onclick>XBMC.PlayerControl(Next)</onclick>
          <animation effect="slide" start="0,0" end="40,0" time="0" condition="Window.IsVisible(MusicPlaylist) | Window.IsVisible(VideoPlaylist) | Player.HasVideo">Conditional</animation>
        </control>
      </control>
      <control type="group">
        <visible>!Window.IsVisible(MusicPlaylist) + !Window.IsVisible(VideoPlaylist) + !Player.HasVideo</visible>
        <control type="button" id="604">
          <left>165</left>
          <top>2</top>
          <width>39</width>
          <height>39</height>
          <label>-</label>
          <texturefocus>-</texturefocus>
          <texturenofocus>-</texturenofocus>
          <onclick>XBMC.PlayerControl(Repeat)</onclick>
          <onleft>602</onleft>
          <onright>605</onright>
          <onup>610</onup>
          <ondown>611</ondown>
          <onback>50</onback>
        </control>
        <control type="image">
          <left>165</left>
          <top>2</top>
          <width>39</width>
          <height>39</height>
          <texture>osd/OSDRepeatNF.png</texture>
          <visible>!Playlist.IsRepeat + !Playlist.IsRepeatOne</visible>
          <visible>!Control.HasFocus(604)</visible>
        </control>
        <control type="image">
          <left>165</left>
          <top>2</top>
          <width>39</width>
          <height>39</height>
          <texture>osd/OSDRepeatFO.png</texture>
          <visible>!Playlist.IsRepeat + !Playlist.IsRepeatOne</visible>
          <visible>Control.HasFocus(604)</visible>
        </control>
        <control type="image">
          <left>165</left>
          <top>2</top>
          <width>39</width>
          <height>39</height>
          <texture>osd/OSDRepeatOneNF.png</texture>
          <visible>Playlist.IsRepeatOne</visible>
          <visible>!Control.HasFocus(604)</visible>
        </control>
        <control type="image">
          <left>165</left>
          <top>2</top>
          <width>39</width>
          <height>39</height>
          <texture>osd/OSDRepeatOneFO.png</texture>
          <visible>Playlist.IsRepeatOne</visible>
          <visible>Control.HasFocus(604)</visible>
        </control>
        <control type="image">
          <left>165</left>
          <top>2</top>
          <width>39</width>
          <height>39</height>
          <texture>osd/OSDRepeatAllNF.png</texture>
          <visible>Playlist.IsRepeat</visible>
          <visible>!Control.HasFocus(604)</visible>
        </control>
        <control type="image">
          <left>165</left>
          <top>2</top>
          <width>39</width>
          <height>39</height>
          <texture>osd/OSDRepeatAllFO.png</texture>
          <visible>Playlist.IsRepeat</visible>
          <visible>Control.HasFocus(604)</visible>
        </control>
        <control type="togglebutton" id="605">
          <left>205</left>
          <top>2</top>
          <width>39</width>
          <height>39</height>
          <label>-</label>
          <texturefocus>osd/OSDRandomOffFO.png</texturefocus>
          <texturenofocus>osd/OSDRandomOffNF.png</texturenofocus>
          <usealttexture>Playlist.IsRandom</usealttexture>
          <alttexturefocus>osd/OSDRandomOnFO.png</alttexturefocus>
          <alttexturenofocus>osd/OSDRandomOnNF.png</alttexturenofocus>
          <onclick>XBMC.PlayerControl(Random)</onclick>
          <onleft>604</onleft>
          <onright>50</onright>
          <onup>610</onup>
          <ondown>611</ondown>
          <onback>50</onback>
        </control>
      </control>
    </control>
    <control type="radiobutton" id="611">
      <description>Go to fullscreen Playback</description>
      <include>WindowMenuButton_Vertical</include>
      <label>$LOCALIZE[31514]</label>
      <onclick>fullscreen</onclick>
      <textureradioonfocus>GoFullscreen.png</textureradioonfocus>
	  <textureradioonnofocus>GoFullscreen.png</textureradioonnofocus>
      <textureradioofffocus>GoFullscreen.png</textureradioofffocus>
      <textureradiooffnofocus>GoFullscreen.png</textureradiooffnofocus>
      <radiowidth>25</radiowidth>
      <radioheight>25</radioheight>
      <visible>Player.HasMedia</visible>
    </control>
    <control type="button" id="612">
      <description>Go to playlist</description>
      <include>WindowMenuButton_Vertical</include>
      <label>13350</label>
      <onclick>$VAR[PlayList]</onclick>
      <visible>[Window.IsActive(videolibrary) + !StringCompare(Playlist.Length(video),0)] | [[Window.IsActive(musiclibrary) | Window.IsActive(musicfiles)] + !StringCompare(Playlist.Length(music),0)]</visible>
      <visible>!Window.IsVisible(MusicPlaylist) + !Window.IsVisible(VideoPlaylist)</visible>
    </control>
  </include>
  <include name="SmallMusicInfo">
    <control type="image">
      <description>gradient</description>
      <left>0</left>
      <top>0</top>
      <width>500</width>
      <height>165</height>
      <colordiffuse>mainblue</colordiffuse>
      <texture border="20">OverlayDialogBackground.png</texture>
    </control>
    <control type="image">
      <description>Cover image</description>
      <left>20</left>
      <top>17</top>
      <width>130</width>
      <height>130</height>
      <texture>$INFO[MusicPlayer.Cover]</texture>
      <aspectratio>keep</aspectratio>
    </control>
    <control type="label">
      <description>Artist label</description>
      <left>160</left>
      <top>20</top>
      <height>30</height>
      <width>325</width>
      <label>$INFO[MusicPlayer.Artist]</label>
      <align>left</align>
      <aligny>center</aligny>
      <font>Font_Neon_22</font>
      <textcolor>grey2</textcolor>
      <shadowcolor>black</shadowcolor>
    </control>
    <control type="fadelabel">
      <description>Title label</description>
      <left>160</left>
      <top>43</top>
      <height>30</height>
      <width>325</width>
      <label>$INFO[MusicPlayer.Title]</label>
      <align>left</align>
      <aligny>center</aligny>
      <font>font13_title</font>
      <textcolor>white</textcolor>
      <shadowcolor>black</shadowcolor>
      <scrollout>false</scrollout>
      <pauseatend>2000</pauseatend>
    </control>
    <control type="label">
      <description>Album Label</description>
      <left>160</left>
      <top>70</top>
      <height>30</height>
      <width>325</width>
      <label>$INFO[MusicPlayer.Album]$INFO[musicplayer.discnumber, - $LOCALIZE[427]:]</label>
      <align>left</align>
      <aligny>center</aligny>
      <font>Font_Neon_20</font>
      <textcolor>white</textcolor>
      <shadowcolor>black</shadowcolor>
    </control>
    <control type="label">
      <description>Time Label</description>
      <left>160</left>
      <top>95</top>
      <height>30</height>
      <width>325</width>
      <label>$INFO[MusicPlayer.Time]$INFO[MusicPlayer.Duration, / ]</label>
      <align>left</align>
      <aligny>center</aligny>
      <font>Font_Neon_20</font>
      <textcolor>white</textcolor>
      <shadowcolor>black</shadowcolor>
    </control>
    <control type="label">
      <description>Next Label</description>
      <left>485</left>
      <top>120</top>
      <height>30</height>
      <width>325</width>
      <label>[COLOR=blue]$LOCALIZE[209] :[/COLOR] $INFO[MusicPlayer.offset(1).Title]</label>
      <align>right</align>
      <aligny>center</aligny>
      <font>Font_Neon_20</font>
      <textcolor>grey</textcolor>
      <shadowcolor>black</shadowcolor>
    </control>
  </include>
  <include name="SmallVideoInfo">
    <control type="image">
      <description>gradient</description>
      <left>0</left>
      <top>0</top>
      <width>500</width>
      <height>165</height>
      <colordiffuse>mainblue</colordiffuse>
      <texture border="20">OverlayDialogBackground.png</texture>
    </control>
    <control type="image">
      <description>Cover image</description>
      <left>20</left>
      <top>17</top>
      <width>130</width>
      <height>130</height>
      <aspectratio>keep</aspectratio>
      <texture>$INFO[VideoPlayer.cover]</texture>
      <aspectratio>keep</aspectratio>
    </control>
    <control type="label">
      <description>Studio label</description>
      <left>160</left>
      <top>20</top>
      <height>30</height>
      <width>325</width>
      <label>$INFO[VideoPlayer.Studio]</label>
      <align>left</align>
      <aligny>center</aligny>
      <font>Font_Neon_22</font>
      <textcolor>grey2</textcolor>
      <shadowcolor>black</shadowcolor>
      <visible>!videoplayer.content(episodes) + !videoplayer.content(musicvideos)</visible>
    </control>
    <control type="label">
      <description>TV Show Title label</description>
      <left>160</left>
      <top>20</top>
      <height>30</height>
      <width>325</width>
      <label>$INFO[VideoPlayer.tvshowtitle]</label>
      <align>left</align>
      <aligny>center</aligny>
      <font>Font_Neon_22</font>
      <textcolor>white</textcolor>
      <shadowcolor>black</shadowcolor>
      <visible>videoplayer.content(episodes)</visible>
    </control>
    <control type="fadelabel">
      <description>Music Video Artist label</description>
      <left>160</left>
      <top>20</top>
      <height>30</height>
      <width>325</width>
      <label>$INFO[VideoPlayer.Artist]</label>
      <align>left</align>
      <aligny>center</aligny>
      <font>Font_Neon_22</font>
      <textcolor>white</textcolor>
      <shadowcolor>black</shadowcolor>
      <visible>videoplayer.content(musicvideos)</visible>
      <scrollout>false</scrollout>
      <pauseatend>2000</pauseatend>
    </control>
    <control type="fadelabel">
      <description>Title label</description>
      <left>160</left>
      <top>43</top>
      <height>30</height>
      <width>325</width>
      <label>$INFO[VideoPlayer.Title]</label>
      <align>left</align>
      <aligny>center</aligny>
      <font>font13_title</font>
      <textcolor>white</textcolor>
      <shadowcolor>black</shadowcolor>
      <scrollout>false</scrollout>
      <pauseatend>2000</pauseatend>
    </control>
    <control type="label">
      <description>Genre label</description>
      <left>160</left>
      <top>70</top>
      <height>30</height>
      <width>325</width>
      <label>$INFO[VideoPlayer.Genre]</label>
      <align>left</align>
      <aligny>center</aligny>
      <font>Font_Neon_20</font>
      <textcolor>white</textcolor>
      <shadowcolor>black</shadowcolor>
      <visible>!videoplayer.content(episodes) + !videoplayer.content(musicvideos)</visible>
    </control>
    <control type="label">
      <left>160</left>
      <top>70</top>
      <height>30</height>
      <width>325</width>
      <label>$INFO[VideoPlayer.Album]</label>
      <align>left</align>
      <aligny>center</aligny>
      <font>Font_Neon_20</font>
      <textcolor>white</textcolor>
      <shadowcolor>black</shadowcolor>
      <visible>videoplayer.content(musicvideos)</visible>
    </control>
    <control type="label">
      <description>Season and Episode label</description>
      <left>160</left>
      <top>70</top>
      <height>30</height>
      <width>325</width>
      <label>$LOCALIZE[20373] $INFO[VideoPlayer.Season] - $LOCALIZE[20359] $INFO[VideoPlayer.episode]</label>
      <align>left</align>
      <aligny>center</aligny>
      <font>Font_Neon_20</font>
      <textcolor>white</textcolor>
      <shadowcolor>black</shadowcolor>
      <visible>videoplayer.content(episodes)</visible>
    </control>
    <control type="label">
      <description>Time Label</description>
      <left>160</left>
      <top>95</top>
      <height>30</height>
      <width>325</width>
      <label>$INFO[VideoPlayer.Time]$INFO[VideoPlayer.Duration, / ]</label>
      <align>left</align>
      <aligny>center</aligny>
      <font>Font_Neon_20</font>
      <textcolor>white</textcolor>
      <shadowcolor>black</shadowcolor>
    </control>
  </include>
  <include name="musiclogos">
    <texture fallback="logo.png" background="true">$INFO[Skin.String(Music_Folder_Path)]$INFO[ListItem.Artist]$INFO[ListItem.Album,/,/logo.png]</texture>
  </include>
  <include name="recent_movies_section">
    <item id="1">
      <label>-</label>
      <onclick>PlayMedia($ESCINFO[Window.Property(RecentMovie.1.Path)])</onclick>
      <icon>$INFO[Window.Property(RecentMovie.1.Thumb)]</icon>
      <thumb>$INFO[Window.Property(RecentMovie.1.Fanart)]</thumb>
    </item>
    <item id="2">
      <label>-</label>
      <onclick>PlayMedia($ESCINFO[Window.Property(RecentMovie.2.Path)])</onclick>
      <icon>$INFO[Window.Property(RecentMovie.2.Thumb)]</icon>
      <thumb>$INFO[Window.Property(RecentMovie.2.Fanart)]</thumb>
    </item>
    <item id="3">
      <label>-</label>
      <onclick>PlayMedia($ESCINFO[Window.Property(RecentMovie.3.Path)])</onclick>
      <icon>$INFO[Window.Property(RecentMovie.3.Thumb)]</icon>
      <thumb>$INFO[Window.Property(RecentMovie.3.Fanart)]</thumb>
    </item>
    <item id="4">
      <label>-</label>
      <onclick>PlayMedia($ESCINFO[Window.Property(RecentMovie.4.Path)])</onclick>
      <icon>$INFO[Window.Property(RecentMovie.4.Thumb)]</icon>
      <thumb>$INFO[Window.Property(RecentMovie.4.Fanart)]</thumb>
    </item>
    <item id="5">
      <label>-</label>
      <onclick>PlayMedia($ESCINFO[Window.Property(RecentMovie.5.Path)])</onclick>
      <icon>$INFO[Window.Property(RecentMovie.5.Thumb)]</icon>
      <thumb>$INFO[Window.Property(RecentMovie.5.Fanart)]</thumb>
    </item>
    <item id="6">
      <label>-</label>
      <onclick>PlayMedia($ESCINFO[Window.Property(RecentMovie.6.Path)])</onclick>
      <icon>$INFO[Window.Property(RecentMovie.6.Thumb)]</icon>
      <thumb>$INFO[Window.Property(RecentMovie.6.Fanart)]</thumb>
    </item>
    <item id="7">
      <label>-</label>
      <onclick>PlayMedia($ESCINFO[Window.Property(RecentMovie.7.Path)])</onclick>
      <icon>$INFO[Window.Property(RecentMovie.7.Thumb)]</icon>
      <thumb>$INFO[Window.Property(RecentMovie.7.Fanart)]</thumb>
    </item>
    <item id="8">
      <label>-</label>
      <onclick>PlayMedia($ESCINFO[Window.Property(RecentMovie.8.Path)])</onclick>
      <icon>$INFO[Window.Property(RecentMovie.8.Thumb)]</icon>
      <thumb>$INFO[Window.Property(RecentMovie.8.Fanart)]</thumb>
    </item>
    <item id="9">
      <label>-</label>
      <onclick>PlayMedia($ESCINFO[Window.Property(RecentMovie.9.Path)])</onclick>
      <icon>$INFO[Window.Property(RecentMovie.9.Thumb)]</icon>
      <thumb>$INFO[Window.Property(RecentMovie.9.Fanart)]</thumb>
    </item>
    <item id="10">
      <label>-</label>
      <onclick>PlayMedia($ESCINFO[Window.Property(RecentMovie.10.Path)])</onclick>
      <icon>$INFO[Window.Property(RecentMovie.10.Thumb)]</icon>
      <thumb>$INFO[Window.Property(RecentMovie.10.Fanart)]</thumb>
    </item>
  </include>
  <include name="random_tv">
    <onfocus>SetProperty(SkinWidgets_RandomItems_Update,true)</onfocus>
  </include>
  <include name="random_movie_section">
    <item id="1">
      <label>-</label>
      <onclick>PlayMedia($ESCINFO[Window.Property(RandomMovie.1.Path)])</onclick>
      <icon>$INFO[Window.Property(RandomMovie.1.Thumb)]</icon>
      <thumb>$INFO[Window.Property(RandomMovie.1.Art(fanart))]</thumb>
    </item>
    <item id="2">
      <label>-</label>
      <onclick>PlayMedia($ESCINFO[Window.Property(RandomMovie.2.Path)])</onclick>
      <icon>$INFO[Window.Property(RandomMovie.2.Thumb)]</icon>
      <thumb>$INFO[Window.Property(RandomMovie.2.Art(fanart))]</thumb>
    </item>
    <item id="3">
      <label>$INFO[Window.Property(RandomMovie.3.Title)]</label>
      <onclick>PlayMedia($ESCINFO[Window.Property(RandomMovie.3.Path)])</onclick>
      <icon>$INFO[Window.Property(RandomMovie.3.Thumb)]</icon>
      <thumb>$INFO[Window.Property(RandomMovie.3.Art(fanart))]</thumb>
    </item>
    <item id="4">
      <label>-</label>
      <onclick>PlayMedia($ESCINFO[Window.Property(RandomMovie.4.Path)])</onclick>
      <icon>$INFO[Window.Property(RandomMovie.4.Thumb)]</icon>
      <thumb>$INFO[Window.Property(RandomMovie.4.Art(fanart))]</thumb>
    </item>
    <item id="5">
      <label>-</label>
      <onclick>PlayMedia($ESCINFO[Window.Property(RandomMovie.5.Path)])</onclick>
      <icon>$INFO[Window.Property(RandomMovie.5.Thumb)]</icon>
      <thumb>$INFO[Window.Property(RandomMovie.5.Art(fanart))]</thumb>
    </item>
    <item id="6">
      <label>-</label>
      <onclick>PlayMedia($ESCINFO[Window.Property(RandomMovie.6.Path)])</onclick>
      <icon>$INFO[Window.Property(RandomMovie.6.Thumb)]</icon>
      <thumb>$INFO[Window.Property(RandomMovie.6.Art(fanart))]</thumb>
    </item>
    <item id="7">
      <label>-</label>
      <onclick>PlayMedia($ESCINFO[Window.Property(RandomMovie.7.Path)])</onclick>
      <icon>$INFO[Window.Property(RandomMovie.7.Thumb)]</icon>
      <thumb>$INFO[Window.Property(RandomMovie.7.Art(fanart))]</thumb>
    </item>
    <item id="8">
      <label>$INFO[Window.Property(RandomMovie.8.Title)]</label>
      <onclick>PlayMedia($ESCINFO[Window.Property(RandomMovie.8.Path)])</onclick>
      <icon>$INFO[Window.Property(RandomMovie.8.Thumb)]</icon>
      <thumb>$INFO[Window.Property(RandomMovie.8.Art(fanart))]</thumb>
    </item>
    <item id="9">
      <label>-</label>
      <onclick>PlayMedia($ESCINFO[Window.Property(RandomMovie.9.Path)])</onclick>
      <icon>$INFO[Window.Property(RandomMovie.9.Thumb)]</icon>
      <thumb>$INFO[Window.Property(RandomMovie.9.Art(fanart))]</thumb>
    </item>
    <item id="10">
      <label>-</label>
      <onclick>PlayMedia($ESCINFO[Window.Property(RandomMovie.10.Path)])</onclick>
      <icon>$INFO[Window.Property(RandomMovie.10.Thumb)]</icon>
      <thumb>$INFO[Window.Property(RandomMovie.10.Art(fanart))]</thumb>
    </item>
  </include>
  <include name="recent_tv_section">
    <item id="1">
      <label>$INFO[Window.Property(RecentEpisode.1.EpisodeTitle)]</label>
      <label2>$INFO[Window.Property(RecentEpisode.1.ShowTitle)] - $INFO[Window.Property(RecentEpisode.1.EpisodeNo)]</label2>
      <onclick>PlayMedia($ESCINFO[Window.Property(RecentEpisode.1.Path)])</onclick>
      <thumb>$INFO[Window.Property(RecentEpisode.1.Fanart)]</thumb>
      <icon>$INFO[Window.Property(RecentEpisode.1.Thumb)]</icon>
    </item>
    <item id="2">
      <label>$INFO[Window.Property(RecentEpisode.2.EpisodeTitle)]</label>
      <label2>$INFO[Window.Property(RecentEpisode.2.ShowTitle)] - $INFO[Window.Property(RecentEpisode.2.EpisodeNo)]</label2>
      <onclick>PlayMedia($ESCINFO[Window.Property(RecentEpisode.2.Path)])</onclick>
      <thumb>$INFO[Window.Property(RecentEpisode.2.Fanart)]</thumb>
      <icon>$INFO[Window.Property(RecentEpisode.2.Thumb)]</icon>
    </item>
    <item id="3">
      <label>$INFO[Window.Property(RecentEpisode.3.EpisodeTitle)]</label>
      <label2>$INFO[Window.Property(RecentEpisode.3.ShowTitle)] - $INFO[Window.Property(RecentEpisode.3.EpisodeNo)]</label2>
      <onclick>PlayMedia($ESCINFO[Window.Property(RecentEpisode.3.Path)])</onclick>
      <thumb>$INFO[Window.Property(RecentEpisode.3.Fanart)]</thumb>
      <icon>$INFO[Window.Property(RecentEpisode.3.Thumb)]</icon>
    </item>
    <item id="4">
      <label>$INFO[Window.Property(RecentEpisode.4.EpisodeTitle)]</label>
      <label2>$INFO[Window.Property(RecentEpisode.4.ShowTitle)] - $INFO[Window.Property(RecentEpisode.4.EpisodeNo)]</label2>
      <onclick>PlayMedia($ESCINFO[Window.Property(RecentEpisode.4.Path)])</onclick>
      <thumb>$INFO[Window.Property(RecentEpisode.4.Fanart)]</thumb>
      <icon>$INFO[Window.Property(RecentEpisode.4.Thumb)]</icon>
    </item>
    <item id="5">
      <label>$INFO[Window.Property(RecentEpisode.5.EpisodeTitle)]</label>
      <label2>$INFO[Window.Property(RecentEpisode.5.ShowTitle)] - $INFO[Window.Property(RecentEpisode.5.EpisodeNo)]</label2>
      <onclick>PlayMedia($ESCINFO[Window.Property(RecentEpisode.5.Path)])</onclick>
      <thumb>$INFO[Window.Property(RecentEpisode.5.Fanart)]</thumb>
      <icon>$INFO[Window.Property(RecentEpisode.5.Thumb)]</icon>
    </item>
    <item id="6">
      <label>$INFO[Window.Property(RecentEpisode.6.EpisodeTitle)]</label>
      <label2>$INFO[Window.Property(RecentEpisode.6.ShowTitle)] - $INFO[Window.Property(RecentEpisode.6.EpisodeNo)]</label2>
      <onclick>PlayMedia($ESCINFO[Window.Property(RecentEpisode.6.Path)])</onclick>
      <thumb>$INFO[Window.Property(RecentEpisode.6.Fanart)]</thumb>
      <icon>$INFO[Window.Property(RecentEpisode.6.Thumb)]</icon>
    </item>
    <item id="7">
      <label>$INFO[Window.Property(RecentEpisode.7.EpisodeTitle)]</label>
      <label2>$INFO[Window.Property(RecentEpisode.7.ShowTitle)] - $INFO[Window.Property(RecentEpisode.7.EpisodeNo)]</label2>
      <onclick>PlayMedia($ESCINFO[Window.Property(RecentEpisode.7.Path)])</onclick>
      <thumb>$INFO[Window.Property(RecentEpisode.7.Fanart)]</thumb>
      <icon>$INFO[Window.Property(RecentEpisode.7.Thumb)]</icon>
    </item>
    <item id="8">
      <label>$INFO[Window.Property(RecentEpisode.8.EpisodeTitle)]</label>
      <label2>$INFO[Window.Property(RecentEpisode.8.ShowTitle)] - $INFO[Window.Property(RecentEpisode.8.EpisodeNo)]</label2>
      <onclick>PlayMedia($ESCINFO[Window.Property(RecentEpisode.8.Path)])</onclick>
      <thumb>$INFO[Window.Property(RecentEpisode.8.Fanart)]</thumb>
      <icon>$INFO[Window.Property(RecentEpisode.8.Thumb)]</icon>
    </item>
    <item id="9">
      <label>$INFO[Window.Property(RecentEpisode.9.EpisodeTitle)]</label>
      <label2>$INFO[Window.Property(RecentEpisode.9.ShowTitle)] - $INFO[Window.Property(RecentEpisode.9.EpisodeNo)]</label2>
      <onclick>PlayMedia($ESCINFO[Window.Property(RecentEpisode.9.Path)])</onclick>
      <thumb>$INFO[Window.Property(RecentEpisode.9.Fanart)]</thumb>
      <icon>$INFO[Window.Property(RecentEpisode.9.Thumb)]</icon>
    </item>
    <item id="10">
      <label>$INFO[Window.Property(RecentEpisode.10.EpisodeTitle)]</label>
      <label2>$INFO[Window.Property(RecentEpisode.10.ShowTitle)] - $INFO[Window.Property(RecentEpisode.10.EpisodeNo)]</label2>
      <onclick>PlayMedia($ESCINFO[Window.Property(RecentEpisode.10.Path)])</onclick>
      <thumb>$INFO[Window.Property(RecentEpisode.10.Fanart)]</thumb>
      <icon>$INFO[Window.Property(RecentEpisode.10.Thumb)]</icon>
    </item>
  </include>
  <include name="random_tv_section">
    <item id="1">
      <label>$INFO[Window.Property(RandomEpisode.1.Title)]</label>
      <label2>$INFO[Window.Property(RandomEpisode.1.TVshowTitle)] - $INFO[Window.Property(RandomEpisode.1.EpisodeNo)]</label2>
      <onclick>PlayMedia($ESCINFO[Window.Property(RandomEpisode.1.Path)])</onclick>
      <thumb>$INFO[Window.Property(RandomEpisode.1.Art(tvshow.fanart))]</thumb>
      <icon>$INFO[Window.Property(RandomEpisode.1.Art(thumb))]</icon>
    </item>
    <item id="2">
      <label>$INFO[Window.Property(RandomEpisode.2.Title)]</label>
      <label2>$INFO[Window.Property(RandomEpisode.2.TVshowTitle)] - $INFO[Window.Property(RandomEpisode.2.EpisodeNo)]</label2>
      <onclick>PlayMedia($ESCINFO[Window.Property(RandomEpisode.2.Path)])</onclick>
      <thumb>$INFO[Window.Property(RandomEpisode.2.Art(tvshow.fanart))]</thumb>
      <icon>$INFO[Window.Property(RandomEpisode.2.Art(thumb))]</icon>
    </item>
    <item id="3">
      <label>$INFO[Window.Property(RandomEpisode.3.Title)]</label>
      <label2>$INFO[Window.Property(RandomEpisode.3.TVshowTitle)] - $INFO[Window.Property(RandomEpisode.3.EpisodeNo)]</label2>
      <onclick>PlayMedia($ESCINFO[Window.Property(RandomEpisode.3.Path)])</onclick>
      <thumb>$INFO[Window.Property(RandomEpisode.3.Art(tvshow.fanart))]</thumb>
      <icon>$INFO[Window.Property(RandomEpisode.3.Art(thumb))]</icon>
    </item>
    <item id="4">
      <label>$INFO[Window.Property(RandomEpisode.4.Title)]</label>
      <label2>$INFO[Window.Property(RandomEpisode.4.TVshowTitle)] - $INFO[Window.Property(RandomEpisode.4.EpisodeNo)]</label2>
      <onclick>PlayMedia($ESCINFO[Window.Property(RandomEpisode.4.Path)])</onclick>
      <thumb>$INFO[Window.Property(RandomEpisode.4.Art(tvshow.fanart))]</thumb>
      <icon>$INFO[Window.Property(RandomEpisode.4.Art(thumb))]</icon>
    </item>
    <item id="5">
      <label>$INFO[Window.Property(RandomEpisode.5.Title)]</label>
      <label2>$INFO[Window.Property(RandomEpisode.5.TVshowTitle)] - $INFO[Window.Property(RandomEpisode.5.EpisodeNo)]</label2>
      <onclick>PlayMedia($ESCINFO[Window.Property(RandomEpisode.5.Path)])</onclick>
      <thumb>$INFO[Window.Property(RandomEpisode.5.Art(tvshow.fanart))]</thumb>
      <icon>$INFO[Window.Property(RandomEpisode.5.Art(thumb))]</icon>
    </item>
    <item id="6">
      <label>$INFO[Window.Property(RandomEpisode.6.Title)]</label>
      <label2>$INFO[Window.Property(RandomEpisode.6.TVshowTitle)] - $INFO[Window.Property(RandomEpisode.6.EpisodeNo)]</label2>
      <onclick>PlayMedia($ESCINFO[Window.Property(RandomEpisode.6.Path)])</onclick>
      <thumb>$INFO[Window.Property(RandomEpisode.6.Art(tvshow.fanart))]</thumb>
      <icon>$INFO[Window.Property(RandomEpisode.6.Art(thumb))]</icon>
    </item>
    <item id="7">
      <label>$INFO[Window.Property(RandomEpisode.7.Title)]</label>
      <label2>$INFO[Window.Property(RandomEpisode.7.TVshowTitle)] - $INFO[Window.Property(RandomEpisode.7.EpisodeNo)]</label2>
      <onclick>PlayMedia($ESCINFO[Window.Property(RandomEpisode.7.Path)])</onclick>
      <thumb>$INFO[Window.Property(RandomEpisode.7.Art(tvshow.fanart))]</thumb>
      <icon>$INFO[Window.Property(RandomEpisode.7.Art(thumb))]</icon>
    </item>
    <item id="8">
      <label>$INFO[Window.Property(RandomEpisode.8.Title)]</label>
      <label2>$INFO[Window.Property(RandomEpisode.8.TVshowTitle)] - $INFO[Window.Property(RandomEpisode.8.EpisodeNo)]</label2>
      <onclick>PlayMedia($ESCINFO[Window.Property(RandomEpisode.8.Path)])</onclick>
      <thumb>$INFO[Window.Property(RandomEpisode.8.Art(tvshow.fanart))]</thumb>
      <icon>$INFO[Window.Property(RandomEpisode.8.Art(thumb))]</icon>
    </item>
    <item id="9">
      <label>$INFO[Window.Property(RandomEpisode.9.Title)]</label>
      <label2>$INFO[Window.Property(RandomEpisode.9.TVshowTitle)] - $INFO[Window.Property(RandomEpisode.9.EpisodeNo)]</label2>
      <onclick>PlayMedia($ESCINFO[Window.Property(RandomEpisode.9.Path)])</onclick>
      <thumb>$INFO[Window.Property(RandomEpisode.9.Art(tvshow.fanart))]</thumb>
      <icon>$INFO[Window.Property(RandomEpisode.9.Art(thumb))]</icon>
    </item>
    <item id="10">
      <label>$INFO[Window.Property(RandomEpisode.10.Title)]</label>
      <label2>$INFO[Window.Property(RandomEpisode.10.TVshowTitle)] - $INFO[Window.Property(RandomEpisode.10.EpisodeNo)]</label2>
      <onclick>PlayMedia($ESCINFO[Window.Property(RandomEpisode.10.Path)])</onclick>
      <thumb>$INFO[Window.Property(RandomEpisode.10.Art(tvshow.fanart))]</thumb>
      <icon>$INFO[Window.Property(RandomEpisode.10.Art(thumb))]</icon>
    </item>
  </include>
  <include name="recent_music_section">
    <item id="1">
      <label>-</label>
      <onclick>$INFO[Window.Property(RecentAlbum.1.Path)]</onclick>
      <icon>$INFO[Window.Property(RecentAlbum.1.Thumb)]</icon>
      <thumb>$INFO[Window.Property(RecentAlbum.1.Fanart)]</thumb>
    </item>
    <item id="2">
      <label>-</label>
      <onclick>$INFO[Window.Property(RecentAlbum.2.Path)]</onclick>
      <icon>$INFO[Window.Property(RecentAlbum.2.Thumb)]</icon>
      <thumb>$INFO[Window.Property(RecentAlbum.2.Fanart)]</thumb>
    </item>
    <item id="3">
      <label>-</label>
      <onclick>$INFO[Window.Property(RecentAlbum.3.Path)]</onclick>
      <icon>$INFO[Window.Property(RecentAlbum.3.Thumb)]</icon>
      <thumb>$INFO[Window.Property(RecentAlbum.3.Fanart)]</thumb>
    </item>
    <item id="4">
      <label>-</label>
      <onclick>$INFO[Window.Property(RecentAlbum.4.Path)]</onclick>
      <icon>$INFO[Window.Property(RecentAlbum.4.Thumb)]</icon>
      <thumb>$INFO[Window.Property(RecentAlbum.4.Fanart)]</thumb>
    </item>
    <item id="5">
      <label>-</label>
      <onclick>$INFO[Window.Property(RecentAlbum.5.Path)]</onclick>
      <icon>$INFO[Window.Property(RecentAlbum.5.Thumb)]</icon>
      <thumb>$INFO[Window.Property(RecentAlbum.5.Fanart)]</thumb>
    </item>
    <item id="6">
      <label>-</label>
      <onclick>$INFO[Window.Property(RecentAlbum.6.Path)]</onclick>
      <icon>$INFO[Window.Property(RecentAlbum.6.Thumb)]</icon>
      <thumb>$INFO[Window.Property(RecentAlbum.6.Fanart)]</thumb>
    </item>
    <item id="7">
      <label>-</label>
      <onclick>$INFO[Window.Property(RecentAlbum.7.Path)]</onclick>
      <icon>$INFO[Window.Property(RecentAlbum.7.Thumb)]</icon>
      <thumb>$INFO[Window.Property(RecentAlbum.7.Fanart)]</thumb>
    </item>
    <item id="8">
      <label>-</label>
      <onclick>$INFO[Window.Property(RecentAlbum.8.Path)]</onclick>
      <icon>$INFO[Window.Property(RecentAlbum.8.Thumb)]</icon>
      <thumb>$INFO[Window.Property(RecentAlbum.8.Fanart)]</thumb>
    </item>
    <item id="9">
      <label>-</label>
      <onclick>$INFO[Window.Property(RecentAlbum.9.Path)]</onclick>
      <icon>$INFO[Window.Property(RecentAlbum.9.Thumb)]</icon>
      <thumb>$INFO[Window.Property(RecentAlbum.9.Fanart)]</thumb>
    </item>
    <item id="10">
      <label>-</label>
      <onclick>$INFO[Window.Property(RecentAlbum.10.Path)]</onclick>
      <icon>$INFO[Window.Property(RecentAlbum.10.Thumb)]</icon>
      <thumb>$INFO[Window.Property(RecentAlbum.10.Fanart)]</thumb>
    </item>
  </include>
  <include name="random_music_section">
    <item id="1">
      <label>-</label>
      <onclick>$INFO[Window.Property(RandomSong.1.Path)]</onclick>
      <icon>$INFO[Window.Property(RandomSong.1.Thumb)]</icon>
      <thumb>$INFO[Window.Property(RandomSong.1.Fanart)]</thumb>
    </item>
    <item id="2">
      <label>-</label>
      <onclick>$INFO[Window.Property(RandomSong.2.Path)]</onclick>
      <icon>$INFO[Window.Property(RandomSong.2.Thumb)]</icon>
      <thumb>$INFO[Window.Property(RandomSong.2.Fanart)]</thumb>
    </item>
    <item id="3">
      <label>-</label>
      <onclick>$INFO[Window.Property(RandomSong.3.Path)]</onclick>
      <icon>$INFO[Window.Property(RandomSong.3.Thumb)]</icon>
      <thumb>$INFO[Window.Property(RandomSong.3.Fanart)]</thumb>
    </item>
    <item id="4">
      <label>-</label>
      <onclick>$INFO[Window.Property(RandomSong.4.Path)]</onclick>
      <icon>$INFO[Window.Property(RandomSong.4.Thumb)]</icon>
      <thumb>$INFO[Window.Property(RandomSong.4.Fanart)]</thumb>
    </item>
    <item id="5">
      <label>-</label>
      <onclick>$INFO[Window.Property(RandomSong.5.Path)]</onclick>
      <icon>$INFO[Window.Property(RandomSong.5.Thumb)]</icon>
      <thumb>$INFO[Window.Property(RandomSong.5.Fanart)]</thumb>
    </item>
    <item id="6">
      <label>-</label>
      <onclick>$INFO[Window.Property(RandomSong.6.Path)]</onclick>
      <icon>$INFO[Window.Property(RandomSong.6.Thumb)]</icon>
      <thumb>$INFO[Window.Property(RandomSong.6.Fanart)]</thumb>
    </item>
    <item id="7">
      <label>-</label>
      <onclick>$INFO[Window.Property(RandomSong.7.Path)]</onclick>
      <icon>$INFO[Window.Property(RandomSong.7.Thumb)]</icon>
      <thumb>$INFO[Window.Property(RandomSong.7.Fanart)]</thumb>
    </item>
    <item id="8">
      <label>-</label>
      <onclick>$INFO[Window.Property(RandomSong.8.Path)]</onclick>
      <icon>$INFO[Window.Property(RandomSong.8.Thumb)]</icon>
      <thumb>$INFO[Window.Property(RandomSong.8.Fanart)]</thumb>
    </item>
    <item id="9">
      <label>-</label>
      <onclick>$INFO[Window.Property(RandomSong.9.Path)]</onclick>
      <icon>$INFO[Window.Property(RandomSong.9.Thumb)]</icon>
      <thumb>$INFO[Window.Property(RandomSong.9.Fanart)]</thumb>
    </item>
    <item id="10">
      <label>-</label>
      <onclick>$INFO[Window.Property(RandomSong.10.Path)]</onclick>
      <icon>$INFO[Window.Property(RandomSong.10.Thumb)]</icon>
      <thumb>$INFO[Window.Property(RandomSong.10.Fanart)]</thumb>
    </item>
  </include>
  <include name="Global_NextAired">
    <width>1020</width>
    <height>30</height>
    <font>Font_RSS</font>
    <textcolor>mainblue</textcolor>
    <align>center</align>
    <aligny>center</aligny>
  </include>
  <include name="NextAiredInfo">
    <control type="group" id="1999">
      <include>Global_NextAired</include>
      <left>0</left>
      <top>-10</top>
      <!--<include>Window_OpenClose_Animation</include>-->
      <visible>!IsEmpty(Window(Home).Property(NextAired.Label)) + [Container.Content(TVShows) | Container.Content(Seasons) | [Container.Content(Episodes)]] + !IsEmpty(ListItem.TVShowTitle) + !IsEmpty(Window(Home).Property(NextAired.NextDate))</visible>
      <control type="image">
        <left>130</left>
        <top>0</top>
        <width>1020</width>
        <height>43</height>
        <texture>MediaInfoBackUpper.png</texture>
        <colordiffuse>mainblue</colordiffuse>
        <animation effect="fade" start="0" end="70" time="400">WindowOpen</animation>
        <animation effect="fade" start="70" end="0" time="400">WindowClose</animation>
      </control>
      <control type="label">
        <left>0</left>
        <top>-5</top>
        <width>1280</width>
        <height>60</height>
        <align>center</align>
        <aligny>center</aligny>
        <font>Font_RSS</font>
        <label>[COLOR=mainblue]$LOCALIZE[31523]:[/COLOR]  [COLOR=white]$INFO[Window(Home).Property(NextAired.NextTitle)][COLOR=red] - [/COLOR]$INFO[Window(Home).Property(NextAired.AirTime)][COLOR=red] - [/COLOR]$INFO[Window(Home).Property(NextAired.NextDate)][/COLOR]</label>
      </control>
    </control>
  </include>
  <include name="InvisibleButton">
    <left>-20</left>
    <top>-20</top>
    <width>1</width>
    <height>1</height>
    <label>-</label>
    <font>-</font>
    <texturenofocus>-</texturenofocus>
    <texturefocus>-</texturefocus>
  </include>
  <include name="KeyboardButton">
    <width>50</width>
    <height>50</height>
    <colordiffuse>mainblue</colordiffuse>
    <texturenofocus border="4">KeyboardKeyNF.png</texturenofocus>
    <texturefocus border="4">KeyboardKey.png</texturefocus>
    <align>center</align>
    <aligny>center</aligny>
    <font>font13</font>
    <focusedcolor>black</focusedcolor>
  </include>
</includes>
