<?xml version="1.0" encoding="UTF-8"?>
<includes>
  <include name="RSS_Music">
    <control type="group">
      <visible>Player.HasAudio + !Control.IsVisible(1999)</visible>
      <include>Animation_CommonFade</include>
      <control type="image">
        <left>0</left>
        <top>0</top>
        <width>1280</width>
        <height>32</height>
        <texture>MediaInfoBackUpper.png</texture>
        <colordiffuse>mainblue</colordiffuse>
        <animation effect="fade" start="0" end="70" time="400">WindowOpen</animation>
        <animation effect="fade" start="70" end="0" time="400">WindowClose</animation>
      </control>
      <control type="label">
        <description>Track</description>
        <left>217</left>
        <top>0</top>
        <width>860</width>
        <height>18</height>
        <font>Font_RSS</font>
        <textcolor>white</textcolor>
        <shadowcolor>black</shadowcolor>
        <align>center</align>
        <label>$INFO[MusicPlayer.Title][COLOR=red] - [/COLOR]$INFO[MusicPlayer.Artist,[COLOR=mainblue]$LOCALIZE[557]:[/COLOR] ][COLOR=red] - [/COLOR]$INFO[MusicPlayer.Album,[COLOR=mainblue]$LOCALIZE[558]:[/COLOR] ][COLOR=red] - [/COLOR]$INFO[MusicPlayer.year,[COLOR=mainblue]$LOCALIZE[345]:[/COLOR] ]</label>
        <scroll>true</scroll>
      </control>
    </control>
  </include>
  <include name="Music_Global_Home">
    <control type="group">
      <include>Animation_CommonFade</include>
      <visible>Window.IsActive(Home) + Player.HasAudio + !Skin.HasSetting(zune_music) + !Container(301).Hasfocus(7) + !Control.IsVisible(4054)</visible>
      <animation effect="slide" start="0,0" end="0,-100" time="0" condition="Window.IsActive(Home)">Conditional</animation>
      <animation effect="fade" start="0" end="100" time="0" condition="Window.IsActive(Home)">Conditional</animation>
      <!--	<control type="image">
				<left>0</left>
				<top>0</top>
				<width>1280</width>
				<height>720</height>
				<texture>music/music_overlay_back.png</texture>
				<visible>Skin.HasSetting(horizontal_bottom_align)]</visible>	
			</control> -->
      <control type="group">
        <left>-20</left>
        <top>680</top>
        <animation type="Conditional" reversible="false" condition="true" loop="true">
          <!--	<effect type="fade" start="0" end="100" time="1000"/> -->
-						<effect type="fade" start="0" end="100" time="1000" delay="0" /><effect type="fade" start="100" end="0" time="1000" delay="21000" /><effect type="fade" start="100" end="0" time="1000" delay="28000" /></animation>
        <control type="image" id="7026">
          <description>dirty hack for showing cdart image</description>
          <left>32</left>
          <top>-125</top>
          <width>100</width>
          <height>100</height>
          <texture>$INFO[Player.FolderPath]cdart.png</texture>
          <aspectratio align="bottom">keep</aspectratio>
          <include>cdartspin3</include>
        </control>
        <control type="image">
          <description>cover image</description>
          <left>30</left>
          <top>-129</top>
          <width>100</width>
          <height>100</height>
          <texture diffuse="music/musicwallmatte.png">$INFO[MusicPlayer.Cover]</texture>
        </control>
        <control type="image">
          <left>20</left>
          <top>-138</top>
          <width>120</width>
          <height>120</height>
          <texture>music/musicwallframeF.png</texture>
          <aspectratio scalediffuse="false">stretch</aspectratio>
        </control>
      </control>
      <control type="group">
        <left>-20</left>
        <top>680</top>
        <animation type="Conditional" reversible="false" condition="true" loop="true">
          <effect type="fade" start="0" end="100" time="1000" delay="21500" />
          <effect type="fade" start="100" end="0" time="1000" delay="28000" />
        </animation>
        <control type="image">
          <description>cover image</description>
          <left>30</left>
          <top>-129</top>
          <width>100</width>
          <height>100</height>
          <texture diffuse="music/musicwallmatte.png">$INFO[MusicPlayer.offset(1).Cover]</texture>
        </control>
        <control type="image">
          <left>20</left>
          <top>-138</top>
          <width>120</width>
          <height>120</height>
          <texture>music/musicwallframeF.png</texture>
          <aspectratio scalediffuse="false">stretch</aspectratio>
        </control>
      </control>
      <control type="group">
        <left>-105</left>
        <top>570</top>
        <animation type="Conditional" reversible="false" condition="true" loop="true">
          <effect type="fade" start="0" end="100" time="1000" delay="0" />
          <effect type="fade" start="100" end="0" time="1000" delay="21000" />
          <effect type="fade" start="100" end="0" time="1000" delay="28000" />
        </animation>
        <control type="label">
          <description>Track Title</description>
          <left>234</left>
          <top>-20</top>
          <width min="10" max="400">auto</width>
          <align>left</align>
          <height>18</height>
          <font>Font_Bartowski_Showcase_Title</font>
          <textcolor>mainblue</textcolor>
          <shadowcolor>black</shadowcolor>
          <label>$INFO[MusicPlayer.Title]</label>
          <animation effect="slide" end="0,0" condition="IsEmpty(MusicPlayer.offset(1).Title)">Conditional</animation>
          <animation effect="slide" start="0,0" end="35,0" delay="600" time="2000" tween="cubic" easing="inout" condition="!IsEmpty(Control.GetLabel(7026))">Conditional</animation>
          <visible>!Control.IsVisible(51)</visible>
        </control>
        <!-- artist name control -->
        <control type="label">
          <description>artist name</description>
          <left>234</left>
          <top>20</top>
          <width>380</width>
          <height>18</height>
          <aligny>center</aligny>
          <align>left</align>
          <font>Font_Date</font>
          <textcolor>ffffffff</textcolor>
          <shadowcolor>black</shadowcolor>
          <label>$INFO[MusicPlayer.Artist,$LOCALIZE[557]: ]</label>
          <animation effect="slide" end="0,0" condition="IsEmpty(MusicPlayer.offset(1).Title)">Conditional</animation>
          <animation effect="slide" start="0,0" end="46,0" delay="600" time="2000" tween="cubic" easing="inout" condition="!IsEmpty(Control.GetLabel(7026))">Conditional</animation>
          <visible>!Control.IsVisible(51)</visible>
        </control>
        <!--  album name control -->
        <control type="label">
          <description>album name</description>
          <left>234</left>
          <top>42</top>
          <width>380</width>
          <height>18</height>
          <aligny>center</aligny>
          <align>left</align>
          <font>Font_Date</font>
          <textcolor>ffffffff</textcolor>
          <shadowcolor>black</shadowcolor>
          <label>$INFO[MusicPlayer.Album,$LOCALIZE[558]: ]</label>
          <animation effect="slide" start="0,0" end="42,0" delay="600" time="2000" tween="cubic" easing="inout" condition="!IsEmpty(Control.GetLabel(7026))">Conditional</animation>
          <visible>!Control.IsVisible(51)</visible>
        </control>
        <control type="label">
          <description>album name</description>
          <left>234</left>
          <top>64</top>
          <width>380</width>
          <height>18</height>
          <aligny>center</aligny>
          <align>left</align>
          <font>Font_Date</font>
          <textcolor>ffffffff</textcolor>
          <shadowcolor>black</shadowcolor>
          <label>$INFO[MusicPlayer.year,$LOCALIZE[345]: ]</label>
          <animation effect="slide" start="0,0" end="36,0" delay="600" time="2000" tween="cubic" easing="inout" condition="!IsEmpty(Control.GetLabel(7026))">Conditional</animation>
          <visible>!Control.IsVisible(51)</visible>
        </control>
        <control type="progress" id="23">
          <description>Progressbar</description>
          <left>115</left>
          <top>88</top>
          <width>300</width>
          <height>8</height>
          <info>Player.Progress</info>
        </control>
      </control>
      <control type="group">
        <left>-120</left>
        <top>565</top>
        <visible>true</visible>
        <animation type="Conditional" reversible="false" condition="true" loop="true">
          <effect type="fade" start="0" end="100" time="1000" delay="21500" />
          <effect type="fade" start="100" end="0" time="1000" delay="28000" />
        </animation>
        <control type="label">
          <description>Track</description>
          <left>250</left>
          <top>-14</top>
          <width min="40" max="400">auto</width>
          <align>left</align>
          <height>18</height>
          <font>Font_Date</font>
          <textcolor>ffffffff</textcolor>
          <shadowcolor>black</shadowcolor>
          <label>[COLOR=mainblue]$LOCALIZE[209]...[/COLOR]</label>
          <animation effect="slide" end="0,0" condition="IsEmpty(MusicPlayer.offset(1).Title)">Conditional</animation>
        </control>
        <control type="label">
          <description>Track</description>
          <left>250</left>
          <top>12</top>
          <width min="40" max="400">auto</width>
          <align>left</align>
          <height>18</height>
          <font>Font_Bartowski_Showcase_Title</font>
          <textcolor>ffffffff</textcolor>
          <shadowcolor>black</shadowcolor>
          <label>$INFO[MusicPlayer.offset(1).Title]</label>
          <animation effect="slide" end="0,0" condition="IsEmpty(MusicPlayer.offset(1).Title)">Conditional</animation>
        </control>
        <!-- artist name control -->
        <control type="label">
          <description>artist name</description>
          <left>250</left>
          <top>50</top>
          <width>380</width>
          <height>18</height>
          <aligny>center</aligny>
          <align>left</align>
          <font>Font_Date</font>
          <textcolor>ffffffff</textcolor>
          <shadowcolor>black</shadowcolor>
          <label>$INFO[MusicPlayer.offset(1).Artist,$LOCALIZE[557]: ]</label>
          <!--<animation effect="slide" end="0,22" condition="IsEmpty(MusicPlayer.offset(1).Title)">Conditional</animation>-->
        </control>
        <!--  album name control -->
        <control type="label">
          <description>album name</description>
          <left>250</left>
          <top>70</top>
          <width>380</width>
          <height>18</height>
          <aligny>center</aligny>
          <align>left</align>
          <font>Font_Date</font>
          <textcolor>ffffffff</textcolor>
          <shadowcolor>black</shadowcolor>
          <label>$INFO[MusicPlayer.offset(1).Album,$LOCALIZE[558]: ]</label>
        </control>
      </control>
    </control>
    <control type="group">
      <left>30</left>
      <top>570</top>
      <include>Animation_CommonFade</include>
      <animation effect="slide" start="0,0" end="0,-100" time="0" condition="Window.IsActive(Home)">Conditional</animation>
      <visible>Window.IsActive(Home) + Player.HasAudio + Skin.HasSetting(zune_music)</visible>
      <control type="image">
        <!-- 1st overlay -->
        <left>0</left>
        <top>0</top>
        <width>1280</width>
        <height>720</height>
        <texture>music/music_overlay_back.png</texture>
      </control>
      <control type="image">
        <description>cover image</description>
        <left>0</left>
        <top>30</top>
        <width>50</width>
        <height>50</height>
        <texture diffuse="music/musicwallmatte.png">$INFO[MusicPlayer.Cover]</texture>
      </control>
      <control type="image">
        <left>-6</left>
        <top>24</top>
        <width>60</width>
        <height>60</height>
        <texture>music/musicwallframeF.png</texture>
        <aspectratio scalediffuse="false">stretch</aspectratio>
      </control>
      <control type="label">
        <description>artist name</description>
        <left>60</left>
        <top>36</top>
        <width>200</width>
        <height>18</height>
        <aligny>center</aligny>
        <align>center</align>
        <font>Font_Bartowski_Zune</font>
        <textcolor>grey2</textcolor>
        <shadowcolor>black</shadowcolor>
        <label>$INFO[MusicPlayer.Artist]</label>
        <animation type="Conditional" reversible="false" condition="true" loop="true">
          <effect type="fade" start="0" end="100" time="1000" delay="0" />
          <effect type="fade" start="100" end="0" time="1000" delay="7000" />
          <effect type="fade" start="100" end="0" time="1000" delay="14000" />
        </animation>
      </control>
      <control type="label">
        <description>album name</description>
        <left>60</left>
        <top>36</top>
        <width>200</width>
        <height>18</height>
        <aligny>center</aligny>
        <align>center</align>
        <font>Font_Bartowski_Zune</font>
        <textcolor>grey2</textcolor>
        <shadowcolor>black</shadowcolor>
        <label>$INFO[MusicPlayer.Album]</label>
        <animation type="Conditional" reversible="false" condition="true" loop="true">
          <effect type="fade" start="0" end="100" time="1000" delay="7500" />
          <effect type="fade" start="100" end="0" time="1000" delay="14000" />
        </animation>
      </control>
      <control type="progress" id="23">
        <texturebg>osd/osd_progress_back1.png</texturebg>
        <lefttexture>osd/left.png</lefttexture>
        <midtexture>osd/mid.png</midtexture>
        <righttexture>osd/new_pause2.png</righttexture>
        <info>Player.Progress</info>
        <left>60</left>
        <top>60</top>
        <width>200</width>
        <height>10</height>
      </control>
    </control>
  </include>
</includes>