<?xml version="1.0" encoding="UTF-8"?>
<window type="dialog">
  <defaultcontrol always="true">602</defaultcontrol>
  <controls>
    <control type="group">
      <animation effect="slide" start="0,-145" end="0,0" time="300" tween="quadratic" easing="out">WindowOpen</animation>
      <animation effect="slide" start="0,0" end="0,-145" time="300" delay="150" tween="quadratic" easing="out">WindowClose</animation>
      <animation effect="slide" start="0,0" end="0,-145" time="300" tween="quadratic" easing="out" condition="Window.IsVisible(VisualisationSettings) | Window.IsVisible(VisualisationPresetList)">Conditional</animation>
      <control type="image">
        <description>media info background image</description>
        <left>0</left>
        <top>-145</top>
        <width>1280</width>
        <height>256</height>
        <colordiffuse>mainblue</colordiffuse>
        <texture>MediaInfoBackUpper.png</texture>
      </control>
      <control type="group" id="200">
        <left>367</left>
        <top>4</top>
        <control type="button" id="700">
          <left>0</left>
          <top>0</top>
          <width>45</width>
          <height>45</height>
          <label>10517</label>
          <font>-</font>
          <texturefocus>osd/OSDPlaylistFO.png</texturefocus>
          <texturenofocus>osd/OSDPlaylistNF.png</texturenofocus>
          <onleft>706</onleft>
          <onright>500</onright>
          <onup>600</onup>
          <ondown>600</ondown>
          <onclick>ActivateWindow(MusicPlaylist)</onclick>
        </control>
        <control type="button" id="500">
          <left>50</left>
          <top>0</top>
          <width>45</width>
          <height>45</height>
          <label>12006</label>
          <font>-</font>
          <texturefocus>osd/OSDVizFO.png</texturefocus>
          <texturenofocus>osd/OSDVizNF.png</texturenofocus>
          <onleft>700</onleft>
          <onright>701</onright>
          <onup>600</onup>
          <ondown>600</ondown>
        </control>
        <control type="button" id="701">
          <left>100</left>
          <top>0</top>
          <width>45</width>
          <height>45</height>
          <label>$LOCALIZE[250] $LOCALIZE[21417]</label>
          <font>-</font>
          <texturefocus>osd/OSDPresetSettingsFO.png</texturefocus>
          <texturenofocus>osd/OSDPresetSettingsNF.png</texturenofocus>
          <onleft>500</onleft>
          <onright>702</onright>
          <onup>600</onup>
          <ondown>600</ondown>
          <onclick>Addon.Default.OpenSettings(xbmc.player.musicviz)</onclick>
        </control>
        <control type="button" id="702">
          <left>150</left>
          <top>0</top>
          <width>45</width>
          <height>45</height>
          <label>31048</label>
          <font>-</font>
          <texturefocus>osd/OSDPreFO.png</texturefocus>
          <texturenofocus>osd/OSDPreNF.png</texturenofocus>
          <onleft>701</onleft>
          <onright>800</onright>
          <onup>601</onup>
          <ondown>601</ondown>
          <onclick>ActivateWindow(VisualisationPresetList)</onclick>
        </control>
      </control>
      <control type="image" id="11">
        <description>separator image</description>
        <left>567</left>
        <top>25</top>
        <width>150</width>
        <height>1</height>
        <colordiffuse>mainblue</colordiffuse>
        <texture>separator2.png</texture>
      </control>
      <control type="group" id="201">
        <left>718</left>
        <top>4</top>
        <control type="button" id="703">
          <left>0</left>
          <top>0</top>
          <width>45</width>
          <height>45</height>
          <label>31128</label>
          <font>-</font>
          <texturefocus>osd/OSDLyricsFO.png</texturefocus>
          <texturenofocus>osd/OSDLyricsNF.png</texturenofocus>
          <onleft>801</onleft>
          <onright>704</onright>
          <onup>604</onup>
          <ondown>604</ondown>
          <onclick>Close</onclick>
          <onclick>XBMC.RunScript($INFO[Skin.String(LyricScript_Path)])</onclick>
          <visible>Skin.HasSetting(show_lyrics) + !IsEmpty(Skin.String(LyricScript_Path))</visible>
          <animation effect="fade" start="100" end="50" time="100" condition="![Skin.HasSetting(LyricScript_Enable) + !IsEmpty(Skin.String(LyricScript_Path))]">Conditional</animation>
        </control>
        <control type="button" id="704">
          <left>50</left>
          <top>0</top>
          <width>45</width>
          <height>45</height>
          <label>$LOCALIZE[486]$INFO[Playlist.Repeat, : ]</label>
          <font>-</font>
          <texturefocus>-</texturefocus>
          <texturenofocus>-</texturenofocus>
          <onclick>XBMC.PlayerControl(Repeat)</onclick>
          <onleft>703</onleft>
          <onright>705</onright>
          <onup>605</onup>
          <ondown>605</ondown>
        </control>
        <control type="image">
          <left>50</left>
          <top>0</top>
          <width>45</width>
          <height>45</height>
          <texture>osd/OSDRepeatNF.png</texture>
          <visible>!Playlist.IsRepeat + !Playlist.IsRepeatOne</visible>
          <visible>!Control.HasFocus(704)</visible>
        </control>
        <control type="image">
          <left>50</left>
          <top>0</top>
          <width>45</width>
          <height>45</height>
          <texture>osd/OSDRepeatFO.png</texture>
          <visible>!Playlist.IsRepeat + !Playlist.IsRepeatOne</visible>
          <visible>Control.HasFocus(704)</visible>
        </control>
        <control type="image">
          <left>50</left>
          <top>0</top>
          <width>45</width>
          <height>45</height>
          <texture>osd/OSDRepeatOneNF.png</texture>
          <visible>Playlist.IsRepeatOne</visible>
          <visible>!Control.HasFocus(704)</visible>
        </control>
        <control type="image">
          <left>50</left>
          <top>0</top>
          <width>45</width>
          <height>45</height>
          <texture>osd/OSDRepeatOneFO.png</texture>
          <visible>Playlist.IsRepeatOne</visible>
          <visible>Control.HasFocus(704)</visible>
        </control>
        <control type="image">
          <left>50</left>
          <top>0</top>
          <width>45</width>
          <height>45</height>
          <texture>osd/OSDRepeatAllNF.png</texture>
          <visible>Playlist.IsRepeat</visible>
          <visible>!Control.HasFocus(704)</visible>
        </control>
        <control type="image">
          <left>50</left>
          <top>0</top>
          <width>45</width>
          <height>45</height>
          <texture>osd/OSDRepeatAllFO.png</texture>
          <visible>Playlist.IsRepeat</visible>
          <visible>Control.HasFocus(704)</visible>
        </control>
        <control type="togglebutton" id="705">
          <left>100</left>
          <top>0</top>
          <width>45</width>
          <height>45</height>
          <label>$LOCALIZE[590]$INFO[Playlist.Random, : ]</label>
          <font>-</font>
          <texturefocus>osd/OSDRandomOffFO.png</texturefocus>
          <texturenofocus>osd/OSDRandomOffNF.png</texturenofocus>
          <usealttexture>Playlist.IsRandom</usealttexture>
          <alttexturefocus>osd/OSDRandomOnFO.png</alttexturefocus>
          <alttexturenofocus>osd/OSDRandomOnNF.png</alttexturenofocus>
          <onclick>XBMC.PlayerControl(Random)</onclick>
          <onleft>704</onleft>
          <onright>706</onright>
          <onup>605</onup>
          <ondown>605</ondown>
        </control>
        <control type="button" id="706">
          <left>150</left>
          <top>0</top>
          <width>45</width>
          <height>45</height>
          <label>264</label>
          <font>-</font>
          <texturefocus>osd/OSDRecordFO.png</texturefocus>
          <texturenofocus>osd/OSDRecordNF.png</texturenofocus>
          <onleft>705</onleft>
          <onright>700</onright>
          <onup>605</onup>
          <ondown>605</ondown>
          <onclick>XBMC.PlayerControl(record)</onclick>
          <enable>Player.CanRecord</enable>
          <animation effect="fade" start="100" end="50" time="100" condition="!Player.CanRecord">Conditional</animation>
        </control>
      </control>
      <control type="group" id="100">
        <left>490</left>
        <top>40</top>
        <control type="button" id="600">
          <left>0</left>
          <top>0</top>
          <width>50</width>
          <height>50</height>
          <label>210</label>
          <font>-</font>
          <texturefocus>osd/OSDPrevTrackFO.png</texturefocus>
          <texturenofocus>osd/OSDPrevTrackNF.png</texturenofocus>
          <onleft>605</onleft>
          <onright>601</onright>
          <onup>701</onup>
          <ondown>701</ondown>
          <onclick>PlayerControl(Previous)</onclick>
        </control>
        <control type="button" id="601">
          <left>50</left>
          <top>0</top>
          <width>50</width>
          <height>50</height>
          <label>31354</label>
          <font>-</font>
          <texturefocus>osd/OSDRewindFO.png</texturefocus>
          <texturenofocus>osd/OSDRewindNF.png</texturenofocus>
          <onleft>600</onleft>
          <onright>602</onright>
          <onup>702</onup>
          <ondown>702</ondown>
          <onclick>PlayerControl(Rewind)</onclick>
        </control>
        <control type="togglebutton" id="602">
          <left>100</left>
          <top>0</top>
          <width>50</width>
          <height>50</height>
          <label>31351</label>
          <altlabel>208</altlabel>
          <font>-</font>
          <texturefocus>osd/OSDPauseFO.png</texturefocus>
          <texturenofocus>osd/OSDPauseNF.png</texturenofocus>
          <usealttexture>Player.Paused | Player.Forwarding | Player.Rewinding</usealttexture>
          <alttexturefocus>osd/OSDPlayFO.png</alttexturefocus>
          <alttexturenofocus>osd/OSDPlayNF.png</alttexturenofocus>
          <onleft>601</onleft>
          <onright>603</onright>
          <onup>702</onup>
          <ondown>702</ondown>
          <onclick>PlayerControl(Play)</onclick>
        </control>
        <control type="button" id="603">
          <left>150</left>
          <top>0</top>
          <width>50</width>
          <height>50</height>
          <label>31352</label>
          <font>-</font>
          <texturefocus>osd/OSDStopFO.png</texturefocus>
          <texturenofocus>osd/OSDStopNF.png</texturenofocus>
          <onleft>602</onleft>
          <onright>604</onright>
          <onup>703</onup>
          <ondown>703</ondown>
          <onclick>down</onclick>
          <onclick>PlayerControl(Stop)</onclick>
        </control>
        <control type="button" id="604">
          <left>200</left>
          <top>0</top>
          <width>50</width>
          <height>50</height>
          <label>31353</label>
          <font>-</font>
          <texturefocus>osd/OSDForwardFO.png</texturefocus>
          <texturenofocus>osd/OSDForwardNF.png</texturenofocus>
          <onleft>603</onleft>
          <onright>605</onright>
          <onup>703</onup>
          <ondown>703</ondown>
          <onclick>PlayerControl(Forward)</onclick>
        </control>
        <control type="button" id="605">
          <left>250</left>
          <top>0</top>
          <width>50</width>
          <height>50</height>
          <label>209</label>
          <font>-</font>
          <texturefocus>osd/OSDNextTrackFO.png</texturefocus>
          <texturenofocus>osd/OSDNextTrackNF.png</texturenofocus>
          <onleft>604</onleft>
          <onright>600</onright>
          <onup>704</onup>
          <ondown>704</ondown>
          <onclick>PlayerControl(Next)</onclick>
        </control>
      </control>
      <control type="label">
        <left>20</left>
        <top>60</top>
        <width>460</width>
        <height>25</height>
        <label>$INFO[System.CurrentControl]</label>
        <scroll>true</scroll>
        <align>left</align>
        <aligny>center</aligny>
        <font>Font_Neon_20</font>
        <textcolor>grey</textcolor>
        <shadowcolor>black</shadowcolor>
        <visible>Window.IsTopmost(MusicOSD)</visible>
      </control>
      <control type="label">
        <left>1260</left>
        <top>60</top>
        <width>460</width>
        <height>25</height>
        <label>$INFO[Player.Time] - $INFO[Player.Duration]</label>
        <scroll>true</scroll>
        <align>right</align>
        <aligny>center</aligny>
        <font>Font_Neon_20</font>
        <textcolor>grey</textcolor>
        <shadowcolor>black</shadowcolor>
      </control>
      <include>Time</include>
    </control>
  </controls>
</window>