<?xml version="1.0" encoding="UTF-8"?>
<window>
  <allowoverlay>no</allowoverlay>
  <onload condition="system.hasaddon(script.artistslideshow)">RunScript(script.artistslideshow)</onload>
  <controls>
    <control type="visualisation" id="2">
      <!-- Animation_Backdropfade -->
      <description>visualisation</description>
      <left>0</left>
      <top>0</top>
      <width>1280</width>
      <height>720</height>
      <animation effect="fade" start="0" end="100" time="400">WindowOpen</animation>
      <animation effect="fade" start="100" end="0" time="200">WindowClose</animation>
      <include>Animation_BackdropFade</include>
      <visible>![Skin.HasSetting(FanartNoVisualisation) | Skin.HasSetting(FullscreenJukebox)]</visible>
    </control>
    <control type="image">
      <!-- Music fanart image -->
      <left>0</left>
      <top>0</top>
      <width>1280</width>
      <height>720</height>
      <texture background="true" fallback="special://skin/backgrounds/music.jpg">$INFO[MusicPlayer.Property(Fanart_Image)]</texture>
      <aspectratio>scale</aspectratio>
      <fadetime>400</fadetime>
      <include>VisibleFadeEffect</include>
      <include>Animation_BackdropFade</include>
      <visible>Skin.HasSetting(FanartNoVisualisation) + !Skin.HasSetting(FullscreenJukebox) + ![Skin.HasSetting(vis_photos_backdrops) | Skin.HasSetting(vis_music_backdrops)] + !Skin.HasSetting(Artist_Slideshow)</visible>
    </control>
    <control type="multiimage">
      <!-- extrafanart folder -->
      <left>0</left>
      <top>0</top>
      <width>1280</width>
      <height>720</height>
      <imagepath background="true">$INFO[Player.FolderPath,,../extrafanart/]</imagepath>
      <timeperimage>7000</timeperimage>
      <randomize>true</randomize>
      <fadetime>1000</fadetime>
      <include>Animation_BackdropFade</include>
      <visible>Skin.HasSetting(FanartNoVisualisation) + !Skin.HasSetting(FullscreenJukebox) + ![Skin.HasSetting(vis_photos_backdrops) | Skin.HasSetting(vis_music_backdrops)] + !Skin.HasSetting(Artist_Slideshow)</visible>
    </control>
    <control type="multiimage">
      <!-- Custom Music Folder -->
      <left>0</left>
      <top>0</top>
      <width>1280</width>
      <height>720</height>
      <imagepath background="true">$INFO[Skin.String(CustomMusicFolder)]</imagepath>
      <timeperimage>7000</timeperimage>
      <randomize>true</randomize>
      <fadetime>1000</fadetime>
      <include>Animation_BackdropFade</include>
      <visible>[Skin.HasSetting(FanartNoVisualisation) + Skin.HasSetting(vis_music_backdrops)] | !IsEmpty(ListItem.Property(Fanart_Image)) + !Skin.HasSetting(Artist_Slideshow)</visible>
    </control>
    <control type="multiimage">
      <!-- Custom Pictures Folder -->
      <left>0</left>
      <top>0</top>
      <width>1280</width>
      <height>720</height>
      <imagepath background="true">$INFO[Skin.String(CustomPicturesFolder)]</imagepath>
      <timeperimage>7000</timeperimage>
      <randomize>true</randomize>
      <fadetime>1000</fadetime>
      <include>Animation_BackdropFade</include>
      <visible>Skin.HasSetting(FanartNoVisualisation) + Skin.HasSetting(vis_photos_backdrops) + !Skin.HasSetting(Artist_Slideshow)</visible>
    </control>
    <control type="image">
      <!-- dark background -->
      <include>Dimensions_Fullscreen</include>
      <texture>list/file-black-background1.png</texture>
      <visible>[Skin.HasSetting(DarkFullscreenMusicPlayback) + !Skin.HasSetting(FullscreenJukebox)]</visible>
    </control>
    <control type="multiimage" id="99">
      <left>0</left>
      <top>0</top>
      <width>1280</width>
      <height>720</height>
      <imagepath background="true">$INFO[Window(Visualisation).Property(ArtistSlideshow)]</imagepath>
      <aspectratio>keep</aspectratio>
      <timeperimage>5000</timeperimage>
      <fadetime>2000</fadetime>
      <randomize>true</randomize>
      <animation effect="fade" start="0" end="100" time="300">Visible</animation>
      <animation effect="fade" start="100" end="0" time="300">Hidden</animation>
      <visible>IsEmpty(Window(Visualisation).Property(ArtistSlideshowRefresh)) + Skin.HasSetting(Artist_Slideshow) + !Skin.HasSetting(FullscreenJukebox)</visible>
    </control>
    <control type="group">
      <left>0</left>
      <top>569</top>
      <width>1280</width>
      <height>151</height>
      <visible>true</visible>
      <animation type="Visible">
        <effect type="fade" time="400" start="0" end="100" />
        <effect type="slide" time="400" start="0,151" end="0,0" easing="out" tween="cubic" />
      </animation>
      <animation type="Hidden">
        <effect type="fade" time="400" start="100" end="0" />
        <effect type="slide" time="400" start="0,0" end="0,151" easing="in" tween="cubic" />
      </animation>
      <control type="image">
        <description>black background shadow</description>
        <left>0</left>
        <top>-569</top>
        <width>1280</width>
        <height>720</height>
        <texture>music/black_bg.png</texture>
      </control>
      <control type="group">
        <visible>Player.ShowInfo + !Skin.HasSetting(FullscreenJukebox)</visible>
        <left>-330</left>
        <animation effect="slide" start="-280" end="350" time="700" tween="cubic" easing="out" delay="400">WindowOpen</animation>
        <animation effect="slide" start="350" end="-280" time="600" tween="cubic" easing="in" delay="800">WindowClose</animation>
        <control type="image" id="7026">
          <description>dirty hack for showing cdart image</description>
          <width>230</width>
          <height>230</height>
          <left>15</left>
          <top>-135</top>
          <texture>$INFO[Player.FolderPath]cdart.png</texture>
          <aspectratio align="bottom">keep</aspectratio>
          <include>cdartspin</include>
        </control>
        <control type="image">
          <description>cover image</description>
          <left>0</left>
          <top>-150</top>
          <width>340</width>
          <height>260</height>
          <fadetime>200</fadetime>
          <texture background="true">$INFO[MusicPlayer.cover]</texture>
          <aspectratio aligny="bottom">keep</aspectratio>
          <bordertexture border="8">ThumbShadow.png</bordertexture>
          <bordersize>8</bordersize>
          <visible>IsEmpty(Control.GetLabel(7026))</visible>
        </control>
        <control type="image">
          <description>cover image</description>
          <left>-50</left>
          <top>-150</top>
          <width>340</width>
          <height>260</height>
          <fadetime>200</fadetime>
          <texture background="true">$INFO[MusicPlayer.cover]</texture>
          <aspectratio aligny="bottom">keep</aspectratio>
          <bordertexture border="8">ThumbShadow.png</bordertexture>
          <bordersize>8</bordersize>
          <visible>!IsEmpty(Control.GetLabel(7026))</visible>
        </control>
        <control type="progress">
          <description>Progressbar</description>
          <left>350</left>
          <top>-20</top>
          <width>450</width>
          <height>8</height>
          <info>Player.Progress</info>
          <animation effect="slide" start="0" end="0" time="700" tween="cubic" easing="out" delay="1200">WindowOpen</animation>
          <animation effect="slide" start="0" end="-280" time="600" tween="cubic" easing="in" delay="600">WindowClose</animation>
        </control>
        <control type="label">
          <animation effect="slide" start="1300" end="0" time="700" tween="cubic" easing="out" delay="1000">WindowOpen</animation>
          <animation effect="slide" start="0" end="3000" time="600" tween="cubic" easing="in" delay="800">WindowClose</animation>
          <description>Current time</description>
          <left>350</left>
          <top>103</top>
          <width>500</width>
          <height>500</height>
          <font>music_time</font>
          <label>[COLOR 60FFFFFF]$INFO[MusicPlayer.Time][/COLOR]</label>
        </control>
        <control type="label">
          <animation effect="slide" start="1300" end="0" time="700" tween="cubic" easing="out" delay="1000">WindowOpen</animation>
          <animation effect="slide" start="0" end="1900" time="600" tween="cubic" easing="in" delay="800">WindowClose</animation>
          <description>Current time</description>
          <left>485</left>
          <top>103</top>
          <width>500</width>
          <height>500</height>
          <font>music_time</font>
          <label>[COLOR 60FFFFFF] / $INFO[MusicPlayer.Duration][/COLOR]</label>
        </control>
      </control>
      <control type="group">
        <visible>Player.ShowInfo + !Skin.HasSetting(FullscreenJukebox)</visible>
        <control type="image" id="1">
          <animation effect="slide" start="1300" end="45" time="700" tween="cubic" easing="out" delay="1000">WindowOpen</animation>
          <animation effect="slide" start="45" end="1300" time="600" tween="cubic" easing="in" delay="200">WindowClose</animation>
          <left>320</left>
          <top>-120</top>
          <!-- -143 -->
          <align>left</align>
          <aligny>center</aligny>
          <width>230</width>
          <height>89</height>
          <texture>$INFO[Player.FolderPath,,../logo.png]</texture>
          <aspectratio>keep</aspectratio>
        </control>
        <control type="label">
          <animation effect="slide" start="1300" end="45" time="700" tween="cubic" easing="out" delay="1000">WindowOpen</animation>
          <animation effect="slide" start="45" end="1300" time="600" tween="cubic" easing="in" delay="200">WindowClose</animation>
          <left>320</left>
          <top>-70</top>
          <!-- -143 -->
          <width>880</width>
          <height>25</height>
          <align>left</align>
          <aligny>center</aligny>
          <scroll>true</scroll>
          <font>Font_Neon_45</font>
          <label>[UPPERCASE][COLOR=white][B]$INFO[MusicPlayer.Artist][/B][/COLOR][/UPPERCASE]</label>
          <animation effect="slide" start="0,0" end="0,-12" time="200" condition="Control.IsVisible(212)">Conditional</animation>
          <visible>IsEmpty(Control.GetLabel(1))</visible>
        </control>
        <control type="image">
          <animation effect="slide" start="1300" end="45" time="700" tween="cubic" easing="out" delay="1100">WindowOpen</animation>
          <animation effect="slide" start="45" end="1300" time="600" tween="cubic" easing="in" delay="400">WindowClose</animation>
          <description>Divider</description>
          <left>230\</left>
          <top>-15</top>
          <width>650</width>
          <height>3</height>
          <texture>common/list_divider.png</texture>
        </control>
        <control type="label">
          <animation effect="slide" start="1300" end="55" time="700" tween="cubic" easing="out" delay="1200">WindowOpen</animation>
          <animation effect="slide" start="55" end="1300" time="600" tween="cubic" easing="in" delay="450">WindowClose</animation>
          <left>315</left>
          <top>-5</top>
          <!-- -103 -->
          <width>680</width>
          <height>24</height>
          <align>left</align>
          <aligny>center</aligny>
          <font>Font_Bartowski_MenuValue</font>
          <label>[COLOR 80c2c4c3]$INFO[MusicPlayer.Album] [$INFO[MusicPlayer.Year]][/COLOR]</label>
          <animation effect="slide" start="0,0" end="0,-12" time="200" condition="Control.IsVisible(212)">Conditional</animation>
        </control>
        <control type="label">
          <animation effect="slide" start="1300" end="65" time="700" tween="cubic" easing="out" delay="1300">WindowOpen</animation>
          <animation effect="slide" start="65" end="1300" time="600" tween="cubic" easing="in" delay="600">WindowClose</animation>
          <left>305</left>
          <top>40</top>
          <width>550</width>
          <!-- 1280 -->
          <height>30</height>
          <align>left</align>
          <aligny>center</aligny>
          <font>Font_Neon_22</font>
          <label>[COLOR 80c2c4c3]Track: $INFO[MusicPlayer.TrackNumber] - [/COLOR][COLOR=white]$INFO[MusicPlayer.Title][/COLOR]</label>
          <animation effect="slide" start="0,0" end="0,-12" time="200" condition="Control.IsVisible(212)">Conditional</animation>
        </control>
        <control type="grouplist">
          <animation effect="slide" start="0,120" end="0,0" time="700" tween="cubic" easing="out" delay="1300">WindowOpen</animation>
          <animation effect="slide" start="0,0" end="0,120" time="600" tween="cubic" easing="in" delay="600">WindowClose</animation>
          <description>Media Codec Flagging Images</description>
          <left>-240</left>
          <top>115</top>
          <width>550</width>
          <align>right</align>
          <itemgap>0</itemgap>
          <orientation>horizontal</orientation>
          <control type="image">
            <description>Rating image</description>
            <width>120</width>
            <height>40</height>
            <colordiffuse>selected</colordiffuse>
            <aspectratio align="right">keep</aspectratio>
            <texture>LeftRating/$INFO[Player.StarRating]</texture>
          </control>
          <control type="image">
            <description>Codec Image</description>
            <width>60</width>
            <height>30</height>
            <aspectratio>keep</aspectratio>
            <texture>$INFO[MusicPlayer.Codec,flagging/audio/,.png]</texture>
          </control>
          <control type="image">
            <description>Channels Image</description>
            <width>60</width>
            <height>30</height>
            <aspectratio>keep</aspectratio>
            <texture>$INFO[MusicPlayer.Channels,flagging/audio/,.png]</texture>
          </control>
        </control>
        <control type="group">
          <visible>Player.ShowInfo + !Skin.HasSetting(FullscreenJukebox)</visible>
          <left>750</left>
          <top>-25</top>
          <animation effect="slide" start="1300" end="350" time="700" tween="cubic" easing="out" delay="1500">WindowOpen</animation>
          <animation effect="slide" start="350" end="1300" time="600" tween="cubic" easing="in" delay="800">WindowClose</animation>
          <control type="image">
            <description>Cover image</description>
            <top>10</top>
            <left>25</left>
            <width>126</width>
            <height>126</height>
            <texture diffuse="music/musicwallmatte.png">$INFO[MusicPlayer.offset(1).Cover]</texture>
          </control>
          <control type="label">
            <animation effect="slide" start="0,130" end="0,0" time="700" tween="cubic" easing="out" delay="1500">WindowOpen</animation>
            <animation effect="slide" start="0,0" end="0,130" time="600" tween="cubic" easing="in" delay="800">WindowClose</animation>
            <left>0</left>
            <top>130</top>
            <width>122</width>
            <!-- 1280 -->
            <height>20</height>
            <aligny>bottom</aligny>
            <font>Font_Neon_20</font>
            <angle>90</angle>
            <label>[COLOR=white]$INFO[MusicPlayer.offset(1).Artist][/COLOR]</label>
          </control>
          <control type="label">
            <animation effect="slide" start="1300" end="15" time="700" tween="cubic" easing="out" delay="1500">WindowOpen</animation>
            <animation effect="slide" start="15" end="1300" time="600" tween="cubic" easing="in" delay="800">WindowClose</animation>
            <left>-5</left>
            <top>135</top>
            <width>160</width>
            <!-- 1280 -->
            <height>20</height>
            <align>center</align>
            <aligny>center</aligny>
            <font>Font_Neon_18</font>
            <label>[COLOR=selected]$INFO[MusicPlayer.offset(1).Title][/COLOR]</label>
          </control>
          <control type="label">
            <animation effect="slide" start="0,130" end="0,0" time="700" tween="cubic" easing="out" delay="1100">WindowOpen</animation>
            <animation effect="slide" start="0,0" end="0,130" time="600" tween="cubic" easing="in" delay="400">WindowClose</animation>
            <left>0</left>
            <top>-20</top>
            <width>130</width>
            <!-- 1280 -->
            <height>20</height>
            <aligny>bottom</aligny>
            <font>Font_Neon_20</font>
            <angle>90</angle>
            <label>[COLOR=white]$INFO[MusicPlayer.offset(2).Artist][/COLOR]</label>
          </control>
          <control type="label">
            <animation effect="slide" start="1300" end="15" time="700" tween="cubic" easing="out" delay="1600">WindowOpen</animation>
            <animation effect="slide" start="15" end="1300" time="600" tween="cubic" easing="in" delay="800">WindowClose</animation>
            <left>-5</left>
            <top>-13</top>
            <width>160</width>
            <!-- 1280 -->
            <height>20</height>
            <align>center</align>
            <aligny>center</aligny>
            <font>Font_Neon_18</font>
            <label>[COLOR=selected]$INFO[MusicPlayer.offset(2).Title][/COLOR]</label>
          </control>
        </control>
        <control type="group">
          <visible>Player.ShowInfo + !Skin.HasSetting(FullscreenJukebox)</visible>
          <left>750</left>
          <top>-175</top>
          <animation effect="slide" start="1300" end="350" time="700" tween="cubic" easing="out" delay="1800">WindowOpen</animation>
          <animation effect="slide" start="350" end="1300" time="600" tween="cubic" easing="in" delay="1000">WindowClose</animation>
          <control type="image">
            <description>Cover image</description>
            <top>10</top>
            <left>25</left>
            <width>126</width>
            <height>126</height>
            <texture diffuse="music/musicwallmatte.png">$INFO[MusicPlayer.offset(2).Cover]</texture>
          </control>
        </control>
        <control type="fadelabel">
          <animation effect="slide" start="1300" end="0" time="700" tween="cubic" easing="out" delay="1000">WindowOpen</animation>
          <animation effect="slide" start="0" end="1000" time="600" tween="cubic" easing="in" delay="800">WindowClose</animation>
          <description>Previous and Next artist</description>
          <left>370</left>
          <top>75</top>
          <width>700</width>
          <visible>true</visible>
          <scroll>false</scroll>
          <scrollout>false</scrollout>
          <scrollspeed>1000</scrollspeed>
          <pauseatend>10000</pauseatend>
          <label>Next: $INFO[MusicPlayer.offset(1).Artist]: $INFO[MusicPlayer.offset(1).Title]</label>
          <label>Second: $INFO[MusicPlayer.offset(2).Artist]: $INFO[MusicPlayer.offset(2).Title]</label>
          <font>Font_Bartowski_Episodes</font>
          <textcolor>50FFFFFF</textcolor>
          <align>left</align>
        </control>
      </control>
    </control>
    <control type="group">
      <visible>Skin.HasSetting(FullscreenJukebox)</visible>
      <!--<control type="image">
				<left>370</left>
				<top>146</top>
				<width>585</width>
				<height>286</height>
				<texture diffuse="music/jukebox_fanart_diffuse.png">$INFO[MusicPlayer.Property(Fanart_Image)]</texture>
				<visible>!Skin.HasSetting(Artist_Slideshow)</visible>
			</control> -->
      <control type="image">
        <left>70</left>
        <top>346</top>
        <width>585</width>
        <height>286</height>
        <!-- <texture diffuse="music/jukebox_fanart_diffuse.png">$INFO[MusicPlayer.Property(Fanart_Image)]</texture> -->
        <aspectratio>keep</aspectratio>
        <fadetime>2000</fadetime>
        <animation effect="fade" start="0" end="100" time="300">Visible</animation>
        <animation effect="fade" start="100" end="0" time="300">Hidden</animation>
        <visible>Skin.HasSetting(Artist_Slideshow)</visible>
      </control>
      <control type="image">
        <left>552</left>
        <top>476</top>
        <width>211</width>
        <height>192</height>
        <texture diffuse="music/music_cover_diffuse.png">$INFO[MusicPlayer.Cover]</texture>
      </control>
      <control type="image">
        <include>Dimensions_Fullscreen</include>
        <texture>music/fullscreen_jukebox1.png</texture>
      </control>
      <control type="label">
        <left>572</left>
        <top>448</top>
        <width>170</width>
        <height>40</height>
        <align>center</align>
        <font>Font_Bartowski_Digital_Clock</font>
        <textcolor>mainblue</textcolor>
        <label>$LOCALIZE[31274]</label>
      </control>
      <control type="label">
        <left>560</left>
        <top>674</top>
        <width>200</width>
        <height>40</height>
        <align>center</align>
        <label>$INFO[MusicPlayer.Title]</label>
        <textcolor>mainblue</textcolor>
        <font>Font_Bartowski_Digital_Clock</font>
      </control>
      <control type="label">
        <left>560</left>
        <top>694</top>
        <width>200</width>
        <height>40</height>
        <align>center</align>
        <label>$INFO[MusicPlayer.album]</label>
        <textcolor>mainblue</textcolor>
        <font>Font_Bartowski_Digital_Clock</font>
        <animation type="Conditional" reversible="false" condition="true" loop="true">
          <effect type="fade" start="0" end="100" time="500" delay="0" />
          <effect type="fade" start="100" end="0" time="500" delay="7000" />
          <effect type="fade" start="100" end="0" time="500" delay="14000" />
        </animation>
        <animation effect="fade" start="100" end="0" time="0">windowclose</animation>
      </control>
      <control type="label">
        <left>560</left>
        <top>694</top>
        <width>200</width>
        <height>40</height>
        <align>center</align>
        <label>$INFO[MusicPlayer.Time]/$INFO[MusicPlayer.Duration]</label>
        <textcolor>mainblue</textcolor>
        <font>Font_Bartowski_Digital_Clock</font>
        <animation type="Conditional" reversible="false" condition="true" loop="true">
          <effect type="fade" start="0" end="100" time="500" delay="7500" />
          <effect type="fade" start="100" end="0" time="500" delay="14000" />
        </animation>
      </control>
      <control type="group">
        <left>366</left>
        <top>460</top>
        <control type="label">
          <left>16</left>
          <top>6</top>
          <width>170</width>
          <height>40</height>
          <align>center</align>
          <font>Font_Music_Jukebox</font>
          <textcolor>Date</textcolor>
          <label>$INFO[MusicPlayer.offset(1).Artist]</label>
        </control>
        <control type="label">
          <left>24</left>
          <top>16</top>
          <width>146</width>
          <height>40</height>
          <aligny>center</aligny>
          <font>Font_Neon_16</font>
          <textcolor>black</textcolor>
          <label>$INFO[MusicPlayer.offset(1).TrackNumber]$INFO[MusicPlayer.offset(1).Title,. ]</label>
        </control>
        <control type="label">
          <left>16</left>
          <top>44</top>
          <width>170</width>
          <height>40</height>
          <align>center</align>
          <font>Font_Music_Jukebox</font>
          <textcolor>Date</textcolor>
          <label>$INFO[MusicPlayer.offset(1).Album]</label>
        </control>
      </control>
      <control type="group">
        <left>366</left>
        <top>524</top>
        <control type="label">
          <left>16</left>
          <top>6</top>
          <width>170</width>
          <height>40</height>
          <align>center</align>
          <font>Font_Music_Jukebox</font>
          <textcolor>Date</textcolor>
          <label>$INFO[MusicPlayer.offset(2).Artist]</label>
        </control>
        <control type="label">
          <left>24</left>
          <top>16</top>
          <width>146</width>
          <height>40</height>
          <aligny>center</aligny>
          <font>Font_Neon_16</font>
          <textcolor>black</textcolor>
          <label>$INFO[MusicPlayer.offset(2).TrackNumber]$INFO[MusicPlayer.offset(2).Title,. ]</label>
        </control>
        <control type="label">
          <left>16</left>
          <top>44</top>
          <width>170</width>
          <height>40</height>
          <align>center</align>
          <font>Font_Music_Jukebox</font>
          <textcolor>Date</textcolor>
          <label>$INFO[MusicPlayer.offset(2).Album]</label>
        </control>
      </control>
      <control type="group">
        <left>366</left>
        <top>588</top>
        <control type="label">
          <left>16</left>
          <top>6</top>
          <width>170</width>
          <height>40</height>
          <align>center</align>
          <font>Font_Music_Jukebox</font>
          <textcolor>Date</textcolor>
          <label>$INFO[MusicPlayer.offset(3).Artist]</label>
        </control>
        <control type="label">
          <left>24</left>
          <top>16</top>
          <width>146</width>
          <height>40</height>
          <aligny>center</aligny>
          <font>Font_Neon_16</font>
          <textcolor>black</textcolor>
          <label>$INFO[MusicPlayer.offset(3).TrackNumber]$INFO[MusicPlayer.offset(3).Title,. ]</label>
        </control>
        <control type="label">
          <left>16</left>
          <top>44</top>
          <width>170</width>
          <height>40</height>
          <align>center</align>
          <font>Font_Music_Jukebox</font>
          <textcolor>Date</textcolor>
          <label>$INFO[MusicPlayer.offset(3).Album]</label>
        </control>
      </control>
      <control type="group">
        <left>366</left>
        <top>652</top>
        <control type="label">
          <left>16</left>
          <top>6</top>
          <width>170</width>
          <height>40</height>
          <align>center</align>
          <font>Font_Music_Jukebox</font>
          <textcolor>Date</textcolor>
          <label>$INFO[MusicPlayer.offset(4).Artist]</label>
        </control>
        <control type="label">
          <left>24</left>
          <top>16</top>
          <width>146</width>
          <height>40</height>
          <aligny>center</aligny>
          <font>Font_Neon_16</font>
          <textcolor>black</textcolor>
          <label>$INFO[MusicPlayer.offset(4).TrackNumber]$INFO[MusicPlayer.offset(4).Title,. ]</label>
        </control>
        <control type="label">
          <left>16</left>
          <top>44</top>
          <width>170</width>
          <height>40</height>
          <align>center</align>
          <font>Font_Music_Jukebox</font>
          <textcolor>Date</textcolor>
          <label>$INFO[MusicPlayer.offset(4).Album]</label>
        </control>
      </control>
      <control type="group">
        <left>400</left>
        <top>0</top>
        <control type="group">
          <left>366</left>
          <top>460</top>
          <control type="label">
            <left>16</left>
            <top>6</top>
            <width>170</width>
            <height>40</height>
            <align>center</align>
            <font>Font_Music_Jukebox</font>
            <textcolor>Date</textcolor>
            <label>$INFO[MusicPlayer.offset(5).Artist]</label>
          </control>
          <control type="label">
            <left>24</left>
            <top>16</top>
            <width>146</width>
            <height>40</height>
            <aligny>center</aligny>
            <font>Font_Neon_16</font>
            <textcolor>black</textcolor>
            <label>$INFO[MusicPlayer.offset(5).TrackNumber]$INFO[MusicPlayer.offset(5).Title,. ]</label>
          </control>
          <control type="label">
            <left>16</left>
            <top>44</top>
            <width>170</width>
            <height>40</height>
            <align>center</align>
            <font>Font_Music_Jukebox</font>
            <textcolor>Date</textcolor>
            <label>$INFO[MusicPlayer.offset(5).Album]</label>
          </control>
        </control>
        <control type="group">
          <left>366</left>
          <top>524</top>
          <control type="label">
            <left>16</left>
            <top>6</top>
            <width>170</width>
            <height>40</height>
            <align>center</align>
            <font>Font_Music_Jukebox</font>
            <textcolor>Date</textcolor>
            <label>$INFO[MusicPlayer.offset(6).Artist]</label>
          </control>
          <control type="label">
            <left>24</left>
            <top>16</top>
            <width>146</width>
            <height>40</height>
            <aligny>center</aligny>
            <font>Font_Neon_16</font>
            <textcolor>black</textcolor>
            <label>$INFO[MusicPlayer.offset(6).TrackNumber]$INFO[MusicPlayer.offset(6).Title,. ]</label>
          </control>
          <control type="label">
            <left>16</left>
            <top>44</top>
            <width>170</width>
            <height>40</height>
            <align>center</align>
            <font>Font_Music_Jukebox</font>
            <textcolor>Date</textcolor>
            <label>$INFO[MusicPlayer.offset(6).Album]</label>
          </control>
        </control>
        <control type="group">
          <left>366</left>
          <top>588</top>
          <control type="label">
            <left>16</left>
            <top>6</top>
            <width>170</width>
            <height>40</height>
            <align>center</align>
            <font>Font_Music_Jukebox</font>
            <textcolor>Date</textcolor>
            <label>$INFO[MusicPlayer.offset(7).Artist]</label>
          </control>
          <control type="label">
            <left>24</left>
            <top>16</top>
            <width>146</width>
            <height>40</height>
            <aligny>center</aligny>
            <font>Font_Neon_16</font>
            <textcolor>black</textcolor>
            <label>$INFO[MusicPlayer.offset(7).TrackNumber]$INFO[MusicPlayer.offset(7).Title,. ]</label>
          </control>
          <control type="label">
            <left>16</left>
            <top>44</top>
            <width>170</width>
            <height>40</height>
            <align>center</align>
            <font>Font_Music_Jukebox</font>
            <textcolor>Date</textcolor>
            <label>$INFO[MusicPlayer.offset(7).Album]</label>
          </control>
        </control>
        <control type="group">
          <left>366</left>
          <top>652</top>
          <control type="label">
            <left>16</left>
            <top>6</top>
            <width>170</width>
            <height>40</height>
            <align>center</align>
            <font>Font_Music_Jukebox</font>
            <textcolor>Date</textcolor>
            <label>$INFO[MusicPlayer.offset(8).Artist]</label>
          </control>
          <control type="label">
            <left>24</left>
            <top>16</top>
            <width>146</width>
            <height>40</height>
            <aligny>center</aligny>
            <font>Font_Neon_16</font>
            <textcolor>black</textcolor>
            <label>$INFO[MusicPlayer.offset(8).TrackNumber]$INFO[MusicPlayer.offset(8).Title,. ]</label>
          </control>
          <control type="label">
            <left>16</left>
            <top>44</top>
            <width>170</width>
            <height>40</height>
            <align>center</align>
            <font>Font_Music_Jukebox</font>
            <textcolor>Date</textcolor>
            <label>$INFO[MusicPlayer.offset(8).Album]</label>
          </control>
        </control>
      </control>
    </control>
  </controls>
</window>