<?xml version="1.0" encoding="UTF-8"?>
<!--Alaska-->
<window>
  <defaultcontrol>506</defaultcontrol>
  <allowoverlay>yes</allowoverlay>
  <views>506,50,52,54,508,511,512</views>
  <controls>
    <control type="image">
      <description>artist level fanart</description>
      <left>0</left>
      <top>0</top>
      <width>1280</width>
      <height>720</height>
      <texture fallback="backdrops/curtains.jpg" background="true">$INFO[ListItem.Property(Fanart_Image)]</texture>
      <aspectratio>scale</aspectratio>
      <fadetime>400</fadetime>
      <include>VisibleFadeEffect</include>
    </control>
    <include>CommonMediaPlayingBackground</include>
    <include>MusicInfoListView</include>
    <include>Viewtype_Files</include>
    <include>Viewtype_JukeBox</include>
    <!-- view options -->
    <include>Time</include>
    <include>ScrollOffsetLabel</include>
    <control type="group">
      <left>-839</left>
      <include>SideBladeLeft</include>
      <control type="image">
        <description>LOGO</description>
        <left>579</left>
        <top>30</top>
        <width>220</width>
        <height>60</height>
        <aspectratio>keep</aspectratio>
        <colordiffuse>mainblue</colordiffuse>
        <texture>neon.png</texture>
      </control>
      <control type="grouplist" id="7000">
        <left>579</left>
        <top>130</top>
        <include>WindowMenuVars_Vertical</include>
        <control type="label" id="200">
          <width>250</width>
          <height>35</height>
          <font>Font_Neon_26</font>
          <label>$LOCALIZE[31513]</label>
          <textcolor>mainblue</textcolor>
          <align>center</align>
          <aligny>center</aligny>
        </control>
        <control type="image" id="230">
          <description>separator</description>
          <width>240</width>
          <aspectratio>keep</aspectratio>
          <colordiffuse>mainblue</colordiffuse>
          <texture>separator2.png</texture>
        </control>
        <control type="button" id="2">
          <include>WindowMenuButton_Vertical</include>
          <description>View As button</description>
          <textwidth>235</textwidth>
          <label>-</label>
        </control>
        <control type="label" id="201">
          <width>250</width>
          <height>35</height>
          <font>Font_Neon_26</font>
          <label>$LOCALIZE[31026]</label>
          <textcolor>mainblue</textcolor>
          <align>center</align>
          <aligny>center</aligny>
        </control>
        <control type="image" id="231">
          <description>separator</description>
          <width>240</width>
          <aspectratio>keep</aspectratio>
          <colordiffuse>mainblue</colordiffuse>
          <texture>separator2.png</texture>
        </control>
        <control type="radiobutton" id="20">
          <description>Shuffle button</description>
          <include>WindowMenuButton_Vertical</include>
          <label>191</label>
        </control>
        <control type="button" id="26">
          <description>Repeat button</description>
          <textwidth>235</textwidth>
          <include>WindowMenuButton_Vertical</include>
          <label>-</label>
        </control>
        <control type="button" id="21">
          <description>Save button</description>
          <label>190</label>
          <textwidth>235</textwidth>
          <include>WindowMenuButton_Vertical</include>
        </control>
        <control type="button" id="22">
          <description>Clear button</description>
          <label>192</label>
          <onclick>ReplaceWindow(music)</onclick>
          <textwidth>235</textwidth>
          <include>WindowMenuButton_Vertical</include>
        </control>
        <include>CommonNowPlaying_Controls</include>
      </control>
    </control>
    <include>Time</include>
  </controls>
</window>