<?xml version="1.0" encoding="UTF-8"?>
<!--Alaska-->
<window>
  <defaultcontrol>50</defaultcontrol>
  <allowoverlay>yes</allowoverlay>
  <views>50,55,58,51,53,503</views>
  <controls>
  <control type="image">
    <include>Dimensions_Fullscreen</include>
    <fadetime>400</fadetime>
    <texture>backdrops/curtains_diffuse.jpg</texture>
    <include>Animation_CommonFade</include>
    <visible>![Control.IsVisible(50) | Control.IsVisible(55)]</visible>
  </control>
  <control type="image">
    <include>Dimensions_Fullscreen</include>
    <fadetime>400</fadetime>
    <texture>backdrops/curtains.jpg</texture>
    <include>Animation_CommonFade</include>
    <visible>Control.IsVisible(50) | Control.IsVisible(55)</visible>
  </control>
  <control type="largeimage" id="668">
    <include>Dimensions_Fullscreen</include>
    <texture>$INFO[listitem.filenameandpath]</texture>
    <fadetime>400</fadetime>
    <aspectratio align="top">keep</aspectratio>
    <visible>[Control.IsVisible(50) | Control.IsVisible(51)] + [substring(listitem.filenameandpath,jpg) | substring(listitem.filenameandpath,bmp) | substring(listitem.filenameandpath,png) | substring(listitem.filenameandpath,tif) | substring(listitem.filenameandpath,ico) | substring(listitem.filenameandpath,pcx) | substring(listitem.filenameandpath,tga)]</visible>
    <include>Animation_BackdropFade</include>
  </control>
  <include>CommonMediaPlayingBackground</include>
  <include>Viewtype_Files</include>
  <include>Viewtype_PictureGrid</include>
  <include>PictureThumbView</include>
  <include>Viewtype_List</include> <!-- 53 -->
  <include>MediaListView3</include> <!--  view id 503  -->
  <include>ScrollOffsetLabel</include>
  <control type="group">
    <left>-839</left>
    <include>SideBladeLeft</include>
    <control type="image">
      <description>LOGO</description>
      <left>579</left>
      <top>30</top>
      <width>220</width>
      <height>60</height>
      <aspectratio>keep</aspectratio>
      <colordiffuse>mainblue</colordiffuse>
      <texture>neon.png</texture>
    </control>
    <control type="grouplist" id="7000">
      <left>579</left>
      <top>130</top>
      <include>WindowMenuVars_Vertical</include>
      <control type="label" id="200">
        <width>250</width>
        <height>35</height>
        <font>font12caps</font>
        <label>$LOCALIZE[31513]</label>
        <textcolor>mainblue</textcolor>
        <align>center</align>
        <aligny>center</aligny>
      </control>
      <control type="image" id="230">
        <description>separator</description>
        <width>240</width>
        <aspectratio>keep</aspectratio>
        <colordiffuse>mainblue</colordiffuse>
        <texture>separator2.png</texture>
      </control>
      <control type="button" id="2">
        <description>View As button</description>
        <textwidth>235</textwidth>
        <include>WindowMenuButton_Vertical</include>
        <label>-</label>
      </control>
      <control type="button" id="3">
        <description>Sort by button</description>
        <include>WindowMenuButton_Vertical</include>
        <label>103</label>
      </control>
      <control type="togglebutton" id="4">
        <description>Sort asc</description>
        <include>WindowMenuButton_Vertical</include>
        <label>31512</label>
        <altlabel>31511</altlabel>
        <usealttexture>Container.SortDirection(Ascending)</usealttexture>
      </control>
      <control type="edit" id="19">
        <include>WindowMenuButton_Vertical</include>
        <description>Filter</description>
        <textwidth>230</textwidth>
        <label>587</label>
        <visible>Container.CanFilter + !Container.CanFilterAdvanced</visible>
      </control>
      <control type="radiobutton" id="20">
        <include>WindowMenuButton_Vertical</include>
        <description>Filter</description>
        <label>587</label>
        <selected>Container.Filtered</selected>
        <onclick>right</onclick>
        <onclick>Filter</onclick>
        <visible>Container.CanFilterAdvanced</visible>
      </control>
      <control type="label" id="201">
        <width>250</width>
        <height>35</height>
        <font>font12caps</font>
        <label>31026</label>
        <textcolor>mainblue</textcolor>
        <align>center</align>
        <aligny>center</aligny>
      </control>
      <control type="image" id="231">
        <description>separator</description>
        <width>240</width>
        <aspectratio>keep</aspectratio>
        <colordiffuse>mainblue</colordiffuse>
        <texture>separator2.png</texture>
      </control>
      <control type="button" id="6">
        <description>Slideshow</description>
        <textwidth>235</textwidth>
        <include>WindowMenuButton_Vertical</include>
        <label>108</label>
      </control>
      <control type="button" id="7">
        <description>Recersive Slideshow</description>
        <textwidth>235</textwidth>
        <include>WindowMenuButton_Vertical</include>
        <label>361</label>
      </control>
      <control type="radiobutton" id="9">
        <description>Randomize Toggle</description>
        <include>WindowMenuButton_Vertical</include>
        <label>13319</label>
      </control>
      <include>CommonNowPlaying_Controls</include>
    </control>
  </control>
  <include>Time</include>
  </controls>
</window>