<?xml version="1.0" encoding="UTF-8"?>
<!--Alaska-->
<window>
  <defaultcontrol>50</defaultcontrol>
  <allowoverlay>yes</allowoverlay>
  <views>50,56,55,503</views>
  <controls>
    <control type="image">
      <include>Dimensions_Fullscreen</include>
      <fadetime>400</fadetime>
      <texture>backdrops/curtains.jpg</texture>
      <include>Animation_CommonFade</include>
      <visible></visible>
    </control>
    <include>Viewtype_Files</include>
    <include>Viewtype_Poster</include>
    <include>Viewtype_3daddon</include>
    <!--  56  -->
    <include>MediaListView3</include>
    <!-- 503 -->
    <include>ScrollOffsetLabel</include>
    <control type="group">
      <left>-839</left>
      <include>SideBladeLeft</include>
      <control type="image">
        <description>LOGO</description>
        <left>579</left>
        <top>30</top>
        <width>220</width>
        <height>60</height>
        <aspectratio>keep</aspectratio>
        <colordiffuse>mainblue</colordiffuse>
        <texture>neon.png</texture>
      </control>
      <control type="grouplist" id="7000">
        <left>579</left>
        <top>130</top>
        <include>WindowMenuVars_Vertical</include>
        <control type="label" id="200">
          <width>250</width>
          <height>35</height>
          <font>font12caps</font>
          <label>$LOCALIZE[31513]</label>
          <textcolor>mainblue</textcolor>
          <align>center</align>
          <aligny>center</aligny>
        </control>
        <control type="image" id="230">
          <description>separator</description>
          <width>240</width>
          <aspectratio>keep</aspectratio>
          <colordiffuse>mainblue</colordiffuse>
          <texture>separator2.png</texture>
        </control>
        <control type="button" id="2">
          <description>View As button</description>
          <include>WindowMenuButton_Vertical</include>
          <label>-</label>
        </control>
        <control type="button" id="3">
          <description>Sort by button</description>
          <include>WindowMenuButton_Vertical</include>
          <label>103</label>
        </control>
        <control type="togglebutton" id="4">
          <include>WindowMenuButton_Vertical</include>
          <!-- Sort Ascending -->
          <label>$LOCALIZE[31511]</label>
          <!-- Sort Descending -->
          <altlabel>$LOCALIZE[31512]</altlabel>
        </control>
        <control type="edit" id="19">
          <include>WindowMenuButton_Vertical</include>
          <description>Filter</description>
          <textwidth>230</textwidth>
          <label>587</label>
          <visible>Container.CanFilter + !Container.CanFilterAdvanced</visible>
        </control>
        <control type="radiobutton" id="20">
          <include>WindowMenuButton_Vertical</include>
          <description>Filter</description>
          <label>587</label>
          <selected>Container.Filtered</selected>
          <onclick>right</onclick>
          <onclick>Filter</onclick>
          <visible>Container.CanFilterAdvanced</visible>
        </control>
        <include>CommonNowPlaying_Controls</include>
      </control>
    </control>
  </controls>
</window>