<?xml version="1.0" encoding="UTF-8"?>
<window>
  <defaultcontrol always="true">50</defaultcontrol>
  <allowoverlay>no</allowoverlay>
  <views>50</views>
  <controls>
    <include>CommonTVBackground</include>
    <include>CommonMediaPlayingBackground</include>
    <control type="group">
      <include>Window_OpenClose_Animation</include>
      <control type="image">
        <left>0</left>
        <top>0</top>
        <width>1280</width>
        <height>720</height>
        <texture>black-back.png</texture>
        <include>VisibleFadeEffect</include>
      </control>
      <control type="image">
        <left>0</left>
        <top>128r</top>
        <width>1280</width>
        <height>128</height>
        <texture>floor.png</texture>
      </control>
      <control type="image">
        <left>55</left>
        <top>60</top>
        <width>1170</width>
        <height>600</height>
        <colordiffuse>mainblue</colordiffuse>
        <texture border="20">DialogBackwht.png</texture>
      </control>
      <control type="image">
        <left>55</left>
        <top>60</top>
        <width>1170</width>
        <height>600</height>
        <colordiffuse>mainblue</colordiffuse>
        <texture border="20">ContentPanel.png</texture>
      </control>
    </control>
    <control type="group">
      <include>Window_OpenClose_Animation</include>
      <control type="group">
        <description>TV Search group</description>
        <visible>Control.IsVisible(50)</visible>
        <include>VisibleFadeEffect</include>
        <control type="group">
          <left>80</left>
          <top>60</top>
          <control type="label">
            <description>Channel label</description>
            <left>0</left>
            <top>20</top>
            <width>220</width>
            <height>20</height>
            <font>font13_title</font>
            <textcolor>white</textcolor>
            <shadowcolor>black</shadowcolor>
            <aligny>center</aligny>
            <label>19148</label>
          </control>
          <control type="label">
            <description>Title header label</description>
            <left>240</left>
            <top>20</top>
            <width>300</width>
            <height>20</height>
            <font>font13_title</font>
            <textcolor>white</textcolor>
            <shadowcolor>black</shadowcolor>
            <aligny>center</aligny>
            <label>369</label>
          </control>
          <control type="label">
            <description>Time label</description>
            <left>700</left>
            <top>20</top>
            <width>300</width>
            <height>20</height>
            <font>font13_title</font>
            <textcolor>white</textcolor>
            <shadowcolor>black</shadowcolor>
            <aligny>center</aligny>
            <label>21820</label>
          </control>
          <control type="label">
            <description>Status header label</description>
            <left>980</left>
            <top>20</top>
            <width>140</width>
            <height>20</height>
            <font>font13_title</font>
            <textcolor>white</textcolor>
            <shadowcolor>black</shadowcolor>
            <aligny>center</aligny>
            <label>126</label>
          </control>
          <control type="image">
            <description>separator image</description>
            <left>0</left>
            <top>50</top>
            <width>1100</width>
            <height>1</height>
            <colordiffuse>mainblue</colordiffuse>
            <texture>separator2.png</texture>
          </control>
          <control type="list" id="50">
            <left>0</left>
            <top>55</top>
            <width>1100</width>
            <height>520</height>
            <onup>50</onup>
            <ondown>50</ondown>
            <onleft>7000</onleft>
            <onright>77</onright>
            <pagecontrol>77</pagecontrol>
            <scrolltime>200</scrolltime>
            <itemlayout height="40">
              <control type="image">
                <left>0</left>
                <top>0</top>
                <width>1100</width>
                <height>41</height>
                <colordiffuse>mainblue</colordiffuse>
                <texture border="5">MenuItemNF.png</texture>
              </control>
              <control type="group">
                <visible>IsEmpty(ListItem.Date)</visible>
                <control type="label">
                  <left>50</left>
                  <top>0</top>
                  <width>650</width>
                  <height>40</height>
                  <font>Font_Neon_18</font>
                  <aligny>center</aligny>
                  <textcolor>grey2</textcolor>
                  <selectedcolor>selected</selectedcolor>
                  <info>ListItem.Label</info>
                </control>  
              </control>
              <control type="group">
                <visible>!IsEmpty(ListItem.Date)</visible>
                <control type="image">
                  <left>0</left>
                  <top>5</top>
                  <width>30</width>
                  <height>30</height>
                  <texture border="1">$INFO[ListItem.Icon]</texture>
                </control>
                <control type="label">
                  <left>50</left>
                  <top>0</top>
                  <width>190</width>
                  <height>40</height>
                  <font>Font_Neon_18</font>
                  <aligny>center</aligny>
                  <textcolor>grey2</textcolor>
                  <selectedcolor>selected</selectedcolor>
                  <info>ListItem.ChannelName</info>
                </control>
                <control type="label">
                  <left>240</left>
                  <top>0</top>
                  <width>450</width>
                  <height>40</height>
                  <font>Font_Neon_18</font>
                  <aligny>center</aligny>
                  <textcolor>grey2</textcolor>
                  <selectedcolor>selected</selectedcolor>
                  <info>ListItem.Label</info>
                </control>
                <control type="label">
                  <left>700</left>
                  <top>0</top>
                  <width>270</width>
                  <height>40</height>
                  <font>Font_Neon_18</font>
                  <aligny>center</aligny>
                  <textcolor>grey2</textcolor>
                  <selectedcolor>selected</selectedcolor>
                  <info>ListItem.Date</info>
                </control>
                <control type="image">
                  <left>980</left>
                  <top>10</top>
                  <width>30</width>
                  <height>20</height>
                  <texture>PVR-IsRecording.png</texture>
                  <visible>ListItem.IsRecording</visible>
                </control>
                <control type="label">
                  <left>1015</left>
                  <top>0</top>
                  <width>80</width>
                  <height>40</height>
                  <font>font10</font>
                  <aligny>center</aligny>
                  <textcolor>grey2</textcolor>
                  <selectedcolor>selected</selectedcolor>
                  <label>19043</label>
                  <visible>ListItem.IsRecording</visible>
                </control>
                <control type="image">
                  <left>980</left>
                  <top>10</top>
                  <width>20</width>
                  <height>20</height>
                  <texture>PVR-HasTimer.png</texture>
                  <visible>ListItem.HasTimer + !ListItem.IsRecording</visible>
                </control>
                <control type="label">
                  <left>1010</left>
                  <top>0</top>
                  <width>80</width>
                  <height>40</height>
                  <font>font10</font>
                  <aligny>center</aligny>
                  <textcolor>grey2</textcolor>
                  <selectedcolor>selected</selectedcolor>
                  <label>31510</label>
                  <visible>ListItem.HasTimer</visible>
                </control>
              </control>
            </itemlayout>
            <focusedlayout height="40">
              <control type="image">
                <left>0</left>
                <top>0</top>
                <width>1100</width>
                <height>41</height>
                <colordiffuse>mainblue</colordiffuse>
                <texture border="5">MenuItemNF.png</texture>
              </control>
              <control type="image">
                <left>0</left>
                <top>0</top>
                <width>1100</width>
                <height>41</height>
                <colordiffuse>mainblue</colordiffuse>
                <texture>MenuItemFO.png</texture>
                <visible>Control.HasFocus(50)</visible>
              </control>
              <control type="group">
                <visible>IsEmpty(ListItem.Date)</visible>
                <control type="label">
                  <left>50</left>
                  <top>0</top>
                  <width>650</width>
                  <height>40</height>
                  <font>Font_Neon_18</font>
                  <aligny>center</aligny>
                  <textcolor>white</textcolor>
                  <selectedcolor>selected</selectedcolor>
                  <info>ListItem.Label</info>
                </control>  
              </control>
              <control type="group">
                <visible>!IsEmpty(ListItem.Date)</visible>
                <control type="image">
                  <left>0</left>
                  <top>5</top>
                  <width>30</width>
                  <height>30</height>
                  <texture border="1">$INFO[ListItem.Icon]</texture>
                </control>
                <control type="label">
                  <left>50</left>
                  <top>0</top>
                  <width>190</width>
                  <height>40</height>
                  <font>Font_Neon_18</font>
                  <aligny>center</aligny>
                  <textcolor>white</textcolor>
                  <selectedcolor>selected</selectedcolor>
                  <info>ListItem.ChannelName</info>
                </control>
                <control type="label">
                  <left>240</left>
                  <top>0</top>
                  <width>450</width>
                  <height>40</height>
                  <font>Font_Neon_18</font>
                  <aligny>center</aligny>
                  <textcolor>white</textcolor>
                  <selectedcolor>selected</selectedcolor>
                  <info>ListItem.Label</info>
                </control>
                <control type="label">
                  <left>700</left>
                  <top>0</top>
                  <width>270</width>
                  <height>40</height>
                  <font>Font_Neon_18</font>
                  <aligny>center</aligny>
                  <textcolor>white</textcolor>
                  <selectedcolor>selected</selectedcolor>
                  <info>ListItem.Date</info>
                </control>
                <control type="image">
                  <left>980</left>
                  <top>10</top>
                  <width>30</width>
                  <height>20</height>
                  <texture>PVR-IsRecording.png</texture>
                  <visible>ListItem.IsRecording</visible>
                </control>
                <control type="label">
                  <left>1015</left>
                  <top>0</top>
                  <width>80</width>
                  <height>40</height>
                  <font>font10</font>
                  <aligny>center</aligny>
                  <textcolor>white</textcolor>
                  <selectedcolor>selected</selectedcolor>
                  <label>19043</label>
                  <visible>ListItem.IsRecording</visible>
                </control>
                <control type="image">
                  <left>980</left>
                  <top>10</top>
                  <width>20</width>
                  <height>20</height>
                  <texture>PVR-HasTimer.png</texture>
                  <visible>ListItem.HasTimer + !ListItem.IsRecording</visible>
                </control>
                <control type="label">
                  <left>1010</left>
                  <top>0</top>
                  <width>80</width>
                  <height>40</height>
                  <font>font10</font>
                  <aligny>center</aligny>
                  <textcolor>white</textcolor>
                  <selectedcolor>selected</selectedcolor>
                  <label>31510</label>
                  <visible>ListItem.HasTimer</visible>
                </control>
              </control>
            </focusedlayout>
          </control>
          <control type="scrollbar" id="77">
            <left>1105</left>
            <top>50</top>
            <width>25</width>
            <height>520</height>
            <texturesliderbackground border="0,14,0,14">ScrollBarV.png</texturesliderbackground>
            <texturesliderbar border="0,14,0,14">ScrollBarV_bar.png</texturesliderbar>
            <texturesliderbarfocus border="0,14,0,14" colordiffuse="mainblue">ScrollBarV_bar_focus.png</texturesliderbarfocus>
            <textureslidernib>ScrollBarNib.png</textureslidernib>
            <textureslidernibfocus>ScrollBarNib.png</textureslidernibfocus>
            <onleft>50</onleft>
            <onright>50</onright>
            <showonepage>false</showonepage>
            <orientation>vertical</orientation>
          </control>
        </control>
        <control type="label">
          <animation effect="slide" start="0,0" end="-90,0" time="0" condition="system.getbool(input.enablemouse)">Conditional</animation>
          <description>Page Count Label</description>
          <right>40</right>
          <top>53r</top>
          <width>500</width>
          <height>20</height>
          <font>Font_Neon_18</font>
          <textcolor>grey</textcolor>
          <scroll>false</scroll>
          <align>right</align>
          <aligny>center</aligny>
          <label>([COLOR=mainblue]$INFO[Container(50).NumItems][/COLOR]) $LOCALIZE[31025] - $LOCALIZE[31024] ([COLOR=mainblue]$INFO[Container(50).CurrentPage]/$INFO[Container(50).NumPages][/COLOR])</label>
        </control>
      </control>
      <include>ScrollOffsetLabel</include>
    </control>
    <control type="group">
      <left>-839</left>
      <include>SideBladeLeft</include>
      <control type="image">
        <description>LOGO</description>
        <left>579</left>
        <top>30</top>
        <width>220</width>
        <height>60</height>
        <aspectratio>keep</aspectratio>
        <colordiffuse>mainblue</colordiffuse>
        <texture>Neon.png</texture>
      </control>
      <control type="grouplist" id="7000">
        <left>579</left>
        <top>130</top>
        <include>WindowMenuVars_Vertical</include>
        <control type="label" id="200">
          <width>250</width>
          <height>35</height>
          <font>font12caps</font>
          <label>$LOCALIZE[31513]</label>
          <textcolor>mainblue</textcolor>
          <align>center</align>
          <aligny>center</aligny>
        </control>
        <control type="image" id="230">
          <description>separator</description>
          <width>240</width>
          <aspectratio>keep</aspectratio>
          <colordiffuse>mainblue</colordiffuse>
          <texture>separator2.png</texture>
        </control>
        <control type="button" id="100">
          <description>Channels</description>
          <left>0</left>
          <top>0</top>
          <textwidth>235</textwidth>
          <include>WindowMenuButton_Vertical</include>
          <label>19019</label>
          <onclick condition="Window.IsActive(TVChannels) | Window.IsActive(RadioChannels)">NextChannelGroup</onclick>
          <onclick condition="IsEmpty(Window.Property(IsRadio))">ActivateWindow(TVChannels)</onclick>
          <onclick condition="!IsEmpty(Window.Property(IsRadio))">ActivateWindow(RadioChannels)</onclick>
        </control>
        <control type="button" id="101">
          <description>TV Guide</description>
          <left>0</left>
          <top>80</top>
          <textwidth>235</textwidth>
          <include>WindowMenuButton_Vertical</include>
          <label>22020</label>
          <onclick condition="Window.IsActive(TVGuide) | Window.IsActive(RadioGuide)">NextChannelGroup</onclick>
          <onclick condition="IsEmpty(Window.Property(IsRadio))">ActivateWindow(TVGuide)</onclick>
          <onclick condition="!IsEmpty(Window.Property(IsRadio))">ActivateWindow(RadioGuide)</onclick>
        </control>
        <control type="button" id="102">
          <description>Recordings</description>
          <left>0</left>
          <top>120</top>
          <textwidth>235</textwidth>
          <include>WindowMenuButton_Vertical</include>
          <label>19163</label>
          <onclick condition="IsEmpty(Window.Property(IsRadio))">ActivateWindow(TVRecordings)</onclick>
          <onclick condition="!IsEmpty(Window.Property(IsRadio))">ActivateWindow(RadioRecordings)</onclick>
        </control>
        <control type="button" id="103">
          <description>Timers</description>
          <left>0</left>
          <top>160</top>
          <textwidth>235</textwidth>
          <include>WindowMenuButton_Vertical</include>
          <label>19040</label>
          <onclick condition="IsEmpty(Window.Property(IsRadio))">ActivateWindow(TVTimers)</onclick>
          <onclick condition="!IsEmpty(Window.Property(IsRadio))">ActivateWindow(RadioTimers)</onclick>
        </control>
        <control type="button" id="104">
          <description>Search</description>
          <left>0</left>
          <top>200</top>
          <textwidth>235</textwidth>
          <include>WindowMenuButton_Vertical</include>
          <label>137</label>
          <onclick condition="IsEmpty(Window.Property(IsRadio))">ActivateWindow(TVSearch)</onclick>
          <onclick condition="!IsEmpty(Window.Property(IsRadio))">ActivateWindow(RadioSearch)</onclick>
        </control>
        <control type="label" id="201">
          <width>250</width>
          <height>35</height>
          <font>font12caps</font>
          <label>31513</label>
          <textcolor>mainblue</textcolor>
          <align>center</align>
          <aligny>center</aligny>
        </control>
        <control type="image" id="231">
          <description>separator</description>
          <width>240</width>
          <aspectratio>keep</aspectratio>
          <colordiffuse>mainblue</colordiffuse>
          <texture>separator2.png</texture>
        </control>
        <control type="button" id="28">
          <description>Channel Groups</description>
          <left>0</left>
          <right>40</right>
          <textwidth>235</textwidth>
          <include>WindowMenuButton_Vertical</include>
          <label>-</label>
        </control>
        <control type="radiobutton" id="5">
          <description>Group recording items by folder structure</description>
          <left>0</left>
          <right>40</right>
          <textwidth>235</textwidth>
          <include>WindowMenuButton_Vertical</include>
          <label>19270</label>
          <visible>Window.IsActive(TVRecordings) | Window.IsActive(RadioRecordings)</visible>
        </control>
        <control type="button" id="2">
          <description>View As button</description>
          <left>0</left>
          <right>40</right>
          <textwidth>235</textwidth>
          <include>WindowMenuButton_Vertical</include>
          <label>-</label>
          <!-- <visible>Window.IsActive(TVGuide) | Window.IsActive(RadioGuide)</visible> -->
        </control>
        <control type="button" id="3">
          <description>Sort by button</description>
          <include>WindowMenuButton_Vertical</include>
          <label>103</label>
        </control>
        <control type="togglebutton" id="4">
          <description>Sort asc</description>
          <include>WindowMenuButton_Vertical</include>
          <alttexturefocus border="5">button-focus.png</alttexturefocus>
          <alttexturenofocus>-</alttexturenofocus>
          <label>31512</label>
          <altlabel>31511</altlabel>
          <usealttexture>Container.SortDirection(Ascending)</usealttexture>
        </control>
        <include>CommonNowPlaying_Controls</include>
      </control>
    </control>
    <include>Time</include>
  </controls>
</window>