<?xml version="1.0" encoding="UTF-8"?>
<window>
  <defaultcontrol always="true">10</defaultcontrol>
  <allowoverlay>no</allowoverlay>
  <views>10,11,12,13</views>
  <controls>
    <include>CommonTVBackground</include>
    <include>CommonMediaPlayingBackground</include>
    <control type="group">
      <include>Window_OpenClose_Animation</include>
      <control type="image">
        <left>0</left>
        <top>0</top>
        <width>1280</width>
        <height>720</height>
        <texture>black-back.png</texture>
        <include>VisibleFadeEffect</include>
      </control>
      <control type="image">
        <left>0</left>
        <top>128r</top>
        <width>1280</width>
        <height>128</height>
        <texture>floor.png</texture>
      </control>
      <control type="image">
        <left>55</left>
        <top>60</top>
        <width>1170</width>
        <height>600</height>
        <colordiffuse>mainblue</colordiffuse>
        <texture border="20">DialogBackwht.png</texture>
      </control>
      <control type="image">
        <left>55</left>
        <top>60</top>
        <width>1170</width>
        <height>600</height>
        <colordiffuse>mainblue</colordiffuse>
        <texture border="20">ContentPanel.png</texture>
      </control>
    </control>
    <control type="group" id="50">
      <include>Window_OpenClose_Animation</include>
      <include>PVRGuideViewTimeline</include>
      <include>PVRGuideViewNow</include>
      <include>PVRGuideViewNext</include>
      <include>PVRGuideViewChannel</include>
      <include>ScrollOffsetLabel</include>
    </control>
    <control type="group">
      <left>-839</left>
      <include>SideBladeLeft</include>
      <control type="image">
        <description>LOGO</description>
        <left>579</left>
        <top>30</top>
        <width>220</width>
        <height>60</height>
        <aspectratio>keep</aspectratio>
        <colordiffuse>mainblue</colordiffuse>
        <texture>Neon.png</texture>
      </control>
      <control type="grouplist" id="7000">
        <left>579</left>
        <top>130</top>
        <include>WindowMenuVars_Vertical</include>
        <control type="label" id="200">
          <width>250</width>
          <height>35</height>
          <font>font12caps</font>
          <label>$LOCALIZE[31513]</label>
          <textcolor>mainblue</textcolor>
          <align>center</align>
          <aligny>center</aligny>
        </control>
        <control type="image" id="230">
          <description>separator</description>
          <width>240</width>
          <aspectratio>keep</aspectratio>
          <colordiffuse>mainblue</colordiffuse>
          <texture>separator2.png</texture>
        </control>
        <control type="button" id="100">
          <description>Channels</description>
          <left>0</left>
          <top>0</top>
          <textwidth>235</textwidth>
          <include>WindowMenuButton_Vertical</include>
          <label>19019</label>
          <onclick condition="Window.IsActive(TVChannels) | Window.IsActive(RadioChannels)">NextChannelGroup</onclick>
          <onclick condition="IsEmpty(Window.Property(IsRadio))">ActivateWindow(TVChannels)</onclick>
          <onclick condition="!IsEmpty(Window.Property(IsRadio))">ActivateWindow(RadioChannels)</onclick>
        </control>
        <control type="button" id="101">
          <description>TV Guide</description>
          <left>0</left>
          <top>80</top>
          <textwidth>235</textwidth>
          <include>WindowMenuButton_Vertical</include>
          <label>22020</label>
          <onclick condition="Window.IsActive(TVGuide) | Window.IsActive(RadioGuide)">NextChannelGroup</onclick>
          <onclick condition="IsEmpty(Window.Property(IsRadio))">ActivateWindow(TVGuide)</onclick>
          <onclick condition="!IsEmpty(Window.Property(IsRadio))">ActivateWindow(RadioGuide)</onclick>
        </control>
        <control type="button" id="102">
          <description>Recordings</description>
          <left>0</left>
          <top>120</top>
          <textwidth>235</textwidth>
          <include>WindowMenuButton_Vertical</include>
          <label>19163</label>
          <onclick condition="IsEmpty(Window.Property(IsRadio))">ActivateWindow(TVRecordings)</onclick>
          <onclick condition="!IsEmpty(Window.Property(IsRadio))">ActivateWindow(RadioRecordings)</onclick>
        </control>
        <control type="button" id="103">
          <description>Timers</description>
          <left>0</left>
          <top>160</top>
          <textwidth>235</textwidth>
          <include>WindowMenuButton_Vertical</include>
          <label>19040</label>
          <onclick condition="IsEmpty(Window.Property(IsRadio))">ActivateWindow(TVTimers)</onclick>
          <onclick condition="!IsEmpty(Window.Property(IsRadio))">ActivateWindow(RadioTimers)</onclick>
        </control>
        <control type="button" id="104">
          <description>Search</description>
          <left>0</left>
          <top>200</top>
          <textwidth>235</textwidth>
          <include>WindowMenuButton_Vertical</include>
          <label>137</label>
          <onclick condition="IsEmpty(Window.Property(IsRadio))">ActivateWindow(TVSearch)</onclick>
          <onclick condition="!IsEmpty(Window.Property(IsRadio))">ActivateWindow(RadioSearch)</onclick>
        </control>
        <control type="label" id="201">
          <width>250</width>
          <height>35</height>
          <font>font12caps</font>
          <label>31513</label>
          <textcolor>mainblue</textcolor>
          <align>center</align>
          <aligny>center</aligny>
        </control>
        <control type="image" id="231">
          <description>separator</description>
          <width>240</width>
          <aspectratio>keep</aspectratio>
          <colordiffuse>mainblue</colordiffuse>
          <texture>separator2.png</texture>
        </control>
        <control type="button" id="28">
          <description>Channel Groups</description>
          <left>0</left>
          <right>40</right>
          <textwidth>235</textwidth>
          <include>WindowMenuButton_Vertical</include>
          <label>-</label>
        </control>
        <control type="radiobutton" id="5">
          <description>Group recording items by folder structure</description>
          <left>0</left>
          <right>40</right>
          <textwidth>235</textwidth>
          <include>WindowMenuButton_Vertical</include>
          <label>19270</label>
          <visible>Window.IsActive(TVRecordings) | Window.IsActive(RadioRecordings)</visible>
        </control>
        <control type="button" id="2">
          <description>View As button</description>
          <left>0</left>
          <right>40</right>
          <textwidth>235</textwidth>
          <include>WindowMenuButton_Vertical</include>
          <label>-</label>
          <!-- <visible>Window.IsActive(TVGuide) | Window.IsActive(RadioGuide)</visible> -->
        </control>
        <control type="button" id="3">
          <description>Sort by button</description>
          <include>WindowMenuButton_Vertical</include>
          <label>103</label>
        </control>
        <control type="togglebutton" id="4">
          <description>Sort asc</description>
          <include>WindowMenuButton_Vertical</include>
          <alttexturefocus border="5">button-focus.png</alttexturefocus>
          <alttexturenofocus>-</alttexturenofocus>
          <label>31512</label>
          <altlabel>31511</altlabel>
          <usealttexture>Container.SortDirection(Ascending)</usealttexture>
        </control>
        <include>CommonNowPlaying_Controls</include>
      </control>
    </control>
    <include>Time</include>
  </controls>
</window>