<?xml version="1.0" encoding="UTF-8"?>
<!--Alaska-->
<window>
  <onload condition="!Skin.HasSetting(DeactivateTvTunes) + System.HasAddon(script.tvtunes) + !SubString(Window(Videos).Property(CinemaExperienceRunning),True)">RunScript(script.tvtunes,backend=True)</onload>
  <onload condition="!Skin.HasSetting(DeactivateTvShowNextAired) + System.HasAddon(script.tv.show.next.aired) + !SubString(Window(Videos).Property(CinemaExperienceRunning),True) + [Container.Content(tvshows) | Container.Content(seasons) | Container.Content(episodes)]">RunScript(script.tv.show.next.aired,backend=True)</onload>
  <defaultcontrol always="true">50</defaultcontrol>
  <allowoverlay>yes</allowoverlay>
  <views>50,55,58,558,595,51,596,52,633,594,53,503,54,597,56,57,59,500,501,508,592,593,598,599,588</views>
  <controls>
    <control type="image">
      <include>Dimensions_Fullscreen</include>
      <texture background="true">$INFO[Fanart.Image]</texture>
      <aspectratio>stretch</aspectratio>
      <fadetime>400</fadetime>
      <include>Animation_MyVideoNav_Fanart</include>
      <include>global_kenburns_fanart</include>
      <visible>![IsEmpty(Fanart.Image) | Control.IsVisible(59) | Control.IsVisible(54) | Control.IsVisible(57) | Control.IsVisible(56) | Control.IsVisible(592) | Control.IsVisible(597)]</visible>
    </control>
    <control type="image">
      <include>Dimensions_Fullscreen</include>
      <fadetime>400</fadetime>
      <texture background="true">$INFO[ListItem.Property(Fanart_Image)]</texture>
      <aspectratio>stretch</aspectratio>
      <include>Animation_MyVideoNav_Fanart</include>
      <include>global_kenburns_fanart</include>
      <visible>![Control.IsVisible(58) + !Skin.HasSetting(ShowcaseFanart) | Control.IsVisible(54) | Control.IsVisible(59) | Control.IsVisible(56) | Control.IsVisible(57) | Control.IsVisible(592) | Control.IsVisible(597)]</visible>
    </control>
    <control type="image">
      <include>Dimensions_Fullscreen</include>
      <texture>backdrops/curtains.jpg</texture>
      <aspectratio>stretch</aspectratio>
      <include>Animation_MyVideoNav_Fanart</include>
      <include>global_kenburns_fanart</include>
      <visible>!Container.Content(movies) + !Control.IsVisible(54) + IsEmpty(ListItem.Title) + [IsEmpty(ListItem.Property(Fanart_Image)) + IsEmpty(Fanart.Image)]</visible>
    </control>
    <control type="image">
      <include>Dimensions_Fullscreen</include>
      <texture>backgrounds/movies.jpg</texture>
      <aspectratio>stretch</aspectratio>
      <include>Animation_MyVideoNav_Fanart</include>
      <include>global_kenburns_fanart</include>
      <visible>Container.Content(movies) + !Control.IsVisible(54) + IsEmpty(ListItem.Title) + [IsEmpty(ListItem.Property(Fanart_Image)) + IsEmpty(Fanart.Image)]</visible>
    </control>
    <control type="image" id="8437">
      <!-- season fanart -->
      <include>Dimensions_Fullscreen</include>
      <fadetime>400</fadetime>
      <texture background="true">$INFO[ListItem.path,,fanart.jpg]</texture>
      <aspectratio>stretch</aspectratio>
      <include>Animation_MyVideoNav_Fanart</include>
      <include>global_kenburns_fanart</include>
      <visible>Skin.HasSetting(genrefanart) + Container.Content(episodes) + [Control.IsVisible(50) | Control.IsVisible(52) | Control.IsVisible(633) | Control.IsVisible(53) | Control.IsVisible(51)]</visible>
    </control>
    <control type="image">
      <!-- genre fanart -->
      <include>Dimensions_Fullscreen</include>
      <fadetime>400</fadetime>
      <include>Animation_MyVideoNav_Fanart</include>
      <texture background="true" fallback="special://skin/backgrounds/movies.jpg">extras/genrefanart/$INFO[ListItem.Label].jpg</texture>
      <include>global_kenburns_fanart</include>
      <visible>Container.Content(genres)</visible>
    </control>
    <control type="multiimage">
      <left>0</left>
      <top>0</top>
      <width>1280</width>
      <height>720</height>
      <imagepath background="true">$INFO[ListItem.Path]/extrafanart</imagepath>
      <timeperimage>7000</timeperimage>
      <randomize>true</randomize>
      <fadetime>1000</fadetime>
      <include>Animation_MyVideoNav_Fanart</include>
      <include>global_kenburns_fanart</include>
      <visible>Skin.HasSetting(extrafanart) + ![Control.IsVisible(59) | Control.IsVisible(54) | Control.IsVisible(57) | Control.IsVisible(56) | Control.IsVisible(592) | Control.IsVisible(597) | Control.IsVisible(596)]</visible>
    </control>
    <control type="multiimage">
      <left>0</left>
      <top>0</top>
      <width>1280</width>
      <height>720</height>
      <imagepath background="true">$INFO[ListItem.Path]../extrafanart</imagepath>
      <timeperimage>7000</timeperimage>
      <randomize>true</randomize>
      <fadetime>1000</fadetime>
      <include>Animation_MyVideoNav_Fanart</include>
      <include>global_kenburns_fanart</include>
      <visible>Skin.HasSetting(extrafanart) + Container.Content(episodes) + ![Control.IsVisible(59) | Control.IsVisible(54) | Control.IsVisible(57) | Control.IsVisible(56) | Control.IsVisible(592) | Control.IsVisible(597) | Control.IsVisible(596)]</visible>
    </control>
    <control type="image">
      <include>Dimensions_Fullscreen</include>
      <fadetime>400</fadetime>
      <texture>backdrops/curtains.jpg</texture>
      <include>Animation_MyVideoNav_Fanart</include>
      <visible>Control.IsVisible(56) | Control.IsVisible(57) | Control.IsVisible(592)</visible>
    </control>
    <control type="image">
      <include>Dimensions_Fullscreen</include>
      <fadetime>400</fadetime>
      <texture>backdrops/curtains_diffuse.jpg</texture>
      <include>Animation_MyVideoNav_Fanart</include>
      <visible>Control.IsVisible(59) | [Control.IsVisible(58) + !Skin.HasSetting(ShowcaseFanart)]</visible>
    </control>
    <control type="group">
      <include>Viewtype_Files</include> <!--  view id 50  -->
      <include>Viewtype_Poster</include> <!--  view id 55  -->
      <include>Viewtype_Showcase</include> <!--  view id 58  -->
      <include>Viewtype_Coverflow</include> <!--  view id 558  -->
      <include>Viewtype_Slide</include> <!--  view id 595  -->
      <include>Viewtype_Episode</include> <!--  view id 51  -->
      <include>Viewtype_Newest_Episodes</include> <!--  view id 596  -->
      <include>Viewtype_Landscape</include> <!--  view id 52  -->
      <include>Viewtype_Landscape_Fanart</include> <!--  view id 633, "Logo Fanart" -->
      <include>Viewtype_Logo</include> <!--  view id 594  -->
      <include>Viewtype_List</include> <!--  view id 53 Media View  -->
      <include>MediaListView3</include> <!--  view id 503  -->
      <include>Viewtype_Wall</include> <!--  view id 54  -->
      <include>Viewtype_WallPanel</include> <!--  view id 597  -->
      <include>Viewtype_Panel</include> <!--  view id 56  TV=Panel -->
      <include>Viewtype_PanelLandscape</include> <!--  view id 57  -->
      <include>Viewtype_16x9</include> <!--  view id 59  -->
      <include>ThumbnailView</include> <!--  view id 500  -->
      <include>PosterWrapView</include> <!--  view id 501  -->
      <include>PosterWrapView2_Fanart</include> <!--  view id 508  -->
      <include>Viewtype_BannerPanel</include> <!--  view id 592  -->
      <include>Viewtype_3dbanner</include> <!--  view id 593  -->
      <include>Viewtype_SlimFiles</include> <!--  view id 598  -->
      <include>Viewtype_3DLandscape</include> <!--  view id 599  -->
      <include>Viewtype_Multiplex</include> <!--  view id 588  -->
      <include>Trailer</include>
      <include>Trailer_TVLandscape</include>
      <include>Trailer_Landscape_Fanart</include>
      <include>Trailer_16x9</include>
      <include>Trailer_Files</include>
      <include>Trailer_Poster</include>
      <include>Trailer_PosterWrap</include>
      <include>Trailer_Media_View</include>
      <include>Trailer_Slide</include>
      <include>Trailer_Showcase</include>
      <include>Trailer_WallPanel</include>
      <include>Trailer_Panel</include>
      <include>Trailer_Multiplex</include>
      <include>ScrollOffsetLabel</include>
    </control>
    <control type="group">
      <visible>!SubString(Window(Videos).Property(tvtunesIsAlive),True)</visible>
      <include>RSS_Music</include>
    </control>
    <!--		<include>7000_has_focus</include> -->
    <control type="group">
      <left>-839</left>
      <include>SideBladeLeft</include>
      <control type="image">
        <description>LOGO</description>
        <left>579</left>
        <top>30</top>
        <width>220</width>
        <height>60</height>
        <aspectratio>keep</aspectratio>
        <colordiffuse>mainblue</colordiffuse>
        <texture>neon.png</texture>
      </control>
      <control type="grouplist" id="7000">
        <left>579</left>
        <top>130</top>
        <include>WindowMenuVars_Vertical</include>
        <control type="label" id="200">
          <width>250</width>
          <height>35</height>
          <font>font12caps</font>
          <label>$LOCALIZE[31513]</label>
          <textcolor>mainblue</textcolor>
          <align>center</align>
          <aligny>center</aligny>
        </control>
        <control type="image" id="230">
          <description>separator</description>
          <width>240</width>
          <aspectratio>keep</aspectratio>
          <colordiffuse>mainblue</colordiffuse>
          <texture>separator2.png</texture>
        </control>
        <control type="button" id="2" description="Views">
          <include>WindowMenuButton_Vertical</include>
          <label>-</label>
          <visible>!Skin.HasSetting(LockViews)</visible>
        </control>
        <control type="radiobutton" id="22">
          <description>Toggle MoviesFanart</description>
          <include>WindowMenuButton_Vertical</include>
          <label>$LOCALIZE[31094]</label>
          <onclick>Skin.ToggleSetting(ShowcaseFanart)</onclick>
		  <selected>!Skin.HasSetting(ShowcaseFanart)</selected>
          <visible>Control.IsVisible(58)</visible>
        </control>
        <control type="radiobutton" id="37">
          <description>Toggle MoviesFanart</description>
          <include>WindowMenuButton_Vertical</include>
          <label>$LOCALIZE[31132]</label>
          <onclick>Skin.ToggleSetting(MultiPlexFanart)</onclick>
		  <selected>Skin.HasSetting(MultiPlexFanart)</selected>
          <visible>Control.IsVisible(588)</visible>
        </control>
        <control type="radiobutton" id="25">
          <description>Toggle MoviesFanart</description>
          <include>WindowMenuButton_Vertical</include>
          <label>$LOCALIZE[31200]</label>
          <onclick>Skin.ToggleSetting(extrathumbs)</onclick>
		  <selected>Skin.HasSetting(extrathumbs)</selected>
          <visible>Control.IsVisible(58) + !Skin.HasSetting(ShowcaseFanart)</visible>
        </control>
        <control type="radiobutton" id="38">
          <description>Toggle MoviesFanart</description>
          <include>WindowMenuButton_Vertical</include>
          <label>$LOCALIZE[31200]</label>
          <onclick>Skin.ToggleSetting(extrathumbs)</onclick>
		  <selected>Skin.HasSetting(extrathumbs)</selected>
          <visible>Control.IsVisible(588)</visible>
        </control>
        <control type="togglebutton" id="26">
          <description>Toggle MoviesFanart</description>
          <include>WindowMenuButton_Vertical</include>
          <label>$LOCALIZE[31094]</label>
          <onclick>Skin.ToggleSetting(3dLandscape_Fanart)</onclick>
		  <selected>Skin.HasSetting(3dLandscape_Fanart)</selected>
          <visible>Control.IsVisible(53) + Container.Content(Movies)</visible>
        </control>
        <control type="togglebutton" id="36">
          <description>Toggle Fanart</description>
          <include>WindowMenuButton_Vertical</include>
          <label>$LOCALIZE[31721]</label>
          <altlabel>$LOCALIZE[31086]</altlabel>
          <onclick>Skin.ToggleSetting(FileFanartView)</onclick>
          <visible>[Control.IsVisible(53) + Container.Content(TVShows)]</visible>
        </control>
        <control type="togglebutton" id="27">
          <description>Toggle MoviesFanart</description>
          <include>WindowMenuButton_Vertical</include>
          <label>$LOCALIZE[31284]</label>
          <altlabel>$LOCALIZE[31285]</altlabel>
          <onclick>Skin.ToggleSetting(clean_poster)</onclick>
          <visible>Control.IsVisible(55) + Container.Content(movies)</visible>
        </control>
        <control type="togglebutton" id="28">
          <description>Toggle MoviesFanart</description>
          <include>WindowMenuButton_Vertical</include>
          <label>$LOCALIZE[31214]</label>
          <altlabel>$LOCALIZE[31086]</altlabel>
          <onclick>Skin.ToggleSetting(Files_Fanart)</onclick>
          <visible>Control.IsVisible(50) + Container.Content(movies)</visible>
        </control>
        <control type="radiobutton" id="29">
          <description>Toggle MoviesFanart</description>
          <include>WindowMenuButton_Vertical</include>
          <label>$LOCALIZE[31286]</label>
          <onclick>Skin.ToggleSetting(3dland_down_plot)</onclick>
		  <selected>!Skin.HasSetting(3dland_down_plot)</selected>
          <visible>Control.IsVisible(633) + Container.Content(episodes)</visible>
        </control>
        <control type="togglebutton" id="30">
          <description>Toggle MoviesFanart</description>
          <include>WindowMenuButton_Vertical</include>
          <label>$LOCALIZE[31214]</label>
          <altlabel>$LOCALIZE[31086]</altlabel>
          <onclick>Skin.ToggleSetting(3dbanner_fanart)</onclick>
          <visible>Control.IsVisible(593) + Container.Content(tvshows)</visible>
        </control>
        <control type="togglebutton" id="31">
          <description>Toggle MoviesFanart</description>
          <include>WindowMenuButton_Vertical</include>
          <label>$LOCALIZE[31214]</label>
          <altlabel>$LOCALIZE[31086]</altlabel>
          <onclick>Skin.ToggleSetting(Poster_Fanart)</onclick>
          <visible>Control.IsVisible(55)</visible>
        </control>
        <control type="radiobutton" id="32">
          <description>Toggle MoviesFanart</description>
          <include>WindowMenuButton_Vertical</include>
          <label>$LOCALIZE[31006]</label>
          <onclick>Skin.ToggleSetting(PosterPlus)</onclick>
		  <selected>Skin.HasSetting(PosterPlus)</selected>
          <visible>Control.IsVisible(55) + Container.Content(movies) + !Skin.HasSetting(Poster_Fanart)</visible>
        </control>
        <control type="radiobutton" id="33">
          <description>Toggle MoviesFanart</description>
          <include>WindowMenuButton_Vertical</include>
          <label>$LOCALIZE[31006]</label>
          <onclick>Skin.ToggleSetting(View508HideInfo)</onclick>
		  <selected>!Skin.HasSetting(View508HideInfo)</selected>
          <visible>Control.IsVisible(508) + Container.Content(movies)</visible>
        </control>
        <control type="radiobutton" id="24">
          <description>Toggle Logo</description>
          <include>WindowMenuButton_Vertical</include>
          <label>$LOCALIZE[31202]</label>
          <onclick>Skin.ToggleSetting(ClearTitle)</onclick>
		  <selected>Skin.HasSetting(ClearTitle)</selected>
          <visible>Control.IsVisible(59) + Container.Content(tvshows)</visible>
        </control>
        <control type="radiobutton" id="34">
          <description>Toggle Recent Episodes</description>
          <include>WindowMenuButton_Vertical</include>
          <label>31298</label>
          <onclick>Skin.ToggleSetting(no_new_recent_info)</onclick>
		  <selected>!Skin.HasSetting(no_new_recent_info)</selected>
          <visible>[Control.IsVisible(52) | Control.IsVisible(59)] + Container.Content(tvshows)</visible>
        </control>
        <control type="button" id="3">
          <include>WindowMenuButton_Vertical</include>
          <label>103</label>
        </control>
        <control type="togglebutton" id="4">
          <include>WindowMenuButton_Vertical</include>
          <!-- Sort Ascending -->
          <label>$LOCALIZE[31511]</label>
          <!-- Sort Descending -->
          <altlabel>$LOCALIZE[31512]</altlabel>
        </control>
        <control type="edit" id="19">
          <include>WindowMenuButton_Vertical</include>
          <description>Filter</description>
          <textwidth>230</textwidth>
          <label>587</label>
          <visible>Container.CanFilter + !Container.CanFilterAdvanced</visible>
        </control>
        <control type="radiobutton" id="98">
          <include>WindowMenuButton_Vertical</include>
          <description>Filter</description>
          <label>587</label>
          <selected>Container.Filtered</selected>
          <onclick>right</onclick>
          <onclick>Filter</onclick>
          <visible>Container.CanFilterAdvanced</visible>
        </control>
        <control type="label" id="201">
          <width>250</width>
          <height>35</height>
          <font>font12caps</font>
          <label>31026</label>
          <textcolor>mainblue</textcolor>
          <align>center</align>
          <aligny>center</aligny>
        </control>
        <control type="image" id="231">
          <description>separator</description>
          <width>240</width>
          <aspectratio>keep</aspectratio>
          <colordiffuse>mainblue</colordiffuse>
          <texture>separator2.png</texture>
        </control>
        <control type="radiobutton" id="14">
          <description>Watched Toggle</description>
          <textwidth>170</textwidth>
          <include>WindowMenuButton_Vertical</include>
          <label>20367</label>
        </control>
        <control type="button" id="8">
          <include>WindowMenuButton_Vertical</include>
          <description>Search</description>
          <label>137</label>
        </control>
        <control type="radiobutton" id="16">
          <description>PartyMode</description>
          <label>589</label>
          <include>WindowMenuButton_Vertical</include>
          <visible>Container.Content(MusicVideos)</visible>
        </control>
        <control type="button" id="11">
          <include>WindowMenuButton_Vertical</include>
          <onclick>xbmc.mastermode</onclick>
          <visible>system.haslocks</visible>
          <label>20336</label>
        </control>
        <control type="label" id="203">
          <width>250</width>
          <height>35</height>
          <font>font12caps</font>
          <label>31028</label>
          <textcolor>mainblue</textcolor>
          <align>center</align>
          <aligny>center</aligny>
        </control>
        <control type="image" id="233">
          <description>separator</description>
          <width>240</width>
          <aspectratio>keep</aspectratio>
          <colordiffuse>mainblue</colordiffuse>
          <texture>separator2.png</texture>
        </control>
        <control type="togglebutton" id="20">
          <include>WindowMenuButton_Vertical</include>
          <description>Update library</description>
          <textwidth>235</textwidth>
          <label>653</label>
          <altlabel>13353</altlabel>
          <usealttexture>library.isscanningvideo</usealttexture>
        </control>
        <include>CommonNowPlaying_Controls</include>
      </control>
    </control>
    <include>NextAiredInfo</include>
    <include>Time</include>
    <include>Library Totals</include>
  </controls>
</window>
