<?xml version="1.0" encoding="UTF-8"?>
<window>
  <defaultcontrol always="true">50</defaultcontrol>
  <allowoverlay>no</allowoverlay>
  <controls>
    <control type="image">
      <include>Dimensions_Fullscreen</include>
      <fadetime>400</fadetime>
      <texture>special://skin/backgrounds/weather.jpg</texture>
      <include>Animation_CommonFade</include>
    </control>
    <include>CommonWeatherBackground</include>
    <include>CommonMediaPlayingBackground</include>
    <control type="group">
      <animation type="WindowOpen" reversible="false">
        <effect type="zoom" start="80" end="100" center="640,360" easing="out" tween="back" time="300"/>
        <effect type="fade" start="0" end="100" time="300"/>
      </animation>
      <animation type="WindowClose" reversible="false">
        <effect type="zoom" start="100" end="80" center="640,360" easing="in" tween="back" time="300"/>
        <effect type="fade" start="100" end="0" time="300"/>
      </animation>
      <include>VisibleFadeEffect</include>
      <control type="group">
        <left>60</left>
        <top>60</top>
        <control type="image">
          <left>0</left>
          <top>0</top>
          <width>500</width>
          <height>620</height>
          <colordiffuse>mainblue</colordiffuse>
          <texture border="20">DialogBackwht.png</texture>
        </control>
        <control type="image">
          <left>0</left>
          <top>0</top>
          <width>500</width>
          <height>620</height>
          <colordiffuse>mainblue</colordiffuse>
          <texture border="20">DialogBack.png</texture>
        </control>
        <control type="image">
          <left>8</left>
          <top>5</top>
          <width>484</width>
          <height>90</height>
          <aspectratio>stretch</aspectratio>
          <colordiffuse>mainblue</colordiffuse>
          <texture>GlassTitleBar.png</texture>
        </control>
        <control type="label">
          <description>header label</description>
          <left>20</left>
          <top>15</top>
          <width>460</width>
          <height>30</height>
          <font>Font_Neon_28</font>
          <label>[B]$LOCALIZE[31300][/B]</label>
          <align>center</align>
          <aligny>center</aligny>
          <textcolor>white</textcolor>
          <shadowcolor>black</shadowcolor>
        </control>
        <control type="image">
          <left>30</left>
          <top>55</top>
          <width>440</width>
          <height>46</height>
          <aspectratio align="center" aligny="center">keep</aspectratio>
          <texture>$INFO[Window.Property(WeatherProviderLogo)]</texture>
        </control>
        <control type="label">
          <description>Provider Text</description>
          <left>20</left>
          <top>60</top>
          <width>460</width>
          <height>35</height>
          <font>Font_Neon_28</font>
          <textcolor>white</textcolor>
          <scroll>true</scroll>
          <align>center</align>
          <aligny>center</aligny>
          <label>$LOCALIZE[31303] : [COLOR=orange]$INFO[Window.Property(WeatherProvider)][/COLOR]</label>
          <include>Window_OpenClose_Animation</include>
          <visible>IsEmpty(Window.Property(WeatherProviderLogo))</visible>
        </control>
        <control type="group">
          <control type="label">
            <description>weather location label</description>
            <left>20</left>
            <top>110</top>
            <width>460</width>
            <height>30</height>
            <font>Font_Neon_28</font>
            <textcolor>white</textcolor>
            <scroll>false</scroll>
            <align>center</align>
            <aligny>center</aligny>
            <label>$INFO[Window.Property(Location)]</label>
          </control>
          <control type="label">
            <description>update label</description>
            <left>20</left>
            <top>140</top>
            <width>460</width>
            <height>35</height>
            <font>Font_Neon_28</font>
            <label>$LOCALIZE[31301] - $INFO[Window.Property(Updated)]</label>
            <align>center</align>
            <aligny>center</aligny>
            <textcolor>grey2</textcolor>
          </control>
          <control type="label">
            <description>current temp Value</description>
            <left>15</left>
            <top>185</top>
            <width>180</width>
            <height>40</height>
            <font>Font_Neon_85</font>
            <align>right</align>
            <aligny>top</aligny>
            <label>$INFO[Window.Property(Current.Temperature)]</label>
            <textcolor>white</textcolor>
            <shadowcolor>black</shadowcolor>
          </control>
          <control type="label">
            <description>current temp Value Units</description>
            <left>200</left>
            <top>195</top>
            <width>100</width>
            <height>40</height>
            <font>Font_Neon_18</font>
            <align>left</align>
            <aligny>top</aligny>
            <label>$INFO[System.TemperatureUnits]</label>
            <textcolor>white</textcolor>
            <shadowcolor>black</shadowcolor>
          </control>
          <control type="image">
            <description>current weather icon</description>
            <left>260</left>
            <top>145</top>
            <width>200</width>
            <height>200</height>
            <info>Window.Property(Current.ConditionIcon)</info>
            <aspectratio>keep</aspectratio>
          </control>
          <control type="label">
            <description>current condition label</description>
            <left>20</left>
            <top>330</top>
            <width>460</width>
            <height>30</height>
            <info>Window.Property(Current.Condition)</info>
            <wrapmultiline>true</wrapmultiline>
            <font>Font_Neon_28</font>
            <align>center</align>
            <aligny>center</aligny>
            <textcolor>white</textcolor>
            <shadowcolor>black</shadowcolor>
          </control>
        </control>
        <control type="image">
          <left>20</left>
          <top>370</top>
          <width>460</width>
          <colordiffuse>mainblue</colordiffuse>
          <texture>separator2.png</texture>
        </control>
        <control type="label">
          <description>current feels like label</description>
          <left>0</left>
          <top>390</top>
          <width>170</width>
          <height>35</height>
          <font>Font_Neon_28</font>
          <align>right</align>
          <aligny>center</aligny>
          <label>$LOCALIZE[402] :</label>
          <textcolor>grey2</textcolor>
          <shadowcolor>black</shadowcolor>
        </control>
        <control type="label">
          <description>current dew label</description>
          <left>0</left>
          <top>410</top>
          <width>170</width>
          <height>35</height>
          <font>Font_Neon_28</font>
          <align>right</align>
          <aligny>center</aligny>
          <label>$LOCALIZE[405] :</label>
          <textcolor>grey2</textcolor>
          <shadowcolor>black</shadowcolor>
        </control>
        <control type="label">
          <description>current humidity label</description>
          <left>0</left>
          <top>450</top>
          <width>170</width>
          <height>35</height>
          <font>Font_Neon_28</font>
          <align>right</align>
          <aligny>center</aligny>
          <label>$LOCALIZE[406] :</label>
          <textcolor>grey2</textcolor>
          <shadowcolor>black</shadowcolor>
        </control>
        <control type="label">
          <description>current UV Index label</description>
          <left>0</left>
          <top>480</top>
          <width>170</width>
          <height>35</height>
          <font>Font_Neon_28</font>
          <align>right</align>
          <aligny>center</aligny>
          <label>$LOCALIZE[403] :</label>
          <textcolor>grey2</textcolor>
          <shadowcolor>black</shadowcolor>
        </control>
        <control type="label">
          <description>current Wind label</description>
          <left>0</left>
          <top>510</top>
          <width>170</width>
          <height>35</height>
          <font>Font_Neon_28</font>
          <align>right</align>
          <aligny>center</aligny>
          <label>$LOCALIZE[404] :</label>
          <textcolor>grey2</textcolor>
          <shadowcolor>black</shadowcolor>
        </control>
        <control type="label">
          <description>current feels like Value</description>
          <left>185</left>
          <top>390</top>
          <width>300</width>
          <height>35</height>
          <font>Font_Neon_28</font>
          <align>left</align>
          <aligny>center</aligny>
          <label>$INFO[Window.Property(Current.FeelsLike)]$INFO[System.TemperatureUnits]</label>
          <textcolor>white</textcolor>
          <shadowcolor>black</shadowcolor>
        </control>
        <control type="label">
          <description>current dew Value</description>
          <left>185</left>
          <top>410</top>
          <width>300</width>
          <height>35</height>
          <font>Font_Neon_28</font>
          <align>left</align>
          <aligny>center</aligny>
          <label>$INFO[Window.Property(Current.DewPoint)]$INFO[System.TemperatureUnits]</label>
          <textcolor>white</textcolor>
          <shadowcolor>black</shadowcolor>
        </control>
        <control type="label">
          <description>current humidity Value</description>
          <left>185</left>
          <top>450</top>
          <width>300</width>
          <height>35</height>
          <font>Font_Neon_28</font>
          <align>left</align>
          <aligny>center</aligny>
          <info>Window.Property(Current.Humidity)</info>
          <textcolor>white</textcolor>
          <shadowcolor>black</shadowcolor>
        </control>
        <control type="label">
          <description>current UV Index Value</description>
          <left>185</left>
          <top>480</top>
          <width>300</width>
          <height>35</height>
          <font>Font_Neon_28</font>
          <align>left</align>
          <aligny>center</aligny>
          <info>Window.Property(Current.UVIndex)</info>
          <textcolor>white</textcolor>
          <shadowcolor>black</shadowcolor>
        </control>
        <control type="label">
          <description>current Wind Value</description>
          <left>185</left>
          <top>510</top>
          <width>300</width>
          <height>35</height>
          <font>Font_Neon_28</font>
          <align>left</align>
          <aligny>center</aligny>
          <info>Window.Property(Current.Wind)</info>
          <textcolor>white</textcolor>
          <shadowcolor>black</shadowcolor>
        </control>
        <control type="group">
          <visible>!IsEmpty(Window.Property(Today.IsFetched))</visible>
          <control type="label">
            <description>Sunrise Label</description>
            <left>30</left>
            <top>560</top>
            <width>300</width>
            <height>35</height>
            <font>Font_Neon_28</font>
            <align>left</align>
            <aligny>center</aligny>
            <label>$LOCALIZE[33027] : [COLOR=white]$INFO[Window.Property(Today.Sunrise)][/COLOR]</label>
            <textcolor>grey2</textcolor>
            <shadowcolor>black</shadowcolor>
            <visible>!IsEmpty(Window.Property(Today.Sunrise))</visible>
          </control>
          <control type="label">
            <description>Sunset label</description>
            <left>170</left>
            <top>560</top>
            <width>300</width>
            <height>35</height>
            <font>Font_Neon_28</font>
            <align>right</align>
            <aligny>center</aligny>
            <label>$LOCALIZE[33028] : [COLOR=white]$INFO[Window.Property(Today.Sunset)][/COLOR]</label>
            <textcolor>grey2</textcolor>
            <shadowcolor>black</shadowcolor>
            <visible>!IsEmpty(Window.Property(Today.Sunset))</visible>
          </control>
        </control>
      </control>
      <control type="group">
        <left>580</left>
        <top>60</top>
        <control type="image">
          <left>0</left>
          <top>0</top>
          <width>650</width>
          <height>620</height>
          <colordiffuse>mainblue</colordiffuse>
          <texture border="20">DialogBackwht.png</texture>
        </control>
        <control type="image">
          <left>0</left>
          <top>0</top>
          <width>650</width>
          <height>620</height>
          <colordiffuse>mainblue</colordiffuse>
          <texture border="20">DialogBack.png</texture>
        </control>
        <control type="image">
          <left>8</left>
          <top>5</top>
          <width>634</width>
          <height>90</height>
          <aspectratio>stretch</aspectratio>
          <colordiffuse>mainblue</colordiffuse>
          <texture>GlassTitleBar.png</texture>
        </control>
        <control type="group" id="50">
          <include>Weather10DayForcast</include>
          <include>Weather36HourForcast</include>
          <include>WeatherWeekendForcast</include>
          <include>WeatherHourlyForcast</include>
          <include>WeatherMaps</include>
          <include>WeatherAlerts</include>
        </control>
      </control>
    </control>
    <control type="group">
      <left>-839</left>
      <include>SideBladeLeft</include>
      <control type="image">
        <description>LOGO</description>
        <left>579</left>
        <top>30</top>
        <width>220</width>
        <height>60</height>
        <aspectratio>keep</aspectratio>
        <colordiffuse>mainblue</colordiffuse>
        <texture>neon.png</texture>
      </control>
      <control type="grouplist" id="7000">
        <left>579</left>
        <top>130</top>
        <include>WindowMenuVars_Vertical</include>
        <control type="label" id="200">
          <width>250</width>
          <height>35</height>
          <font>Font_Neon_28caps</font>
          <label>$LOCALIZE[31513]</label>
          <textcolor>mainblue</textcolor>
          <align>center</align>
          <aligny>center</aligny>
        </control>
        <control type="image" id="230">
          <description>separator</description>
          <width>240</width>
          <aspectratio>keep</aspectratio>
          <colordiffuse>mainblue</colordiffuse>
          <texture>separator2.png</texture>
        </control>
        <control type="group" id="300">
          <width>250</width>
          <height>35</height>
          <control type="spincontrolex" id="3">
              <description>change location button</description>
              <left>0</left>
              <top>0</top>
              <font>-</font>
              <include>WindowMenuButton_Vertical</include>
              <onleft>50</onleft>
              <onright>50</onright>
              <onup>200</onup>
              <ondown>302</ondown>
              <onback>50</onback>
            </control>
            <control type="label" id="301">
              <left>10</left>
              <top>0</top>
              <width>200</width>
              <height>35</height>
              <font>Font_Neon_28</font>
              <label>31027</label>
              <textcolor>white</textcolor>
              <align>left</align>
            </control>
        </control>
        <control type="button" id="302">
          <description>10 day forcast button</description>
          <textwidth>235</textwidth>
          <include>WindowMenuButton_Vertical</include>
          <label>31904</label>
          <onfocus>ClearProperty(Weather.CurrentView)</onfocus>
          <visible>!IsEmpty(Window.Property(Daily.IsFetched))</visible>
        </control>
        <control type="button" id="303">
          <description>36 hour forcast button</description>
          <textwidth>235</textwidth>
          <include>WindowMenuButton_Vertical</include>
          <label>31901</label>
          <onfocus>SetProperty(Weather.CurrentView,36hour)</onfocus>
          <visible>!IsEmpty(Window.Property(36Hour.IsFetched))</visible>
        </control>
        <control type="button" id="304">
          <description>Weekend forcast button</description>
          <textwidth>235</textwidth>
          <include>WindowMenuButton_Vertical</include>
          <label>31903</label>
          <onfocus>SetProperty(Weather.CurrentView,weekend)</onfocus>
          <visible>!IsEmpty(Window.Property(Weekend.IsFetched))</visible>
        </control>
        <control type="button" id="305">
          <description>Hourly forcast button</description>
          <textwidth>235</textwidth>
          <include>WindowMenuButton_Vertical</include>
          <label>31902</label>
          <onfocus>SetProperty(Weather.CurrentView,hourly)</onfocus>
          <visible>!IsEmpty(Window.Property(Hourly.IsFetched))</visible>
        </control>
        <control type="button" id="306">
          <description>Maps button</description>
          <textwidth>235</textwidth>
          <include>WindowMenuButton_Vertical</include>
          <label>31910</label>
          <onfocus>SetProperty(Weather.CurrentView,map)</onfocus>
          <visible>!IsEmpty(Window.Property(Map.IsFetched))</visible>
        </control>
        <control type="button" id="307">
					<description>Alerts button</description>
					<textwidth>235</textwidth>
					<include>WindowMenuButton_Vertical</include>
					<label>33050</label>
					<onfocus>SetProperty(Weather.CurrentView,alerts)</onfocus>
					<visible>!IsEmpty(Window.Property(Alerts.IsFetched))</visible>
				</control>
        <control type="label" id="201">
          <width>250</width>
          <height>35</height>
          <font>Font_Neon_28caps</font>
          <label>31026</label>
          <textcolor>mainblue</textcolor>
          <align>center</align>
          <aligny>center</aligny>
        </control>
        <control type="image" id="231">
        <description>separator</description>
        <width>240</width>
        <aspectratio>keep</aspectratio>
        <colordiffuse>mainblue</colordiffuse>
        <texture>separator2.png</texture>
        </control>
        <control type="button" id="2">
          <description>Refresh button</description>
          <textwidth>235</textwidth>
          <include>WindowMenuButton_Vertical</include>
          <label>103</label>
        </control>
        <control type="button" id="5">
          <description>Custom Weather Script Button</description>
          <label>$INFO[Skin.String(WeatherScript_Label)]</label>
          <onclick>SetFocus(50)</onclick>
          <onclick>XBMC.RunScript($INFO[Skin.String(WeatherScript_Path)])</onclick>
          <onclick>SetFocus(50)</onclick>
          <textwidth>235</textwidth>
          <include>WindowMenuButton_Vertical</include>
          <visible>Skin.HasSetting(WeatherScript_Enable) + !IsEmpty(Skin.String(WeatherScript_Label))</visible>
        </control>
        <control type="button" id="4">
          <description>Settings button</description>
          <label>5</label>
          <onclick>ActivateWindow(MyWeatherSettings)</onclick>
          <textwidth>235</textwidth>
          <include>WindowMenuButton_Vertical</include>
        </control>
        <control type="radiobutton" id="250">
          <description>Fanart Toggle</description>
          <include>WindowMenuButton_Vertical</include>
          <label>31307</label>
          <onclick>Skin.ToggleSetting(ShowWeatherFanart)</onclick>
          <selected>!Skin.HasSetting(ShowWeatherFanart)</selected>
        </control>
        <control type="button" id="251">
          <include>WindowMenuButton_Vertical</include>
          <label>31317</label>
          <onclick>Skin.SetPath(WeatherFanartDir)</onclick>
          <enable>Skin.HasSetting(ShowWeatherFanart)</enable>
        </control>         
        <include>CommonNowPlaying_Controls</include>
      </control>
    </control>
    <control type="group">
      <left>60</left>
      <top>0</top>
      <animation effect="slide" end="-310,0" time="400" tween="quadratic" easing="out">WindowClose</animation>
      <animation effect="slide" start="-310,0" time="400" tween="quadratic" easing="out">WindowOpen</animation>
      <control type="image">
        <top>0</top>
        <left>-100</left>
        <colordiffuse>mainblue</colordiffuse>
        <texture flipx="true">MenuItemFO_small.png</texture>
      </control>
      <control type="label">
        <top>2</top>
        <left>10</left>
        <width>300</width>
        <font>Font_RSS</font>
        <textcolor>white</textcolor>
        <info>System.Date</info>
        <align>left</align>
      </control>
    </control>
    <include>Time</include>
  </controls>
</window>