<?xml version="1.0" encoding="UTF-8"?>
<window>
  <onload>ClearProperty(TVGuide.MondayList,Home)</onload>
  <onload>ClearProperty(TVGuide.TuesdayList,Home)</onload>
  <onload>ClearProperty(TVGuide.WednesdayList,Home)</onload>
  <onload>ClearProperty(TVGuide.ThursdayList,Home)</onload>
  <onload>ClearProperty(TVGuide.FridayList,Home)</onload>
  <onload>ClearProperty(TVGuide.SaturdayList,Home)</onload>
  <onload>ClearProperty(TVGuide.SundayList,Home)</onload>
  <allowoverlay>no</allowoverlay>
  <controls>
    <control type="group">
      <animation effect="fade" time="250">WindowOpen</animation>
      <animation effect="fade" time="250">WindowClose</animation>
      <control type="image">
        <left>0</left>
        <top>0</top>
        <width>1280</width>
        <height>720</height>
        <aspectratio>scale</aspectratio>
        <texture>TVGuide-Background.jpg</texture>
      </control>
      <control type="group">
        <visible>!IsEmpty(Window(home).Property(TVGuide.BackgroundFanart))</visible>
        <control type="image">
          <left>0</left>
          <top>0</top>
          <width>1280</width>
          <height>720</height>
          <aspectratio>scale</aspectratio>
          <texture background="true">$INFO[Container(200).ListItem.Property(Fanart)]</texture>
          <visible>Control.HasFocus(200) | !IsEmpty(Window(Home).property(TVGuide.MondayList))</visible>
          <fadetime>600</fadetime>
          <animation effect="fade" time="600">Visible</animation>
          <animation effect="fade" time="600">Hidden</animation>
        </control>
        <control type="image">
          <left>0</left>
          <top>0</top>
          <width>1280</width>
          <height>720</height>
          <aspectratio>scale</aspectratio>
          <texture background="true">$INFO[Container(201).ListItem.Property(Fanart)]</texture>
          <visible>Control.HasFocus(201) | !IsEmpty(Window(Home).property(TVGuide.TuesdayList))</visible>
          <fadetime>600</fadetime>
          <animation effect="fade" time="600">Visible</animation>
          <animation effect="fade" time="600">Hidden</animation>
        </control>
        <control type="image">
          <left>0</left>
          <top>0</top>
          <width>1280</width>
          <height>720</height>
          <aspectratio>scale</aspectratio>
          <texture background="true">$INFO[Container(202).ListItem.Property(Fanart)]</texture>
          <visible>Control.HasFocus(202) | !IsEmpty(Window(Home).property(TVGuide.WednesdayList))</visible>
          <fadetime>600</fadetime>
          <animation effect="fade" time="600">Visible</animation>
          <animation effect="fade" time="600">Hidden</animation>
        </control>
        <control type="image">
          <left>0</left>
          <top>0</top>
          <width>1280</width>
          <height>720</height>
          <aspectratio>scale</aspectratio>
          <texture background="true">$INFO[Container(203).ListItem.Property(Fanart)]</texture>
          <visible>Control.HasFocus(203) | !IsEmpty(Window(Home).property(TVGuide.ThursdayList))</visible>
          <fadetime>600</fadetime>
          <animation effect="fade" time="600">Visible</animation>
          <animation effect="fade" time="600">Hidden</animation>
        </control>
        <control type="image">
          <left>0</left>
          <top>0</top>
          <width>1280</width>
          <height>720</height>
          <aspectratio>scale</aspectratio>
          <texture background="true">$INFO[Container(204).ListItem.Property(Fanart)]</texture>
          <visible>Control.HasFocus(204) | !IsEmpty(Window(Home).property(TVGuide.FridayList))</visible>
          <fadetime>600</fadetime>
          <animation effect="fade" time="600">Visible</animation>
          <animation effect="fade" time="600">Hidden</animation>
        </control>
        <control type="image">
          <left>0</left>
          <top>0</top>
          <width>1280</width>
          <height>720</height>
          <aspectratio>scale</aspectratio>
          <texture background="true">$INFO[Container(205).ListItem.Property(Fanart)]</texture>
          <visible>Control.HasFocus(205) | !IsEmpty(Window(Home).property(TVGuide.SaturdayList))</visible>
          <animation effect="fade" time="600">Visible</animation>
          <animation effect="fade" time="600">Hidden</animation>
        </control>
        <control type="image">
          <left>0</left>
          <top>0</top>
          <width>1280</width>
          <height>720</height>
          <aspectratio>scale</aspectratio>
          <texture background="true">$INFO[Container(206).ListItem.Property(Fanart)]</texture>
          <visible>Control.HasFocus(206) | !IsEmpty(Window(Home).property(TVGuide.SundayList))</visible>
          <fadetime>600</fadetime>
          <animation effect="fade" time="600">Visible</animation>
          <animation effect="fade" time="600">Hidden</animation>
        </control>
      </control>
    </control>
    <control type="group">
      <left>0</left>
      <top>0</top>
      <control type="group">
        <animation effect="slide" start="-300,0" end="0,0" time="500">WindowOpen</animation>
        <animation effect="slide" start="0,0" end="-300,0" time="400">WindowClose</animation>
        <control type="image">
          <left>-75</left>
          <top>0</top>
          <colordiffuse>mainblue</colordiffuse>
          <texture flipx="true">MenuItemFO_small.png</texture>
        </control>
        <control type="label">
          <top>2</top>
          <left>10</left>
          <width>960</width>
          <font>Font_Date</font>
          <textcolor>white</textcolor>
          <align>left</align>
          <label>$ADDON[script.tv.show.next.aired 32019][COLOR=mainblue] - [/COLOR]$LOCALIZE[31201]</label>
        </control>
      </control>
    </control>
    <control type="image">
      <left>0</left>
      <top>100r</top>
      <width>1280</width>
      <height>100</height>
      <texture>floor.png</texture>
      <aspectratio>stretch</aspectratio>
      <animation effect="slide" start="0,10" end="0,0" time="200" condition="Window.Previous(Home)">WindowOpen</animation>
      <animation effect="slide" start="0,0" end="0,10" time="200" condition="Window.Next(Home)">WindowClose</animation>
    </control>
    <control type="group">
      <animation effect="fade" time="250">WindowOpen</animation>
      <animation effect="fade" time="250">WindowClose</animation>
      <control type="group">
        <control type="image">
          <left>50</left>
          <top>60</top>
          <width>840</width>
          <height>600</height>
          <colordiffuse>mainblue</colordiffuse>
          <texture border="20">DialogBackwht.png</texture>
        </control>
        <control type="image">
          <left>50</left>
          <top>60</top>
          <width>840</width>
          <height>600</height>
          <colordiffuse>mainblue</colordiffuse>
          <texture border="20">ContentPanel.png</texture>
        </control>
        <control type="image">
          <left>900</left>
          <top>60</top>
          <width>330</width>
          <height>600</height>
          <colordiffuse>mainblue</colordiffuse>
          <texture border="20">DialogBackwht.png</texture>
        </control>
        <control type="image">
          <left>900</left>
          <top>60</top>
          <width>330</width>
          <height>600</height>
          <colordiffuse>mainblue</colordiffuse>
          <texture border="20">ContentPanel.png</texture>
        </control>
      </control>
    </control>
    <control type="group">
      <animation effect="fade" time="250">WindowOpen</animation>
      <animation effect="fade" time="250">WindowClose</animation>
      <control type="image">
        <left>0</left>
        <top>0</top>
        <width>1280</width>
        <height>720</height>
        <texture>TVGuide-Grid.png</texture>
      </control>
      <control type="image">
        <description>Current weekday highlight</description>
        <left>0</left>
        <top>0</top>
        <width>1280</width>
        <height>720</height>
        <texture>TVGuide-Grid-Highlight.png</texture>
        <colordiffuse>DDFFFFFF</colordiffuse>
        <animation effect="slide" end="0,79" time="0" condition="StringCompare(System.Date(ddd),$LOCALIZE[42])">Conditional</animation>
        <animation effect="slide" end="0,158" time="0" condition="StringCompare(System.Date(ddd),$LOCALIZE[43])">Conditional</animation>
        <animation effect="slide" end="0,237" time="0" condition="StringCompare(System.Date(ddd),$LOCALIZE[44])">Conditional</animation>
        <animation effect="slide" end="0,316" time="0" condition="StringCompare(System.Date(ddd),$LOCALIZE[45])">Conditional</animation>
        <animation effect="slide" end="0,395" time="0" condition="StringCompare(System.Date(ddd),$LOCALIZE[46])">Conditional</animation>
        <animation effect="slide" end="0,474" time="0" condition="StringCompare(System.Date(ddd),$LOCALIZE[47])">Conditional</animation>
      </control>
      <control type="group">
        <description>Day labels</description>
        <left>35</left>
        <top>80</top>
        <control type="label">
          <description>Monday</description>
          <left>0</left>
          <top>0</top>
          <width>75</width>
          <height>75</height>
          <label>$LOCALIZE[41]</label>
          <align>right</align>
          <aligny>center</aligny>
          <font>font15_title</font>
          <textcolor>FFFFFFFF</textcolor>
          <animation effect="fade" start="100" end="65" time="0" condition="!StringCompare(System.Date(ddd),$LOCALIZE[41])">Conditional</animation>
        </control>
        <control type="label">
          <description>Tuesday</description>
          <left>0</left>
          <top>79</top>
          <width>75</width>
          <height>75</height>
          <label>$LOCALIZE[42]</label>
          <align>right</align>
          <aligny>center</aligny>
          <font>font15_title</font>
          <textcolor>FFFFFFFF</textcolor>
          <animation effect="fade" start="100" end="65" time="0" condition="!StringCompare(System.Date(ddd),$LOCALIZE[42])">Conditional</animation>
        </control>
        <control type="label">
          <description>Wednesday</description>
          <left>0</left>
          <top>159</top>
          <width>75</width>
          <height>75</height>
          <label>$LOCALIZE[43]</label>
          <align>right</align>
          <aligny>center</aligny>
          <font>font15_title</font>
          <textcolor>FFFFFFFF</textcolor>
          <animation effect="fade" start="100" end="65" time="0" condition="!StringCompare(System.Date(ddd),$LOCALIZE[43])">Conditional</animation>
        </control>
        <control type="label">
          <description>Thursday</description>
          <left>0</left>
          <top>238</top>
          <width>75</width>
          <height>75</height>
          <label>$LOCALIZE[44]</label>
          <align>right</align>
          <aligny>center</aligny>
          <font>font15_title</font>
          <textcolor>FFFFFFFF</textcolor>
          <animation effect="fade" start="100" end="65" time="0" condition="!StringCompare(System.Date(ddd),$LOCALIZE[44])">Conditional</animation>
        </control>
        <control type="label">
          <description>Friday</description>
          <left>0</left>
          <top>318</top>
          <width>75</width>
          <height>75</height>
          <label>$LOCALIZE[45]</label>
          <align>right</align>
          <aligny>center</aligny>
          <font>font15_title</font>
          <textcolor>FFFFFFFF</textcolor>
          <animation effect="fade" start="100" end="65" time="0" condition="!StringCompare(System.Date(ddd),$LOCALIZE[45])">Conditional</animation>
        </control>
        <control type="label">
          <description>Saturday</description>
          <left>0</left>
          <top>397</top>
          <width>75</width>
          <height>75</height>
          <label>$LOCALIZE[46]</label>
          <align>right</align>
          <aligny>center</aligny>
          <font>font15_title</font>
          <textcolor>FFFFFFFF</textcolor>
          <animation effect="fade" start="100" end="65" time="0" condition="!StringCompare(System.Date(ddd),$LOCALIZE[46])">Conditional</animation>
        </control>
        <control type="label">
          <description>Sunday</description>
          <left>0</left>
          <top>476</top>
          <width>75</width>
          <height>75</height>
          <label>$LOCALIZE[47]</label>
          <align>right</align>
          <aligny>center</aligny>
          <font>font15_title</font>
          <textcolor>FFFFFFFF</textcolor>
          <animation effect="fade" start="100" end="65" time="0" condition="!StringCompare(System.Date(ddd),$LOCALIZE[47])">Conditional</animation>
        </control>
      </control>
      <control type="group" id="9002">
        <control type="list" id="200">
          <description>Monday list</description>
          <left>124</left>
          <top>80</top>
          <width>770</width>
          <height>75</height>
          <orientation>horizontal</orientation>
          <scrolltime>0</scrolltime>
          <onup>206</onup>
          <ondown>201</ondown>
          <onleft>SetProperty(TVGuide.MondayList,1,Home)</onleft>
          <onleft>7000</onleft>
          <onright>200</onright>
          <itemgap>5</itemgap>
          <itemlayout height="75" width="150">
            <control type="label">
              <description>Next air date</description>
              <left>0</left>
              <top>26</top>
              <width>150</width>
              <height>20</height>
              <label>$INFO[ListItem.Property(NextDate)]</label>
              <textcolor>99FFFFFF</textcolor>
              <font>Font_Neon_20</font>
              <align>center</align>
            </control>
            <control type="label">
              <description>Airing time</description>
              <left>0</left>
              <top>48</top>
              <width>150</width>
              <height>20</height>
              <label>$INFO[ListItem.Property(ShortTime)]</label>
              <textcolor>99FFFFFF</textcolor>
              <font>Font_Neon_20</font>
              <align>center</align>
            </control>
            <control type="image">
              <description>Thumb</description>
              <left>21</left>
              <top>4</top>
              <width>108</width>
              <height>20</height>
              <aspectratio>keep</aspectratio>
              <texture background="true">$INFO[ListItem.Property(Art(poster))]</texture>
              <visible>StringCompare(Window(Home).Property(TVGuide.ThumbType),0)</visible>
            </control>
            <control type="image">
              <description>Banner</description>
              <left>21</left>
              <top>4</top>
              <width>108</width>
              <height>20</height>
              <aspectratio>keep</aspectratio>
              <texture background="true">$INFO[ListItem.Property(Art(banner))]</texture>
              <visible>StringCompare(Window(Home).Property(TVGuide.ThumbType),1)</visible>
            </control>
            <control type="image">
              <description>Logo</description>
              <left>21</left>
              <top>4</top>
              <width>108</width>
              <height>20</height>
              <aspectratio>keep</aspectratio>
              <texture background="true">$INFO[ListItem.Property(Art(clearlogo))]</texture>
              <visible>StringCompare(Window(Home).Property(TVGuide.ThumbType),2)</visible>
            </control>
          </itemlayout>
          <focusedlayout height="75" width="150">
            <control type="group">
              <visible>Control.HasFocus(200)</visible>
              <control type="image">
                <left>0</left>
                <top>0</top>
                <width>147</width>
                <height>75</height>
                <colordiffuse>mainblue</colordiffuse>
                <texture>button-focus.png</texture>
                <aspectratio>stretch</aspectratio>
              </control>
              <control type="label">
                <description>Next air date</description>
                <left>0</left>
                <top>26</top>
                <width>150</width>
                <height>20</height>
                <label>$INFO[ListItem.Property(NextDate)]</label>
                <textcolor>FFFFFFFF</textcolor>
                <font>Font_Neon_20</font>
                <align>center</align>
              </control>
              <control type="label">
                <description>Airing time</description>
                <left>0</left>
                <top>48</top>
                <width>150</width>
                <height>20</height>
                <label>$INFO[ListItem.Property(ShortTime)]</label>
                <textcolor>FFFFFFFF</textcolor>
                <font>Font_Neon_20</font>
                <align>center</align>
              </control>
            </control>
            <control type="group">
              <visible>!Control.HasFocus(200)</visible>
              <control type="label">
                <description>Next air date</description>
                <left>0</left>
                <top>26</top>
                <width>150</width>
                <height>20</height>
                <label>$INFO[ListItem.Property(NextDate)]</label>
                <textcolor>99FFFFFF</textcolor>
                <font>Font_Neon_20</font>
                <align>center</align>
              </control>
              <control type="label">
                <description>Airing time</description>
                <left>0</left>
                <top>48</top>
                <width>150</width>
                <height>20</height>
                <label>$INFO[ListItem.Property(ShortTime)]</label>
                <textcolor>99FFFFFF</textcolor>
                <font>Font_Neon_20</font>
                <align>center</align>
              </control>
            </control>
            <control type="image">
              <description>Thumb</description>
              <left>21</left>
              <top>4</top>
              <width>108</width>
              <height>20</height>
              <aspectratio>keep</aspectratio>
              <texture background="true">$INFO[ListItem.Property(Art(poster))]</texture>
              <visible>StringCompare(Window(Home).Property(TVGuide.ThumbType),0)</visible>
            </control>
            <control type="image">
              <description>Banner</description>
              <left>21</left>
              <top>4</top>
              <width>108</width>
              <height>20</height>
              <aspectratio>keep</aspectratio>
              <texture background="true">$INFO[ListItem.Property(Art(banner))]</texture>
              <visible>StringCompare(Window(Home).Property(TVGuide.ThumbType),1)</visible>
            </control>
            <control type="image">
              <description>Logo</description>
              <left>21</left>
              <top>4</top>
              <width>108</width>
              <height>20</height>
              <aspectratio>keep</aspectratio>
              <texture background="true">$INFO[ListItem.Property(Art(clearlogo))]</texture>
              <visible>StringCompare(Window(Home).Property(TVGuide.ThumbType),2)</visible>
            </control>
          </focusedlayout>
        </control>
        <control type="list" id="201">
          <description>Tuesday list</description>
          <left>124</left>
          <top>159</top>
          <width>770</width>
          <height>75</height>
          <orientation>horizontal</orientation>
          <scrolltime>0</scrolltime>
          <onup>200</onup>
          <ondown>202</ondown>
          <onleft>SetProperty(TVGuide.TuesdayList,1,Home)</onleft>
          <onleft>7000</onleft>
          <onright>201</onright>
          <itemgap>5</itemgap>
          <itemlayout height="75" width="150">
            <control type="label">
              <description>Next air date</description>
              <left>0</left>
              <top>26</top>
              <width>150</width>
              <height>20</height>
              <label>$INFO[ListItem.Property(NextDate)]</label>
              <textcolor>99FFFFFF</textcolor>
              <font>Font_Neon_20</font>
              <align>center</align>
            </control>
            <control type="label">
              <description>Airing time</description>
              <left>0</left>
              <top>48</top>
              <width>150</width>
              <height>20</height>
              <label>$INFO[ListItem.Property(ShortTime)]</label>
              <textcolor>99FFFFFF</textcolor>
              <font>Font_Neon_20</font>
              <align>center</align>
            </control>
            <control type="image">
              <description>Thumb</description>
              <left>21</left>
              <top>4</top>
              <width>108</width>
              <height>20</height>
              <aspectratio>keep</aspectratio>
              <texture background="true">$INFO[ListItem.Property(Art(poster))]</texture>
              <visible>StringCompare(Window(Home).Property(TVGuide.ThumbType),0)</visible>
            </control>
            <control type="image">
              <description>Banner</description>
              <left>21</left>
              <top>4</top>
              <width>108</width>
              <height>20</height>
              <aspectratio>keep</aspectratio>
              <texture background="true">$INFO[ListItem.Property(Art(banner))]</texture>
              <visible>StringCompare(Window(Home).Property(TVGuide.ThumbType),1)</visible>
            </control>
            <control type="image">
              <description>Logo</description>
              <left>21</left>
              <top>4</top>
              <width>108</width>
              <height>20</height>
              <aspectratio>keep</aspectratio>
              <texture background="true">$INFO[ListItem.Property(Art(clearlogo))]</texture>
              <visible>StringCompare(Window(Home).Property(TVGuide.ThumbType),2)</visible>
            </control>
          </itemlayout>
          <focusedlayout height="75" width="150">
            <control type="group">
              <visible>Control.HasFocus(201)</visible>
              <control type="image">
                <left>0</left>
                <top>0</top>
                <width>147</width>
                <height>75</height>
                <colordiffuse>mainblue</colordiffuse>
                <texture>button-focus.png</texture>
                <aspectratio>stretch</aspectratio>
              </control>
              <control type="label">
                <description>Next air date</description>
                <left>0</left>
                <top>26</top>
                <width>150</width>
                <height>20</height>
                <label>$INFO[ListItem.Property(NextDate)]</label>
                <textcolor>FFFFFFFF</textcolor>
                <font>Font_Neon_20</font>
                <align>center</align>
              </control>
              <control type="label">
                <description>Airing time</description>
                <left>0</left>
                <top>48</top>
                <width>150</width>
                <height>20</height>
                <label>$INFO[ListItem.Property(ShortTime)]</label>
                <textcolor>FFFFFFFF</textcolor>
                <font>Font_Neon_20</font>
                <align>center</align>
              </control>
            </control>
            <control type="group">
              <visible>!Control.HasFocus(201)</visible>
              <control type="label">
                <description>Next air date</description>
                <left>0</left>
                <top>26</top>
                <width>150</width>
                <height>20</height>
                <label>$INFO[ListItem.Property(NextDate)]</label>
                <textcolor>99FFFFFF</textcolor>
                <font>Font_Neon_20</font>
                <align>center</align>
              </control>
              <control type="label">
                <description>Airing time</description>
                <left>0</left>
                <top>48</top>
                <width>150</width>
                <height>20</height>
                <label>$INFO[ListItem.Property(ShortTime)]</label>
                <textcolor>99FFFFFF</textcolor>
                <font>Font_Neon_20</font>
                <align>center</align>
              </control>
            </control>
            <control type="image">
              <description>Thumb</description>
              <left>21</left>
              <top>4</top>
              <width>108</width>
              <height>20</height>
              <aspectratio>keep</aspectratio>
              <texture background="true">$INFO[ListItem.Property(Art(poster))]</texture>
              <visible>StringCompare(Window(Home).Property(TVGuide.ThumbType),0)</visible>
            </control>
            <control type="image">
              <description>Banner</description>
              <left>21</left>
              <top>4</top>
              <width>108</width>
              <height>20</height>
              <aspectratio>keep</aspectratio>
              <texture background="true">$INFO[ListItem.Property(Art(banner))]</texture>
              <visible>StringCompare(Window(Home).Property(TVGuide.ThumbType),1)</visible>
            </control>
            <control type="image">
              <description>Logo</description>
              <left>21</left>
              <top>4</top>
              <width>108</width>
              <height>20</height>
              <aspectratio>keep</aspectratio>
              <texture background="true">$INFO[ListItem.Property(Art(clearlogo))]</texture>
              <visible>StringCompare(Window(Home).Property(TVGuide.ThumbType),2)</visible>
            </control>
          </focusedlayout>
        </control>
        <control type="list" id="202">
          <description>Wednesday list</description>
          <left>124</left>
          <top>239</top>
          <width>770</width>
          <height>75</height>
          <orientation>horizontal</orientation>
          <scrolltime>0</scrolltime>
          <onup>201</onup>
          <ondown>203</ondown>
          <onleft>SetProperty(TVGuide.WednesdayList,1,Home)</onleft>
          <onleft>7000</onleft>
          <onright>202</onright>
          <itemgap>5</itemgap>
          <itemlayout height="75" width="150">
            <control type="label">
              <description>Next air date</description>
              <left>0</left>
              <top>26</top>
              <width>150</width>
              <height>20</height>
              <label>$INFO[ListItem.Property(NextDate)]</label>
              <textcolor>99FFFFFF</textcolor>
              <font>Font_Neon_20</font>
              <align>center</align>
            </control>
            <control type="label">
              <description>Airing time</description>
              <left>0</left>
              <top>48</top>
              <width>150</width>
              <height>20</height>
              <label>$INFO[ListItem.Property(ShortTime)]</label>
              <textcolor>99FFFFFF</textcolor>
              <font>Font_Neon_20</font>
              <align>center</align>
            </control>
            <control type="image">
              <description>Thumb</description>
              <left>21</left>
              <top>4</top>
              <width>108</width>
              <height>20</height>
              <aspectratio>keep</aspectratio>
              <texture background="true">$INFO[ListItem.Property(Art(poster))]</texture>
              <visible>StringCompare(Window(Home).Property(TVGuide.ThumbType),0)</visible>
            </control>
            <control type="image">
              <description>Banner</description>
              <left>21</left>
              <top>4</top>
              <width>108</width>
              <height>20</height>
              <aspectratio>keep</aspectratio>
              <texture background="true">$INFO[ListItem.Property(Art(banner))]</texture>
              <visible>StringCompare(Window(Home).Property(TVGuide.ThumbType),1)</visible>
            </control>
            <control type="image">
              <description>Logo</description>
              <left>21</left>
              <top>4</top>
              <width>108</width>
              <height>20</height>
              <aspectratio>keep</aspectratio>
              <texture background="true">$INFO[ListItem.Property(Art(clearlogo))]</texture>
              <visible>StringCompare(Window(Home).Property(TVGuide.ThumbType),2)</visible>
            </control>
          </itemlayout>
          <focusedlayout height="75" width="150">
            <control type="group">
              <visible>Control.HasFocus(202)</visible>
              <control type="image">
                <left>0</left>
                <top>0</top>
                <width>147</width>
                <height>75</height>
                <colordiffuse>mainblue</colordiffuse>
                <texture>button-focus.png</texture>
                <aspectratio>stretch</aspectratio>
              </control>
              <control type="label">
                <description>Next air date</description>
                <left>0</left>
                <top>26</top>
                <width>150</width>
                <height>20</height>
                <label>$INFO[ListItem.Property(NextDate)]</label>
                <textcolor>FFFFFFFF</textcolor>
                <font>Font_Neon_20</font>
                <align>center</align>
              </control>
              <control type="label">
                <description>Airing time</description>
                <left>0</left>
                <top>48</top>
                <width>150</width>
                <height>20</height>
                <label>$INFO[ListItem.Property(ShortTime)]</label>
                <textcolor>FFFFFFFF</textcolor>
                <font>Font_Neon_20</font>
                <align>center</align>
              </control>
            </control>
            <control type="group">
              <visible>!Control.HasFocus(202)</visible>
              <control type="label">
                <description>Next air date</description>
                <left>0</left>
                <top>26</top>
                <width>150</width>
                <height>20</height>
                <label>$INFO[ListItem.Property(NextDate)]</label>
                <textcolor>99FFFFFF</textcolor>
                <font>Font_Neon_20</font>
                <align>center</align>
              </control>
              <control type="label">
                <description>Airing time</description>
                <left>0</left>
                <top>48</top>
                <width>150</width>
                <height>20</height>
                <label>$INFO[ListItem.Property(ShortTime)]</label>
                <textcolor>99FFFFFF</textcolor>
                <font>Font_Neon_20</font>
                <align>center</align>
              </control>
            </control>
            <control type="image">
              <description>Thumb</description>
              <left>21</left>
              <top>4</top>
              <width>108</width>
              <height>20</height>
              <aspectratio>keep</aspectratio>
              <texture background="true">$INFO[ListItem.Property(Art(poster))]</texture>
              <visible>StringCompare(Window(Home).Property(TVGuide.ThumbType),0)</visible>
            </control>
            <control type="image">
              <description>Banner</description>
              <left>21</left>
              <top>4</top>
              <width>108</width>
              <height>20</height>
              <aspectratio>keep</aspectratio>
              <texture background="true">$INFO[ListItem.Property(Art(banner))]</texture>
              <visible>StringCompare(Window(Home).Property(TVGuide.ThumbType),1)</visible>
            </control>
            <control type="image">
              <description>Logo</description>
              <left>21</left>
              <top>4</top>
              <width>108</width>
              <height>20</height>
              <aspectratio>keep</aspectratio>
              <texture background="true">$INFO[ListItem.Property(Art(clearlogo))]</texture>
              <visible>StringCompare(Window(Home).Property(TVGuide.ThumbType),2)</visible>
            </control>
          </focusedlayout>
        </control>
        <control type="list" id="203">
          <description>Thursday list</description>
          <left>124</left>
          <top>318</top>
          <width>770</width>
          <height>75</height>
          <orientation>horizontal</orientation>
          <scrolltime>0</scrolltime>
          <onup>202</onup>
          <ondown>204</ondown>
          <onleft>SetProperty(TVGuide.ThursdayList,1,Home)</onleft>
          <onleft>7000</onleft>
          <onright>203</onright>
          <itemgap>5</itemgap>
          <itemlayout height="75" width="150">
            <control type="label">
              <description>Next air date</description>
              <left>0</left>
              <top>26</top>
              <width>150</width>
              <height>20</height>
              <label>$INFO[ListItem.Property(NextDate)]</label>
              <textcolor>99FFFFFF</textcolor>
              <font>Font_Neon_20</font>
              <align>center</align>
            </control>
            <control type="label">
              <description>Airing time</description>
              <left>0</left>
              <top>48</top>
              <width>150</width>
              <height>20</height>
              <label>$INFO[ListItem.Property(ShortTime)]</label>
              <textcolor>99FFFFFF</textcolor>
              <font>Font_Neon_20</font>
              <align>center</align>
            </control>
            <control type="image">
              <description>Thumb</description>
              <left>21</left>
              <top>4</top>
              <width>108</width>
              <height>20</height>
              <aspectratio>keep</aspectratio>
              <texture background="true">$INFO[ListItem.Property(Art(poster))]</texture>
              <visible>StringCompare(Window(Home).Property(TVGuide.ThumbType),0)</visible>
            </control>
            <control type="image">
              <description>Banner</description>
              <left>21</left>
              <top>4</top>
              <width>108</width>
              <height>20</height>
              <aspectratio>keep</aspectratio>
              <texture background="true">$INFO[ListItem.Property(Art(banner))]</texture>
              <visible>StringCompare(Window(Home).Property(TVGuide.ThumbType),1)</visible>
            </control>
            <control type="image">
              <description>Logo</description>
              <left>21</left>
              <top>4</top>
              <width>108</width>
              <height>20</height>
              <aspectratio>keep</aspectratio>
              <texture background="true">$INFO[ListItem.Property(Art(clearlogo))]</texture>
              <visible>StringCompare(Window(Home).Property(TVGuide.ThumbType),2)</visible>
            </control>
          </itemlayout>
          <focusedlayout height="75" width="150">
            <control type="group">
              <visible>Control.HasFocus(203)</visible>
              <control type="image">
                <left>0</left>
                <top>0</top>
                <width>147</width>
                <height>75</height>
                <colordiffuse>mainblue</colordiffuse>
                <texture>button-focus.png</texture>
                <aspectratio>stretch</aspectratio>
              </control>
              <control type="label">
                <description>Next air date</description>
                <left>0</left>
                <top>26</top>
                <width>150</width>
                <height>20</height>
                <label>$INFO[ListItem.Property(NextDate)]</label>
                <textcolor>FFFFFFFF</textcolor>
                <font>Font_Neon_20</font>
                <align>center</align>
              </control>
              <control type="label">
                <description>Airing time</description>
                <left>0</left>
                <top>48</top>
                <width>150</width>
                <height>20</height>
                <label>$INFO[ListItem.Property(ShortTime)]</label>
                <textcolor>FFFFFFFF</textcolor>
                <font>Font_Neon_20</font>
                <align>center</align>
              </control>
            </control>
            <control type="group">
              <visible>!Control.HasFocus(203)</visible>
              <control type="label">
                <description>Next air date</description>
                <left>0</left>
                <top>26</top>
                <width>150</width>
                <height>20</height>
                <label>$INFO[ListItem.Property(NextDate)]</label>
                <textcolor>99FFFFFF</textcolor>
                <font>Font_Neon_20</font>
                <align>center</align>
              </control>
              <control type="label">
                <description>Airing time</description>
                <left>0</left>
                <top>48</top>
                <width>150</width>
                <height>20</height>
                <label>$INFO[ListItem.Property(ShortTime)]</label>
                <textcolor>99FFFFFF</textcolor>
                <font>Font_Neon_20</font>
                <align>center</align>
              </control>
            </control>
            <control type="image">
              <description>Thumb</description>
              <left>21</left>
              <top>4</top>
              <width>108</width>
              <height>20</height>
              <aspectratio>keep</aspectratio>
              <texture background="true">$INFO[ListItem.Property(Art(poster))]</texture>
              <visible>StringCompare(Window(Home).Property(TVGuide.ThumbType),0)</visible>
            </control>
            <control type="image">
              <description>Banner</description>
              <left>21</left>
              <top>4</top>
              <width>108</width>
              <height>20</height>
              <aspectratio>keep</aspectratio>
              <texture background="true">$INFO[ListItem.Property(Art(banner))]</texture>
              <visible>StringCompare(Window(Home).Property(TVGuide.ThumbType),1)</visible>
            </control>
            <control type="image">
              <description>Logo</description>
              <left>21</left>
              <top>4</top>
              <width>108</width>
              <height>20</height>
              <aspectratio>keep</aspectratio>
              <texture background="true">$INFO[ListItem.Property(Art(clearlogo))]</texture>
              <visible>StringCompare(Window(Home).Property(TVGuide.ThumbType),2)</visible>
            </control>
          </focusedlayout>
        </control>
        <control type="list" id="204">
          <description>Friday list</description>
          <left>124</left>
          <top>398</top>
          <width>770</width>
          <height>75</height>
          <orientation>horizontal</orientation>
          <scrolltime>0</scrolltime>
          <onup>203</onup>
          <ondown>205</ondown>
          <onleft>SetProperty(TVGuide.FridayList,1,Home)</onleft>
          <onleft>7000</onleft>
          <onright>204</onright>
          <itemgap>5</itemgap>
          <itemlayout height="75" width="150">
            <control type="label">
              <description>Next air date</description>
              <left>0</left>
              <top>26</top>
              <width>150</width>
              <height>20</height>
              <label>$INFO[ListItem.Property(NextDate)]</label>
              <textcolor>99FFFFFF</textcolor>
              <font>Font_Neon_20</font>
              <align>center</align>
            </control>
            <control type="label">
              <description>Airing time</description>
              <left>0</left>
              <top>48</top>
              <width>150</width>
              <height>20</height>
              <label>$INFO[ListItem.Property(ShortTime)]</label>
              <textcolor>99FFFFFF</textcolor>
              <font>Font_Neon_20</font>
              <align>center</align>
            </control>
            <control type="image">
              <description>Thumb</description>
              <left>21</left>
              <top>4</top>
              <width>108</width>
              <height>20</height>
              <aspectratio>keep</aspectratio>
              <texture background="true">$INFO[ListItem.Property(Art(poster))]</texture>
              <visible>StringCompare(Window(Home).Property(TVGuide.ThumbType),0)</visible>
            </control>
            <control type="image">
              <description>Banner</description>
              <left>21</left>
              <top>4</top>
              <width>108</width>
              <height>20</height>
              <aspectratio>keep</aspectratio>
              <texture background="true">$INFO[ListItem.Property(Art(banner))]</texture>
              <visible>StringCompare(Window(Home).Property(TVGuide.ThumbType),1)</visible>
            </control>
            <control type="image">
              <description>Logo</description>
              <left>21</left>
              <top>4</top>
              <width>108</width>
              <height>20</height>
              <aspectratio>keep</aspectratio>
              <texture background="true">$INFO[ListItem.Property(Art(clearlogo))]</texture>
              <visible>StringCompare(Window(Home).Property(TVGuide.ThumbType),2)</visible>
            </control>
          </itemlayout>
          <focusedlayout height="75" width="150">
            <control type="group">
              <visible>Control.HasFocus(204)</visible>
              <control type="image">
                <left>0</left>
                <top>0</top>
                <width>147</width>
                <height>75</height>
                <colordiffuse>mainblue</colordiffuse>
                <texture>button-focus.png</texture>
                <aspectratio>stretch</aspectratio>
              </control>
              <control type="label">
                <description>Next air date</description>
                <left>0</left>
                <top>26</top>
                <width>150</width>
                <height>20</height>
                <label>$INFO[ListItem.Property(NextDate)]</label>
                <textcolor>FFFFFFFF</textcolor>
                <font>Font_Neon_20</font>
                <align>center</align>
              </control>
              <control type="label">
                <description>Airing time</description>
                <left>0</left>
                <top>48</top>
                <width>150</width>
                <height>20</height>
                <label>$INFO[ListItem.Property(ShortTime)]</label>
                <textcolor>FFFFFFFF</textcolor>
                <font>Font_Neon_20</font>
                <align>center</align>
              </control>
            </control>
            <control type="group">
              <visible>!Control.HasFocus(204)</visible>
              <control type="label">
                <description>Next air date</description>
                <left>0</left>
                <top>26</top>
                <width>150</width>
                <height>20</height>
                <label>$INFO[ListItem.Property(NextDate)]</label>
                <textcolor>99FFFFFF</textcolor>
                <font>Font_Neon_20</font>
                <align>center</align>
              </control>
              <control type="label">
                <description>Airing time</description>
                <left>0</left>
                <top>48</top>
                <width>150</width>
                <height>20</height>
                <label>$INFO[ListItem.Property(ShortTime)]</label>
                <textcolor>99FFFFFF</textcolor>
                <font>Font_Neon_20</font>
                <align>center</align>
              </control>
            </control>
            <control type="image">
              <description>Thumb</description>
              <left>21</left>
              <top>4</top>
              <width>108</width>
              <height>20</height>
              <aspectratio>keep</aspectratio>
              <texture background="true">$INFO[ListItem.Property(Art(poster))]</texture>
              <visible>StringCompare(Window(Home).Property(TVGuide.ThumbType),0)</visible>
            </control>
            <control type="image">
              <description>Banner</description>
              <left>21</left>
              <top>4</top>
              <width>108</width>
              <height>20</height>
              <aspectratio>keep</aspectratio>
              <texture background="true">$INFO[ListItem.Property(Art(banner))]</texture>
              <visible>StringCompare(Window(Home).Property(TVGuide.ThumbType),1)</visible>
            </control>
            <control type="image">
              <description>Logo</description>
              <left>21</left>
              <top>4</top>
              <width>108</width>
              <height>20</height>
              <aspectratio>keep</aspectratio>
              <texture background="true">$INFO[ListItem.Property(Art(clearlogo))]</texture>
              <visible>StringCompare(Window(Home).Property(TVGuide.ThumbType),2)</visible>
            </control>
          </focusedlayout>
        </control>
        <control type="list" id="205">
          <description>Saturday list</description>
          <left>124</left>
          <top>477</top>
          <width>770</width>
          <height>75</height>
          <orientation>horizontal</orientation>
          <scrolltime>0</scrolltime>
          <onup>204</onup>
          <ondown>206</ondown>
          <onleft>SetProperty(TVGuide.SaturdayList,1,Home)</onleft>
          <onleft>7000</onleft>
          <onright>205</onright>
          <itemgap>5</itemgap>
          <itemlayout height="75" width="150">
            <control type="label">
              <description>Next air date</description>
              <left>0</left>
              <top>26</top>
              <width>150</width>
              <height>20</height>
              <label>$INFO[ListItem.Property(NextDate)]</label>
              <textcolor>99FFFFFF</textcolor>
              <font>Font_Neon_20</font>
              <align>center</align>
            </control>
            <control type="label">
              <description>Airing time</description>
              <left>0</left>
              <top>48</top>
              <width>150</width>
              <height>20</height>
              <label>$INFO[ListItem.Property(ShortTime)]</label>
              <textcolor>99FFFFFF</textcolor>
              <font>Font_Neon_20</font>
              <align>center</align>
            </control>
            <control type="image">
              <description>Thumb</description>
              <left>21</left>
              <top>4</top>
              <width>108</width>
              <height>20</height>
              <aspectratio>keep</aspectratio>
              <texture background="true">$INFO[ListItem.Property(Art(poster))]</texture>
              <visible>StringCompare(Window(Home).Property(TVGuide.ThumbType),0)</visible>
            </control>
            <control type="image">
              <description>Banner</description>
              <left>21</left>
              <top>4</top>
              <width>108</width>
              <height>20</height>
              <aspectratio>keep</aspectratio>
              <texture background="true">$INFO[ListItem.Property(Art(banner))]</texture>
              <visible>StringCompare(Window(Home).Property(TVGuide.ThumbType),1)</visible>
            </control>
            <control type="image">
              <description>Logo</description>
              <left>21</left>
              <top>4</top>
              <width>108</width>
              <height>20</height>
              <aspectratio>keep</aspectratio>
              <texture background="true">$INFO[ListItem.Property(Art(clearlogo))]</texture>
              <visible>StringCompare(Window(Home).Property(TVGuide.ThumbType),2)</visible>
            </control>
          </itemlayout>
          <focusedlayout height="75" width="150">
            <control type="group">
              <visible>Control.HasFocus(205)</visible>
              <control type="image">
                <left>0</left>
                <top>0</top>
                <width>147</width>
                <height>75</height>
                <colordiffuse>mainblue</colordiffuse>
                <texture>button-focus.png</texture>
                <aspectratio>stretch</aspectratio>
              </control>
              <control type="label">
                <description>Next air date</description>
                <left>0</left>
                <top>26</top>
                <width>150</width>
                <height>20</height>
                <label>$INFO[ListItem.Property(NextDate)]</label>
                <textcolor>FFFFFFFF</textcolor>
                <font>Font_Neon_20</font>
                <align>center</align>
              </control>
              <control type="label">
                <description>Airing time</description>
                <left>0</left>
                <top>48</top>
                <width>150</width>
                <height>20</height>
                <label>$INFO[ListItem.Property(ShortTime)]</label>
                <textcolor>FFFFFFFF</textcolor>
                <font>Font_Neon_20</font>
                <align>center</align>
              </control>
            </control>
            <control type="group">
              <visible>!Control.HasFocus(205)</visible>
              <control type="label">
                <description>Next air date</description>
                <left>0</left>
                <top>26</top>
                <width>150</width>
                <height>20</height>
                <label>$INFO[ListItem.Property(NextDate)]</label>
                <textcolor>99FFFFFF</textcolor>
                <font>Font_Neon_20</font>
                <align>center</align>
              </control>
              <control type="label">
                <description>Airing time</description>
                <left>0</left>
                <top>48</top>
                <width>150</width>
                <height>20</height>
                <label>$INFO[ListItem.Property(ShortTime)]</label>
                <textcolor>99FFFFFF</textcolor>
                <font>Font_Neon_20</font>
                <align>center</align>
              </control>
            </control>
            <control type="image">
              <description>Thumb</description>
              <left>21</left>
              <top>4</top>
              <width>108</width>
              <height>20</height>
              <aspectratio>keep</aspectratio>
              <texture background="true">$INFO[ListItem.Property(Art(poster))]</texture>
              <visible>StringCompare(Window(Home).Property(TVGuide.ThumbType),0)</visible>
            </control>
            <control type="image">
              <description>Banner</description>
              <left>21</left>
              <top>4</top>
              <width>108</width>
              <height>20</height>
              <aspectratio>keep</aspectratio>
              <texture background="true">$INFO[ListItem.Property(Art(banner))]</texture>
              <visible>StringCompare(Window(Home).Property(TVGuide.ThumbType),1)</visible>
            </control>
            <control type="image">
              <description>Logo</description>
              <left>21</left>
              <top>4</top>
              <width>108</width>
              <height>20</height>
              <aspectratio>keep</aspectratio>
              <texture background="true">$INFO[ListItem.Property(Art(clearlogo))]</texture>
              <visible>StringCompare(Window(Home).Property(TVGuide.ThumbType),2)</visible>
            </control>
          </focusedlayout>
        </control>
        <control type="list" id="206">
          <description>Sunday list</description>
          <left>124</left>
          <top>556</top>
          <width>770</width>
          <height>75</height>
          <orientation>horizontal</orientation>
          <scrolltime>0</scrolltime>
          <onup>205</onup>
          <ondown>200</ondown>
          <onleft>SetProperty(TVGuide.SundayList,1,Home)</onleft>
          <onleft>7000</onleft>
          <onright>206</onright>
          <itemgap>5</itemgap>
          <itemlayout height="75" width="150">
            <control type="label">
              <description>Next air date</description>
              <left>0</left>
              <top>26</top>
              <width>150</width>
              <height>20</height>
              <label>$INFO[ListItem.Property(NextDate)]</label>
              <textcolor>99FFFFFF</textcolor>
              <font>Font_Neon_20</font>
              <align>center</align>
            </control>
            <control type="label">
              <description>Airing time</description>
              <left>0</left>
              <top>48</top>
              <width>150</width>
              <height>20</height>
              <label>$INFO[ListItem.Property(ShortTime)]</label>
              <textcolor>99FFFFFF</textcolor>
              <font>Font_Neon_20</font>
              <align>center</align>
            </control>
            <control type="image">
              <description>Thumb</description>
              <left>21</left>
              <top>4</top>
              <width>108</width>
              <height>20</height>
              <aspectratio>keep</aspectratio>
              <texture background="true">$INFO[ListItem.Property(Art(poster))]</texture>
              <visible>StringCompare(Window(Home).Property(TVGuide.ThumbType),0)</visible>
            </control>
            <control type="image">
              <description>Banner</description>
              <left>21</left>
              <top>4</top>
              <width>108</width>
              <height>20</height>
              <aspectratio>keep</aspectratio>
              <texture background="true">$INFO[ListItem.Property(Art(banner))]</texture>
              <visible>StringCompare(Window(Home).Property(TVGuide.ThumbType),1)</visible>
            </control>
            <control type="image">
              <description>Logo</description>
              <left>21</left>
              <top>4</top>
              <width>108</width>
              <height>20</height>
              <aspectratio>keep</aspectratio>
              <texture background="true">$INFO[ListItem.Property(Art(clearlogo))]</texture>
              <visible>StringCompare(Window(Home).Property(TVGuide.ThumbType),2)</visible>
            </control>
          </itemlayout>
          <focusedlayout height="75" width="150">
            <control type="group">
              <visible>Control.HasFocus(206)</visible>
              <control type="image">
                <left>0</left>
                <top>0</top>
                <width>147</width>
                <height>75</height>
                <colordiffuse>mainblue</colordiffuse>
                <texture>button-focus.png</texture>
                <aspectratio>stretch</aspectratio>
              </control>
              <control type="label">
                <description>Next air date</description>
                <left>0</left>
                <top>26</top>
                <width>150</width>
                <height>20</height>
                <label>$INFO[ListItem.Property(NextDate)]</label>
                <textcolor>FFFFFFFF</textcolor>
                <font>Font_Neon_20</font>
                <align>center</align>
              </control>
              <control type="label">
                <description>Airing time</description>
                <left>0</left>
                <top>48</top>
                <width>150</width>
                <height>20</height>
                <label>$INFO[ListItem.Property(ShortTime)]</label>
                <textcolor>FFFFFFFF</textcolor>
                <font>Font_Neon_20</font>
                <align>center</align>
              </control>
            </control>
            <control type="group">
              <visible>!Control.HasFocus(206)</visible>
              <control type="label">
                <description>Next air date</description>
                <left>0</left>
                <top>26</top>
                <width>150</width>
                <height>20</height>
                <label>$INFO[ListItem.Property(NextDate)]</label>
                <textcolor>99FFFFFF</textcolor>
                <font>Font_Neon_20</font>
                <align>center</align>
              </control>
              <control type="label">
                <description>Airing time</description>
                <left>0</left>
                <top>48</top>
                <width>150</width>
                <height>20</height>
                <label>$INFO[ListItem.Property(ShortTime)]</label>
                <textcolor>99FFFFFF</textcolor>
                <font>Font_Neon_20</font>
                <align>center</align>
              </control>
            </control>
            <control type="image">
              <description>Thumb</description>
              <left>21</left>
              <top>4</top>
              <width>108</width>
              <height>20</height>
              <aspectratio>keep</aspectratio>
              <texture background="true">$INFO[ListItem.Property(Art(poster))]</texture>
              <visible>StringCompare(Window(Home).Property(TVGuide.ThumbType),0)</visible>
            </control>
            <control type="image">
              <description>Banner</description>
              <left>21</left>
              <top>4</top>
              <width>108</width>
              <height>20</height>
              <aspectratio>keep</aspectratio>
              <texture background="true">$INFO[ListItem.Property(Art(banner))]</texture>
              <visible>StringCompare(Window(Home).Property(TVGuide.ThumbType),1)</visible>
            </control>
            <control type="image">
              <description>Logo</description>
              <left>21</left>
              <top>4</top>
              <width>108</width>
              <height>20</height>
              <aspectratio>keep</aspectratio>
              <texture background="true">$INFO[ListItem.Property(Art(clearlogo))]</texture>
              <visible>StringCompare(Window(Home).Property(TVGuide.ThumbType),2)</visible>
            </control>
          </focusedlayout>
        </control>
      </control>
      <control type="group">
        <description>Additional show info</description>
        <left>914</left>
        <top>80</top>
        <visible>Control.HasFocus(200) | !IsEmpty(Window(Home).Property(TVGuide.MondayList))</visible>
        <control type="label">
          <description>Episode title</description>
          <left>0</left>
          <top>0</top>
          <width>302</width>
          <height>75</height>
          <label>$INFO[Container(200).ListItem.Label]</label>
          <align>center</align>
          <aligny>center</aligny>
          <font>font24_title</font>
          <wrapmultiline>true</wrapmultiline>
        </control>
        <control type="image">
          <left>0</left>
          <top>88</top>
          <width>302</width>
          <height>170</height>
          <aspectratio>stretch</aspectratio>
          <fadetime>600</fadetime>
          <texture background="true">$INFO[Container(200).ListItem.Property(Fanart)]</texture>
          <visible>![Control.IsVisible(2001) + !stringcompare(Control.GetLabel(2001),empty.png)]</visible>
        </control>
        <control type="image" id="2001">
          <left>0</left>
          <top>88</top>
          <width>302</width>
          <height>170</height>
          <aspectratio>stretch</aspectratio>
          <fadetime>600</fadetime>
          <texture background="true" fallback="empty.png">$INFO[Container(200).ListItem.Property(Path),,landscape.jpg]</texture>
          <visible>!IsEmpty(Window(Home).Property(TVGuide.PreviewThumbs))</visible>
        </control>
        <control type="image">
          <left>0</left>
          <top>88</top>
          <width>302</width>
          <height>170</height>
          <aspectratio>stretch</aspectratio>
          <texture>TVGuide-GlassOverlay.png</texture>
        </control>
        <control type="label">
          <left>0</left>
          <top>278</top>
          <width>302</width>
          <height>30</height>
          <label>$INFO[Container(200).ListItem.Property(NextTitle)]</label>
          <font>font13_title</font>
          <align>center</align>
          <aligny>center</aligny>
          <wrapmultiline>true</wrapmultiline>
        </control>
        <control type="label">
          <left>0</left>
          <top>326</top>
          <width>302</width>
          <height>15</height>
          <label>$INFO[Container(200).ListItem.Property(Runtime),, $LOCALIZE[12391]]</label>
          <font>Font_Neon_20</font>
          <align>center</align>
          <aligny>center</aligny>
        </control>
        <control type="label">
          <left>0</left>
          <top>348</top>
          <width>302</width>
          <height>15</height>
          <label>$INFO[Container(200).ListItem.Property(Genre)]</label>
          <font>Font_Neon_20</font>
          <align>center</align>
          <aligny>center</aligny>
        </control>
        <control type="label">
          <left>0</left>
          <top>390</top>
          <width>302</width>
          <height>15</height>
          <label>$INFO[Container(200).ListItem.Property(ShortTime)]</label>
          <font>Font_Neon_20</font>
          <align>center</align>
          <aligny>center</aligny>
        </control>
        <control type="label">
          <left>0</left>
          <top>412</top>
          <width>302</width>
          <height>15</height>
          <label>$INFO[Container(200).ListItem.Property(NextDate)]</label>
          <font>Font_Neon_20</font>
          <align>center</align>
          <aligny>center</aligny>
        </control>
        <control type="label">
          <left>0</left>
          <top>434</top>
          <width>302</width>
          <height>15</height>
          <label>$INFO[Container(200).ListItem.Property(Network)]</label>
          <font>Font_Neon_20</font>
          <align>center</align>
          <aligny>center</aligny>
        </control>
      </control>
      <control type="group">
        <description>Additional show info</description>
        <left>914</left>
        <top>80</top>
        <visible>Control.HasFocus(201) | !IsEmpty(Window(Home).Property(TVGuide.TuesdayList))</visible>
        <control type="label">
          <description>Episode title</description>
          <left>0</left>
          <top>0</top>
          <width>302</width>
          <height>75</height>
          <label>$INFO[Container(201).ListItem.Label]</label>
          <align>center</align>
          <aligny>center</aligny>
          <font>font24_title</font>
          <wrapmultiline>true</wrapmultiline>
        </control>
        <control type="image">
          <left>0</left>
          <top>88</top>
          <width>302</width>
          <height>170</height>
          <aspectratio>stretch</aspectratio>
          <fadetime>600</fadetime>
          <texture background="true">$INFO[Container(201).ListItem.Property(Fanart)]</texture>
          <visible>![Control.IsVisible(2011) + !stringcompare(Control.GetLabel(2011),empty.png)]</visible>
        </control>
        <control type="image" id="2011">
          <left>0</left>
          <top>88</top>
          <width>302</width>
          <height>170</height>
          <aspectratio>stretch</aspectratio>
          <fadetime>600</fadetime>
          <texture background="true" fallback="empty.png">$INFO[Container(201).ListItem.Property(Path),,landscape.jpg]</texture>
          <visible>!IsEmpty(Window(Home).Property(TVGuide.PreviewThumbs))</visible>
        </control>
        <control type="image">
          <left>0</left>
          <top>88</top>
          <width>302</width>
          <height>170</height>
          <aspectratio>stretch</aspectratio>
          <texture>TVGuide-GlassOverlay.png</texture>
        </control>
        <control type="label">
          <left>0</left>
          <top>278</top>
          <width>302</width>
          <height>30</height>
          <label>$INFO[Container(201).ListItem.Property(NextTitle)]</label>
          <font>font13_title</font>
          <align>center</align>
          <aligny>center</aligny>
          <wrapmultiline>true</wrapmultiline>
        </control>
        <control type="label">
          <left>0</left>
          <top>326</top>
          <width>302</width>
          <height>15</height>
          <label>$INFO[Container(201).ListItem.Property(Runtime),, $LOCALIZE[12391]]</label>
          <font>Font_Neon_20</font>
          <align>center</align>
          <aligny>center</aligny>
        </control>
        <control type="label">
          <left>0</left>
          <top>348</top>
          <width>302</width>
          <height>15</height>
          <label>$INFO[Container(201).ListItem.Property(Genre)]</label>
          <font>Font_Neon_20</font>
          <align>center</align>
          <aligny>center</aligny>
        </control>
        <control type="label">
          <left>0</left>
          <top>390</top>
          <width>302</width>
          <height>15</height>
          <label>$INFO[Container(201).ListItem.Property(ShortTime)]</label>
          <font>Font_Neon_20</font>
          <align>center</align>
          <aligny>center</aligny>
        </control>
        <control type="label">
          <left>0</left>
          <top>412</top>
          <width>302</width>
          <height>15</height>
          <label>$INFO[Container(201).ListItem.Property(NextDate)]</label>
          <font>Font_Neon_20</font>
          <align>center</align>
          <aligny>center</aligny>
        </control>
        <control type="label">
          <left>0</left>
          <top>434</top>
          <width>302</width>
          <height>15</height>
          <label>$INFO[Container(201).ListItem.Property(Network)]</label>
          <font>Font_Neon_20</font>
          <align>center</align>
          <aligny>center</aligny>
        </control>
      </control>
      <control type="group">
        <description>Additional show info</description>
        <left>914</left>
        <top>80</top>
        <visible>Control.HasFocus(202) | !IsEmpty(Window(Home).Property(TVGuide.WednesdayList))</visible>
        <control type="label">
          <description>Episode title</description>
          <left>0</left>
          <top>0</top>
          <width>302</width>
          <height>75</height>
          <label>$INFO[Container(202).ListItem.Label]</label>
          <align>center</align>
          <aligny>center</aligny>
          <font>font24_title</font>
          <wrapmultiline>true</wrapmultiline>
        </control>
        <control type="image">
          <left>0</left>
          <top>88</top>
          <width>302</width>
          <height>170</height>
          <aspectratio>stretch</aspectratio>
          <fadetime>600</fadetime>
          <texture background="true">$INFO[Container(202).ListItem.Property(Fanart)]</texture>
          <visible>![Control.IsVisible(2021) + !stringcompare(Control.GetLabel(2021),empty.png)]</visible>
        </control>
        <control type="image" id="2021">
          <left>0</left>
          <top>88</top>
          <width>302</width>
          <height>170</height>
          <aspectratio>stretch</aspectratio>
          <fadetime>600</fadetime>
          <texture background="true" fallback="empty.png">$INFO[Container(202).ListItem.Property(Path),,landscape.jpg]</texture>
          <visible>!IsEmpty(Window(Home).Property(TVGuide.PreviewThumbs))</visible>
        </control>
        <control type="image">
          <left>0</left>
          <top>88</top>
          <width>302</width>
          <height>170</height>
          <aspectratio>stretch</aspectratio>
          <texture>TVGuide-GlassOverlay.png</texture>
        </control>
        <control type="label">
          <left>0</left>
          <top>278</top>
          <width>302</width>
          <height>30</height>
          <label>$INFO[Container(202).ListItem.Property(NextTitle)]</label>
          <font>font13_title</font>
          <align>center</align>
          <aligny>center</aligny>
          <wrapmultiline>true</wrapmultiline>
        </control>
        <control type="label">
          <left>0</left>
          <top>326</top>
          <width>302</width>
          <height>15</height>
          <label>$INFO[Container(202).ListItem.Property(Runtime),, $LOCALIZE[12391]]</label>
          <font>Font_Neon_20</font>
          <align>center</align>
          <aligny>center</aligny>
        </control>
        <control type="label">
          <left>0</left>
          <top>348</top>
          <width>302</width>
          <height>15</height>
          <label>$INFO[Container(202).ListItem.Property(Genre)]</label>
          <font>Font_Neon_20</font>
          <align>center</align>
          <aligny>center</aligny>
        </control>
        <control type="label">
          <left>0</left>
          <top>390</top>
          <width>302</width>
          <height>15</height>
          <label>$INFO[Container(202).ListItem.Property(ShortTime)]</label>
          <font>Font_Neon_20</font>
          <align>center</align>
          <aligny>center</aligny>
        </control>
        <control type="label">
          <left>0</left>
          <top>412</top>
          <width>302</width>
          <height>15</height>
          <label>$INFO[Container(202).ListItem.Property(NextDate)]</label>
          <font>Font_Neon_20</font>
          <align>center</align>
          <aligny>center</aligny>
        </control>
        <control type="label">
          <left>0</left>
          <top>434</top>
          <width>302</width>
          <height>15</height>
          <label>$INFO[Container(202).ListItem.Property(Network)]</label>
          <font>Font_Neon_20</font>
          <align>center</align>
          <aligny>center</aligny>
        </control>
      </control>
      <control type="group">
        <description>Additional show info</description>
        <left>914</left>
        <top>80</top>
        <visible>Control.HasFocus(203) | !IsEmpty(Window(Home).Property(TVGuide.ThursdayList))</visible>
        <control type="label">
          <description>Episode title</description>
          <left>0</left>
          <top>0</top>
          <width>302</width>
          <height>75</height>
          <label>$INFO[Container(203).ListItem.Label]</label>
          <align>center</align>
          <aligny>center</aligny>
          <font>font24_title</font>
          <wrapmultiline>true</wrapmultiline>
        </control>
        <control type="image">
          <left>0</left>
          <top>88</top>
          <width>302</width>
          <height>170</height>
          <aspectratio>stretch</aspectratio>
          <texture background="true">$INFO[Container(203).ListItem.Property(Fanart)]</texture>
          <fadetime>600</fadetime>
          <visible>![Control.IsVisible(2031) + !stringcompare(Control.GetLabel(2031),empty.png)]</visible>
        </control>
        <control type="image" id="2031">
          <left>0</left>
          <top>88</top>
          <width>302</width>
          <height>170</height>
          <aspectratio>stretch</aspectratio>
          <fadetime>600</fadetime>
          <texture background="true" fallback="empty.png">$INFO[Container(203).ListItem.Property(Path),,landscape.jpg]</texture>
          <visible>!IsEmpty(Window(Home).Property(TVGuide.PreviewThumbs))</visible>
        </control>
        <control type="image">
          <left>0</left>
          <top>88</top>
          <width>302</width>
          <height>170</height>
          <aspectratio>stretch</aspectratio>
          <texture>TVGuide-GlassOverlay.png</texture>
        </control>
        <control type="label">
          <left>0</left>
          <top>278</top>
          <width>302</width>
          <height>30</height>
          <label>$INFO[Container(203).ListItem.Property(NextTitle)]</label>
          <font>font13_title</font>
          <align>center</align>
          <aligny>center</aligny>
          <wrapmultiline>true</wrapmultiline>
        </control>
        <control type="label">
          <left>0</left>
          <top>326</top>
          <width>302</width>
          <height>15</height>
          <label>$INFO[Container(203).ListItem.Property(Runtime),, $LOCALIZE[12391]]</label>
          <font>Font_Neon_20</font>
          <align>center</align>
          <aligny>center</aligny>
        </control>
        <control type="label">
          <left>0</left>
          <top>348</top>
          <width>302</width>
          <height>15</height>
          <label>$INFO[Container(203).ListItem.Property(Genre)]</label>
          <font>Font_Neon_20</font>
          <align>center</align>
          <aligny>center</aligny>
        </control>
        <control type="label">
          <left>0</left>
          <top>390</top>
          <width>302</width>
          <height>15</height>
          <label>$INFO[Container(203).ListItem.Property(ShortTime)]</label>
          <font>Font_Neon_20</font>
          <align>center</align>
          <aligny>center</aligny>
        </control>
        <control type="label">
          <left>0</left>
          <top>412</top>
          <width>302</width>
          <height>15</height>
          <label>$INFO[Container(203).ListItem.Property(NextDate)]</label>
          <font>Font_Neon_20</font>
          <align>center</align>
          <aligny>center</aligny>
        </control>
        <control type="label">
          <left>0</left>
          <top>434</top>
          <width>302</width>
          <height>15</height>
          <label>$INFO[Container(203).ListItem.Property(Network)]</label>
          <font>Font_Neon_20</font>
          <align>center</align>
          <aligny>center</aligny>
        </control>
      </control>
      <control type="group">
        <description>Additional show info</description>
        <left>914</left>
        <top>80</top>
        <visible>Control.HasFocus(204) | !IsEmpty(Window(Home).Property(TVGuide.FridayList))</visible>
        <control type="label">
          <description>Episode title</description>
          <left>0</left>
          <top>0</top>
          <width>302</width>
          <height>75</height>
          <label>$INFO[Container(204).ListItem.Label]</label>
          <align>center</align>
          <aligny>center</aligny>
          <font>font24_title</font>
          <wrapmultiline>true</wrapmultiline>
        </control>
        <control type="image">
          <left>0</left>
          <top>88</top>
          <width>302</width>
          <height>170</height>
          <aspectratio>stretch</aspectratio>
          <fadetime>600</fadetime>
          <texture background="true">$INFO[Container(204).ListItem.Property(Fanart)]</texture>
          <visible>![Control.IsVisible(2041) + !stringcompare(Control.GetLabel(2041),empty.png)]</visible>
        </control>
        <control type="image" id="2041">
          <left>0</left>
          <top>88</top>
          <width>302</width>
          <height>170</height>
          <aspectratio>stretch</aspectratio>
          <fadetime>600</fadetime>
          <texture background="true" fallback="empty.png">$INFO[Container(204).ListItem.Property(Path),,landscape.jpg]</texture>
          <visible>!IsEmpty(Window(Home).Property(TVGuide.PreviewThumbs))</visible>
        </control>
        <control type="image">
          <left>0</left>
          <top>88</top>
          <width>302</width>
          <height>170</height>
          <aspectratio>stretch</aspectratio>
          <texture>TVGuide-GlassOverlay.png</texture>
        </control>
        <control type="label">
          <left>0</left>
          <top>278</top>
          <width>302</width>
          <height>30</height>
          <label>$INFO[Container(204).ListItem.Property(NextTitle)]</label>
          <font>font13_title</font>
          <align>center</align>
          <aligny>center</aligny>
          <wrapmultiline>true</wrapmultiline>
        </control>
        <control type="label">
          <left>0</left>
          <top>326</top>
          <width>302</width>
          <height>15</height>
          <label>$INFO[Container(204).ListItem.Property(Runtime),, $LOCALIZE[12391]]</label>
          <font>Font_Neon_20</font>
          <align>center</align>
          <aligny>center</aligny>
        </control>
        <control type="label">
          <left>0</left>
          <top>348</top>
          <width>302</width>
          <height>15</height>
          <label>$INFO[Container(204).ListItem.Property(Genre)]</label>
          <font>Font_Neon_20</font>
          <align>center</align>
          <aligny>center</aligny>
        </control>
        <control type="label">
          <left>0</left>
          <top>390</top>
          <width>302</width>
          <height>15</height>
          <label>$INFO[Container(204).ListItem.Property(ShortTime)]</label>
          <font>Font_Neon_20</font>
          <align>center</align>
          <aligny>center</aligny>
        </control>
        <control type="label">
          <left>0</left>
          <top>412</top>
          <width>302</width>
          <height>15</height>
          <label>$INFO[Container(204).ListItem.Property(NextDate)]</label>
          <font>Font_Neon_20</font>
          <align>center</align>
          <aligny>center</aligny>
        </control>
        <control type="label">
          <left>0</left>
          <top>434</top>
          <width>302</width>
          <height>15</height>
          <label>$INFO[Container(204).ListItem.Property(Network)]</label>
          <font>Font_Neon_20</font>
          <align>center</align>
          <aligny>center</aligny>
        </control>
      </control>
      <control type="group">
        <description>Additional show info</description>
        <left>914</left>
        <top>80</top>
        <visible>Control.HasFocus(205) | !IsEmpty(Window(Home).Property(TVGuide.SaturdayList))</visible>
        <control type="label">
          <description>Episode title</description>
          <left>0</left>
          <top>0</top>
          <width>302</width>
          <height>75</height>
          <label>$INFO[Container(205).ListItem.Label]</label>
          <align>center</align>
          <aligny>center</aligny>
          <font>font24_title</font>
          <wrapmultiline>true</wrapmultiline>
        </control>
        <control type="image">
          <left>0</left>
          <top>88</top>
          <width>302</width>
          <height>170</height>
          <aspectratio>stretch</aspectratio>
          <fadetime>600</fadetime>
          <texture background="true">$INFO[Container(205).ListItem.Property(Fanart)]</texture>
          <visible>![Control.IsVisible(2051) + !stringcompare(Control.GetLabel(2051),empty.png)]</visible>
        </control>
        <control type="image" id="2051">
          <left>0</left>
          <top>88</top>
          <width>302</width>
          <height>170</height>
          <aspectratio>stretch</aspectratio>
          <fadetime>600</fadetime>
          <texture background="true" fallback="empty.png">$INFO[Container(205).ListItem.Property(Path),,landscape.jpg]</texture>
          <visible>!IsEmpty(Window(Home).Property(TVGuide.PreviewThumbs))</visible>
        </control>
        <control type="image">
          <left>0</left>
          <top>88</top>
          <width>302</width>
          <height>170</height>
          <aspectratio>stretch</aspectratio>
          <texture>TVGuide-GlassOverlay.png</texture>
        </control>
        <control type="label">
          <left>0</left>
          <top>278</top>
          <width>302</width>
          <height>30</height>
          <label>$INFO[Container(205).ListItem.Property(NextTitle)]</label>
          <font>font13_title</font>
          <align>center</align>
          <aligny>center</aligny>
          <wrapmultiline>true</wrapmultiline>
        </control>
        <control type="label">
          <left>0</left>
          <top>326</top>
          <width>302</width>
          <height>15</height>
          <label>$INFO[Container(205).ListItem.Property(Runtime),, $LOCALIZE[12391]]</label>
          <font>Font_Neon_20</font>
          <align>center</align>
          <aligny>center</aligny>
        </control>
        <control type="label">
          <left>0</left>
          <top>348</top>
          <width>302</width>
          <height>15</height>
          <label>$INFO[Container(205).ListItem.Property(Genre)]</label>
          <font>Font_Neon_20</font>
          <align>center</align>
          <aligny>center</aligny>
        </control>
        <control type="label">
          <left>0</left>
          <top>390</top>
          <width>302</width>
          <height>15</height>
          <label>$INFO[Container(205).ListItem.Property(ShortTime)]</label>
          <font>Font_Neon_20</font>
          <align>center</align>
          <aligny>center</aligny>
        </control>
        <control type="label">
          <left>0</left>
          <top>412</top>
          <width>302</width>
          <height>15</height>
          <label>$INFO[Container(205).ListItem.Property(NextDate)]</label>
          <font>Font_Neon_20</font>
          <align>center</align>
          <aligny>center</aligny>
        </control>
        <control type="label">
          <left>0</left>
          <top>434</top>
          <width>302</width>
          <height>15</height>
          <label>$INFO[Container(205).ListItem.Property(Network)]</label>
          <font>Font_Neon_20</font>
          <align>center</align>
          <aligny>center</aligny>
        </control>
      </control>
      <control type="group">
        <description>Additional show info</description>
        <left>914</left>
        <top>80</top>
        <visible>Control.HasFocus(206) | !IsEmpty(Window(Home).Property(TVGuide.SundayList))</visible>
        <control type="label">
          <description>Episode title</description>
          <left>0</left>
          <top>0</top>
          <width>302</width>
          <height>75</height>
          <label>$INFO[Container(206).ListItem.Label]</label>
          <align>center</align>
          <aligny>center</aligny>
          <font>font24_title</font>
          <wrapmultiline>true</wrapmultiline>
        </control>
        <control type="image">
          <left>0</left>
          <top>88</top>
          <width>302</width>
          <height>170</height>
          <aspectratio>stretch</aspectratio>
          <fadetime>600</fadetime>
          <texture background="true">$INFO[Container(206).ListItem.Property(Fanart)]</texture>
          <visible>![Control.IsVisible(2061) + !stringcompare(Control.GetLabel(2021),empty.png)]</visible>
        </control>
        <control type="image" id="2061">
          <left>0</left>
          <top>88</top>
          <width>302</width>
          <height>170</height>
          <aspectratio>stretch</aspectratio>
          <fadetime>600</fadetime>
          <texture background="true" fallback="empty.png">$INFO[Container(206).ListItem.Property(Path),,landscape.jpg]</texture>
          <visible>!IsEmpty(Window(Home).Property(TVGuide.PreviewThumbs))</visible>
        </control>
        <control type="image">
          <left>0</left>
          <top>88</top>
          <width>302</width>
          <height>170</height>
          <aspectratio>stretch</aspectratio>
          <texture>TVGuide-GlassOverlay.png</texture>
        </control>
        <control type="label">
          <left>0</left>
          <top>278</top>
          <width>302</width>
          <height>30</height>
          <label>$INFO[Container(206).ListItem.Property(NextTitle)]</label>
          <font>font13_title</font>
          <align>center</align>
          <aligny>center</aligny>
          <wrapmultiline>true</wrapmultiline>
        </control>
        <control type="label">
          <left>0</left>
          <top>326</top>
          <width>302</width>
          <height>15</height>
          <label>$INFO[Container(206).ListItem.Property(Runtime),, $LOCALIZE[12391]]</label>
          <font>Font_Neon_20</font>
          <align>center</align>
          <aligny>center</aligny>
        </control>
        <control type="label">
          <left>0</left>
          <top>348</top>
          <width>302</width>
          <height>15</height>
          <label>$INFO[Container(206).ListItem.Property(Genre)]</label>
          <font>Font_Neon_20</font>
          <align>center</align>
          <aligny>center</aligny>
        </control>
        <control type="label">
          <left>0</left>
          <top>390</top>
          <width>302</width>
          <height>15</height>
          <label>$INFO[Container(206).ListItem.Property(ShortTime)]</label>
          <font>Font_Neon_20</font>
          <align>center</align>
          <aligny>center</aligny>
        </control>
        <control type="label">
          <left>0</left>
          <top>412</top>
          <width>302</width>
          <height>15</height>
          <label>$INFO[Container(206).ListItem.Property(NextDate)]</label>
          <font>Font_Neon_20</font>
          <align>center</align>
          <aligny>center</aligny>
        </control>
        <control type="label">
          <left>0</left>
          <top>434</top>
          <width>302</width>
          <height>15</height>
          <label>$INFO[Container(206).ListItem.Property(Network)]</label>
          <font>Font_Neon_20</font>
          <align>center</align>
          <aligny>center</aligny>
        </control>
      </control>
      <control type="group">
        <left>-839</left>
        <include>SideBladeLeft</include>
        <control type="grouplist" id="7000">
          <left>579</left>
          <top>130</top>
          <include>WindowMenuVars_Vertical</include>
          <control type="image" id="2">
            <description>LOGO</description>
            <width>250</width>
            <height>150</height>
            <aspectratio>keep</aspectratio>
            <texture>$INFO[system.addonicon(script.tv.show.next.aired)]</texture>
          </control>
          <control type="label" id="7">
            <width>250</width>
            <height>35</height>
            <font>font12caps</font>
            <label>$LOCALIZE[31513]</label>
            <textcolor>mainblue</textcolor>
            <align>center</align>
            <aligny>center</aligny>
          </control>
          <control type="button" id="8">
            <description>Settings</description>
            <textwidth>235</textwidth>
            <include>WindowMenuButton_Vertical</include>
            <label>5</label>
            <onright>9002</onright>
            <onfocus>ClearProperty(TVGuide.MondayList,Home)</onfocus>
            <onfocus>ClearProperty(TVGuide.TuesdayList,Home)</onfocus>
            <onfocus>ClearProperty(TVGuide.WednesdayList,Home)</onfocus>
            <onfocus>ClearProperty(TVGuide.ThursdayList,Home)</onfocus>
            <onfocus>ClearProperty(TVGuide.FridayList,Home)</onfocus>
            <onfocus>ClearProperty(TVGuide.SaturdayList,Home)</onfocus>
            <onfocus>ClearProperty(TVGuide.SundayList,Home)</onfocus>
          </control>
          <include>CommonNowPlaying_Controls</include>
        </control>
      </control>
    </control>
    <include>Time</include>
  </controls>
</window>
