<?xml version="1.0" encoding="UTF-8"?>
<window>
  <defaultcontrol>3</defaultcontrol>
  <allowoverlay>yes</allowoverlay>
  <controls>
    <control type="group">
      <visible>!Window.Previous(Weather) + !Window.Previous(VideoFiles) + !Window.Previous(VideoLibrary) + !Window.Previous(MusicFiles) + !Window.Previous(MusicLibrary) + !Window.Previous(Pictures) + !Window.Previous(Programs)</visible>
      <include>CommonSettingsBackground</include>
    </control>
    <control type="group">
      <visible>Window.Previous(Weather)</visible>
      <include>CommonWeatherBackground</include>
    </control>
    <control type="group">
      <visible>Window.Previous(Programs)</visible>
    </control>
    <control type="group">
      <visible>Window.Previous(VideoFiles) | Window.Previous(VideoLibrary)</visible>
    </control>
    <control type="group">
      <visible>Window.Previous(MusicFiles) | Window.Previous(MusicLibrary) | Window.Previous(Pictures)</visible>
      <include>CommonMusicBackground</include>
    </control>
    <control type="group">
      <visible>Window.Previous(Pictures)</visible>
    </control>
    <include>CommonMediaPlayingBackground</include>
    <control type="group">
      <left>80</left>
      <top>50</top>
      <animation type="WindowOpen" reversible="false">
        <!--	<effect type="zoom" start="80" end="100" center="640,360" easing="out" tween="back" time="300" /> -->
        <effect type="fade" start="0" end="100" time="300" />
      </animation>
      <animation type="WindowClose" reversible="false">
        <!--	<effect type="zoom" start="100" end="80" center="640,360" easing="in" tween="back" time="300" /> -->
        <effect type="fade" start="100" end="0" time="300" />
      </animation>
      <control type="image">
        <left>0</left>
        <top>0</top>
        <width>1100</width>
        <height>640</height>
        <colordiffuse>mainblue</colordiffuse>
        <texture border="20">DialogBack.png</texture>
      </control>
      <control type="button">
        <description>Close Window button</description>
        <left>1005</left>
        <top>9</top>
        <width>64</width>
        <height>32</height>
        <label>-</label>
        <font>-</font>
        <onclick>PreviousMenu</onclick>
        <colordiffuse>mainblue</colordiffuse>
        <texturefocus>DialogCloseButton-focus.png</texturefocus>
        <texturenofocus>DialogCloseButton.png</texturenofocus>
        <onleft>1</onleft>
        <onright>1</onright>
        <onup>1</onup>
        <ondown>1</ondown>
        <visible>system.getbool(input.enablemouse)</visible>
      </control>
      <control type="image">
        <description>LOGO</description>
        <left>30</left>
        <top>15</top>
        <width>220</width>
        <height>80</height>
        <aspectratio>keep</aspectratio>
        <colordiffuse>mainblue</colordiffuse>
        <texture>neon.png</texture>
      </control>
      <control type="grouplist" id="3">
        <description>button area</description>
        <left>10</left>
        <top>102</top>
        <width>260</width>
        <height>481</height>
        <onleft>60</onleft>
        <onright>5</onright>
        <onup>3</onup>
        <ondown>20</ondown>
      </control>
      <control type="button" id="20">
        <description>Setting level button</description>
        <left>10</left>
        <top>562</top>
        <height>60</height>
        <width>260</width>
        <label>10037</label>
        <textoffsetx>20</textoffsetx>
        <textoffsety>28</textoffsety>
        <align>right</align>
        <aligny>top</aligny>
        <font>font13caps</font>
        <textcolor>selected</textcolor>
        <focusedcolor>selected</focusedcolor>
        <colordiffuse>mainblue</colordiffuse>
        <texturefocus>mainmenu/home_bottom_white.png</texturefocus>
        <texturenofocus>MenuItemNF.png</texturenofocus>
        <pulseonselect>true</pulseonselect>
        <onleft>5</onleft>
        <onright>5</onright>
        <onup>3</onup>
        <ondown>3</ondown>
        <onclick>SettingsLevelChange</onclick>
      </control>
      <control type="label">
        <left>20</left>
        <top>566</top>
        <height>25</height>
        <width>230</width> 
        <label>31016</label> 
        <font>font13_title</font> 
        <textcolor>white</textcolor> 
        <align>right</align> 
        <aligny>center</aligny>
      </control>
      <control type="image">
        <left>270</left>
        <top>10</top>
        <width>800</width>
        <height>618</height>
        <texture border="5">black-back2.png</texture>
      </control>
      <control type="image">
        <left>268</left>
        <top>50</top>
        <width>805</width>
        <aspectratio>stretch</aspectratio>
        <texture>common/separator.png</texture>
      </control>
      <control type="label">
        <description>header label</description>
        <left>300</left>
        <top>20</top>
        <width>740</width>
        <height>30</height>
        <font>Font_Neon_25</font>
        <label>$INFO[Control.GetLabel(2)] - $LOCALIZE[5]</label>
        <align>left</align>
        <aligny>center</aligny>
        <textcolor>white</textcolor>
        <shadowcolor>black</shadowcolor>
      </control>
      <control type="grouplist" id="5">
        <description>control area</description>
        <left>271</left>
        <top>70</top>
        <width>798</width>
        <height>435</height>
        <itemgap>-1</itemgap>
        <pagecontrol>60</pagecontrol>
        <onleft>3</onleft>
        <onright>60</onright>
        <onup>5</onup>
        <ondown>5</ondown>
      </control>
      <control type="scrollbar" id="60">
        <left>1070</left>
        <top>60</top>
        <width>25</width>
        <height>435</height>
        <texturesliderbackground border="0,14,0,14">ScrollBarV.png</texturesliderbackground>
        <texturesliderbar border="0,14,0,14">ScrollBarV_bar.png</texturesliderbar>
        <texturesliderbarfocus border="0,14,0,14" colordiffuse="mainblue">ScrollBarV_bar_focus.png</texturesliderbarfocus>
        <textureslidernib>ScrollBarNib.png</textureslidernib>
        <textureslidernibfocus>ScrollBarNib.png</textureslidernibfocus>
        <onleft>5</onleft>
        <onright>3</onright>
        <showonepage>false</showonepage>
        <orientation>vertical</orientation>
      </control>
      <control type="textbox" id="6">
        <description>description area</description>
        <left>290</left>
        <top>515</top>
        <width>750</width>
        <height>85</height>
        <font>Font_Neon_20</font>
        <align>justify</align>
        <aligny>bottom</aligny>
        <textcolor>white</textcolor>
        <autoscroll time="3000" delay="4000" repeat="5000">true</autoscroll>
      </control>
    </control>
    <include>BehindDialogFadeOut</include>
    <control type="button" id="10">
      <description>Default Category Button</description>
      <height>45</height>
      <width>260</width>
      <align>center</align>
      <aligny>center</aligny>
      <font>font24caps_title</font>
      <textcolor>grey3</textcolor>
      <focusedcolor>white</focusedcolor>
      <colordiffuse>mainblue</colordiffuse>
      <texturefocus>mainmenu/home_bottom_white.png</texturefocus>
      <texturenofocus>MenuItemNF.png</texturenofocus>
      <pulseonselect>true</pulseonselect>
    </control>
    <control type="button" id="7">
      <description>Default Button</description>
      <height>40</height>
      <font>Font_Neon_25</font>
      <textcolor>grey2</textcolor>
      <textoffsetx>25</textoffsetx>
      <focusedcolor>white</focusedcolor>
      <colordiffuse>mainblue</colordiffuse>
      <texturefocus border="0,2,0,2">mainmenu/home_bottom_white.png</texturefocus>
      <texturenofocus border="0,2,0,2">MenuItemNF.png</texturenofocus>
    </control>
    <control type="radiobutton" id="8">
      <description>Default RadioButton</description>
      <height>40</height>
      <font>Font_Neon_25</font>
      <textcolor>grey2</textcolor>
      <textoffsetx>25</textoffsetx>
      <radioposx>677</radioposx>
      <focusedcolor>white</focusedcolor>
      <colordiffuse>mainblue</colordiffuse>
      <texturefocus border="0,2,0,2">mainmenu/home_bottom_white.png</texturefocus>
      <texturenofocus border="0,2,0,2">MenuItemNF.png</texturenofocus>
    </control>
    <control type="spincontrolex" id="9">
      <description>Default SpinControlex</description>
      <height>40</height>
      <font>Font_Neon_25</font>
      <textcolor>grey2</textcolor>
      <textoffsetx>25</textoffsetx>
      <focusedcolor>white</focusedcolor>
      <colordiffuse>mainblue</colordiffuse>
      <texturefocus border="0,2,0,2">mainmenu/home_bottom_white.png</texturefocus>
      <texturenofocus border="0,2,0,2">MenuItemNF.png</texturenofocus>
      <aligny>center</aligny>
      <reverse>yes</reverse>
    </control>
    <control type="sliderex" id="13">
      <description>Default Slider</description>
      <posx>0</posx>
      <posy>0</posy>
      <height>40</height>
      <font>font13</font>
      <textcolor>grey2</textcolor>
      <focusedcolor>white</focusedcolor>
      <colordiffuse>mainblue</colordiffuse>
      <texturefocus border="0,2,0,2">mainmenu/home_bottom_white.png</texturefocus>
      <texturenofocus border="0,2,0,2">MenuItemNF.png</texturenofocus>
      <aligny>center</aligny>
    </control>
    <control type="image" id="11">
      <description>separator image</description>
      <height>2</height>
      <texture>separator2.png</texture>
    </control>
    <control type="label" id="2">
      <description>Fake Label so we can pass it value down to the one below</description>
      <left>0</left>
      <top>0</top>
      <width>0</width>
      <height>0</height>
      <font>-</font>
      <visible>false</visible>
    </control>
    <control type="group">
      <left>60</left>
      <top>0</top>
      <animation effect="slide" end="-310,0" time="400" tween="quadratic" easing="out" condition="!Window.Next(Settings)">WindowClose</animation>
      <animation effect="slide" start="-310,0" time="400" tween="quadratic" easing="out" condition="!Window.Previous(Settings)">WindowOpen</animation>
      <!--<control type="image">
				<left>0</left>
				<top>0</top>
				<width>250</width>
				<height>35</height>
				<texture border="0,0,32,0">header.png</texture>
			</control>
			<control type="label">
				<include>WindowTitleCommons</include>
				<left>220</left>
				<label>$LOCALIZE[5]</label>
			</control> -->
    </control>
    <control type="group">
      <left>60</left>
      <top>0</top>
      <control type="image">
        <left>-50</left>
        <top>0</top>
        <texture>Kodi_Logo.png</texture>
      </control>
    </control>
    <include>Time</include>
  </controls>
</window>
