<?xml version="1.0" encoding="UTF-8"?>
<window>
  <defaultcontrol always="true">95</defaultcontrol>
  <allowoverlay>no</allowoverlay>
  <controls>
    <include>CommonSettingsBackground</include>
    <include>CommonMediaPlayingBackground</include>
    <control type="group">
      <left>90</left>
      <top>50</top>
      <animation type="WindowOpen" reversible="false">
        <!-- 	<effect type="zoom" start="80" end="100" center="640,360" easing="out" tween="back" time="300" /> -->
        <effect type="fade" start="0" end="100" time="300" />
      </animation>
      <animation type="WindowClose" reversible="false">
        <!--	<effect type="zoom" start="100" end="80" center="640,360" easing="in" tween="back" time="300" /> -->
        <effect type="fade" start="100" end="0" time="300" />
      </animation>
      <control type="image">
        <left>0</left>
        <top>0</top>
        <width>1100</width>
        <height>640</height>
        <colordiffuse>mainblue</colordiffuse>
        <texture>DialogBackwht.png</texture>
      </control>
      <control type="image">
        <left>0</left>
        <top>0</top>
        <width>1100</width>
        <height>640</height>
        <colordiffuse>mainblue</colordiffuse>
        <texture border="20">DialogBack.png</texture>
      </control>
      <control type="image">
        <description>LOGO</description>
        <left>30</left>
        <top>15</top>
        <width>220</width>
        <height>80</height>
        <aspectratio>keep</aspectratio>
        <colordiffuse>mainblue</colordiffuse>
        <texture>neon.png</texture>
      </control>
      <control type="grouplist" id="9000">
        <left>25</left>
        <top>102</top>
        <width>260</width>
        <height>481</height>
        <itemgap>-1</itemgap>
        <onup>9000</onup>
        <ondown>9000</ondown>
        <control type="button" id="95">
          <description>Button Summary Values</description>
          <height>60</height>
          <width>230</width>
          <align>center</align>
          <aligny>center</aligny>
          <font>Font_Neon_24</font>
          <textcolor>grey3</textcolor>
          <focusedcolor>white</focusedcolor>
          <colordiffuse>mainblue</colordiffuse>
          <texturefocus>button-focus.png</texturefocus>
          <texturenofocus>MenuItemNF.png</texturenofocus>
          <pulseonselect>false</pulseonselect>
          <label>20037</label>
        </control>
        <control type="button" id="94">
          <description>Button Storage</description>
          <height>60</height>
          <width>230</width>
          <align>center</align>
          <aligny>center</aligny>
          <font>Font_Neon_24</font>
          <textcolor>grey3</textcolor>
          <focusedcolor>white</focusedcolor>
          <colordiffuse>mainblue</colordiffuse>
          <texturefocus>button-focus.png</texturefocus>
          <texturenofocus>MenuItemNF.png</texturenofocus>
          <pulseonselect>false</pulseonselect>
          <label>13277</label>
        </control>
        <control type="button" id="92">
          <description>Button HDD</description>
          <height>60</height>
          <width>230</width>
          <align>center</align>
          <aligny>center</aligny>
          <font>Font_Neon_24</font>
          <textcolor>grey3</textcolor>
          <focusedcolor>white</focusedcolor>
          <colordiffuse>mainblue</colordiffuse>
          <texturefocus>button-focus.png</texturefocus>
          <texturenofocus>MenuItemNF.png</texturenofocus>
          <pulseonselect>false</pulseonselect>
          <label>13275</label>
          <visible>System.Platform.Xbox</visible>
        </control>
        <control type="button" id="93">
          <description>Button DVD</description>
          <height>60</height>
          <width>230</width>
          <align>center</align>
          <aligny>center</aligny>
          <font>Font_Neon_24</font>
          <textcolor>grey3</textcolor>
          <focusedcolor>white</focusedcolor>
          <colordiffuse>mainblue</colordiffuse>
          <texturefocus>button-focus.png</texturefocus>
          <texturenofocus>MenuItemNF.png</texturenofocus>
          <pulseonselect>false</pulseonselect>
          <label>13276</label>
          <visible>System.Platform.Xbox</visible>
        </control>
        <control type="button" id="96">
          <description>Button Network</description>
          <height>60</height>
          <width>230</width>
          <align>center</align>
          <aligny>center</aligny>
          <font>Font_Neon_24</font>
          <textcolor>grey3</textcolor>
          <focusedcolor>white</focusedcolor>
          <colordiffuse>mainblue</colordiffuse>
          <texturefocus>button-focus.png</texturefocus>
          <texturenofocus>MenuItemNF.png</texturenofocus>
          <pulseonselect>false</pulseonselect>
          <label>13279</label>
        </control>
        <control type="button" id="97">
          <description>Button Video</description>
          <height>60</height>
          <width>230</width>
          <align>center</align>
          <aligny>center</aligny>
          <font>Font_Neon_24</font>
          <textcolor>grey3</textcolor>
          <focusedcolor>white</focusedcolor>
          <colordiffuse>mainblue</colordiffuse>
          <texturefocus>button-focus.png</texturefocus>
          <texturenofocus>MenuItemNF.png</texturenofocus>
          <pulseonselect>false</pulseonselect>
          <label>13280</label>
        </control>
        <control type="button" id="98">
          <description>Button Hardware</description>
          <height>60</height>
          <width>230</width>
          <align>center</align>
          <aligny>center</aligny>
          <font>Font_Neon_24</font>
          <textcolor>grey3</textcolor>
          <focusedcolor>white</focusedcolor>
          <colordiffuse>mainblue</colordiffuse>
          <texturefocus>button-focus.png</texturefocus>
          <texturenofocus>MenuItemNF.png</texturenofocus>
          <pulseonselect>false</pulseonselect>
          <label>13281</label>
        </control>
      </control>
      <control type="image">
        <left>268</left>
        <top>10</top>
        <width>790</width>
        <height>618</height>
        <texture border="5">black-back2.png</texture>
      </control>
      <control type="image">
        <left>268</left>
        <top>50</top>
        <width>805</width>
        <aspectratio>stretch</aspectratio>
        <texture>common/separator.png</texture>
      </control>
      <control type="label">
        <description>header label</description>
        <left>300</left>
        <top>20</top>
        <width>740</width>
        <height>30</height>
        <font>Font_Neon_24</font>
        <label>[B]$LOCALIZE[130] - $INFO[Control.GetLabel(40)][/B]</label>
        <align>left</align>
        <aligny>center</aligny>
        <textcolor>mainblue</textcolor>
        <shadowcolor>black</shadowcolor>
      </control>
      <control type="label" id="40">
        <description>Hiddenlabel to pass to above</description>
        <visible>false</visible>
      </control>
      <control type="group">
        <left>290</left>
        <top>100</top>
        <control type="label" id="2">
          <description>Label 2</description>
          <left>0</left>
          <top>0</top>
          <width>750</width>
          <label>-</label>
          <textcolor>white</textcolor>
          <font>Font_Neon_24</font>
        </control>
        <control type="label" id="3">
          <description>Label 3</description>
          <left>0</left>
          <top>35</top>
          <width>750</width>
          <label>-</label>
          <textcolor>white</textcolor>
          <font>Font_Neon_24</font>
        </control>
        <control type="label" id="4">
          <description>Label 4</description>
          <left>0</left>
          <top>70</top>
          <width>750</width>
          <label>-</label>
          <textcolor>white</textcolor>
          <font>Font_Neon_24</font>
        </control>
        <control type="label" id="5">
          <description>Label 5</description>
          <left>0</left>
          <top>105</top>
          <width>750</width>
          <label>-</label>
          <textcolor>white</textcolor>
          <font>Font_Neon_24</font>
        </control>
        <control type="label" id="6">
          <description>Label 6</description>
          <left>0</left>
          <top>140</top>
          <width>750</width>
          <label>-</label>
          <textcolor>white</textcolor>
          <font>Font_Neon_24</font>
        </control>
        <control type="label" id="7">
          <description>Label 7</description>
          <left>0</left>
          <top>175</top>
          <width>750</width>
          <label>-</label>
          <textcolor>white</textcolor>
          <font>Font_Neon_24</font>
        </control>
        <control type="label" id="8">
          <description>Label 8</description>
          <left>0</left>
          <top>210</top>
          <width>750</width>
          <label>-</label>
          <textcolor>white</textcolor>
          <font>Font_Neon_24</font>
        </control>
        <control type="label" id="9">
          <description>Label 9</description>
          <left>0</left>
          <top>245</top>
          <width>750</width>
          <label>-</label>
          <textcolor>white</textcolor>
          <font>Font_Neon_24</font>
        </control>
        <control type="label" id="10">
          <description>Label 10</description>
          <left>0</left>
          <top>280</top>
          <width>750</width>
          <label>-</label>
          <textcolor>white</textcolor>
          <font>Font_Neon_24</font>
        </control>
        <control type="label" id="11">
          <description>Label 11</description>
          <left>0</left>
          <top>315</top>
          <width>750</width>
          <label>-</label>
          <textcolor>white</textcolor>
          <font>Font_Neon_24</font>
        </control>
        <control type="label" id="52">
          <description>Kodi Build Version</description>
          <left>20</left>
          <top>350</top>
          <width>700</width>
          <label>144</label>
          <align>center</align>
          <textcolor>mainblue</textcolor>
          <shadowcolor>black</shadowcolor>
          <font>Font_Neon_24</font>
        </control>
        <control type="label">
          <description>CPU Text</description>
          <left>20</left>
          <top>395</top>
          <width>700</width>
          <height>25</height>
          <label>$LOCALIZE[13271] $INFO[System.CPUUsage]</label>
          <align>center</align>
          <aligny>center</aligny>
          <textcolor>mainblue</textcolor>
          <shadowcolor>black</shadowcolor>
          <font>Font_Neon_24</font>
        </control>
        <control type="progress">
          <description>CPU BAR</description>
          <left>30</left>
          <top>425</top>
          <width>700</width>
          <height>16</height>
          <info>System.CPUUsage</info>
        </control>
        <control type="label">
          <description>Memory Text</description>
          <left>20</left>
          <top>455</top>
          <width>700</width>
          <height>25</height>
          <label>$LOCALIZE[31309] $INFO[system.memory(used.percent)]</label>
          <align>center</align>
          <aligny>center</aligny>
          <textcolor>mainblue</textcolor>
          <shadowcolor>black</shadowcolor>
          <font>Font_Neon_24</font>
        </control>
        <control type="progress">
          <description>Memory BAR</description>
          <left>30</left>
          <top>485</top>
          <width>700</width>
          <height>16</height>
          <info>system.memory(used)</info>
        </control>
      </control>
    </control>
    <control type="group">
      <left>60</left>
      <top>0</top>
      <animation effect="slide" end="-310,0" time="400" tween="quadratic" easing="out">WindowClose</animation>
      <animation effect="slide" start="-310,0" time="400" tween="quadratic" easing="out">WindowOpen</animation>
    </control>
    <control type="group">
      <left>20</left>
      <top>0</top>
      <animation effect="slide" end="-270,0" time="400" tween="quadratic" easing="out">WindowClose</animation>
      <animation effect="slide" start="-270,0" time="400" tween="quadratic" easing="out">WindowOpen</animation>
      <control type="image">
        <left>0</left>
        <top>0</top>
        <width>80</width>
        <height>35</height>
        <texture border="0,0,32,0">header.png</texture>
      </control>
      <control type="button">
        <left>20</left>
        <top>5</top>
        <width>25</width>
        <height>20</height>
        <texturenofocus>HomeIcon.png</texturenofocus>
        <texturefocus>HomeIcon-Focus.png</texturefocus>
        <label>-</label>
        <onclick>ActivateWindow(Home)</onclick>
      </control>
    </control>
    <include>Time</include>
  </controls>
</window>