<?xml version="1.0" encoding="UTF-8"?>
<!--Alaska-->
<window>
  <controls>
    <control type="image">
      <include>Dimensions_Fullscreen</include>
      <colordiffuse>BackgroundColor</colordiffuse>
      <texture diffuse="backdrops/list_mask_3.png">common/white.png</texture>
      <animation effect="fade" start="0" end="100" time="400">Visible</animation>
      <animation effect="fade" start="100" end="0" time="400" delay="400">Hidden</animation>
      <visible>Player.ShowInfo + Player.HasMedia</visible>
    </control>
    <control type="image">
      <include>Dimensions_Fullscreen</include>
      <texture diffuse="backdrops/list_mask_3.png">backdrops/filter.png</texture>
      <colordiffuse>BackgroundFilterColor</colordiffuse>
      <animation effect="fade" start="0" end="100" time="400">Visible</animation>
      <animation effect="fade" start="100" end="0" time="400" delay="400">Hidden</animation>
      <visible>Player.ShowInfo + Player.HasMedia</visible>
    </control>
    <control type="group">
      <visible>Player.ShowInfo + Player.HasMedia</visible>
      <left>30</left>
      <top>492</top>
      <animation type="Visible">
        <effect type="slide" start="-300,0" end="0,0" time="400" tween="cubic" easing="out" delay="600" />
        <effect type="fade" start="0" end="100" time="400" delay="600" />
      </animation>
      <animation type="Hidden">
        <effect type="slide" start="0,0" end="-300,0" time="200" tween="cubic" easing="out" />
        <effect type="fade" start="100" end="0" time="200" />
      </animation>
      <control type="image">
        <left>0</left>
        <top>0</top>
        <width>168</width>
        <height>168</height>
        <texture>$INFO[MusicPlayer.Cover]</texture>
        <aspectratio>keep</aspectratio>
        <bordertexture border="8">common/thumb_border.png</bordertexture>
        <bordersize>8</bordersize>
      </control>
      <control type="label">
        <left>175</left>
        <top>99</top>
        <width>1034</width>
        <font>Font_ListDetail</font>
        <label>$INFO[MusicPlayer.Artist]</label>
        <textcolor>NowPlayingArtist</textcolor>
      </control>
      <control type="label">
        <left>175</left>
        <top>143</top>
        <width>1034</width>
        <font>Font_ListDetail</font>
        <label>$INFO[MusicPlayer.Album]</label>
        <textcolor>NowPlayingArtist</textcolor>
      </control>
      <control type="label">
        <visible>!Window.IsActive(2006)</visible>
        <left>175</left>
        <top>121</top>
        <width>1034</width>
        <font>Font_ListDetail</font>
        <label>[B]$INFO[MusicPlayer.Title][/B]</label>
        <textcolor>NowPlayingTrack</textcolor>
      </control>
    </control>
    <control type="group">
      <visible>Player.ShowInfo + Player.HasMedia</visible>
      <animation effect="fade" start="0" end="100" time="400" delay="600">Visible</animation>
      <animation effect="fade" start="100" end="0" time="200">Hidden</animation>
      <include>Time</include>
    </control>
  </controls>
</window>