<?xml version="1.0" encoding="UTF-8"?>
<window>
  <defaultcontrol always="true">2</defaultcontrol>
  <coordinates>
    <system>1</system>
    <left>440</left>
    <top>75</top>
    <origin x="240" y="75">!Window.IsVisible(FullscreenInfo)</origin>
  </coordinates>
  <controls>
    <control type="image">
      <description>background image</description>
      <left>0</left>
      <top>0</top>
      <width>800</width>
      <height>490</height>
      <colordiffuse>mainblue</colordiffuse>
      <texture border="40">DialogBack.png</texture>
    </control>
    <control type="label">
      <description>header label</description>
      <left>20</left>
      <top>18</top>
      <width>760</width>
      <height>30</height>
      <font>Font_Neon_20_title</font>
      <label>[UPPERCASE]$LOCALIZE[298][/UPPERCASE] - ($INFO[Container(11).NumItems]) $LOCALIZE[31025] - $LOCALIZE[31024] ($INFO[Container(11).CurrentPage]/$INFO[Container(11).NumPages])</label>
      <align>center</align>
      <aligny>center</aligny>
      <textcolor>white</textcolor>
      <shadowcolor>black</shadowcolor>
    </control>
    <control type="panel" id="11">
      <left>40</left>
      <top>65</top>
      <width>720</width>
      <height>350</height>
      <onleft>2</onleft>
      <onright>3</onright>
      <ondown>2</ondown>
      <onup>2</onup>
      <scrolltime>200</scrolltime>
      <viewtype label="536">icon</viewtype>
      <pagecontrol>-</pagecontrol>
      <orientation>horizontal</orientation>
      <itemlayout height="175" width="240">
        <control type="image">
          <left>2</left>
          <top>2</top>
          <width>235</width>
          <height>170</height>
          <texture border="3">button-nofocus.png</texture>
        </control>
        <control type="image">
          <left>7</left>
          <top>7</top>
          <width>220</width>
          <height>140</height>
          <info>ListItem.Icon</info>
        </control>
        <control type="label">
          <left>112</left>
          <top>150</top>
          <width>225</width>
          <height>15</height>
          <font>Font_Neon_16</font>
          <selectedcolor>green</selectedcolor>
          <align>center</align>
          <aligny>center</aligny>
          <info>ListItem.Label</info>
        </control>
      </itemlayout>
      <focusedlayout height="175" width="240">
        <control type="image">
          <left>2</left>
          <top>2</top>
          <width>235</width>
          <height>170</height>
          <texture border="3">folder-focus.png</texture>
        </control>
        <control type="image">
          <left>7</left>
          <top>7</top>
          <width>220</width>
          <height>140</height>
          <info>ListItem.Icon</info>
        </control>
        <control type="label">
          <left>112</left>
          <top>1507</top>
          <width>225</width>
          <height>15</height>
          <font>Font_Neon_16</font>
          <selectedcolor>green</selectedcolor>
          <align>center</align>
          <aligny>center</aligny>
          <info>ListItem.Label</info>
        </control>
      </focusedlayout>
    </control>
    <control type="grouplist" id="9000">
      <left>20</left>
      <top>425</top>
      <width>760</width>
      <height>40</height>
      <itemgap>2</itemgap>
      <align>center</align>
      <orientation>horizontal</orientation>
      <onleft>9000</onleft>
      <onright>9000</onright>
      <onup>11</onup>
      <ondown>11</ondown>
      <control type="button" id="2">
        <description>Create Bookmark button</description>
        <label>294</label>
        <width>250</width>
        <include>ButtonInfoDialogsCommonValues</include>
      </control>
      <control type="button" id="3">
        <description>Clear Bookmark button</description>
        <label>296</label>
        <width>250</width>
        <include>ButtonInfoDialogsCommonValues</include>
      </control>
      <control type="button" id="4">
        <description>Clear Bookmark button</description>
        <label>20406</label>
        <width>250</width>
        <include>ButtonInfoDialogsCommonValues</include>
        <visible>videoplayer.content(episodes)</visible>
      </control>
    </control>
  </controls>
</window>