<?xml version="1.0" encoding="UTF-8"?>
<includes>
  <include name="Viewtype_JukeBox">
    <control type="image">
      <include>Dimensions_Fullscreen</include>
      <texture>music/jukebox_underlay1.png</texture>
      <visible>Control.IsVisible(54)</visible>
    </control>
    <control type="panel" id="54">
      <viewtype label="$LOCALIZE[31066]">list</viewtype>
      <left>366</left>
      <top>460</top>
      <width>800</width>
      <height>300</height>
      <pagecontrol>61</pagecontrol>
      <scrolltime>300</scrolltime>
      <orientation>horizontal</orientation>
      <onleft>54</onleft>
      <onright>54</onright>
      <onup>7000</onup>
      <ondown>7000</ondown>
      <visible>!Skin.HasSetting(no_Jukebox)</visible>
      <itemlayout width="400" height="64">
        <control type="image">
          <left>0</left>
          <top>6</top>
          <width>188</width>
          <height>64</height>
          <texture>music/selection_back2.png</texture>
        </control>
        <control type="label">
          <left>24</left>
          <top>16</top>
          <width>146</width>
          <height>40</height>
          <aligny>center</aligny>
          <font>Font_Neon_16</font>
          <textcolor>black</textcolor>
          <label>$INFO[ListItem.Label]</label>
          <visible>IsEmpty(ListItem.Title) | Window.IsActive(501)</visible>
        </control>
        <control type="label">
          <left>92</left>
          <top>8</top>
          <width>170</width>
          <height>40</height>
          <align>center</align>
          <font>Font_Music_Jukebox</font>
          <textcolor>Date</textcolor>
          <label>$INFO[ListItem.Artist]</label>
          <visible>Container.Content(songs) | Container.Content(albums)</visible>
        </control>
        <control type="label">
          <left>92</left>
          <top>44</top>
          <width>170</width>
          <height>40</height>
          <align>center</align>
          <font>Font_Music_Jukebox</font>
          <textcolor>Date</textcolor>
          <label>$INFO[ListItem.genre]</label>
          <visible>Container.Content(albums)</visible>
        </control>
        <control type="label">
          <left>24</left>
          <top>16</top>
          <width>146</width>
          <height>40</height>
          <aligny>center</aligny>
          <font>Font_Neon_16</font>
          <textcolor>black</textcolor>
          <label>$INFO[ListItem.TrackNumber]$INFO[ListItem.Title,. ]</label>
          <visible>!IsEmpty(ListItem.Duration) + !IsEmpty(ListItem.TrackNumber) + [Container.Content(songs) | Window.IsActive(500) | [Window.IsActive(502) + !Container.Content(artists) + !Container.Content(albums) + !Container.Content(songs)]]</visible>
        </control>
        <control type="label">
          <left>92</left>
          <top>44</top>
          <width>170</width>
          <height>40</height>
          <align>center</align>
          <font>Font_Music_Jukebox</font>
          <textcolor>Date</textcolor>
          <label>$INFO[ListItem.Album]</label>
          <visible>!IsEmpty(ListItem.Duration) + !IsEmpty(ListItem.TrackNumber) + [Container.Content(songs) | Window.IsActive(500) | [Window.IsActive(502) + !Container.Content(artists) + !Container.Content(albums) + !Container.Content(songs)]]</visible>
        </control>
      </itemlayout>
      <focusedlayout width="400" height="64">
        <control type="image">
          <left>0</left>
          <top>6</top>
          <width>188</width>
          <height>64</height>
          <texture>music/focus_selection1.png</texture>
        </control>
        <control type="label">
          <left>24</left>
          <top>16</top>
          <width>146</width>
          <height>40</height>
          <aligny>center</aligny>
          <font>Font_Neon_16</font>
          <textcolor>black</textcolor>
          <label>$INFO[ListItem.Label]</label>
          <visible>IsEmpty(ListItem.Title)</visible>
        </control>
        <control type="label">
          <left>92</left>
          <top>8</top>
          <width>170</width>
          <height>40</height>
          <align>center</align>
          <font>Font_Music_Jukebox</font>
          <textcolor>Date</textcolor>
          <label>$INFO[ListItem.Artist]</label>
          <visible>Container.Content(songs) | Container.Content(albums)</visible>
        </control>
        <control type="label">
          <left>92</left>
          <top>44</top>
          <width>170</width>
          <height>40</height>
          <align>center</align>
          <font>Font_Music_Jukebox</font>
          <textcolor>Date</textcolor>
          <label>$INFO[ListItem.genre]</label>
          <visible>Container.Content(albums)</visible>
        </control>
        <control type="label">
          <left>24</left>
          <top>16</top>
          <width>146</width>
          <height>40</height>
          <aligny>center</aligny>
          <font>Font_Neon_16</font>
          <textcolor>black</textcolor>
          <label>$INFO[ListItem.TrackNumber]$INFO[ListItem.Title,. ]</label>
          <visible>!IsEmpty(ListItem.Duration) + !IsEmpty(ListItem.TrackNumber) + [Container.Content(songs) | Window.IsActive(500) | [Window.IsActive(502) + !Container.Content(artists) + !Container.Content(albums) + !Container.Content(songs)]]</visible>
        </control>
        <control type="label">
          <left>92</left>
          <top>44</top>
          <width>170</width>
          <height>40</height>
          <align>center</align>
          <font>Font_Music_Jukebox</font>
          <textcolor>Date</textcolor>
          <label>$INFO[ListItem.Album]</label>
          <visible>!IsEmpty(ListItem.Duration) + !IsEmpty(ListItem.TrackNumber) + [Container.Content(songs) | Window.IsActive(500) | [Window.IsActive(502) + !Container.Content(artists) + !Container.Content(albums) + !Container.Content(songs)]]</visible>
        </control>
      </focusedlayout>
    </control>
    <control type="image">
      <description>1</description>
      <left>350</left>
      <top>266</top>
      <width>638</width>
      <height>178</height>
      <aspectratio>stretch</aspectratio>
      <texture>music/row_fake_cds.png</texture>
      <visible>Control.IsVisible(54) + [Container.Content(albums) | Container.Content(artists)]</visible>
    </control>
    <control type="group">
      <left>-20</left>
      <top>10</top>
      <control type="image">
        <visible>Control.IsVisible(54) + [Container.Content(albums) | Container.Content(artists)]</visible>
        <left>570</left>
        <top>190</top>
        <width>220</width>
        <height>220</height>
        <texture background="true" diffuse="music/musicwallmatte.png">$INFO[ListItem.Icon]</texture>
        <fadetime>200</fadetime>
        <aspectratio scalediffuse="false">stretch</aspectratio>
      </control>
      <control type="image">
        <visible>Control.IsVisible(54) + [Container.Content(albums) | Container.Content(artists)]</visible>
        <left>552</left>
        <top>172</top>
        <width>256</width>
        <height>256</height>
        <texture>music/musicwallframeF.png</texture>
        <aspectratio scalediffuse="false">stretch</aspectratio>
      </control>
      <!--<control type="image">
		<visible>Control.IsVisible(54) + Container.OnPrevious</visible>
		<left>570</left>
		<top>190</top>
		<width>218</width>
		<height>220</height>
		<texture background="true" diffuse="music/musicwallmatte.png">$INFO[ListItem(1).Icon]</texture>
		<aspectratio scalediffuse="false">stretch</aspectratio>
		<animation effect="slide" start="0,0" end="0,200" time="200">Hidden</animation>
	</control>
	<control type="image">
		<visible>Control.IsVisible(54) + Container.OnNext</visible>
		<left>570</left>
		<top>190</top>
		<width>218</width>
		<height>220</height>
		<texture background="true" diffuse="music/musicwallmatte.png">$INFO[ListItem(-1).Icon]</texture>
		<aspectratio scalediffuse="false">stretch</aspectratio>
		<animation effect="slide" start="0,0" end="0,200" time="200">Hidden</animation>
	</control>-->
    </control>
    <control type="image">
      <left>550</left>
      <top>476</top>
      <width>218</width>
      <height>200</height>
      <texture>music/no_cd.png</texture>
      <visible>Control.IsVisible(54) + !Player.HasMedia + !Container.Content(songs)</visible>
    </control>
    <control type="image">
      <left>552</left>
      <top>476</top>
      <width>211</width>
      <height>192</height>
      <texture diffuse="music/music_cover_diffuse.png">$INFO[MusicPlayer.Cover]</texture>
      <visible>Control.IsVisible(54) + Player.HasMedia</visible>
    </control>
    <control type="image">
      <left>552</left>
      <top>476</top>
      <width>211</width>
      <height>192</height>
      <texture background="true" diffuse="music/music_cover_diffuse.png">$INFO[ListItem.Icon]</texture>
      <visible>Control.IsVisible(54) + !Player.HasMedia + Container.Content(songs)</visible>
    </control>
    <control type="image">
      <left>370</left>
      <top>146</top>
      <width>585</width>
      <height>286</height>
      <texture diffuse="music/jukebox_fanart_diffuse.png" fallback="special://skin/backgrounds/music.jpg" background="true">$INFO[ListItem.Property(Fanart_Image)]</texture>
      <visible>Control.IsVisible(54) + ![Container.Content(albums) | Container.Content(artists)]</visible>
    </control>
    <control type="image">
      <include>Dimensions_Fullscreen</include>
      <texture>music/jukebox1.png</texture>
      <visible>Control.IsVisible(54)</visible>
    </control>
    <control type="label">
      <description>Now Playing</description>
      <left>572</left>
      <top>448</top>
      <width>170</width>
      <height>40</height>
      <align>center</align>
      <font>Font_Bartowski_Digital_Clock</font>
      <textcolor>mainblue</textcolor>
      <label>$LOCALIZE[31274]</label>
      <visible>Control.IsVisible(54) + Player.HasMedia</visible>
    </control>
    <control type="label">
      <description>Artists</description>
      <left>572</left>
      <top>448</top>
      <width>170</width>
      <height>40</height>
      <align>center</align>
      <font>Font_Bartowski_Digital_Clock</font>
      <textcolor>mainblue</textcolor>
      <label>$LOCALIZE[133]</label>
      <visible>Control.IsVisible(54) + Container.Content(artists) + !Player.HasMedia</visible>
    </control>
    <control type="label">
      <description>Albums</description>
      <left>572</left>
      <top>448</top>
      <width>170</width>
      <height>40</height>
      <align>center</align>
      <font>Font_Bartowski_Digital_Clock</font>
      <textcolor>mainblue</textcolor>
      <label>$LOCALIZE[132]</label>
      <visible>Control.IsVisible(54) + Container.Content(albums) + !Player.HasMedia</visible>
    </control>
    <control type="label">
      <description>Songs</description>
      <left>572</left>
      <top>448</top>
      <width>170</width>
      <height>40</height>
      <align>center</align>
      <font>Font_Bartowski_Digital_Clock</font>
      <textcolor>mainblue</textcolor>
      <label>$LOCALIZE[134]</label>
      <visible>Control.IsVisible(54) + Container.Content(songs) + !Player.HasMedia</visible>
    </control>
    <control type="label">
      <description>Please Choose a Song</description>
      <left>560</left>
      <top>680</top>
      <width>200</width>
      <height>40</height>
      <align>center</align>
      <font>Font_Bartowski_Digital_Clock</font>
      <textcolor>mainblue</textcolor>
      <label>$LOCALIZE[31233]</label>
      <visible>Control.IsVisible(54) + !Player.HasMedia</visible>
    </control>
    <control type="label">
      <left>560</left>
      <top>674</top>
      <width>200</width>
      <height>40</height>
      <align>center</align>
      <label>$INFO[MusicPlayer.Title]</label>
      <textcolor>mainblue</textcolor>
      <font>Font_Bartowski_Digital_Clock</font>
      <visible>Control.IsVisible(54) + Player.HasMedia</visible>
    </control>
    <control type="label">
      <left>560</left>
      <top>694</top>
      <width>200</width>
      <height>40</height>
      <align>center</align>
      <label>$INFO[MusicPlayer.album]</label>
      <textcolor>mainblue</textcolor>
      <font>Font_Bartowski_Digital_Clock</font>
      <visible>Control.IsVisible(54) + Player.HasMedia</visible>
      <animation type="Conditional" reversible="false" condition="Control.IsVisible(54) + Player.HasMedia" loop="true">
        <effect type="fade" start="0" end="100" time="500" delay="0" />
        <effect type="fade" start="100" end="0" time="500" delay="7000" />
        <effect type="fade" start="100" end="0" time="500" delay="14000" />
      </animation>
      <animation effect="fade" start="100" end="0" time="0">windowclose</animation>
    </control>
    <control type="label">
      <left>560</left>
      <top>694</top>
      <width>200</width>
      <height>40</height>
      <align>center</align>
      <label>$INFO[MusicPlayer.Time]/$INFO[MusicPlayer.Duration]</label>
      <textcolor>mainblue</textcolor>
      <font>Font_Bartowski_Digital_Clock</font>
      <visible>Control.IsVisible(54) + Player.HasMedia</visible>
      <animation type="Conditional" reversible="false" condition="Control.IsVisible(54) + Player.HasMedia" loop="true">
        <effect type="fade" start="0" end="100" time="500" delay="7500" />
        <effect type="fade" start="100" end="0" time="500" delay="14000" />
      </animation>
    </control>
  </include>
</includes>