<?xml version="1.0" encoding="UTF-8"?>
<!--Alaska-->
<includes>
  <include name="Viewtype_Landscape">
    <control type="image">
      <visible>Control.IsVisible(52)</visible>
      <left>0</left>
      <top>0</top>
      <width>1280</width>
      <height>720</height>
      <texture>tv-landscape/tv-background.png</texture>
      <aspectratio>stretch</aspectratio>
      <include>Animation_BackdropFade</include>
    </control>
    <!--	<control type="image">
			<visible>Control.IsVisible(52) + !Skin.HasSetting(TVPosters) + [Container.Content(tvshows) | Container.Content(seasons)]</visible>
			<left>0</left>
			<top>0</top>
			<width>684</width>
			<height>720</height>
			<texture>tv-landscape/landscape_thumb_glow.png</texture>
			<aspectratio>stretch</aspectratio>
			<include>Animation_LandscapeFade</include>
			<include>Animation_HiddenByInfo</include>
		</control>
		<control type="image">
			<visible>Control.IsVisible(52) + !Skin.HasSetting(landscape_jpg) + Skin.HasSetting(TVPosters) + [Container.Content(tvshows) | Container.Content(seasons)]</visible>
			<left>0</left>
			<top>0</top>
			<width>544</width>
			<height>720</height>
			<texture>tv-landscape/tv_poster_glow.png</texture>
			<aspectratio>stretch</aspectratio>
			<include>Animation_LandscapeFade</include>
			<include>Animation_HiddenByInfo</include>
		</control>
		<control type="image">
			<visible>Control.IsVisible(52) + Skin.HasSetting(landscape_jpg) + !Container.Content(episodes)</visible>
			<left>0</left>
			<top>0</top>
			<width>684</width>
			<height>720</height>
			<texture>tv-landscape/landscape_thumb_glow.png</texture>
			<aspectratio>stretch</aspectratio>
			<include>Animation_LandscapeFade</include>
			<include>Animation_HiddenByInfo</include>
		</control>
		<control type="image">
			<visible>Control.IsVisible(52) + Container.Content(episodes)</visible>
			<left>0</left>
			<top>0</top>
			<width>684</width>
			<height>720</height>
			<texture>tv-landscape/landscape_thumb_glow.png</texture>
			<aspectratio>stretch</aspectratio>
			<include>Animation_LandscapeFade</include>
			<include>Animation_HiddenByInfo</include>
		</control>  -->
    <control type="wraplist" id="52">
      <left>10</left>
      <top>0</top>
      <height>500</height>
      <width>1280</width>
      <onleft>52</onleft>
      <onright>52</onright>
      <onup>7000</onup>
      <ondown>2447</ondown>
      <!--<ondown>62</ondown>-->
      <pagecontrol>62</pagecontrol>
      <viewtype label="$LOCALIZE[31052]">list</viewtype>
      <orientation>horizontal</orientation>
      <scrolltime>300</scrolltime>
      <focusposition>2</focusposition>
      <preloaditems>2</preloaditems>
      <include>Animation_Viewtype_Landscape_FocusArea</include>
      <include>Animation_HiddenByInfo</include>
      <visible>!Skin.HasSetting(no_Landscape) + [[Skin.HasSetting(landscape_jpg) + Container.Content(tvshows)] | [!Skin.HasSetting(TVBanners) + [Container.Content(tvshows) | Container.Content(seasons)]]] | Container.Content(episodes)</visible>
      <itemlayout width="250" height="225">
        <control type="image">
          <visible>Container.Content(tvshows) + !IsEmpty(ListItem.Title)</visible>
          <left>1</left>
          <top>50</top>
          <width>230</width>
          <height>89</height>
          <texture background="true" fallback="special://skin/backgrounds/fallback.png">$INFO[ListItem.Art(clearlogo)]</texture>
          <fadetime>300</fadetime>
          <aspectratio scalediffuse="false">stretch</aspectratio>
          <animation effect="fade" start="60" end="60" time="0" condition="true">conditional</animation>
        </control>
        <control type="label">
          <visible>Container.Content(episodes) + !IsEmpty(ListItem.Title)</visible>
          <left>115</left>
          <top>100</top>
          <width>230</width>
          <height>89</height>
          <align>center</align>
          <font>Font_Neon_44</font>
          <textcolor>ListTrackF</textcolor>
          <label>$LOCALIZE[20359] $INFO[ListItem.Episode]</label>
        </control>
        <control type="label">
          <visible>Container.Content(seasons) | [Container.Content(episodes) + IsEmpty(ListItem.Title)] | [Container.Content(tvshows) + IsEmpty(ListItem.Title)]</visible>
          <left>115</left>
          <top>100</top>
          <width>230</width>
          <height>89</height>
          <align>center</align>
          <font>Font_Neon_44</font>
          <textcolor>ListTrackF</textcolor>
          <label>$INFO[ListItem.Label]</label>
        </control>
        <control type="image">
          <left>-8</left>
          <top>120</top>
          <width>240</width>
          <height>4</height>
          <info>ListItem.Overlay</info>
          <colordiffuse>ListTrackF</colordiffuse>
          <aspectratio scalediffuse="false">stretch</aspectratio>
          <visible>!Skin.HasSetting(DisableTvOverlays) + !IsEmpty(ListItem.Overlay) + [Container.Content(seasons) | Container.Content(episodes)]</visible>
        </control>
      </itemlayout>
      <focusedlayout width="280" height="1285">
        <control type="image">
          <visible>Container.Content(tvshows) + !IsEmpty(ListItem.Title)</visible>
          <left>20</left>
          <top>50</top>
          <width>230</width>
          <height>89</height>
          <texture background="true" fallback="special://skin/backgrounds/fallback.png">$INFO[ListItem.Art(clearlogo)]</texture>
          <fadetime>200</fadetime>
          <aspectratio scalediffuse="false">stretch</aspectratio>
        </control>
        <control type="label">
          <visible>Container.Content(episodes) + !IsEmpty(ListItem.Title)</visible>
          <left>135</left>
          <top>100</top>
          <width>230</width>
          <height>89</height>
          <align>center</align>
          <aligny>bottom</aligny>
          <font>Font_Neon_44</font>
          <textcolor>ffffffff</textcolor>
          <label>$LOCALIZE[20359] $INFO[ListItem.Episode]</label>
        </control>
        <control type="label">
          <visible>Container.Content(seasons) | [Container.Content(episodes) + IsEmpty(ListItem.Title)] | [Container.Content(tvshows) + IsEmpty(ListItem.Title)]</visible>
          <left>135</left>
          <top>100</top>
          <width>230</width>
          <height>89</height>
          <align>center</align>
          <aligny>bottom</aligny>
          <font>Font_Neon_44</font>
          <textcolor>ffffffff</textcolor>
          <label>$INFO[ListItem.Label]</label>
        </control>
        <control type="image">
          <left>10</left>
          <top>120</top>
          <width>250</width>
          <height>4</height>
          <info>ListItem.Overlay</info>
          <aspectratio scalediffuse="false">stretch</aspectratio>
          <visible>!Skin.HasSetting(DisableTvOverlays) + !IsEmpty(ListItem.Overlay) + [Container.Content(seasons) | Container.Content(episodes)]</visible>
        </control>
      </focusedlayout>
    </control>
    <control type="image" id="7014">
      <left>950</left>
      <top>580</top>
      <width>300</width>
      <height>116</height>
      <texture background="true">$INFO[ListItem.Art(clearlogo)]</texture>
      <fadetime>100</fadetime>
      <aspectratio scalediffuse="false">stretch</aspectratio>
      <include>Animation_HiddenByInfo</include>
      <include>Animation_Viewtype_Landscape_RightArea</include>
      <visible>Control.IsVisible(52) + !Container.Content(tvshows) + !Player.HasAudio</visible>
    </control>
    <control type="image" id="9014">
      <visible></visible>
      <left>950</left>
      <top>580</top>
      <width>300</width>
      <height>116</height>
      <texture background="true">$INFO[ListItem.path]../logo.png</texture>
      <fadetime>100</fadetime>
      <aspectratio scalediffuse="false">stretch</aspectratio>
      <include>Animation_HiddenByInfo</include>
      <include>Animation_Viewtype_Landscape_RightArea</include>
      <visible>Control.IsVisible(52) + !Container.Content(tvshows) + !Player.HasAudio</visible>
    </control>
    <control type="image">
      <!-- Last Overlay -->
      <visible>Control.IsVisible(52)</visible>
      <left>0</left>
      <top>0</top>
      <width>1280</width>
      <height>720</height>
      <texture>tv-landscape/2nd-overlay.png</texture>
      <aspectratio>stretch</aspectratio>
    </control>
    <control type="label">
      <!-- Uncheck Cleartitle -->
      <left>1260</left>
      <top>670</top>
      <width>1200</width>
      <height>50</height>
      <align>right</align>
      <font>Font_Neon_50</font>
      <textcolor>mainblue</textcolor>
      <label>$INFO[ListItem.TVShowtitle]</label>
      <include>Animation_Viewtype_Landscape_RightArea</include>
      <include>Animation_HiddenByInfo</include>
      <visible>Control.IsVisible(52) + IsEmpty(Control.GetLabel(7014)) + IsEmpty(Control.GetLabel(9014)) + !Container.Content(tvshows) + !Player.HasAudio</visible>
    </control>
    <control type="group">
      <left>20</left>
      <top>48</top>
      <include>Animation_Viewtype_Landscape_ThumbArea</include>
      <include>Animation_HiddenByInfo</include>
      <visible>Control.IsVisible(52)</visible>
      <control type="image">
        <visible>[!Skin.HasSetting(TVPosters) + !Skin.HasSetting(landscape_jpg) + [Container.Content(tvshows) | Container.Content(seasons)]] | Container.Content(episodes)</visible>
        <left>2</left>
        <top>122</top>
        <width>500</width>
        <height>281</height>
        <texture background="true" diffuse="tv-landscape/landscapematteFO.png">$INFO[ListItem.Icon]</texture>
        <fadetime>200</fadetime>
        <aspectratio scalediffuse="false">stretch</aspectratio>
        <!--<animation effect="zoom" start="2,122,0,281" end="0,0,500,281" time="800" delay="200">Visible</animation>-->
      </control>
      <control type="image">
        <visible>Skin.HasSetting(landscape_jpg) + !Container.Content(episodes)</visible>
        <left>2</left>
        <top>122</top>
        <width>500</width>
        <height>281</height>
        <texture background="true" diffuse="tv-landscape/landscapematteFO.png">$INFO[ListItem.path]landscape.jpg</texture>
        <fadetime>200</fadetime>
        <aspectratio scalediffuse="false">stretch</aspectratio>
        <!--<animation effect="zoom" start="2,122,0,281" end="0,0,500,281" time="800" delay="200">Visible</animation>-->
      </control>
      <control type="image">
        <left>440</left>
        <top>345</top>
        <width>65</width>
        <height>65</height>
        <texture>dialogs/movies/$INFO[ListItem.Overlay]</texture>
        <visible>!Skin.HasSetting(DisableTvOverlays) + !Skin.HasSetting(TVPosters) + Container.Content(tvshows) + !IsEmpty(ListItem.Overlay)</visible>
      </control>
      <control type="image">
        <visible>Container.Content(episodes) + !IsEmpty(ListItem.Title)</visible>
        <left>2</left>
        <top>355</top>
        <width>500</width>
        <height>50</height>
        <texture>tv-landscape/episode-black.png</texture>
        <fadetime>200</fadetime>
        <aspectratio scalediffuse="false">stretch</aspectratio>
      </control>
      <control type="image">
        <visible>![Skin.HasSetting(TVPosters) + !Skin.HasSetting(landscape_jpg) + [Container.Content(tvshows) | Container.Content(seasons)]]</visible>
        <left>-20</left>
        <top>106</top>
        <width>544</width>
        <height>316</height>
        <colordiffuse>grey2</colordiffuse>
        <texture>tv-landscape/landscapeframeFO.png</texture>
      </control>
      <control type="image">
        <!-- USE POSTERS  -->
        <visible>[Skin.HasSetting(TVPosters) + !Skin.HasSetting(landscape_jpg) + [Container.Content(tvshows) | Container.Content(seasons)]]</visible>
        <left>82</left>
        <top>122</top>
        <width>268</width>
        <height>400</height>
        <texture background="true" diffuse="postermatte.png">$INFO[ListItem.Icon]</texture>
        <fadetime>200</fadetime>
        <aspectratio scalediffuse="false">stretch</aspectratio>
      </control>
      <control type="image">
        <left>435</left>
        <top>340</top>
        <width>75</width>
        <height>75</height>
        <texture>dialogs/movies/$INFO[ListItem.Overlay]</texture>
        <animation type="Focus" reversible="false">
          <effect type="zoom" center="145,202" start="51" end="100" time="600" tween="back" easing="out" />
        </animation>
        <visible>!Skin.HasSetting(DisableTvOverlays) + Skin.HasSetting(TVPosters) + Container.Content(tvshows) + !IsEmpty(ListItem.Overlay)</visible>
      </control>
      <control type="label">
        <!-- Episode Description -->
        <visible>Container.Content(episodes)</visible>
        <left>5</left>
        <top>362</top>
        <width>500</width>
        <height>50</height>
        <align>center</align>
        <font>Font_Landscape_TitleTVShow</font>
        <textcolor>ffffffff</textcolor>
        <label>$INFO[ListItem.Title]</label>
        <include>Animation_HiddenByInfo</include>
      </control>
    </control>
    <control type="group">
      <left>20</left>
      <top>0</top>
      <animation effect="slide" start="0,0" end="-120,0" time="0" tween="cubic" easing="inout" condition="Control.IsVisible(52) + [Skin.HasSetting(TVPosters) + !Skin.HasSetting(landscape_jpg) + [Container.Content(tvshows) | Container.Content(seasons)]]">Conditional</animation>
      <include>Animation_Viewtype_Landscape_RightArea</include>
      <include>Animation_HiddenByInfo</include>
      <visible>Control.IsVisible(52) + !IsEmpty(ListItem.Title)</visible>
      <control type="textbox">
        <!-- Plot and TV -->
        <visible>!Container.Content(seasons)</visible>
        <left>530</left>
        <top>170</top>
        <width>590</width>
        <height>280</height>
        <align>left</align>
        <info>ListItem.Plot</info>
        <font>Font_Bartowski_Movies</font>
        <textcolor>ffffffff</textcolor>
        <autoscroll time="3000" delay="5000" repeat="5000">Skin.HasSetting(autoscroll)</autoscroll>
      </control>
      <control type="textbox">
        <!-- Plot and TV -->
        <visible>Container.Content(seasons)</visible>
        <left>530</left>
        <top>170</top>
        <width>590</width>
        <height>280</height>
        <align>left</align>
        <info>Container(52).ShowPlot</info>
        <font>Font_Bartowski_Movies</font>
        <textcolor>ffffffff</textcolor>
        <autoscroll time="3000" delay="5000" repeat="5000">Skin.HasSetting(autoscroll)</autoscroll>
      </control>
    </control>
    <control type="group">
      <visible>Control.IsVisible(52) + !IsEmpty(ListItem.Title)</visible>
      <left>20</left>
      <top>-10</top>
      <animation effect="slide" start="0,0" end="0,120" time="0" tween="cubic" easing="inout" condition="Control.IsVisible(52) + [Skin.HasSetting(TVPosters) + !Skin.HasSetting(landscape_jpg) + [Container.Content(tvshows) | Container.Content(seasons)]]">Conditional</animation>
      <include>Animation_HiddenByInfo</include>
      <include>Animation_Viewtype_Landscape_BottomInfo</include>
      <control type="label">
        <!-- 1st Seasons -->
        <left>5</left>
        <top>455</top>
        <width>570</width>
        <height>50</height>
        <aligny>center</aligny>
        <font>Font_TVShow</font>
        <textcolor>mainblue</textcolor>
        <label>[COLOR=mainblue]$LOCALIZE[31226]:[/COLOR] [COLOR=ffffffff]$INFO[ListItem.Mpaa][/COLOR]</label>
        <visible>Container.Content(tvshows)</visible>
      </control>
      <control type="label">
        <!-- 1st Seasons -->
        <left>5</left>
        <top>455</top>
        <width>570</width>
        <height>50</height>
        <aligny>center</aligny>
        <font>Font_TVShow</font>
        <textcolor>mainblue</textcolor>
        <label>[COLOR=mainblue]$LOCALIZE[20373]:[/COLOR] [COLOR=ffffffff]$INFO[ListItem.Season][/COLOR]</label>
        <visible>Container.Content(seasons) | Container.Content(episodes)</visible>
      </control>
      <control type="label">
        <!-- Episodes -->
        <left>5</left>
        <top>485</top>
        <width>570</width>
        <height>50</height>
        <aligny>center</aligny>
        <font>Font_TVShow</font>
        <textcolor>mainblue</textcolor>
        <label>[COLOR=mainblue]$LOCALIZE[20360]:[/COLOR] [COLOR=ffffffff]$INFO[ListItem.Episode][/COLOR]</label>
        <visible>Container.Content(tvshows) | Container.Content(seasons)</visible>
      </control>
      <control type="label">
        <!-- Episodes -->
        <left>5</left>
        <top>485</top>
        <width>570</width>
        <height>50</height>
        <aligny>center</aligny>
        <font>Font_TVShow</font>
        <textcolor>mainblue</textcolor>
        <label>[COLOR=mainblue]$LOCALIZE[20359]:[/COLOR] [COLOR=ffffffff]$INFO[ListItem.Episode][/COLOR]</label>
        <visible>Container.Content(episodes)</visible>
      </control>
      <control type="label">
        <!-- Genre -->
        <left>5</left>
        <top>515</top>
        <width>570</width>
        <height>50</height>
        <aligny>center</aligny>
        <font>Font_TVShow</font>
        <label>[COLOR=mainblue]$LOCALIZE[515]:[/COLOR] [COLOR=ffffffff]$INFO[ListItem.Genre][/COLOR]</label>
        <visible>Container.Content(tvshows) | Container.Content(seasons)</visible>
      </control>
      <control type="label">
        <!-- Episode Rating -->
        <left>5</left>
        <top>515</top>
        <width>570</width>
        <height>50</height>
        <aligny>center</aligny>
        <font>Font_TVShow</font>
        <textcolor>mainblue</textcolor>
        <label>[COLOR=mainblue]$LOCALIZE[563]: [COLOR=ffffffff]$INFO[ListItem.Rating][/COLOR]</label>
        <visible>Container.Content(episodes)</visible>
      </control>
    </control>
    <control type="grouplist">
      <visible>Control.IsVisible(52) + !IsEmpty(ListItem.Title)</visible>
      <animation effect="slide" start="0,0" end="0,120" time="0" tween="cubic" easing="inout" condition="Control.IsVisible(52) + [Skin.HasSetting(TVPosters) + !Skin.HasSetting(landscape_jpg) + [Container.Content(tvshows) | Container.Content(seasons)]]">Conditional</animation>
      <include>Animation_Viewtype_Landscape_BottomInfo</include>
      <include>Animation_HiddenByInfo</include>
      <left>25</left>
      <top>542</top>
      <orientation>horizontal</orientation>
      <control type="label">
        <left>0</left>
        <top>0</top>
        <width min="10" max="1034">auto</width>
        <height>100</height>
        <font>Font_TVShow</font>
        <textcolor>mainblue</textcolor>
        <label>$LOCALIZE[31229] $INFO[ListItem.Year]</label>
        <visible>Container.Content(tvshows)</visible>
      </control>
      <control type="label">
        <left>0</left>
        <top>0</top>
        <width min="5" max="1034">auto</width>
        <height>100</height>
        <font>Font_TVShow</font>
        <textcolor>mainblue</textcolor>
        <label> $LOCALIZE[31234] </label>
        <visible>Container.Content(tvshows) + !IsEmpty(ListItem.Studio)</visible>
      </control>
      <control type="image">
        <left>0</left>
        <top>0</top>
        <width>70</width>
        <height>47</height>
        <texture>$INFO[listitem.studio,extras/Studios/,.png]</texture>
        <aspectratio>keep</aspectratio>
        <colordiffuse>white</colordiffuse>
        <visible>Container.Content(tvshows)</visible>
        <animation effect="slide" start="0,0" end="-6,-12" time="0" tween="cubic" easing="inout" condition="Container.Content(tvshows)">Conditional</animation>
      </control>
      <control type="label">
        <left>0</left>
        <top>0</top>
        <width min="10" max="1034">auto</width>
        <height>100</height>
        <font>Font_TVShow</font>
        <textcolor>mainblue</textcolor>
        <label>$LOCALIZE[31230] $INFO[ListItem.Date]</label>
        <visible>Container.Content(episodes)</visible>
      </control>
      <control type="label">
        <left>0</left>
        <top>0</top>
        <width min="5" max="1034">auto</width>
        <height>100</height>
        <font>Font_TVShow</font>
        <textcolor>mainblue</textcolor>
        <label> $LOCALIZE[31234] </label>
        <visible>Container.Content(episodes) + !IsEmpty(ListItem.Studio)</visible>
      </control>
      <control type="image">
        <left>0</left>
        <top>0</top>
        <width>70</width>
        <height>47</height>
        <texture>$INFO[listitem.studio,extras/Studios/,.png]</texture>
        <aspectratio>keep</aspectratio>
        <colordiffuse>white</colordiffuse>
        <visible>Container.Content(episodes)</visible>
        <animation effect="slide" start="0,0" end="-10,-12" time="0" tween="cubic" easing="inout" condition="Container.Content(episodes)">Conditional</animation>
      </control>
    </control>
    <include>Landscape_Next_Aired</include>
    <control type="label">
      <left>1080</left>
      <top>580</top>
      <width>300</width>
      <height>100</height>
      <font>Font_TVShow</font>
      <textcolor>mainblue</textcolor>
      <label>$LOCALIZE[31275]</label>
      <include>Animation_CommonFade</include>
      <visible>Control.IsVisible(52) + Container.Content(tvshows) + !Skin.HasSetting(no_new_recent_info) + [StringCompare(Window(Home).Property(LatestEpisode.1.ShowTitle),ListItem.Label) | StringCompare(Window(Home).Property(LatestEpisode.2.ShowTitle),ListItem.Label) | StringCompare(Window(Home).Property(LatestEpisode.3.ShowTitle),ListItem.Label) | StringCompare(Window(Home).Property(LatestEpisode.4.ShowTitle),ListItem.Label) | StringCompare(Window(Home).Property(LatestEpisode.5.ShowTitle),ListItem.Label)]</visible>
    </control>
    <control type="grouplist" id="2447">
      <left>800</left>
      <top>600</top>
      <onup>52</onup>
      <ondown>52</ondown>
      <orientation>horizontal</orientation>
      <include>Animation_CommonFade</include>
      <visible>Control.IsVisible(52) + Container.Content(tvshows) + !Skin.HasSetting(no_new_recent_info)</visible>
      <control type="button" id="16374">
        <width>2</width>
        <height>2</height>
        <onleft>16376</onleft>
        <onright>16375</onright>
        <onclick>PlayMedia($ESCINFO[Window(Home).Property(LatestEpisode.1.Path)])</onclick>
        <visible>StringCompare(Window(Home).Property(LatestEpisode.1.ShowTitle),ListItem.Label)</visible>
      </control>
      <control type="button" id="16375">
        <width>2</width>
        <height>2</height>
        <onleft>16374</onleft>
        <onright>16376</onright>
        <onclick>PlayMedia($ESCINFO[Window(Home).Property(LatestEpisode.2.Path)])</onclick>
        <visible>StringCompare(Window(Home).Property(LatestEpisode.2.ShowTitle),ListItem.Label)</visible>
      </control>
      <control type="button" id="16376">
        <width>2</width>
        <height>2</height>
        <onleft>16376</onleft>
        <onright>16375</onright>
        <onclick>PlayMedia($ESCINFO[Window(Home).Property(LatestEpisode.3.Path)])</onclick>
        <visible>StringCompare(Window(Home).Property(LatestEpisode.3.ShowTitle),ListItem.Label)</visible>
      </control>
      <control type="button" id="16377">
        <width>2</width>
        <height>2</height>
        <onleft>16374</onleft>
        <onright>16376</onright>
        <onclick>PlayMedia($ESCINFO[Window(Home).Property(LatestEpisode.4.Path)])</onclick>
        <visible>StringCompare(Window(Home).Property(LatestEpisode.4.ShowTitle),ListItem.Label)</visible>
      </control>
      <control type="button" id="16378">
        <width>2</width>
        <height>2</height>
        <onleft>16374</onleft>
        <onright>16376</onright>
        <onclick>PlayMedia($ESCINFO[Window(Home).Property(LatestEpisode.5.Path)])</onclick>
        <visible>StringCompare(Window(Home).Property(LatestEpisode.5.ShowTitle),ListItem.Label)</visible>
      </control>
    </control>
    <control type="grouplist">
      <left>-30</left>
      <top>614</top>
      <width>1280</width>
      <align>right</align>
      <orientation>horizontal</orientation>
      <include>Animation_CommonFade</include>
      <visible>Control.IsVisible(52) + Container.Content(tvshows) + !Skin.HasSetting(no_new_recent_info)</visible>
      <control type="image">
        <width>180</width>
        <height>100</height>
        <texture background="true" diffuse="tv-landscape/landscapematteFO.png">$INFO[Window(Home).Property(LatestEpisode.1.Thumb)]</texture>
        <animation effect="zoom" start="100" end="110" center="auto" time="400" condition="Control.HasFocus(16374)">Conditional</animation>
        <animation effect="fade" start="100" end="70" time="0" condition="!Control.HasFocus(16374)">Conditional</animation>
        <visible>StringCompare(Window(Home).Property(LatestEpisode.1.ShowTitle),ListItem.Label)</visible>
      </control>
      <control type="image">
        <width>180</width>
        <height>100</height>
        <texture background="true" diffuse="tv-landscape/landscapematteFO.png">$INFO[Window(Home).Property(LatestEpisode.2.Thumb)]</texture>
        <animation effect="zoom" start="100" end="110" center="auto" time="400" condition="Control.HasFocus(16375)">Conditional</animation>
        <animation effect="fade" start="100" end="70" time="0" condition="!Control.HasFocus(16375)">Conditional</animation>
        <visible>StringCompare(Window(Home).Property(LatestEpisode.2.ShowTitle),ListItem.Label)</visible>
      </control>
      <control type="image">
        <width>180</width>
        <height>100</height>
        <texture background="true" diffuse="tv-landscape/landscapematteFO.png">$INFO[Window(Home).Property(LatestEpisode.3.Thumb)]</texture>
        <animation effect="zoom" start="100" end="110" center="auto" time="400" condition="Control.HasFocus(16376)">Conditional</animation>
        <animation effect="fade" start="100" end="70" time="0" condition="!Control.HasFocus(16376)">Conditional</animation>
        <visible>StringCompare(Window(Home).Property(LatestEpisode.3.ShowTitle),ListItem.Label)</visible>
      </control>
      <control type="image">
        <width>180</width>
        <height>100</height>
        <texture background="true" diffuse="tv-landscape/landscapematteFO.png">$INFO[Window(Home).Property(LatestEpisode.4.Thumb)]</texture>
        <animation effect="zoom" start="100" end="110" center="auto" time="400" condition="Control.HasFocus(16377)">Conditional</animation>
        <animation effect="fade" start="100" end="70" time="0" condition="!Control.HasFocus(16377)">Conditional</animation>
        <visible>StringCompare(Window(Home).Property(LatestEpisode.4.ShowTitle),ListItem.Label)</visible>
      </control>
      <control type="image">
        <width>180</width>
        <height>100</height>
        <texture background="true" diffuse="tv-landscape/landscapematteFO.png">$INFO[Window(Home).Property(LatestEpisode.5.Thumb)]</texture>
        <animation effect="zoom" start="100" end="110" center="auto" time="400" condition="Control.HasFocus(16378)">Conditional</animation>
        <animation effect="fade" start="100" end="70" time="0" condition="!Control.HasFocus(16378)">Conditional</animation>
        <visible>StringCompare(Window(Home).Property(LatestEpisode.5.ShowTitle),ListItem.Label)</visible>
      </control>
    </control>
    <control type="grouplist">
      <left>-30</left>
      <top>614</top>
      <width>1280</width>
      <align>right</align>
      <orientation>horizontal</orientation>
      <include>Animation_CommonFade</include>
      <visible>Control.IsVisible(52) + Container.Content(tvshows) + !Skin.HasSetting(no_new_recent_info)</visible>
      <control type="image">
        <width>180</width>
        <height>100</height>
        <texture>tv-landscape/new_recent_back.png</texture>
        <animation effect="zoom" start="100" end="110" center="auto" time="400" condition="Control.HasFocus(16374)">Conditional</animation>
        <visible>StringCompare(Window(Home).Property(LatestEpisode.1.ShowTitle),ListItem.Label)</visible>
      </control>
      <control type="image">
        <width>180</width>
        <height>100</height>
        <texture>tv-landscape/new_recent_back.png</texture>
        <animation effect="zoom" start="100" end="110" center="auto" time="400" condition="Control.HasFocus(16375)">Conditional</animation>
        <visible>StringCompare(Window(Home).Property(LatestEpisode.2.ShowTitle),ListItem.Label)</visible>
      </control>
      <control type="image">
        <width>180</width>
        <height>100</height>
        <texture>tv-landscape/new_recent_back.png</texture>
        <animation effect="zoom" start="100" end="110" center="auto" time="400" condition="Control.HasFocus(16376)">Conditional</animation>
        <visible>StringCompare(Window(Home).Property(LatestEpisode.3.ShowTitle),ListItem.Label)</visible>
      </control>
      <control type="image">
        <width>180</width>
        <height>100</height>
        <texture>tv-landscape/new_recent_back.png</texture>
        <animation effect="zoom" start="100" end="110" center="auto" time="400" condition="Control.HasFocus(16377)">Conditional</animation>
        <visible>StringCompare(Window(Home).Property(LatestEpisode.4.ShowTitle),ListItem.Label)</visible>
      </control>
      <control type="image">
        <width>180</width>
        <height>100</height>
        <texture>tv-landscape/new_recent_back.png</texture>
        <animation effect="zoom" start="100" end="110" center="auto" time="400" condition="Control.HasFocus(16378)">Conditional</animation>
        <visible>StringCompare(Window(Home).Property(LatestEpisode.5.ShowTitle),ListItem.Label)</visible>
      </control>
    </control>
    <control type="grouplist">
      <left>-30</left>
      <top>690</top>
      <width>1280</width>
      <align>right</align>
      <orientation>horizontal</orientation>
      <include>Animation_CommonFade</include>
      <visible>Control.IsVisible(52) + Container.Content(tvshows) + !Skin.HasSetting(no_new_recent_info)</visible>
      <control type="label">
        <width>180</width>
        <height>100</height>
        <align>center</align>
        <font>Font_TVShow</font>
        <textcolor>white</textcolor>
        <label>$INFO[Window(Home).Property(LatestEpisode.1.EpisodeTitle)]</label>
        <visible>StringCompare(Window(Home).Property(LatestEpisode.1.ShowTitle),ListItem.Label)</visible>
      </control>
      <control type="label">
        <width>180</width>
        <height>100</height>
        <align>center</align>
        <font>Font_TVShow</font>
        <textcolor>white</textcolor>
        <label>$INFO[Window(Home).Property(LatestEpisode.2.EpisodeTitle)]</label>
        <visible>StringCompare(Window(Home).Property(LatestEpisode.2.ShowTitle),ListItem.Label)</visible>
      </control>
      <control type="label">
        <width>180</width>
        <height>100</height>
        <align>center</align>
        <font>Font_TVShow</font>
        <textcolor>white</textcolor>
        <label>$INFO[Window(Home).Property(LatestEpisode.3.EpisodeTitle)]</label>
        <visible>StringCompare(Window(Home).Property(LatestEpisode.3.ShowTitle),ListItem.Label)</visible>
      </control>
      <control type="label">
        <width>180</width>
        <height>100</height>
        <align>center</align>
        <font>Font_TVShow</font>
        <textcolor>white</textcolor>
        <label>$INFO[Window(Home).Property(LatestEpisode.4.EpisodeTitle)]</label>
        <visible>StringCompare(Window(Home).Property(LatestEpisode.4.ShowTitle),ListItem.Label)</visible>
      </control>
      <control type="label">
        <width>180</width>
        <height>100</height>
        <align>center</align>
        <font>Font_TVShow</font>
        <textcolor>white</textcolor>
        <label>$INFO[Window(Home).Property(LatestEpisode.5.EpisodeTitle)]</label>
        <visible>StringCompare(Window(Home).Property(LatestEpisode.5.ShowTitle),ListItem.Label)</visible>
      </control>
    </control>
    <control type="grouplist">
      <visible>Control.IsVisible(52) + Container.Content(episodes) + !Skin.HasSetting(no_media_flags) + Skin.HasSetting(no_global_clock)</visible>
      <description>Media Codec Flagging Images</description>
      <left>20</left>
      <top>680</top>
      <width>1280</width>
      <align>left</align>
      <itemgap>0</itemgap>
      <orientation>horizontal</orientation>
      <include>StudioFlags</include>
      <include>VideoTypeHackFlaggingConditions</include>
      <include>VideoCodecFlaggingConditions</include>
      <include>AspectCodecFlaggingConditions</include>
      <include>AudioCodecFlaggingConditions</include>
      <include>AudioChannelsFlaggingConditions</include>
      <include>Animation_HiddenByInfo</include>
      <include>Animation_Viewtype_Landscape_BottomInfo</include>
    </control>
    <control type="scrollbar" id="62">
      <include>Animation_ZoomInZoomOut</include>
      <left>100</left>
      <top>10</top>
      <width>1080</width>
      <height>25</height>
      <visible allowhiddenfocus="true">Control.IsVisible(52) + Control.HasFocus(62)</visible>
      <texturesliderbackground>osd/osd_progress_back1.png</texturesliderbackground>
      <textureslidernibfocus>ScrollBarV_Nib_Focus.png</textureslidernibfocus>
      <onup>52</onup>
      <ondown>52</ondown>
      <showonepage>true</showonepage>
      <orientation>horizontal</orientation>
      <include>Animation_CommonFade</include>
      <animation effect="slide" start="0,-200" end="0,0" time="400" tween="cubic" easing="inout" condition="Control.HasFocus(62)">Conditional</animation>
    </control>
  </include>
</includes>