<?xml version="1.0" encoding="UTF-8"?>
<!--Alaska-->
<includes>
  <include name="Viewtype_Songs">
    <!-- Browser -->
    <control type="image">
      <include>Dimensions_Fullscreen</include>
      <texture>list/file-black-background1.png</texture>
      <visible>Control.IsVisible(52)</visible>
    </control>
    <control type="image">
      <visible>Control.IsVisible(52) + Container.Content(artists)</visible>
      <left>40</left>
      <top>10</top>
      <width>520</width>
      <height>291</height>
      <texture background="true" diffuse="Showcase/showcase-diffuse.png" fallback="special://skin/backgrounds/music.jpg">$INFO[Container(52).listitem.property(fanart_image)]</texture>
      <fadetime>400</fadetime>
      <aspectratio>stretch</aspectratio>
      <include>Animation_HiddenByInfo</include>
      <include>Animation_Viewtype_Panel_Fanart</include>
    </control>
    <control type="fixedlist" id="52">
      <left>700</left>
      <top>0</top>
      <height>685</height>
      <width>800</width>
      <onup>52</onup>
      <ondown>52</ondown>
      <onleft>7000</onleft>
      <onright>62</onright>
      <scrolltime>0</scrolltime>
      <viewtype label="$LOCALIZE[134]">list</viewtype>
      <orientation>vertical</orientation>
      <focusposition>9</focusposition>
      <movement>9</movement>
      <pagecontrol>62</pagecontrol>
      <include>Animation_HiddenByInfo</include>
      <include>Animation_Viewtype_Panel_FocusArea</include>
      <visible>Container.Content(songs) | Container.Content(artists)</visible>
      <animation effect="slide" start="0,0" end="-100,0" time="1000" delay="600" tween="cubic" easing="inout" condition="Container.Content(artists)">Conditional</animation>
      <itemlayout width="1210" height="36">
        <control type="label">
          <left>20</left>
          <top>0</top>
          <width>680</width>
          <height>46</height>
          <aligny>center</aligny>
          <font>Font_Neon_24</font>
          <textcolor>Text-Filemode</textcolor>
          <label>$INFO[ListItem.TrackNumber]$INFO[ListItem.Title,. ][COLOR Date]$INFO[ListItem.Duration, ][/COLOR]</label>
          <visible>Container.Content(songs)</visible>
        </control>
        <control type="label">
          <left>20</left>
          <top>0</top>
          <width>720</width>
          <height>46</height>
          <aligny>center</aligny>
          <font>Font_Neon_24</font>
          <textcolor>Text-Filemode</textcolor>
          <label>$INFO[ListItem.Label]</label>
          <visible>!Container.Content(songs)</visible>
        </control>
      </itemlayout>
      <focusedlayout width="1210" height="36">
        <control type="image">
          <left>0</left>
          <top>-10</top>
          <width>800</width>
          <height>68</height>
          <texture>list/highlight_new.png</texture>
          <animation type="Focus" reversible="false">
            <effect type="fade" start="0" end="100" time="800" />
          </animation>
        </control>
        <control type="label">
          <left>20</left>
          <top>0</top>
          <width>720</width>
          <height>46</height>
          <aligny>center</aligny>
          <font>Font_Neon_24</font>
          <textcolor>ffffffff</textcolor>
          <label>$INFO[ListItem.Label]</label>
          <visible>!Container.Content(songs)</visible>
        </control>
        <control type="label">
          <left>20</left>
          <top>0</top>
          <width>680</width>
          <height>46</height>
          <aligny>center</aligny>
          <font>Font_Neon_24</font>
          <label>[COLOR white]$INFO[ListItem.TrackNumber]$INFO[ListItem.Title,. ]$INFO[ListItem.Duration, - ][/COLOR]</label>
          <visible>Container.Content(songs)</visible>
        </control>
      </focusedlayout>
    </control>
    <control type="group">
      <include>Animation_HiddenByInfo</include>
      <include>Animation_Viewtype_Showcase_ThumbArea</include>
      <visible>Control.IsVisible(52) + Container.Content(songs)</visible>
      <!--<control type="image">
			<left>150</left>
			<top>20</top>
			<width>700</width>
			<height>646</height>
			<texture>music/music_wall_glow.png</texture>
			<aspectratio scalediffuse="false">stretch</aspectratio>
		</control>-->
      <control type="label">
        <left>20</left>
        <top>30</top>
        <width>1200</width>
        <height>50</height>
        <aligny>center</aligny>
        <font>Font_Neon_40</font>
        <textcolor>mainblue</textcolor>
        <label>$INFO[ListItem.Album]</label>
      </control>
      <control type="label">
        <left>20</left>
        <top>60</top>
        <width>604</width>
        <height>50</height>
        <aligny>center</aligny>
        <font>Font_Neon_26</font>
        <textcolor>ffffffff</textcolor>
        <label>$INFO[ListItem.artist]</label>
      </control>
      <control type="label">
        <left>20</left>
        <top>85</top>
        <width>604</width>
        <height>50</height>
        <aligny>center</aligny>
        <font>Font_Neon_26</font>
        <textcolor>ffffffff</textcolor>
        <label>$INFO[ListItem.year]</label>
      </control>
      <control type="image" id="9171">
        <left>200</left>
        <top>160</top>
        <width>400</width>
        <height>400</height>
        <fadetime>100</fadetime>
        <texture>$INFO[ListItem.Path]cdart.png</texture>
        <aspectratio scalediffuse="false">stretch</aspectratio>
        <animation effect="slide" start="0,0" end="-140,0" time="800" delay="800" tween="cubic" easing="inout" condition="!IsEmpty(Control.GetLabel(9171))">Conditional</animation>
      </control>
      <control type="image">
        <left>200</left>
        <top>160</top>
        <width>400</width>
        <height>400</height>
        <fadetime>100</fadetime>
        <texture background="true" diffuse="wall/musicwallmatte.png">$INFO[ListItem.Icon]</texture>
        <aspectratio scalediffuse="false">stretch</aspectratio>
        <animation effect="slide" start="0,0" end="60,0" time="800" delay="800" tween="cubic" easing="inout" condition="!IsEmpty(Control.GetLabel(9171))">Conditional</animation>
      </control>
      <control type="image">
        <left>168</left>
        <top>128</top>
        <width>466</width>
        <height>466</height>
        <texture>music/musicwallframeF.png</texture>
        <aspectratio scalediffuse="false">stretch</aspectratio>
        <animation effect="slide" start="0,0" end="60,0" time="800" delay="800" tween="cubic" easing="inout" condition="!IsEmpty(Control.GetLabel(9171))">Conditional</animation>
      </control>
      <control type="image">
        <left>300</left>
        <top>580</top>
        <width>183</width>
        <height>33</height>
        <texture>$INFO[ListItem.StarRating]</texture>
        <aspectratio>keep</aspectratio>
        <colordiffuse>mainblue</colordiffuse>
        <visible>!Player.HasAudio</visible>
      </control>
    </control>
    <control type="group">
      <left>0</left>
      <top>300</top>
      <include>Animation_HiddenByInfo</include>
      <include>Animation_Viewtype_Showcase_ThumbArea</include>
      <visible>Control.IsVisible(52) + Container.Content(artists)</visible>
      <control type="label">
        <left>20</left>
        <top>0</top>
        <width>546</width>
        <height>50</height>
        <aligny>center</aligny>
        <font>Font_RSS_Big</font>
        <textcolor>mainblue</textcolor>
        <label>[B]Years Active:[/B] [COLOR=ffffffff]$INFO[ListItem.Property(Artist_YearsActive)][/COLOR]</label>
        <visible>!IsEmpty(ListItem.Property(Artist_YearsActive))</visible>
      </control>
      <control type="label">
        <left>20</left>
        <top>30</top>
        <width>546</width>
        <height>50</height>
        <aligny>center</aligny>
        <font>Font_RSS_Big</font>
        <textcolor>mainblue</textcolor>
        <label>[B]Artist Born:[/B] [COLOR=ffffffff]$INFO[ListItem.Property(Artist_Born)][/COLOR]</label>
        <visible>!IsEmpty(ListItem.Property(Artist_Born))</visible>
      </control>
      <control type="label">
        <left>20</left>
        <top>30</top>
        <width>546</width>
        <height>50</height>
        <aligny>center</aligny>
        <font>Font_RSS_Big</font>
        <textcolor>mainblue</textcolor>
        <label>[B]Group Formed:[/B] [COLOR=ffffffff]$INFO[ListItem.Property(Artist_Formed)][/COLOR]</label>
        <visible>!IsEmpty(ListItem.Property(Artist_Formed))</visible>
      </control>
      <control type="label">
        <left>20</left>
        <top>60</top>
        <width>546</width>
        <height>50</height>
        <aligny>center</aligny>
        <font>Font_RSS_Big</font>
        <textcolor>mainblue</textcolor>
        <label>[B]Genre:[/B] [COLOR=ffffffff]$INFO[ListItem.Property(Artist_Genre)][/COLOR]</label>
        <visible>!IsEmpty(ListItem.Property(Artist_Genre))</visible>
      </control>
    </control>
    <control type="textbox">
      <visible>Control.IsVisible(52) + Container.Content(artists) + !Player.HasAudio</visible>
      <left>20</left>
      <top>400</top>
      <width>540</width>
      <height>246</height>
      <font>Font_Bartowski_Showcase_plot</font>
      <textcolor>ffffffff</textcolor>
      <label>$INFO[ListItem.Property(Artist_Description)]</label>
      <align>justify</align>
      <autoscroll time="3000" delay="5000" repeat="5000">Skin.HasSetting(autoscroll)</autoscroll>
      <include>Animation_HiddenByInfo</include>
      <include>Animation_Viewtype_3dland_Leftplot</include>
      <visible>!Skin.HasSetting(no_global_clock)</visible>
    </control>
    <control type="textbox">
      <visible>Control.IsVisible(52) + Container.Content(artists) + !Player.HasAudio</visible>
      <left>20</left>
      <top>400</top>
      <width>540</width>
      <height>318</height>
      <font>Font_Bartowski_Showcase_plot</font>
      <textcolor>ffffffff</textcolor>
      <label>$INFO[ListItem.Property(Artist_Description)]</label>
      <align>justify</align>
      <autoscroll time="3000" delay="5000" repeat="5000">Skin.HasSetting(autoscroll)</autoscroll>
      <include>Animation_HiddenByInfo</include>
      <include>Animation_Viewtype_3dland_Leftplot</include>
      <visible>Skin.HasSetting(no_global_clock)</visible>
    </control>
    <control type="scrollbar" id="62">
      <include>Animation_ZoomInZoomOut</include>
      <left>1280</left>
      <top>100</top>
      <width>25</width>
      <height>460</height>
      <visible allowhiddenfocus="true">Control.IsVisible(52) + Control.HasFocus(62)</visible>
      <texturesliderbackground border="0,14,0,14">ScrollBarV.png</texturesliderbackground>
      <textureslidernibfocus>ScrollBarV_Nib_Focus.png</textureslidernibfocus>
      <onleft>52</onleft>
      <showonepage>true</showonepage>
      <orientation>vertical</orientation>
      <include>Animation_CommonFade</include>
      <animation effect="slide" start="0,0" end="-40,0" time="400" tween="cubic" easing="inout" condition="Control.HasFocus(62)">Conditional</animation>
    </control>
  </include>
</includes>