<?xml version="1.0" encoding="UTF-8"?>
<!--Alaska-->
<includes>
  <include name="Viewtype_Addons">
    <control type="group">
      <include>Animation_SettingsFade</include>
      <!-- Browser -->
      <control type="image">
        <left>25</left>
        <top>90</top>
        <width>680</width>
        <height>540</height>
        <colordiffuse>mainblue</colordiffuse>
        <texture>DialogBackwht.png</texture>
        <visible>Control.IsVisible(50)</visible>
      </control>
      <control type="image">
        <left>25</left>
        <top>90</top>
        <width>680</width>
        <height>540</height>
        <colordiffuse>mainblue</colordiffuse>
        <texture>DialogBack.png</texture>
        <visible>Control.IsVisible(50)</visible>
      </control>
      <control type="image">
        <left>750</left>
        <top>50</top>
        <width>500</width>
        <height>320</height>
        <colordiffuse>mainblue</colordiffuse>
        <texture>DialogBackwht.png</texture>
        <visible>Control.IsVisible(50)</visible>
      </control>
      <control type="image">
        <left>750</left>
        <top>50</top>
        <width>500</width>
        <height>320</height>
        <colordiffuse>mainblue</colordiffuse>
        <texture>DialogBack.png</texture>
        <visible>Control.IsVisible(50)</visible>
      </control>
      <control type="list" id="50">
        <left>40</left>
        <top>105</top>
        <height>500</height>
        <width>650</width>
        <onup>50</onup>
        <ondown>50</ondown>
        <onleft>7000</onleft>
        <onright>63</onright>
        <scrolltime>0</scrolltime>
        <viewtype label="$LOCALIZE[744]">list</viewtype>
        <orientation>vertical</orientation>
        <focusposition>9</focusposition>
        <movement>9</movement>
        <pagecontrol>63</pagecontrol>
        <!-- <include>Animation_HiddenByInfo</include> -->
        <!-- <include>Animation_Viewtype_Files_LeftArea</include> -->
        <include>Animation_CommonFade</include>
        <itemlayout width="615" height="36">
          <control type="label">
            <right>0</right>
            <top>0</top>
            <width>300</width>
            <height>46</height>
            <align>right</align>
            <aligny>center</aligny>
            <font>Font_Bartowski_Movies</font>
            <textcolor>Text-Filemode</textcolor>
            <label>$INFO[ListItem.Label2]</label>
            <visible></visible>
          </control>
          <control type="image">
            <left>0</left>
            <top>38</top>
            <width>615</width>
            <height>4</height>
            <aspectratio>stretch</aspectratio>
            <texture>common/separator.png</texture>
          </control>
          <control type="label">
            <left>5</left>
            <top>0</top>
            <width>615</width>
            <height>46</height>
            <aligny>center</aligny>
            <font>Font_Bartowski_Movies</font>
            <textoffsetx>20</textoffsetx>
            <textcolor>Text-Filemode</textcolor>
            <label>$INFO[ListItem.Label]</label>
          </control>
        </itemlayout>
        <focusedlayout width="610" height="36">
          <control type="image">
            <left>10</left>
            <top>5</top>
            <width>615</width>
            <height>37</height>
            <colordiffuse>mainblue</colordiffuse>
            <texture>MenuItemFOR.png</texture>
            <animation type="Focus" reversible="false">
              <effect type="fade" start="0" end="70" time="300" />
            </animation>
          </control>
          <control type="label">
            <left>5</left>
            <top>0</top>
            <width>615</width>
            <height>46</height>
            <aligny>center</aligny>
            <font>Font_Bartowski_Movies</font>
            <textoffsetx>20</textoffsetx>
            <textcolor>ffffffff</textcolor>
            <label>$INFO[ListItem.Label]</label>
          </control>
          <control type="label">
            <right>0</right>
            <top>0</top>
            <width>300</width>
            <height>46</height>
            <align>right</align>
            <aligny>center</aligny>
            <font>Font_Bartowski_Movies</font>
            <textcolor>white</textcolor>
            <label>$INFO[ListItem.Label2]</label>
          </control>
        </focusedlayout>
      </control>
    </control>
    <control type="group">
      <include>Animation_SettingsFade</include>
      <visible>Control.IsVisible(50)</visible>
      <!-- <include>Animation_Viewtype_Wall_Title</include>	-->
      <control type="image">
        <left>780</left>
        <top>380</top>
        <width>460</width>
        <height>330</height>
        <aspectratio align="center" aligny="center">keep</aspectratio>
        <texture background="true">$INFO[ListItem.Icon]</texture>
        <bordertexture border="5">button-nofocus.png</bordertexture>
        <bordersize>5</bordersize>
        <fadetime>100</fadetime>
      </control>
      <control type="image">
        <left>780</left>
        <top>380</top>
        <width>460</width>
        <height>330</height>
        <aspectratio align="center" aligny="center">keep</aspectratio>
        <texture background="true">$INFO[ListItem(-1).Icon]</texture>
        <bordertexture border="5">button-nofocus.png</bordertexture>
        <bordersize>5</bordersize>
        <fadetime>100</fadetime>
        <animation type="Hidden">
          <!-- <effect type="zoom" time="400" center="auto" start="100" end="180" tween="cubic" easing="in" /> -->
          <effect type="fade" time="400" start="100" end="0" />
        </animation>
        <visible>Container(50).OnNext</visible>
      </control>
      <control type="image">
        <left>780</left>
        <top>380</top>
        <width>460</width>
        <height>330</height>
        <aspectratio align="center" aligny="center">keep</aspectratio>
        <texture background="true">$INFO[ListItem(1).Icon]</texture>
        <bordertexture border="5">button-nofocus.png</bordertexture>
        <bordersize>5</bordersize>
        <fadetime>100</fadetime>
        <animation type="Hidden">
          <!-- <effect type="zoom" time="400" center="auto" start="100" end="180" tween="cubic" easing="in" /> -->
          <effect type="fade" time="400" start="100" end="0" />
        </animation>
        <visible>Container(50).OnPrevious</visible>
      </control>
    </control>
    <control type="textbox">
      <!-- Plot TV -->
      <left>778</left>
      <top>70</top>
      <width>450</width>
      <height>280</height>
      <align>justify</align>
      <info>ListItem.Property(Addon.Description)</info>
      <font>Font_Bartowski_Movies</font>
      <textcolor>ffffffff</textcolor>
      <autoscroll time="3000" delay="5000" repeat="5000">Skin.HasSetting(autoscroll)</autoscroll>
      <!-- <include>Animation_HiddenByInfo</include> -->
      <include>Animation_SettingsFade</include>
      <visible>Control.IsVisible(50)</visible>
    </control>
    <control type="scrollbar" id="63">
      <include>Animation_ZoomInZoomOut</include>
      <left>1280</left>
      <top>100</top>
      <width>25</width>
      <height>460</height>
      <visible allowhiddenfocus="true">Control.IsVisible(50) + Control.HasFocus(63)</visible>
      <texturesliderbackground border="0,14,0,14">ScrollBarV.png</texturesliderbackground>
      <textureslidernibfocus>ScrollBarV_Nib_Focus.png</textureslidernibfocus>
      <onleft>50</onleft>
      <showonepage>true</showonepage>
      <orientation>vertical</orientation>
      <include>Animation_CommonFade</include>
      <animation effect="slide" start="0,0" end="-500,0" time="400" tween="cubic" easing="inout" condition="Control.HasFocus(63)">Conditional</animation>
      <animation effect="slide" start="0,0" end="-530,0" time="400" tween="cubic" easing="inout" condition="Control.HasFocus(63)">Conditional</animation>
    </control>
  </include>
</includes>