<?xml version="1.0" encoding="UTF-8"?>
<!--Alaska-->
<includes>
  <include name="Viewtype_WallPanel">
    <!-- Browser -->
    <control type="group">
      <visible>Control.IsVisible(597)</visible>
      <include>Animation_CommonFadeNoHide</include>
      <control type="image">
        <left>0</left>
        <top>0</top>
        <width>167</width>
        <height>240</height>
        <texture background="true">$INFO[ListItem.Icon]</texture>
        <fadetime>200</fadetime>
        <aspectratio scalediffuse="false">stretch</aspectratio>
        <include>Animation_HiddenByInfo</include>
      </control>
      <control type="image">
        <left>0</left>
        <top>240</top>
        <width>167</width>
        <height>240</height>
        <texture background="true">$INFO[ListItem(1).Icon]</texture>
        <fadetime>1400</fadetime>
        <aspectratio scalediffuse="false">stretch</aspectratio>
        <include>Animation_HiddenByInfo</include>
      </control>
      <control type="image">
        <left>0</left>
        <top>480</top>
        <width>167</width>
        <height>240</height>
        <texture background="true">$INFO[ListItem(2).Icon]</texture>
        <fadetime>400</fadetime>
        <aspectratio scalediffuse="false">stretch</aspectratio>
        <include>Animation_HiddenByInfo</include>
      </control>
      <control type="group">
        <left>168</left>
        <control type="image">
          <left>0</left>
          <top>0</top>
          <width>167</width>
          <height>240</height>
          <texture background="true">$INFO[ListItem(-3).Icon]</texture>
          <fadetime>800</fadetime>
          <aspectratio scalediffuse="false">stretch</aspectratio>
          <include>Animation_HiddenByInfo</include>
        </control>
        <control type="image">
          <left>0</left>
          <top>240</top>
          <width>167</width>
          <height>250</height>
          <texture background="true">$INFO[ListItem(16).Icon]</texture>
          <fadetime>1200</fadetime>
          <aspectratio scalediffuse="false">stretch</aspectratio>
          <include>Animation_HiddenByInfo</include>
        </control>
        <control type="image">
          <left>0</left>
          <top>480</top>
          <width>167</width>
          <height>240</height>
          <texture background="true">$INFO[ListItem(12).Icon]</texture>
          <fadetime>900</fadetime>
          <aspectratio scalediffuse="false">stretch</aspectratio>
          <include>Animation_HiddenByInfo</include>
        </control>
      </control>
      <control type="group">
        <left>334</left>
        <control type="image">
          <left>0</left>
          <top>0</top>
          <width>167</width>
          <height>240</height>
          <texture background="true">$INFO[ListItem(-13).Icon]</texture>
          <fadetime>100</fadetime>
          <aspectratio scalediffuse="false">stretch</aspectratio>
          <include>Animation_HiddenByInfo</include>
        </control>
        <control type="image">
          <left>0</left>
          <top>240</top>
          <width>167</width>
          <height>250</height>
          <texture background="true">$INFO[ListItem(6).Icon]</texture>
          <fadetime>2200</fadetime>
          <aspectratio scalediffuse="false">stretch</aspectratio>
          <include>Animation_HiddenByInfo</include>
        </control>
        <control type="image">
          <left>0</left>
          <top>480</top>
          <width>167</width>
          <height>240</height>
          <texture background="true">$INFO[ListItem(7).Icon]</texture>
          <fadetime>1400</fadetime>
          <aspectratio scalediffuse="false">stretch</aspectratio>
          <include>Animation_HiddenByInfo</include>
        </control>
      </control>
      <control type="group">
        <left>502</left>
        <control type="image">
          <left>0</left>
          <top>0</top>
          <width>167</width>
          <height>240</height>
          <texture background="true">$INFO[ListItem(13).Icon]</texture>
          <fadetime>2200</fadetime>
          <aspectratio scalediffuse="false">stretch</aspectratio>
          <include>Animation_HiddenByInfo</include>
        </control>
        <control type="image">
          <left>0</left>
          <top>240</top>
          <width>167</width>
          <height>240</height>
          <texture background="true">$INFO[ListItem.Icon]</texture>
          <fadetime>600</fadetime>
          <aspectratio scalediffuse="false">stretch</aspectratio>
          <include>Animation_HiddenByInfo</include>
        </control>
        <control type="image">
          <left>0</left>
          <top>480</top>
          <width>167</width>
          <height>240</height>
          <texture background="true">$INFO[ListItem(17).Icon]</texture>
          <fadetime>400</fadetime>
          <aspectratio scalediffuse="false">stretch</aspectratio>
          <include>Animation_HiddenByInfo</include>
        </control>
      </control>
      <control type="group">
        <left>672</left>
        <control type="image">
          <left>0</left>
          <top>0</top>
          <width>167</width>
          <height>240</height>
          <texture background="true">$INFO[ListItem(22).Icon]</texture>
          <fadetime>1000</fadetime>
          <aspectratio scalediffuse="false">stretch</aspectratio>
          <include>Animation_HiddenByInfo</include>
        </control>
        <control type="image">
          <left>0</left>
          <top>240</top>
          <width>167</width>
          <height>240</height>
          <texture background="true">$INFO[ListItem(9).Icon]</texture>
          <fadetime>1800</fadetime>
          <aspectratio scalediffuse="false">stretch</aspectratio>
          <include>Animation_HiddenByInfo</include>
        </control>
        <control type="image">
          <left>0</left>
          <top>480</top>
          <width>167</width>
          <height>240</height>
          <texture background="true">$INFO[ListItem(5).Icon]</texture>
          <fadetime>3200</fadetime>
          <aspectratio scalediffuse="false">stretch</aspectratio>
          <include>Animation_HiddenByInfo</include>
        </control>
      </control>
      <control type="group">
        <left>840</left>
        <control type="image">
          <left>0</left>
          <top>0</top>
          <width>167</width>
          <height>240</height>
          <texture background="true">$INFO[ListItem(11).Icon]</texture>
          <fadetime>3200</fadetime>
          <aspectratio scalediffuse="false">stretch</aspectratio>
          <include>Animation_HiddenByInfo</include>
        </control>
        <control type="image">
          <left>0</left>
          <top>240</top>
          <width>167</width>
          <height>240</height>
          <texture background="true">$INFO[ListItem(19).Icon]</texture>
          <fadetime>300</fadetime>
          <aspectratio scalediffuse="false">stretch</aspectratio>
          <include>Animation_HiddenByInfo</include>
        </control>
        <control type="image">
          <left>0</left>
          <top>480</top>
          <width>167</width>
          <height>240</height>
          <texture background="true">$INFO[ListItem(15).Icon]</texture>
          <fadetime>900</fadetime>
          <aspectratio scalediffuse="false">stretch</aspectratio>
          <include>Animation_HiddenByInfo</include>
        </control>
      </control>
      <control type="group">
        <left>1008</left>
        <control type="image">
          <left>0</left>
          <top>0</top>
          <width>167</width>
          <height>240</height>
          <texture background="true">$INFO[ListItem(14).Icon]</texture>
          <fadetime>200</fadetime>
          <aspectratio scalediffuse="false">stretch</aspectratio>
          <include>Animation_HiddenByInfo</include>
        </control>
        <control type="image">
          <left>0</left>
          <top>240</top>
          <width>167</width>
          <height>240</height>
          <texture background="true">$INFO[ListItem(33).Icon]</texture>
          <fadetime>1300</fadetime>
          <aspectratio scalediffuse="false">stretch</aspectratio>
          <include>Animation_HiddenByInfo</include>
        </control>
        <control type="image">
          <left>0</left>
          <top>480</top>
          <width>167</width>
          <height>240</height>
          <texture background="true">$INFO[ListItem(4).Icon]</texture>
          <fadetime>3900</fadetime>
          <aspectratio scalediffuse="false">stretch</aspectratio>
          <include>Animation_HiddenByInfo</include>
        </control>
      </control>
      <control type="group">
        <left>1176</left>
        <control type="image">
          <left>0</left>
          <top>0</top>
          <width>167</width>
          <height>240</height>
          <texture background="true">$INFO[ListItem(20).Icon]</texture>
          <fadetime>1200</fadetime>
          <aspectratio scalediffuse="false">stretch</aspectratio>
          <include>Animation_HiddenByInfo</include>
        </control>
        <control type="image">
          <left>0</left>
          <top>240</top>
          <width>167</width>
          <height>240</height>
          <texture background="true">$INFO[ListItem(29).Icon]</texture>
          <fadetime>300</fadetime>
          <aspectratio scalediffuse="false">stretch</aspectratio>
          <include>Animation_HiddenByInfo</include>
        </control>
        <control type="image">
          <left>0</left>
          <top>480</top>
          <width>167</width>
          <height>240</height>
          <texture background="true">$INFO[ListItem(9).Icon]</texture>
          <fadetime>900</fadetime>
          <aspectratio scalediffuse="false">stretch</aspectratio>
          <include>Animation_HiddenByInfo</include>
        </control>
      </control>
    </control>
    <control type="image">
      <include>Dimensions_Fullscreen</include>
      <texture>list/file-black-background2.png</texture>
      <visible>Control.IsVisible(597)</visible>
    </control>
    <control type="fixedlist" id="597">
      <left>0</left>
      <top>140</top>
      <height>410</height>
      <width>440</width>
      <onup>597</onup>
      <ondown>597</ondown>
      <include condition="!Skin.HasSetting(big_trailer)">onleft_small_trailer</include>
      <include condition="Skin.HasSetting(big_trailer)">onleft_big_trailer</include>
      <onright>5970</onright>
      <scrolltime>0</scrolltime>
      <viewtype label="$LOCALIZE[31213]">list</viewtype>
      <orientation>vertical</orientation>
      <focusposition>6</focusposition>
      <movement>6</movement>
      <pagecontrol>5970</pagecontrol>
      <include>Animation_HiddenByInfo</include>
      <include>Animation_Viewtype_Panel_Title</include>
      <visible>!Skin.HasSetting(no_WallPanel) + Container.Content(movies)</visible>
      <itemlayout width="1210" height="30">
        <control type="label">
          <left>20</left>
          <top>10</top>
          <width>680</width>
          <height>46</height>
          <aligny>center</aligny>
          <font>Font_Bartowski_MovieList</font>
          <textcolor>Text-Filemode</textcolor>
          <label>$INFO[ListItem.Label]</label>
          <animation effect="slide" start="0,0" end="20,0" time="0" condition="stringcompare(ListItem.Overlay,OverlayWatched.png) + !Skin.HasSetting(DisableMovieOverlays)">Conditional</animation>
        </control>
        <control type="image">
          <left>20</left>
          <top>24</top>
          <width>17</width>
          <height>20</height>
          <texture>dialogs/movies/$INFO[ListItem.Overlay]</texture>
          <aspectratio scalediffuse="false">stretch</aspectratio>
          <visible>!Skin.HasSetting(DisableMovieOverlays) + Container.Content(movies) + !IsEmpty(ListItem.Overlay)</visible>
        </control>
      </itemlayout>
      <focusedlayout width="1210" height="30">
        <control type="image">
          <left>-40</left>
          <top>0</top>
          <width>521</width>
          <height>68</height>
          <texture>list/highlight_new.png</texture>
          <animation type="Focus" reversible="false">
            <effect type="fade" start="0" end="100" time="800" />
          </animation>
        </control>
        <control type="label">
          <left>20</left>
          <top>10</top>
          <width>720</width>
          <height>46</height>
          <aligny>center</aligny>
          <font>Font_Bartowski_MovieList</font>
          <textcolor>mainblue</textcolor>
          <label>[B]$INFO[ListItem.Label][/B]</label>
          <animation effect="slide" start="0,0" end="20,0" time="0" condition="stringcompare(ListItem.Overlay,OverlayWatched.png) + !Skin.HasSetting(DisableMovieOverlays)">Conditional</animation>
        </control>
        <control type="image">
          <left>20</left>
          <top>24</top>
          <width>17</width>
          <height>20</height>
          <texture>dialogs/movies/$INFO[ListItem.Overlay]</texture>
          <aspectratio scalediffuse="false">stretch</aspectratio>
          <visible>!Skin.HasSetting(DisableMovieOverlays) + Container.Content(movies) + !IsEmpty(ListItem.Overlay)</visible>
        </control>
      </focusedlayout>
    </control>
    <control type="group">
      <include>Animation_Bartowski_Context_Zoom</include>
      <visible>Container.Content(movies) + Control.IsVisible(597)</visible>
      <control type="image">
        <left>380</left>
        <top>100</top>
        <width>419</width>
        <height>522</height>
        <texture>wall/wall_panel_glow1.png</texture>
        <colordiffuse>mainblue</colordiffuse>
        <aspectratio scalediffuse="false">stretch</aspectratio>
        <include>Animation_HiddenByInfo</include>
      </control>
      <control type="image">
        <left>470</left>
        <top>180</top>
        <width>250</width>
        <height>360</height>
        <texture background="true" diffuse="movie-poster/posterview_diffuse.png">$INFO[ListItem.Icon]</texture>
        <fadetime>400</fadetime>
        <aspectratio scalediffuse="false">stretch</aspectratio>
        <include>Animation_HiddenByInfo</include>
      </control>
    </control>
    <control type="group">
      <left>810</left>
      <top>60</top>
      <include>Animation_Viewtype_Panel_FocusArea</include>
      <visible>!IsEmpty(ListItem.Title) + Container.Content(movies) + Control.IsVisible(597)</visible>
      <control type="label">
        <!--Movie title-->
        <left>0</left>
        <top>80</top>
        <width>460</width>
        <height>50</height>
        <aligny>center</aligny>
        <font>Font_Bartowski_Showcase_Title</font>
        <textcolor>mainblue</textcolor>
        <label>$INFO[ListItem.Label]</label>
      </control>
      <control type="label">
        <left>0</left>
        <top>108</top>
        <width>460</width>
        <height>50</height>
        <aligny>center</aligny>
        <font>Font_RSS_Big</font>
        <textcolor>ffffffff</textcolor>
        <label>$LOCALIZE[31005]</label>
        <visible>IsEmpty(ListItem.foldername) + !substring(Container.Listitem.Label,..,left) + !Container.Content(genres)</visible>
      </control>
      <control type="label">
        <!--Duration-->
        <left>0</left>
        <top>108</top>
        <width>460</width>
        <height>50</height>
        <aligny>center</aligny>
        <font>Font_RSS_Big</font>
        <textcolor>ffffffff</textcolor>
        <label>$INFO[ListItem.Duration] $LOCALIZE[12391]</label>
        <visible>!IsEmpty(ListItem.Duration)</visible>
      </control>
      <control type="label">
        <!--Year-->
        <left>0</left>
        <top>133</top>
        <width>360</width>
        <height>50</height>
        <aligny>center</aligny>
        <font>Font_RSS_Big</font>
        <textcolor>ffffffff</textcolor>
        <label>$INFO[ListItem.Year]</label>
      </control>
      <control type="group">
        <left>118</left>
        <top>178</top>
        <include>VideoMPAAFlaggingConditions</include>
        <animation effect="zoom" start="79" end="79" time="0" condition="true">Conditional</animation>
      </control>
      <control type="textbox">
        <visible>![Container.OnNext | Container.OnPrevious] + !Player.HasAudio</visible>
        <left>0</left>
        <top>224</top>
        <width>460</width>
        <height>310</height>
        <align>justify</align>
        <info>ListItem.Plot</info>
        <font>Font_Bartowski_Movies_Plot</font>
        <textcolor>ffffffff</textcolor>
        <autoscroll time="3000" delay="5000" repeat="5000">Skin.HasSetting(autoscroll)</autoscroll>
        <animation effect="fade" start="30" end="100" time="400">Visible</animation>
      </control>
      <control type="textbox">
        <visible>![Container.OnNext | Container.OnPrevious] + Player.HasAudio</visible>
        <left>0</left>
        <top>224</top>
        <width>460</width>
        <height>264</height>
        <align>justify</align>
        <info>ListItem.Plot</info>
        <font>Font_Bartowski_Movies_Plot</font>
        <textcolor>ffffffff</textcolor>
        <autoscroll time="3000" delay="5000" repeat="5000">Skin.HasSetting(autoscroll)</autoscroll>
        <animation effect="fade" start="30" end="100" time="400">Visible</animation>
      </control>
    </control>
    <control type="grouplist">
      <visible>Control.IsVisible(597) + Container.Content(movies) + !Skin.HasSetting(no_media_flags) + !Player.HasAudio</visible>
      <description>Media Codec Flagging Images</description>
      <left>800</left>
      <top>680</top>
      <width>480</width>
      <align>center</align>
      <itemgap>0</itemgap>
      <orientation>horizontal</orientation>
      <include>StudioFlags</include>
      <include>VideoTypeHackFlaggingConditions</include>
      <include>VideoCodecFlaggingConditions</include>
      <include>AspectCodecFlaggingConditions</include>
      <include>AudioCodecFlaggingConditions</include>
      <include>AudioChannelsFlaggingConditions</include>
      <include>Animation_HiddenByInfo</include>
      <include>Animation_Viewtype_Wall_Fags</include>
    </control>
    <control type="scrollbar" id="5970">
      <include>Animation_ZoomInZoomOut</include>
      <left>1280</left>
      <top>100</top>
      <width>25</width>
      <height>460</height>
      <visible allowhiddenfocus="true">Control.IsVisible(597) + Control.HasFocus(5970)</visible>
      <texturesliderbackground border="0,14,0,14">ScrollBarV.png</texturesliderbackground>
      <textureslidernibfocus>ScrollBarV_Nib_Focus.png</textureslidernibfocus>
      <onleft>597</onleft>
      <onright>7000</onright>
      <showonepage>true</showonepage>
      <orientation>vertical</orientation>
      <include>Animation_CommonFade</include>
      <animation effect="slide" start="0,0" end="-500,0" time="400" tween="cubic" easing="inout" condition="Control.HasFocus(5970)">Conditional</animation>
    </control>
    <control type="label">
      <!--Trailer Start-->
      <visible>Control.IsVisible(597) + Container.Content(movies) + !IsEmpty(ListItem.Trailer) + !Player.HasVideo</visible>
      <left>64</left>
      <top>676</top>
      <width>370</width>
      <height>50</height>
      <aligny>center</aligny>
      <font>Font_Neon_16</font>
      <textcolor>ffffffff</textcolor>
      <label>*$LOCALIZE[31240]*</label>
      <shadowcolor>black</shadowcolor>
      <include>Animation_ZoomInZoomOut</include>
    </control>
    <control type="label">
      <!--Trailer Stop-->
      <visible>Control.IsVisible(597) + Container.Content(movies) + Player.HasVideo</visible>
      <left>84</left>
      <top>676</top>
      <width>370</width>
      <height>50</height>
      <aligny>center</aligny>
      <font>Font_Neon_16</font>
      <textcolor>ffffffff</textcolor>
      <label>*$LOCALIZE[31238]*</label>
      <shadowcolor>black</shadowcolor>
      <include>Animation_ZoomInZoomOut</include>
    </control>
  </include>
</includes>