<?xml version="1.0" encoding="UTF-8"?>
<!--Alaska-->
<includes>
  <include name="music_slant">
    <animation type="Conditional" condition="true">
      <effect type="rotatey" start="0,0" end="-10,0" center="0,0" time="0" tween="sine" easing="out" />
    </animation>
    <animation type="WindowClose" reversible="true">
      <effect type="slide" start="0,0" end="-1400,0" delay="0" tween="sine" easing="out" time="300" />
      <effect type="fade" delay="300" time="200" />
    </animation>
  </include>
  <include name="Viewtype_MusicWall">
    <!-- Browser -->
    <control type="panel" id="53">
      <viewtype label="$LOCALIZE[31064]">icon</viewtype>
      <left>-230</left>
      <top>195</top>
      <width>1810</width>
      <height>1210</height>
      <pagecontrol>61</pagecontrol>
      <scrolltime>0</scrolltime>
      <orientation>horizontal</orientation>
      <onup>7000</onup>
      <ondown>7000</ondown>
      <include>Animation_ZoomInZoomOut</include>
      <include>Animation_MusicWallFloat</include>
      <include>Animation_HiddenByMusicInfo</include>
      <include>music_slant</include>
      <visible>!Skin.HasSetting(no_MusicWall) + Container.Content(albums)</visible>
      <itemlayout width="200" height="200">
        <control type="image">
          <left>17</left>
          <top>17</top>
          <width>190</width>
          <height>190</height>
          <texture>wall/musicwallmatte.png</texture>
          <colordiffuse>black</colordiffuse>
        </control>
        <control type="image">
          <left>17</left>
          <top>17</top>
          <width>190</width>
          <height>190</height>
          <fadetime>200</fadetime>
          <texture background="true" diffuse="wall/musicwallmatte.png">$INFO[ListItem.Icon]</texture>
          <!--<colordiffuse>WallIconDiffuse</colordiffuse>-->
          <aspectratio scalediffuse="false">stretch</aspectratio>
          <animation type="Conditional" reversible="false" condition="true">
            <effect type="fade" start="0" end="40" time="0" />
          </animation>
        </control>
        <control type="image">
          <left>16</left>
          <top>16</top>
          <width>192</width>
          <height>192</height>
          <texture>wall/musicwallframeNF.png</texture>
          <colordiffuse>WallIconDiffuse</colordiffuse>
        </control>
      </itemlayout>
      <focusedlayout width="200" height="200">
        <control type="image">
          <left>17</left>
          <top>17</top>
          <width>190</width>
          <height>190</height>
          <texture>wall/musicwallmatte.png</texture>
          <colordiffuse>black</colordiffuse>
        </control>
        <control type="image">
          <left>17</left>
          <top>17</top>
          <width>190</width>
          <height>190</height>
          <texture background="true" diffuse="wall/musicwallmatte.png">$INFO[ListItem.Icon]</texture>
          <!--<colordiffuse>WallIconDiffuse</colordiffuse>-->
          <aspectratio scalediffuse="false">stretch</aspectratio>
          <animation type="Conditional" reversible="false" condition="true">
            <effect type="fade" start="0" end="60" time="0" />
          </animation>
        </control>
      </focusedlayout>
    </control>
    <control type="group">
      <visible>Control.IsVisible(53)</visible>
      <control type="image">
        <left>150</left>
        <top>20</top>
        <width>700</width>
        <height>646</height>
        <texture>music/music_wall_glow.png</texture>
        <aspectratio scalediffuse="false">stretch</aspectratio>
      </control>
      <control type="image">
        <left>350</left>
        <top>160</top>
        <width>300</width>
        <height>300</height>
        <fadetime>100</fadetime>
        <texture background="true" diffuse="wall/musicwallmatte.png">$INFO[ListItem.Icon]</texture>
        <aspectratio scalediffuse="false">stretch</aspectratio>
      </control>
      <control type="image">
        <include>Dimensions_Fullscreen</include>
        <texture diffuse="backdrops/mask_5.png">common/black.png</texture>
        <colordiffuse>BackgroundColor</colordiffuse>
        <visible>Control.IsVisible(53)</visible>
      </control>
      <control type="image">
        <include>Dimensions_Fullscreen</include>
        <texture diffuse="backdrops/mask_5.png">backdrops/filter.png</texture>
        <colordiffuse>BackgroundFilterColor1</colordiffuse>
        <visible>Control.IsVisible(53)</visible>
      </control>
      <control type="image">
        <visible>!Container(53).Column(0)</visible>
        <left>300</left>
        <top>280</top>
        <width>45</width>
        <height>41</height>
        <fadetime>200</fadetime>
        <texture>music/music_wall_arrow.png</texture>
        <aspectratio scalediffuse="false">stretch</aspectratio>
      </control>
      <!--<control type="image">
				<visible>!Container(53).Column(0) + Container.OnPrevious</visible>
				<left>300</left>
				<top>280</top>
				<width>45</width>
				<height>41</height>
				<fadetime>200</fadetime>
				<texture>music/arrow_left_glow.png</texture>
				<aspectratio scalediffuse="false">stretch</aspectratio>
			</control>-->
      <control type="image">
        <visible>!Container(53).Column(8)</visible>
        <left>660</left>
        <top>280</top>
        <width>45</width>
        <height>41</height>
        <fadetime>200</fadetime>
        <texture>music/music_wall_arrow_right.png</texture>
        <aspectratio scalediffuse="false">stretch</aspectratio>
      </control>
      <!--<control type="image">
				<visible>!Container(53).Column(8) + Container.OnNext</visible>
				<left>660</left>
				<top>280</top>
				<width>45</width>
				<height>41</height>
				<fadetime>200</fadetime>
				<texture>music/arrow_right_glow.png</texture>
				<animation effect="fade" start="100" end="100" time="400">Visible</animation>
				<aspectratio scalediffuse="false">stretch</aspectratio>
			</control>-->
      <control type="image">
        <visible>!Container(53).Row(0)</visible>
        <left>474</left>
        <top>114</top>
        <width>45</width>
        <height>41</height>
        <fadetime>200</fadetime>
        <texture>music/music_wall_arrow_top.png</texture>
        <aspectratio scalediffuse="false">stretch</aspectratio>
      </control>
      <control type="image">
        <visible>!Container(53).Row(5)</visible>
        <left>474</left>
        <top>464</top>
        <width>45</width>
        <height>41</height>
        <fadetime>200</fadetime>
        <texture>music/music_wall_arrow_down.png</texture>
        <aspectratio scalediffuse="false">stretch</aspectratio>
      </control>
    </control>
    <control type="group">
      <visible>Control.IsVisible(53)</visible>
      <left>910</left>
      <top>0</top>
      <control type="label">
        <!--Movie title-->
        <left>0</left>
        <top>80</top>
        <width>360</width>
        <height>50</height>
        <aligny>center</aligny>
        <font>Font_Bartowski_Showcase_Title</font>
        <textcolor>mainblue</textcolor>
        <label>$INFO[ListItem.Label]</label>
      </control>
      <control type="label">
        <!--Duration-->
        <left>0</left>
        <top>106</top>
        <width>360</width>
        <height>50</height>
        <aligny>center</aligny>
        <font>Font_Bartowski_Showcase_runtime_year</font>
        <textcolor>ffffffff</textcolor>
        <label>$INFO[ListItem.Artist]</label>
      </control>
      <control type="label">
        <!--Duration-->
        <left>0</left>
        <top>124</top>
        <width>360</width>
        <height>50</height>
        <aligny>center</aligny>
        <font>Font_Bartowski_Showcase_runtime_year</font>
        <textcolor>ffffffff</textcolor>
        <label>$INFO[ListItem.Year]</label>
      </control>
      <control type="textbox">
        <left>0</left>
        <top>180</top>
        <width>360</width>
        <height>310</height>
        <align>left</align>
        <info>ListItem.Property(Description)</info>
        <font>Font_Bartowski_Movies_Plot</font>
        <textcolor>ffffffff</textcolor>
        <autoscroll time="3000" delay="5000" repeat="5000">Skin.HasSetting(autoscroll)</autoscroll>
      </control>
    </control>
  </include>
</includes>