<?xml version="1.0" encoding="UTF-8"?>
<!--Alaska-->
<includes>
  <include name="Viewtype_BannerPanel">
    <!-- Browser -->
    <control type="image">
      <!-- 1st overlay -->
      <visible>Control.IsVisible(592) + [Container.Content(movies) | Container.Content(tvshows)]</visible>
      <left>0</left>
      <top>0</top>
      <width>1280</width>
      <height>720</height>
      <texture>panel/panel-back.png</texture>
    </control>
    <control type="largeimage">
      <visible>Control.IsVisible(592) + [Container.Content(movies) | Container.Content(tvshows)] + !Player.HasVideo</visible>
      <left>0</left>
      <top>0</top>
      <width>570</width>
      <height>318</height>
      <texture diffuse="Showcase/showcase-diffuse.png">$INFO[Container(592).Listitem.Property(Fanart_Image)]</texture>
      <fadetime>400</fadetime>
      <aspectratio>stretch</aspectratio>
      <include>Animation_HiddenByInfo</include>
      <include>Animation_Viewtype_Panel_Fanart</include>
    </control>
    <control type="fixedlist" id="592">
      <visible>!Skin.HasSetting(no_BannerPanel) + Container.Content(tvshows) + Skin.HasSetting(TVBanners)</visible>
      <left>560</left>
      <top>25</top>
      <height>885</height>
      <width>880</width>
      <onup>592</onup>
      <ondown>592</ondown>
      <onleft>7000</onleft>
      <onright>5920</onright>
      <scrolltime>0</scrolltime>
      <viewtype label="$LOCALIZE[31049]">list</viewtype>
      <orientation>vertical</orientation>
      <focusposition>2</focusposition>
      <movement>2</movement>
      <pagecontrol>5920</pagecontrol>
      <preloaditems>2</preloaditems>
      <include>Animation_Viewtype_Panel_FocusArea</include>
      <include>Animation_HiddenByInfo</include>
      <animation effect="slide" start="0,0" end="-40,0" time="400" tween="cubic" easing="inout" condition="Control.HasFocus(5920)">Conditional</animation>
      <itemlayout width="660" height="138">
        <control type="group">
          <left>60</left>
          <top>10</top>
          <control type="image">
            <left>1</left>
            <top>0</top>
            <width>646</width>
            <height>126</height>
            <texture>panel/bannermatte.png</texture>
          </control>
          <control type="image" id="5921">
            <left>1</left>
            <top>0</top>
            <width>646</width>
            <height>126</height>
            <texture background="true" diffuse="tv-landscape/landscapematteFO.png">$VAR[BannerThumb]</texture>
            <fadetime>200</fadetime>
            <aspectratio scalediffuse="false">stretch</aspectratio>
          </control>
          <!-- <control type="image">
						<left>1</left>
						<top>0</top>
						<width>646</width>
						<height>126</height>
						<texture background="true" diffuse="tv-landscape/landscapematteFO.png">$INFO[ListItem.Icon]</texture>
						<fadetime>200</fadetime>
						<aspectratio scalediffuse="false">stretch</aspectratio>
						<visible>IsEmpty(Control.GetLabel(5921))</visible>
					</control>
					<control type="image">
						<left>1</left>
						<top>0</top>
						<width>646</width>
						<height>126</height>
						<texture>panel/bannermatte.png</texture>
						<colordiffuse>black</colordiffuse>
						<animation effect="fade" start="10" end="70" time="0" condition="true">Conditional</animation>
					</control>  -->
          <control type="image">
            <left>575</left>
            <top>66</top>
            <width>75</width>
            <height>75</height>
            <texture>dialogs/movies/$INFO[ListItem.Overlay]</texture>
            <visible>[!Skin.HasSetting(DisableMovieOverlays) | !Skin.HasSetting(DisableTvOverlays)]+ !IsEmpty(ListItem.Overlay)</visible>
          </control>
          <control type="image">
            <left>-26</left>
            <top>-8</top>
            <width>698</width>
            <height>142</height>
            <texture>tv-landscape/landscapeframeFO.png</texture>
            <colordiffuse>89FFFFFF</colordiffuse>
          </control>
        </control>
      </itemlayout>
      <focusedlayout width="660" height="138">
        <control type="group">
          <left>60</left>
          <top>10</top>
          <control type="image">
            <left>-60</left>
            <top>-60</top>
            <width>768</width>
            <height>245</height>
            <texture>list/banner_glow.png</texture>
            <colordiffuse>89FFFFFF</colordiffuse>
            <animation type="Focus" reversible="false">
              <effect type="zoom" center="auto" start="51" end="100" time="600" tween="back" easing="out" />
              <effect type="fade" start="0" end="100" time="800" />
            </animation>
          </control>
          <control type="image">
            <left>1</left>
            <top>0</top>
            <width>646</width>
            <height>126</height>
            <texture background="true" diffuse="tv-landscape/landscapematteFO.png">$VAR[BannerThumb]</texture>
            <fadetime>200</fadetime>
            <aspectratio scalediffuse="false">stretch</aspectratio>
            <visible>!Container.Content(Genres)</visible>
            <animation type="Focus" reversible="false">
              <effect type="zoom" center="auto" start="51" end="104" time="600" tween="back" easing="out" />
            </animation>
          </control>
          <!--	<control type="image">
					<left>1</left>
					<top>0</top>
					<width>646</width>
					<height>126</height>
					<texture background="true" diffuse="tv-landscape/landscapematteFO.png">$INFO[ListItem.Icon]</texture>
					<fadetime>200</fadetime>
					<aspectratio scalediffuse="false">stretch</aspectratio>
					<visible>!Container.Content(Genres)</visible>
					<animation type="Focus" reversible="false">
						<effect type="zoom" center="auto" start="51" end="104" time="600" tween="back" easing="out" />
					</animation>
				</control> -->
          <control type="image">
            <left>585</left>
            <top>65</top>
            <width>75</width>
            <height>75</height>
            <texture>dialogs/movies/$INFO[ListItem.Overlay]</texture>
            <animation type="Focus" reversible="false">
              <effect type="zoom" center="auto" start="51" end="104" time="600" tween="back" easing="out" />
            </animation>
            <visible>[!Skin.HasSetting(DisableMovieOverlays) | !Skin.HasSetting(DisableTvOverlays)]+ !IsEmpty(ListItem.Overlay)</visible>
          </control>
          <control type="image">
            <left>-26</left>
            <top>-8</top>
            <width>698</width>
            <height>142</height>
            <texture>tv-landscape/landscapeframeFO.png</texture>
            <animation type="Focus" reversible="false">
              <effect type="zoom" center="auto" start="51" end="104" time="600" tween="back" easing="out" />
            </animation>
          </control>
        </control>
      </focusedlayout>
    </control>
    <!-- Browser label and flags -->
    <control type="group">
      <include>Animation_Viewtype_Panel_Title</include>
      <include>Animation_HiddenByInfo</include>
      <visible>Control.IsVisible(592)</visible>
      <control type="largeimage" id="7047">
        <visible>Container.Content(tvshows)</visible>
        <left>160</left>
        <top>300</top>
        <width>230</width>
        <height>89</height>
        <texture>$INFO[ListItem.Art(clearlogo)]</texture>
        <fadetime>100</fadetime>
        <aspectratio scalediffuse="false">stretch</aspectratio>
      </control>
      <control type="label">
        <visible>Container.Content(tvshows) + IsEmpty(Control.GetLabel(7047))</visible>
        <left>15</left>
        <top>320</top>
        <width>555</width>
        <height>50</height>
        <align>center</align>
        <font>Font_InfoYear2</font>
        <textcolor>mainblue</textcolor>
        <label>$INFO[ListItem.Label]</label>
      </control>
      <control type="label">
        <visible>Container.Content(tvshows) + IsEmpty(Control.GetLabel(7047))</visible>
        <left>15</left>
        <top>358</top>
        <width>555</width>
        <height>50</height>
        <align>center</align>
        <font>Font_Bartowski_Showcase_runtime_year</font>
        <textcolor>ffffffff</textcolor>
        <label>$INFO[ListItem.Genre]</label>
      </control>
    </control>
    <control type="group">
      <visible>Control.IsVisible(592)</visible>
      <include>Animation_HiddenByInfo</include>
      <control type="textbox">
        <!--TV Plot-->
        <visible>Container.Content(tvshows)</visible>
        <left>15</left>
        <top>410</top>
        <width>555</width>
        <height>264</height>
        <font>Font_Bartowski_Showcase_plot</font>
        <textcolor>ffffffff</textcolor>
        <label>$INFO[ListItem.Plot]</label>
        <align>justify</align>
        <autoscroll time="3000" delay="5000" repeat="5000">Skin.HasSetting(autoscroll)</autoscroll>
        <include>Animation_Viewtype_Panel_BottomArea</include>
      </control>
      <control type="image">
        <!-- last overlay -->
        <visible>Container.Content(movies) | Container.Content(tvshows)</visible>
        <left>0</left>
        <top>0</top>
        <width>1280</width>
        <height>720</height>
        <texture>panel/last-overlay.png</texture>
      </control>
    </control>
    <control type="scrollbar" id="5920">
      <include>Animation_ZoomInZoomOut</include>
      <left>1280</left>
      <top>100</top>
      <width>25</width>
      <height>460</height>
      <visible allowhiddenfocus="true">Control.IsVisible(592) + Control.HasFocus(5920)</visible>
      <texturesliderbackground border="0,14,0,14">ScrollBarV.png</texturesliderbackground>
      <textureslidernibfocus>ScrollBarV_Nib_Focus.png</textureslidernibfocus>
      <onleft>57</onleft>
      <onright>57</onright>
      <showonepage>true</showonepage>
      <orientation>vertical</orientation>
      <include>Animation_CommonFade</include>
      <animation effect="slide" start="0,0" end="-40,0" time="400" tween="cubic" easing="inout" condition="Control.HasFocus(5920)">Conditional</animation>
    </control>
  </include>
</includes>