<?xml version="1.0" encoding="UTF-8"?>
<!--Alaska-->
<includes>
  <include name="Viewtype_Slide">
    <control type="image">
      <visible>Control.IsVisible(595)</visible>
      <left>0</left>
      <top>0</top>
      <width>1280</width>
      <height>720</height>
      <texture>tv-landscape/tv-background.png</texture>
      <aspectratio>stretch</aspectratio>
      <include>Animation_BackdropFade</include>
    </control>
    <control type="wraplist" id="595">
      <left>-100</left>
      <top>0</top>
      <height>615</height>
      <width>1400</width>
      <!-- 1400 -->
      <onleft>595</onleft>
      <onright>595</onright>
      <onup>5950</onup>
      <ondown>8240</ondown>
      <viewtype label="$LOCALIZE[31136]">list</viewtype>
      <orientation>horizontal</orientation>
      <focusposition>2</focusposition>
      <scrolltime>400</scrolltime>
      <preloaditems>2</preloaditems>
      <pagecontrol>5950</pagecontrol>
      <include>Animation_CommonFade</include>
      <visible>!Skin.HasSetting(no_Slide) + !Container.Content(Music)</visible>
      <itemlayout width="210" height="700">
        <control type="group">
          <left>0</left>
          <top>200</top>
          <animation effect="fade" start="100" end="0" time="400" delay="400" condition="Control.HasFocus(8241) | Player.HasVideo">Conditional</animation>
          <control type="image">
            <left>0</left>
            <top>0</top>
            <width>235</width>
            <height>329</height>
            <texture>Comics/poster_back_item.png</texture>
            <fadetime>200</fadetime>
            <aspectratio scalediffuse="false">stretch</aspectratio>
          </control>
          <control type="image">
            <left>16</left>
            <top>10</top>
            <width>201</width>
            <height>301</height>
            <texture background="true" diffuse="Comics/poster_diffuse_itemlist.png">$INFO[ListItem.Icon]</texture>
            <fadetime>200</fadetime>
            <aspectratio scalediffuse="false">stretch</aspectratio>
          </control>
          <control type="image">
            <left>160</left>
            <top>260</top>
            <width>60</width>
            <height>60</height>
            <texture>dialogs/movies/$INFO[ListItem.Overlay]</texture>
            <visible>!IsEmpty(ListItem.Overlay) + [[Container.Content(Movies) | Container.Content(MusicVideos) | Container.Content(Files)] + !Skin.HasSetting(DisableMovieOverlays)]
            | [[Container.Content(TVShows) | Container.Content(Episodes) | Container.Content(Seasons)] + !Skin.HasSetting(DisableTvOverlays)]</visible>
          </control>
        </control>
      </itemlayout>
      <focusedlayout width="304" height="800">
        <control type="group">
          <left>10</left>
          <top>200</top>
        </control>
      </focusedlayout>
    </control>
    <control type="image">
      <!-- Last Overlay -->
      <visible>Control.IsVisible(595)</visible>
      <left>0</left>
      <top>0</top>
      <width>1280</width>
      <height>720</height>
      <texture>tv-landscape/2nd-overlay.png</texture>
      <aspectratio>stretch</aspectratio>
      <include>Animation_BackdropFade</include>
    </control>
    <control type="group" id="8240">
      <control type="button" id="8241">
        <onleft>595</onleft>
        <onright>595</onright>
        <onup>stop</onup>
        <include condition="!Skin.HasSetting(big_trailer)">ondown_small_trailer</include>
        <include condition="Skin.HasSetting(big_trailer)">ondown_big_trailer</include>
        <onclick>PlayMedia($ESCINFO[ListItem.FileNameAndPath])</onclick>
        <visible allowhiddenfocus="true">[ControlGroup(8240).HasFocus() | Player.HasVideo]</visible>
      </control>
    </control>
    <control type="group">
      <left>300</left>
      <top>120</top>
      <include>Animation_HiddenByInfo</include>
      <include>Animation_Bartowski_Context_Zoom</include>
      <visible>Control.IsVisible(595)</visible>
      <control type="image">
        <left>-108</left>
        <top>-120</top>
        <width>583</width>
        <height>720</height>
        <texture>Comics/comic_glow.png</texture>
        <colordiffuse>mainblue</colordiffuse>
        <aspectratio scalediffuse="false">stretch</aspectratio>
        <animation effect="fade" start="0" end="100" time="1000" delay="1000" condition="![Container(595).OnNext | Container(595).OnPrevious]">Conditional</animation>
      </control>
      <control type="image">
        <left>0</left>
        <top>0</top>
        <width>360</width>
        <height>502</height>
        <texture>Comics/poster_back.png</texture>
        <fadetime>200</fadetime>
        <aspectratio scalediffuse="false">stretch</aspectratio>
      </control>
      <control type="image">
        <left>39</left>
        <top>21</top>
        <width>296</width>
        <height>451</height>
        <texture background="true" diffuse="Comics/poster_diffuse.png">$INFO[ListItem.Icon]</texture>
        <fadetime>200</fadetime>
        <aspectratio scalediffuse="false">stretch</aspectratio>
      </control>
      <control type="image">
        <left>268</left>
        <top>410</top>
        <width>75</width>
        <height>75</height>
        <texture>dialogs/movies/$INFO[ListItem.Overlay]</texture>
        <visible>!IsEmpty(ListItem.Overlay) + [[Container.Content(Movies) | Container.Content(MusicVideos) | Container.Content(Files)] + !Skin.HasSetting(DisableMovieOverlays)]
        | [[Container.Content(TVShows) | Container.Content(Episodes) | Container.Content(Seasons)] + !Skin.HasSetting(DisableTvOverlays)]</visible>
      </control>
    </control>
    <control type="group">
      <left>640</left>
      <top>290</top>
      <animation effect="slide" start="0,0" end="0,-400" time="200" delay="600" condition="Control.HasFocus(8241) | Player.HasVideo">Conditional</animation>
      <visible>Control.IsVisible(595) + [Container.Content(movies) | Container.Content(videos)] + !IsEmpty(ListItem.Title)</visible>
      <include>Animation_HiddenByInfo</include>
      <include>Animation_BackdropFade</include>
      <control type="label">
        <!--Movie title-->
        <left>15</left>
        <top>245</top>
        <width>600</width>
        <height>50</height>
        <aligny>center</aligny>
        <font>Font_Neon_40</font>
        <textcolor>mainblue</textcolor>
        <label>$INFO[ListItem.Label]</label>
      </control>
      <control type="label">
        <left>15</left>
        <top>273</top>
        <width>394</width>
        <height>50</height>
        <aligny>center</aligny>
        <font>Font_RSS_Big</font>
        <textcolor>ffffffff</textcolor>
        <label>$LOCALIZE[31005]</label>
        <visible>IsEmpty(ListItem.foldername) + !substring(Container.Listitem.Label,..,left) + !Container.Content(genres)</visible>
      </control>
      <control type="label">
        <!--Duration-->
        <left>15</left>
        <top>273</top>
        <width>394</width>
        <height>50</height>
        <aligny>center</aligny>
        <font>Font_RSS_Big</font>
        <textcolor>ffffffff</textcolor>
        <label>$INFO[ListItem.Duration] $LOCALIZE[12391]</label>
        <visible>!IsEmpty(ListItem.Duration)</visible>
      </control>
      <control type="label">
        <!--Year-->
        <left>15</left>
        <top>296</top>
        <width>394</width>
        <height>50</height>
        <aligny>center</aligny>
        <font>Font_RSS_Big</font>
        <textcolor>ffffffff</textcolor>
        <label>$INFO[ListItem.year]</label>
      </control>
      <control type="group">
        <left>140</left>
        <top>390</top>
        <include>VideoMPAAFlaggingConditions</include>
        <animation effect="zoom" start="78" end="78" time="0" condition="true">Conditional</animation>
      </control>
    </control>
    <control type="group">
      <top>40</top>
      <animation effect="slide" start="1000,0" end="0,0" time="400" delay="900">Visible</animation>
      <visible>Control.IsVisible(595) + [Container.Content(movies) | Container.Content(videos)] + Control.HasFocus(8241) + ![Control.HasFocus(8241) + Player.HasVideo]</visible>
      <include>Animation_HiddenByInfo</include>
      <include>Animation_BackdropFade</include>
      <control type="image" id="8243">
        <left>680</left>
        <top>200</top>
        <width>261</width>
        <height>147</height>
        <aspectratio>stretch</aspectratio>
        <texture background="true" diffuse="tv-landscape/landscapematteFO.png">$INFO[ListItem.Path,,extrathumbs/thumb1.jpg]</texture>
        <fadetime>200</fadetime>
      </control>
      <control type="image">
        <left>668</left>
        <top>190</top>
        <width>284</width>
        <height>166</height>
        <texture>tv-landscape/landscapeframeFO.png</texture>
        <visible>![IsEmpty(Control.GetLabel(8243)) + IsEmpty(Control.GetLabel(8242))]</visible>
      </control>
      <control type="image" id="8242">
        <left>980</left>
        <top>200</top>
        <width>261</width>
        <height>147</height>
        <aspectratio>stretch</aspectratio>
        <texture background="true" diffuse="tv-landscape/landscapematteFO.png">$INFO[ListItem.Path,,extrathumbs/thumb2.jpg]</texture>
        <fadetime>200</fadetime>
      </control>
      <control type="image">
        <left>968</left>
        <top>190</top>
        <width>284</width>
        <height>166</height>
        <texture>tv-landscape/landscapeframeFO.png</texture>
        <visible>![IsEmpty(Control.GetLabel(8242))]</visible>
      </control>
    </control>
    <control type="textbox">
      <description>Plot Movie</description>
      <left>660</left>
      <top>230</top>
      <width>600</width>
      <height>236</height>
      <align>justify</align>
      <info>ListItem.Plot</info>
      <font>Font_Bartowski_Movies_Plot</font>
      <textcolor>ffffffff</textcolor>
      <animation effect="slide" start="0,0" end="0,180" time="0" condition="![IsEmpty(Control.GetLabel(8243)) + IsEmpty(Control.GetLabel(8242))]">Conditional</animation>
      <animation effect="slide" start="1000,0" end="0,0" time="400" delay="600">Visible</animation>
      <autoscroll time="3000" delay="5000" repeat="5000">Skin.HasSetting(autoscroll)</autoscroll>
      <include>Animation_HiddenByInfo</include>
      <include>Animation_BackdropFade</include>
      <visible>Control.IsVisible(595) + [Container.Content(movies) | Container.Content(videos)] + Control.HasFocus(8241) + ![Control.HasFocus(8241) + Player.HasVideo]</visible>
    </control>
    <control type="label">
      <visible>Control.IsVisible(595) + !Control.HasFocus(8241) + !IsEmpty(ListItem.Title)</visible>
      <left>380</left>
      <top>664</top>
      <width>370</width>
      <height>50</height>
      <aligny>center</aligny>
      <font>Font_Neon_16</font>
      <textcolor>mainblue</textcolor>
      <label>*$LOCALIZE[31244]*</label>
      <shadowcolor>black</shadowcolor>
      <include>Animation_Viewtype_Showcase_Trailer</include>
      <animation effect="fade" start="0" end="100" time="400" delay="1000" condition="![Container(595).OnNext | Container(595).OnPrevious]">Conditional</animation>
    </control>
    <control type="label">
      <visible>Control.IsVisible(595) + Control.HasFocus(8241) + !Player.HasVideo</visible>
      <left>380</left>
      <top>664</top>
      <width>370</width>
      <height>50</height>
      <aligny>center</aligny>
      <font>Font_Neon_16</font>
      <textcolor>mainblue</textcolor>
      <label>*$LOCALIZE[31237]*</label>
      <shadowcolor>black</shadowcolor>
      <include>Animation_Viewtype_Showcase_Trailer</include>
    </control>
    <control type="label">
      <visible>Control.IsVisible(595) + Control.HasFocus(8241) + Player.HasVideo + !IsEmpty(ListItem.Trailer)</visible>
      <left>380</left>
      <top>664</top>
      <width>370</width>
      <height>50</height>
      <aligny>center</aligny>
      <font>Font_Neon_16</font>
      <textcolor>mainblue</textcolor>
      <label>*$LOCALIZE[31246]*</label>
      <shadowcolor>black</shadowcolor>
      <include>Animation_Viewtype_Showcase_Trailer</include>
    </control>
    <control type="grouplist">
      <visible>Control.IsVisible(595) + [Container.Content(movies) | Container.Content(videos)] + !Skin.HasSetting(no_media_flags)</visible>
      <description>Media Codec Flagging Images</description>
      <left>180</left>
      <top>640</top>
      <width>600</width>
      <align>center</align>
      <itemgap>0</itemgap>
      <orientation>horizontal</orientation>
      <include>StudioFlags</include>
      <include>VideoTypeHackFlaggingConditions</include>
      <include>VideoCodecFlaggingConditions</include>
      <include>AspectCodecFlaggingConditions</include>
      <include>AudioCodecFlaggingConditions</include>
      <include>AudioChannelsFlaggingConditions</include>
      <include>Animation_HiddenByInfo</include>
      <include>Animation_BackdropFade</include>
    </control>
    <control type="scrollbar" id="5950">
      <include>Animation_ZoomInZoomOut</include>
      <left>100</left>
      <top>100</top>
      <width>1080</width>
      <height>25</height>
      <visible allowhiddenfocus="true">Control.IsVisible(595) + Control.HasFocus(5950)</visible>
      <texturesliderbackground>osd/osd_progress_back1.png</texturesliderbackground>
      <textureslidernibfocus>ScrollBarV_Nib_Focus.png</textureslidernibfocus>
      <onup>7000</onup>
      <ondown>595</ondown>
      <showonepage>true</showonepage>
      <orientation>horizontal</orientation>
      <include>Animation_CommonFade</include>
      <animation effect="slide" start="0,-200" end="0,0" time="400" tween="cubic" easing="inout" condition="Control.HasFocus(5950)">Conditional</animation>
    </control>
  </include>
</includes>
