<?xml version="1.0" encoding="UTF-8"?>
<includes>
  <include name="MusicInfoListView">
    <control type="image">
      <left>0</left>
      <top>-5</top>
      <width>1280</width>
      <height>725</height>
      <texture border="0,5,0,0">ContentPanel4.png</texture>
      <include>VisibleFadeEffect</include>
      <visible>Control.IsVisible(506)</visible>
    </control>
    <control type="group">
      <visible>Control.IsVisible(506)</visible>
      <include>VisibleFadeEffect</include>
      <control type="fixedlist" id="506">
        <left>460</left>
        <top>60</top>
        <width>760</width>
        <height>601</height>
        <onleft>7000</onleft>
        <onright>60</onright>
        <onup>506</onup>
        <ondown>506</ondown>
        <!-- View Name = Media Info -->
        <viewtype label="$LOCALIZE[544]">list</viewtype>
        <pagecontrol>60</pagecontrol>
        <focusposition>7</focusposition>
        <movement>0</movement>
        <scrolltime>200</scrolltime>
        <visible>Window.IsVisible(MusicLibrary) | Window.IsVisible(MusicFiles) | Window.IsVisible(MusicPlaylist) |  Container.Content(Songs) | Container.Content(Albums) | Window.IsActive(500)</visible>
        <itemlayout height="40" width="760">
          <control type="image">
            <left>0</left>
            <top>0</top>
            <width>760</width>
            <height>41</height>
            <texture border="0,2,0,2">MenuItemNF.png</texture>
          </control>
          <control type="label">
            <left>15</left>
            <top>0</top>
            <width>725</width>
            <height>40</height>
            <font>Font_Neon_22</font>
            <textcolor>grey2</textcolor>
            <selectedcolor>selected</selectedcolor>
            <align>left</align>
            <aligny>center</aligny>
            <label>$INFO[ListItem.Label]</label>
          </control>
          <control type="label">
            <left>745</left>
            <top>0</top>
            <width>700</width>
            <height>40</height>
            <font>Font_Neon_18</font>
            <textcolor>grey2</textcolor>
            <selectedcolor>selected</selectedcolor>
            <align>right</align>
            <aligny>center</aligny>
            <label>$INFO[ListItem.Label2]</label>
          </control>
        </itemlayout>
        <focusedlayout height="40" width="760">
          <control type="image">
            <left>0</left>
            <top>0</top>
            <width>760</width>
            <height>41</height>
            <texture border="0,2,0,2">MenuItemNF.png</texture>
            <visible>!Control.HasFocus(506)</visible>
            <include>VisibleFadeEffect</include>
          </control>
          <control type="image">
            <left>0</left>
            <top>0</top>
            <width>760</width>
            <height>41</height>
            <colordiffuse>mainblue</colordiffuse>
            <texture>MenuItemFOR.png</texture>
            <visible>Control.HasFocus(506)</visible>
            <include>VisibleFadeEffect</include>
          </control>
          <control type="label">
            <left>15</left>
            <top>0</top>
            <width>725</width>
            <height>40</height>
            <font>Font_Neon_22</font>
            <textcolor>white</textcolor>
            <selectedcolor>selected</selectedcolor>
            <align>left</align>
            <aligny>center</aligny>
            <label>$INFO[ListItem.Label]</label>
          </control>
          <control type="label">
            <left>745</left>
            <top>0</top>
            <width>700</width>
            <height>40</height>
            <font>Font_Neon_18</font>
            <textcolor>grey2</textcolor>
            <selectedcolor>selected</selectedcolor>
            <align>right</align>
            <aligny>center</aligny>
            <label>$INFO[ListItem.Label2]</label>
          </control>
        </focusedlayout>
      </control>
      <control type="group">
        <visible>Control.IsVisible(506)</visible>
        <control type="scrollbar" id="60">
          <left>1220</left>
          <top>60</top>
          <width>25</width>
          <height>600</height>
          <texturesliderbackground border="0,14,0,14">ScrollBarV.png</texturesliderbackground>
          <texturesliderbar border="2,16,2,16">ScrollBarV_bar.png</texturesliderbar>
          <texturesliderbarfocus border="2,16,2,16" colordiffuse="mainblue">ScrollBarV_bar_focus.png</texturesliderbarfocus>
          <textureslidernib>ScrollBarNib.png</textureslidernib>
          <textureslidernibfocus>ScrollBarNib.png</textureslidernibfocus>
          <onleft>506</onleft>
          <onright>2</onright>
          <showonepage>false</showonepage>
          <orientation>vertical</orientation>
          <visible>Control.IsVisible(506)</visible>
        </control>
        <control type="image">
          <left>40</left>
          <top>60</top>
          <width>400</width>
          <height>300</height>
          <aspectratio aligny="bottom">keep</aspectratio>
          <fadetime>IconCrossfadeTime</fadetime>
          <texture background="true">$INFO[ListItem.Icon]</texture>
          <bordertexture border="8">ThumbShadow.png</bordertexture>
          <bordersize>8</bordersize>
        </control>
        <control type="image">
          <left>40</left>
          <top>350</top>
          <width>400</width>
          <height>100</height>
          <aspectratio>stretch</aspectratio>
          <texture>GlassTitleBar.png</texture>
          <colordiffuse>AAFFFFFF</colordiffuse>
        </control>
        <control type="image">
          <left>48</left>
          <top>352</top>
          <width>384</width>
          <height>284</height>
          <aspectratio aligny="top">keep</aspectratio>
          <fadetime>IconCrossfadeTime</fadetime>
          <texture background="true" flipy="true" diffuse="diffuse_mirror2.png">$INFO[ListItem.Icon]</texture>
        </control>
        <control type="label">
          <left>40</left>
          <top>390</top>
          <width>400</width>
          <height>25</height>
          <label>$INFO[ListItem.Artist]</label>
          <scroll>true</scroll>
          <align>center</align>
          <aligny>center</aligny>
          <font>Font_Neon_35</font>
          <textcolor>mainblue</textcolor>
          <shadowcolor>black</shadowcolor>
        </control>
        <control type="label">
          <left>40</left>
          <top>440</top>
          <width>400</width>
          <height>25</height>
          <label>$INFO[ListItem.Album]</label>
          <wrapmultiline>true</wrapmultiline>
          <align>center</align>
          <aligny>center</aligny>
          <font>Font_Neon_22</font>
          <textcolor>grey2</textcolor>
          <shadowcolor>black</shadowcolor>
        </control>
        <control type="label">
          <left>40</left>
          <top>490</top>
          <width>400</width>
          <height>25</height>
          <label>$INFO[ListItem.Title]</label>
          <scroll>true</scroll>
          <align>center</align>
          <font>Font_Neon_22</font>
          <textcolor>white</textcolor>
          <shadowcolor>black</shadowcolor>
          <wrapmultiline>true</wrapmultiline>
          <visible>!Container.Content(Albums)</visible>
        </control>
        <control type="label">
          <left>40</left>
          <top>490</top>
          <width>400</width>
          <height>25</height>
          <label>$INFO[ListItem.Genre]</label>
          <scroll>true</scroll>
          <align>center</align>
          <font>Font_Neon_22</font>
          <textcolor>white</textcolor>
          <shadowcolor>black</shadowcolor>
          <wrapmultiline>true</wrapmultiline>
          <visible>Container.Content(Albums)</visible>
        </control>
        <control type="label">
          <description>Trackno txt</description>
          <left>40</left>
          <top>550</top>
          <width>400</width>
          <height>25</height>
          <label>$INFO[listitem.TrackNumber,[COLOR=mainblue]$LOCALIZE[31724]: [/COLOR]]</label>
          <align>center</align>
          <aligny>center</aligny>
          <font>Font_Neon_22</font>
          <textcolor>white</textcolor>
          <visible>!Container.Content(Albums)</visible>
        </control>
        <control type="label">
          <description>Year txt</description>
          <left>40</left>
          <top>580</top>
          <width>400</width>
          <height>25</height>
          <label>$INFO[listitem.Year,[COLOR=mainblue]$LOCALIZE[345]: [/COLOR]]</label>
          <align>center</align>
          <aligny>center</aligny>
          <font>Font_Neon_22</font>
          <textcolor>white</textcolor>
        </control>
        <control type="image">
          <description>Rating value</description>
          <left>165</left>
          <top>610</top>
          <width>150</width>
          <height>30</height>
          <texture>LeftRating/$INFO[ListItem.StarRating]</texture>
        </control>
        <control type="image">
          <left>440</left>
          <top>60</top>
          <width>5</width>
          <height>600</height>
          <aspectratio>stretch</aspectratio>
          <texture>separator_vertical.png</texture>
        </control>
      </control>
    </control>
  </include>
  <include name="AlbumWrapView2_Fanart">
    <control type="image">
      <left>0</left>
      <top>-5</top>
      <width>1280</width>
      <height>725</height>
      <texture border="0,5,0,0">ContentPanel4.png</texture>
      <include>VisibleFadeEffect</include>
      <visible>Control.IsVisible(509)</visible>
    </control>
    <control type="group">
      <visible>Control.IsVisible(509)</visible>
      <include>VisibleFadeEffect</include>
      <left>0</left>
      <top>440</top>
      <control type="fixedlist" id="509">
        <visible>Container.Content(Albums)</visible>
        <left>-80</left>
        <top>0</top>
        <width>1360</width>
        <height>250</height>
        <onleft>509</onleft>
        <onright>509</onright>
        <onup>2</onup>
        <ondown>60</ondown>
        <viewtype label="31029">wrap</viewtype>
        <pagecontrol>60</pagecontrol>
        <scrolltime>200</scrolltime>
        <focusposition>7</focusposition>
        <movement>0</movement>
        <orientation>horizontal</orientation>
        <preloaditems>4</preloaditems>
        <itemlayout height="200" width="160">
          <control type="image">
            <left>2</left>
            <top>20</top>
            <width>160</width>
            <height>160</height>
            <aspectratio>stretch</aspectratio>
            <bordertexture border="5">button-nofocus.png</bordertexture>
            <bordersize>4</bordersize>
            <fadetime>200</fadetime>
            <texture background="true">$INFO[ListItem.Icon]</texture>
          </control>
          <control type="image">
            <left>6</left>
            <top>24</top>
            <width>152</width>
            <height>152</height>
            <aspectratio>stretch</aspectratio>
            <texture>black-back.png</texture>
            <colordiffuse>AAFFFFFF</colordiffuse>
          </control>
          <control type="image">
            <left>2</left>
            <top>180</top>
            <width>160</width>
            <height>160</height>
            <aspectratio>stretch</aspectratio>
            <bordertexture border="5" diffuse="diffuse_mirror2.png">button-nofocus.png</bordertexture>
            <bordersize>4</bordersize>
            <fadetime>200</fadetime>
            <texture background="true" flipy="true" diffuse="diffuse_mirror2.png">$INFO[ListItem.Icon]</texture>
          </control>
        </itemlayout>
        <focusedlayout height="200" width="160">
          <control type="image">
            <left>-2</left>
            <top>16</top>
            <width>168</width>
            <height>168</height>
            <aspectratio>stretch</aspectratio>
            <bordertexture border="8">ThumbBorder.png</bordertexture>
            <bordersize>8</bordersize>
            <fadetime>200</fadetime>
            <texture background="true">$INFO[ListItem.Icon]</texture>
            <animation reversible="false" effect="zoom" start="-2,16,168,168" end="-12,-4,198,198" time="200">focus</animation>
            <animation reversible="false" effect="zoom" end="-2,16,168,168" start="-12,-4,198,198" time="200">unfocus</animation>
          </control>
          <control type="image">
            <left>180</left>
            <top>325</top>
            <width>35</width>
            <height>35</height>
            <aspectratio>keep</aspectratio>
            <texture>$INFO[ListItem.Overlay]</texture>
            <animation type="focus">
              <effect type="fade" start="0" end="100" time="200" />
              <effect type="slide" start="0,0" end="40,40" time="200" />
            </animation>
            <animation type="unfocus">
              <effect type="fade" start="100" end="0" time="200" />
              <effect type="slide" end="0,0" start="40,40" time="200" />
            </animation>
          </control>
        </focusedlayout>
      </control>
      <control type="label">
        <left>40</left>
        <top>195</top>
        <width>1200</width>
        <height>30</height>
        <font>Font_Neon_35</font>
        <textcolor>mainblue</textcolor>
        <shadowcolor>black</shadowcolor>
        <scroll>true</scroll>
        <align>center</align>
        <aligny>center</aligny>
        <label>[B]$INFO[ListItem.Label][/B]</label>
      </control>
      <control type="scrollbar" id="60">
        <left>100</left>
        <top>225</top>
        <width>1080</width>
        <height>25</height>
        <texturesliderbackground border="14,0,14,0">ScrollBarH.png</texturesliderbackground>
        <texturesliderbar border="14,0,14,0">ScrollBarH_bar.png</texturesliderbar>
        <texturesliderbarfocus border="14,0,14,0" colordiffuse="mainblue">ScrollBarH_bar_focus.png</texturesliderbarfocus>
        <textureslidernib>ScrollBarNib.png</textureslidernib>
        <textureslidernibfocus>ScrollBarNib.png</textureslidernibfocus>
        <onup>509</onup>
        <ondown>2</ondown>
        <showonepage>false</showonepage>
        <orientation>horizontal</orientation>
        <visible>Control.IsVisible(509)</visible>
      </control>
    </control>
  </include>
  <include name="MusicVideoInfoListView">
    <control type="image">
      <left>0</left>
      <top>-5</top>
      <width>1280</width>
      <height>725</height>
      <texture border="0,5,0,0">ContentPanel4.png</texture>
      <include>VisibleFadeEffect</include>
      <visible>Control.IsVisible(511)</visible>
    </control>
    <control type="group">
      <visible>Control.IsVisible(511)</visible>
      <include>VisibleFadeEffect</include>
      <control type="fixedlist" id="511">
        <left>460</left>
        <top>60</top>
        <width>760</width>
        <height>601</height>
        <onleft>7000</onleft>
        <onright>60</onright>
        <onup>511</onup>
        <ondown>511</ondown>
        <viewtype label="$LOCALIZE[544]">list</viewtype>
        <pagecontrol>60</pagecontrol>
        <focusposition>7</focusposition>
        <movement>0</movement>
        <scrolltime>200</scrolltime>
        <visible>Container.Content(MusicVideos)</visible>
        <itemlayout height="40" width="760">
          <control type="image">
            <left>0</left>
            <top>0</top>
            <width>760</width>
            <height>41</height>
            <texture border="0,2,0,2">MenuItemNF.png</texture>
          </control>
          <control type="label">
            <left>15</left>
            <top>0</top>
            <width>720</width>
            <height>40</height>
            <font>Font_Neon_22</font>
            <textcolor>grey2</textcolor>
            <selectedcolor>selected</selectedcolor>
            <align>left</align>
            <aligny>center</aligny>
            <label>$INFO[ListItem.Label]</label>
          </control>
          <control type="label">
            <left>730</left>
            <top>0</top>
            <width>700</width>
            <height>40</height>
            <font>Font_Neon_18</font>
            <textcolor>grey2</textcolor>
            <selectedcolor>selected</selectedcolor>
            <align>right</align>
            <aligny>center</aligny>
            <label>$INFO[ListItem.Label2]</label>
          </control>
          <control type="image">
            <left>735</left>
            <top>14</top>
            <width>20</width>
            <height>16</height>
            <texture>$INFO[ListItem.Overlay]</texture>
            <aspectratio>keep</aspectratio>
          </control>
        </itemlayout>
        <focusedlayout height="40" width="760">
          <control type="image">
            <left>0</left>
            <top>0</top>
            <width>760</width>
            <height>41</height>
            <texture border="0,2,0,2">MenuItemNF.png</texture>
            <visible>!Control.HasFocus(511)</visible>
            <include>VisibleFadeEffect</include>
          </control>
          <control type="image">
            <left>0</left>
            <top>0</top>
            <width>760</width>
            <height>41</height>
            <colordiffuse>mainblue</colordiffuse>
            <texture>MenuItemFOR.png</texture>
            <visible>Control.HasFocus(511)</visible>
            <include>VisibleFadeEffect</include>
          </control>
          <control type="label">
            <left>15</left>
            <top>0</top>
            <width>720</width>
            <height>40</height>
            <font>Font_Neon_22</font>
            <textcolor>white</textcolor>
            <selectedcolor>selected</selectedcolor>
            <align>left</align>
            <aligny>center</aligny>
            <label>$INFO[ListItem.Label]</label>
          </control>
          <control type="label">
            <left>730</left>
            <top>0</top>
            <width>700</width>
            <height>40</height>
            <font>Font_Neon_18</font>
            <textcolor>grey2</textcolor>
            <selectedcolor>selected</selectedcolor>
            <align>right</align>
            <aligny>center</aligny>
            <label>$INFO[ListItem.Label2]</label>
          </control>
          <control type="image">
            <left>735</left>
            <top>14</top>
            <width>20</width>
            <height>16</height>
            <texture>$INFO[ListItem.Overlay]</texture>
            <aspectratio>keep</aspectratio>
          </control>
        </focusedlayout>
      </control>
      <control type="group">
        <control type="scrollbar" id="60">
          <left>1220</left>
          <top>60</top>
          <width>25</width>
          <height>600</height>
          <texturesliderbackground border="0,14,0,14">ScrollBarV.png</texturesliderbackground>
          <texturesliderbar border="2,16,2,16">ScrollBarV_bar.png</texturesliderbar>
          <texturesliderbarfocus border="2,16,2,16" colordiffuse="mainblue">ScrollBarV_bar_focus.png</texturesliderbarfocus>
          <textureslidernib>ScrollBarNib.png</textureslidernib>
          <textureslidernibfocus>ScrollBarNib.png</textureslidernibfocus>
          <onleft>511</onleft>
          <onright>2</onright>
          <showonepage>false</showonepage>
          <orientation>vertical</orientation>
          <visible>Control.IsVisible(511)</visible>
        </control>
        <control type="image">
          <left>40</left>
          <top>60</top>
          <width>400</width>
          <height>300</height>
          <aspectratio aligny="bottom">keep</aspectratio>
          <fadetime>IconCrossfadeTime</fadetime>
          <texture background="true">$INFO[ListItem.Icon]</texture>
          <bordertexture border="8">ThumbShadow.png</bordertexture>
          <bordersize>8</bordersize>
        </control>
        <control type="image">
          <left>40</left>
          <top>350</top>
          <width>400</width>
          <height>100</height>
          <aspectratio>stretch</aspectratio>
          <texture>GlassTitleBar.png</texture>
          <colordiffuse>AAFFFFFF</colordiffuse>
        </control>
        <control type="image">
          <left>48</left>
          <top>352</top>
          <width>384</width>
          <height>284</height>
          <aspectratio aligny="top">keep</aspectratio>
          <fadetime>IconCrossfadeTime</fadetime>
          <texture background="true" flipy="true" diffuse="diffuse_mirror2.png">$INFO[ListItem.Icon]</texture>
        </control>
        <control type="grouplist">
          <description>Media Codec Flagging Images</description>
          <left>40</left>
          <top>360</top>
          <width>400</width>
          <align>center</align>
          <itemgap>0</itemgap>
          <orientation>horizontal</orientation>
          <include>VideoCodecFlaggingConditions</include>
          <include>AudioCodecFlaggingConditions</include>
          <include>AudioChannelsFlaggingConditions</include>
          <include>StudioFlags</include>
        </control>
        <control type="label">
          <left>40</left>
          <top>410</top>
          <width>400</width>
          <height>25</height>
          <label>[B]$INFO[ListItem.Artist][/B]</label>
          <scroll>true</scroll>
          <align>center</align>
          <aligny>center</aligny>
          <font>Font_Neon_35</font>
          <textcolor>mainblue</textcolor>
          <shadowcolor>black</shadowcolor>
        </control>
        <control type="label">
          <left>40</left>
          <top>470</top>
          <width>400</width>
          <height>25</height>
          <label>$INFO[ListItem.Album]</label>
          <wrapmultiline>true</wrapmultiline>
          <align>center</align>
          <aligny>center</aligny>
          <font>Font_Neon_22</font>
          <textcolor>grey2</textcolor>
          <shadowcolor>black</shadowcolor>
        </control>
        <control type="label">
          <left>40</left>
          <top>520</top>
          <width>400</width>
          <height>25</height>
          <label>$INFO[ListItem.Title]</label>
          <scroll>true</scroll>
          <align>center</align>
          <font>Font_Neon_22</font>
          <textcolor>white</textcolor>
          <shadowcolor>black</shadowcolor>
          <wrapmultiline>true</wrapmultiline>
          <visible>!Container.Content(Albums)</visible>
        </control>
        <control type="label">
          <left>40</left>
          <top>580</top>
          <width>400</width>
          <height>25</height>
          <label>$INFO[ListItem.Studio]</label>
          <scroll>true</scroll>
          <align>center</align>
          <font>Font_Neon_22</font>
          <textcolor>grey2</textcolor>
          <shadowcolor>black</shadowcolor>
          <wrapmultiline>true</wrapmultiline>
        </control>
        <control type="label">
          <description>Year txt</description>
          <left>40</left>
          <top>640</top>
          <width>400</width>
          <height>25</height>
          <label>$INFO[listitem.Year,[COLOR=mainblue]$LOCALIZE[345]: [/COLOR]]</label>
          <align>center</align>
          <aligny>center</aligny>
          <font>Font_Neon_22</font>
          <textcolor>white</textcolor>
        </control>
        <control type="image">
          <left>440</left>
          <top>60</top>
          <width>5</width>
          <height>600</height>
          <aspectratio>stretch</aspectratio>
          <texture>separator_vertical.png</texture>
        </control>
      </control>
    </control>
  </include>
  <include name="ArtistMediaListView">
    <control type="image">
      <left>0</left>
      <top>-5</top>
      <width>1280</width>
      <height>725</height>
      <texture border="0,5,0,0">ContentPanel4.png</texture>
      <include>VisibleFadeEffect</include>
      <visible>Control.IsVisible(512)</visible>
    </control>
    <control type="group">
      <visible>Control.IsVisible(512)</visible>
      <include>VisibleFadeEffect</include>
      <control type="fixedlist" id="512">
        <left>660</left>
        <top>60</top>
        <width>580</width>
        <height>601</height>
        <onleft>7000</onleft>
        <onright>60</onright>
        <onup>512</onup>
        <ondown>512</ondown>
        <!-- View Type Name = Media Info 2 -->
        <viewtype label="$LOCALIZE[544] 2">list</viewtype>
        <pagecontrol>60</pagecontrol>
        <focusposition>7</focusposition>
        <movement>0</movement>
        <scrolltime>200</scrolltime>
        <visible>Container.Content(Artists)</visible>
        <itemlayout height="40" width="580">
          <control type="image">
            <left>0</left>
            <top>0</top>
            <width>580</width>
            <height>41</height>
            <texture border="0,2,0,2">MenuItemNF.png</texture>
          </control>
          <control type="label">
            <left>15</left>
            <top>0</top>
            <width>560</width>
            <height>40</height>
            <font>Font_Neon_22</font>
            <textcolor>grey2</textcolor>
            <selectedcolor>selected</selectedcolor>
            <align>left</align>
            <aligny>center</aligny>
            <label>$INFO[ListItem.Label]</label>
          </control>
        </itemlayout>
        <focusedlayout height="40" width="580">
          <control type="image">
            <left>0</left>
            <top>0</top>
            <width>580</width>
            <height>41</height>
            <texture border="0,2,0,2">MenuItemNF.png</texture>
            <visible>!Control.HasFocus(512)</visible>
            <include>VisibleFadeEffect</include>
          </control>
          <control type="image">
            <left>0</left>
            <top>0</top>
            <width>580</width>
            <height>41</height>
            <colordiffuse>mainblue</colordiffuse>
            <texture>MenuItemFOR.png</texture>
            <visible>Control.HasFocus(512)</visible>
            <include>VisibleFadeEffect</include>
          </control>
          <control type="label">
            <left>15</left>
            <top>0</top>
            <width>560</width>
            <height>40</height>
            <font>Font_Neon_22</font>
            <textcolor>white</textcolor>
            <selectedcolor>selected</selectedcolor>
            <align>left</align>
            <aligny>center</aligny>
            <label>$INFO[ListItem.Label]</label>
          </control>
        </focusedlayout>
      </control>
      <control type="group">
        <left>50</left>
        <top>60</top>
        <control type="scrollbar" id="60">
          <left>1180</left>
          <top>10</top>
          <width>25</width>
          <height>600</height>
          <texturesliderbackground border="0,14,0,14">ScrollBarV.png</texturesliderbackground>
          <texturesliderbar border="0,14,0,14">ScrollBarV_bar.png</texturesliderbar>
          <texturesliderbarfocus border="0,14,0,14" colordiffuse="mainblue">ScrollBarV_bar_focus.png</texturesliderbarfocus>
          <textureslidernib>ScrollBarNib.png</textureslidernib>
          <textureslidernibfocus>ScrollBarNib.png</textureslidernibfocus>
          <onleft>512</onleft>
          <onright>2</onright>
          <showonepage>false</showonepage>
          <orientation>vertical</orientation>
          <visible>Control.IsVisible(512)</visible>
        </control>
      </control>
      <control type="group">
        <left>50</left>
        <top>60</top>
        <control type="label">
          <description>Artist Title txt</description>
          <left>0</left>
          <top>0</top>
          <width>600</width>
          <height>15</height>
          <label>[B]$INFO[ListItem.Label][/B]</label>
          <align>center</align>
          <aligny>center</aligny>
          <font>Font_Neon_35</font>
          <textcolor>mainblue</textcolor>
          <shadowcolor>black</shadowcolor>
          <wrapmultiline>true</wrapmultiline>
        </control>
        <control type="image">
          <left>0</left>
          <top>30</top>
          <width>600</width>
          <height>340</height>
          <aspectratio aligny="top">keep</aspectratio>
          <fadetime>IconCrossfadeTime</fadetime>
          <texture background="true" fallback="special://skin/backgrounds/music_small.jpg">$INFO[ListItem.Property(fanart_image)]</texture>
          <bordertexture border="8">ThumbShadow.png</bordertexture>
          <bordersize>8</bordersize>
          <visible>!Skin.HasSetting(MusicLibraryFanartView512)</visible>
        </control>
        <control type="image">
          <left>0</left>
          <top>30</top>
          <width>600</width>
          <height>340</height>
          <aspectratio>keep</aspectratio>
          <fadetime>IconCrossfadeTime</fadetime>
          <texture background="true">$INFO[ListItem.Icon]</texture>
          <bordertexture border="8">ThumbShadow.png</bordertexture>
          <bordersize>8</bordersize>
          <visible>Skin.HasSetting(MusicLibraryFanartView512)</visible>
        </control>
        <control type="image">
          <left>8</left>
          <top>502</top>
          <width>584</width>
          <height>324</height>
          <aspectratio aligny="top">keep</aspectratio>
          <fadetime>IconCrossfadeTime</fadetime>
          <texture background="true" flipy="true" diffuse="diffuse_mirror2.png">$INFO[ListItem.Icon]</texture>
          <visible>Skin.HasSetting(MusicLibraryFanartView512)</visible>
        </control>
        <control type="group">
          <top>200</top>
          <control type="image">
            <left>0</left>
            <top>205</top>
            <width>600</width>
            <height>4</height>
            <texture>separator.png</texture>
          </control>
          <control type="label">
            <description>Born txt</description>
            <left>0</left>
            <top>215</top>
            <width>140</width>
            <height>25</height>
            <label>$LOCALIZE[21893]:</label>
            <align>right</align>
            <aligny>center</aligny>
            <font>Font_Neon_22</font>
            <textcolor>mainblue</textcolor>
            <visible>!IsEmpty(ListItem.Property(Artist_Born))</visible>
          </control>
          <control type="label">
            <description>Born Value</description>
            <left>150</left>
            <top>215</top>
            <width>450</width>
            <height>25</height>
            <label>$INFO[ListItem.Property(Artist_Born)]</label>
            <align>left</align>
            <aligny>center</aligny>
            <font>Font_Neon_22</font>
            <scroll>true</scroll>
            <visible>!IsEmpty(ListItem.Property(Artist_Born))</visible>
          </control>
          <control type="label">
            <description>Formed txt</description>
            <left>0</left>
            <top>215</top>
            <width>140</width>
            <height>25</height>
            <label>$LOCALIZE[21894]:</label>
            <align>right</align>
            <aligny>center</aligny>
            <font>Font_Neon_22</font>
            <textcolor>mainblue</textcolor>
            <visible>!IsEmpty(ListItem.Property(Artist_Formed))</visible>
          </control>
          <control type="label">
            <description>Formed Value</description>
            <left>150</left>
            <top>215</top>
            <width>450</width>
            <height>25</height>
            <label>$INFO[ListItem.Property(Artist_Formed)]</label>
            <align>left</align>
            <aligny>center</aligny>
            <font>Font_Neon_22</font>
            <scroll>true</scroll>
            <visible>!IsEmpty(ListItem.Property(Artist_Formed))</visible>
          </control>
          <control type="label">
            <description>Genre txt</description>
            <left>0</left>
            <top>240</top>
            <width>140</width>
            <height>25</height>
            <label>$LOCALIZE[515]:</label>
            <align>right</align>
            <aligny>center</aligny>
            <font>Font_Neon_22</font>
            <textcolor>mainblue</textcolor>
          </control>
          <control type="label">
            <description>Genre Value</description>
            <left>150</left>
            <top>240</top>
            <width>450</width>
            <height>25</height>
            <label fallback="416">$INFO[ListItem.Property(Artist_Genre)]</label>
            <align>left</align>
            <aligny>center</aligny>
            <font>Font_Neon_22</font>
            <scroll>true</scroll>
          </control>
          <control type="image">
            <left>0</left>
            <top>275</top>
            <width>550</width>
            <height>4</height>
            <texture>separator.png</texture>
          </control>
          <control type="textbox">
            <description>Description Value for Artist</description>
            <left>0</left>
            <top>290</top>
            <width>600</width>
            <height>120</height>
            <font>Font_Neon_20</font>
            <align>justify</align>
            <textcolor>white</textcolor>
            <label>$INFO[ListItem.Property(Artist_Description)]</label>
            <autoscroll time="2000" delay="3000" repeat="5000">Skin.HasSetting(AutoScroll)</autoscroll>
          </control>
        </control>
      </control>
    </control>
  </include>
  <include name="AlbumInfoListView">
    <control type="image">
      <left>0</left>
      <top>-5</top>
      <width>1280</width>
      <height>725</height>
      <texture border="0,5,0,0">ContentPanel4.png</texture>
      <include>VisibleFadeEffect</include>
      <visible>Control.IsVisible(513)</visible>
    </control>
    <control type="group">
      <visible>Control.IsVisible(513)</visible>
      <include>VisibleFadeEffect</include>
      <control type="fixedlist" id="513">
        <left>460</left>
        <top>60</top>
        <width>760</width>
        <height>361</height>
        <onleft>7000</onleft>
        <onright>51360</onright>
        <onup>513</onup>
        <ondown>513</ondown>
        <viewtype label="$LOCALIZE[10523]">list</viewtype>
        <pagecontrol>51360</pagecontrol>
        <focusposition>7</focusposition>
        <movement>0</movement>
        <scrolltime>200</scrolltime>
        <visible>Container.Content(Albums)</visible>
        <itemlayout height="40" width="760">
          <control type="image">
            <left>0</left>
            <top>0</top>
            <width>760</width>
            <height>41</height>
            <texture border="0,2,0,2">MenuItemNF.png</texture>
          </control>
          <control type="label">
            <left>15</left>
            <top>0</top>
            <width>730</width>
            <height>40</height>
            <font>Font_Neon_22</font>
            <textcolor>grey2</textcolor>
            <selectedcolor>selected</selectedcolor>
            <align>left</align>
            <aligny>center</aligny>
            <label>$INFO[ListItem.Label]</label>
          </control>
          <control type="label">
            <left>750</left>
            <top>0</top>
            <width>700</width>
            <height>40</height>
            <font>Font_Neon_18</font>
            <textcolor>grey2</textcolor>
            <selectedcolor>selected</selectedcolor>
            <align>right</align>
            <aligny>center</aligny>
            <label>$INFO[ListItem.Label2]</label>
          </control>
        </itemlayout>
        <focusedlayout height="40" width="760">
          <control type="image">
            <left>0</left>
            <top>0</top>
            <width>760</width>
            <height>41</height>
            <texture border="0,2,0,2">MenuItemNF.png</texture>
            <visible>!Control.HasFocus(513)</visible>
            <include>VisibleFadeEffect</include>
          </control>
          <control type="image">
            <left>0</left>
            <top>0</top>
            <width>760</width>
            <height>41</height>
            <colordiffuse>mainblue</colordiffuse>
            <texture>MenuItemFOR.png</texture>
            <visible>Control.HasFocus(513)</visible>
            <include>VisibleFadeEffect</include>
          </control>
          <control type="label">
            <left>15</left>
            <top>0</top>
            <width>730</width>
            <height>40</height>
            <font>Font_Neon_22</font>
            <textcolor>white</textcolor>
            <selectedcolor>selected</selectedcolor>
            <align>left</align>
            <aligny>center</aligny>
            <label>$INFO[ListItem.Label]</label>
          </control>
          <control type="label">
            <left>750</left>
            <top>0</top>
            <width>700</width>
            <height>40</height>
            <font>Font_Neon_18</font>
            <textcolor>grey2</textcolor>
            <selectedcolor>selected</selectedcolor>
            <align>right</align>
            <aligny>center</aligny>
            <label>$INFO[ListItem.Label2]</label>
          </control>
        </focusedlayout>
      </control>
      <control type="group">
        <control type="scrollbar" id="51360">
          <left>1220</left>
          <top>60</top>
          <width>25</width>
          <height>360</height>
          <texturesliderbackground border="0,14,0,14">ScrollBarV.png</texturesliderbackground>
          <texturesliderbar border="2,16,2,16">ScrollBarV_bar.png</texturesliderbar>
          <texturesliderbarfocus border="2,16,2,16" colordiffuse="mainblue">ScrollBarV_bar_focus.png</texturesliderbarfocus>
          <textureslidernib>ScrollBarNib.png</textureslidernib>
          <textureslidernibfocus>ScrollBarNib.png</textureslidernibfocus>
          <onleft>513</onleft>
          <onright>51361</onright>
          <showonepage>false</showonepage>
          <orientation>vertical</orientation>
          <visible>Control.IsVisible(513)</visible>
        </control>
        <control type="image">
          <left>40</left>
          <top>60</top>
          <width>400</width>
          <height>340</height>
          <aspectratio aligny="bottom">keep</aspectratio>
          <fadetime>IconCrossfadeTime</fadetime>
          <texture background="true">$INFO[ListItem.Icon]</texture>
          <bordertexture border="8">ThumbShadow.png</bordertexture>
          <bordersize>8</bordersize>
        </control>
        <control type="image">
          <left>40</left>
          <top>390</top>
          <width>400</width>
          <height>100</height>
          <aspectratio>stretch</aspectratio>
          <texture>GlassTitleBar.png</texture>
          <colordiffuse>AAFFFFFF</colordiffuse>
        </control>
        <control type="image">
          <left>48</left>
          <top>392</top>
          <width>384</width>
          <height>324</height>
          <aspectratio aligny="top">keep</aspectratio>
          <fadetime>IconCrossfadeTime</fadetime>
          <texture background="true" flipy="true" diffuse="diffuse_mirror2.png">$INFO[ListItem.Icon]</texture>
        </control>
        <control type="image">
          <left>440</left>
          <top>60</top>
          <width>5</width>
          <height>600</height>
          <aspectratio>stretch</aspectratio>
          <texture>separator_vertical.png</texture>
        </control>
        <control type="image">
          <left>440</left>
          <top>440</top>
          <width>800</width>
          <height>4</height>
          <aspectratio>stretch</aspectratio>
          <texture>separator.png</texture>
        </control>
        <control type="label">
          <left>40</left>
          <top>450</top>
          <width>400</width>
          <height>25</height>
          <label>[B]$INFO[ListItem.Artist][/B]</label>
          <scroll>true</scroll>
          <align>center</align>
          <aligny>center</aligny>
          <font>Font_Neon_35</font>
          <textcolor>mainblue</textcolor>
          <shadowcolor>black</shadowcolor>
        </control>
        <control type="label">
          <left>40</left>
          <top>500</top>
          <width>400</width>
          <height>25</height>
          <label>$INFO[ListItem.Album]</label>
          <wrapmultiline>true</wrapmultiline>
          <align>center</align>
          <aligny>center</aligny>
          <font>Font_Neon_24</font>
          <textcolor>grey2</textcolor>
          <shadowcolor>black</shadowcolor>
        </control>
        <control type="label">
          <left>40</left>
          <top>550</top>
          <width>400</width>
          <height>25</height>
          <label>$INFO[ListItem.Genre]</label>
          <scroll>true</scroll>
          <align>center</align>
          <font>Font_Neon_24</font>
          <textcolor>white</textcolor>
          <shadowcolor>black</shadowcolor>
          <wrapmultiline>true</wrapmultiline>
        </control>
        <control type="label">
          <description>Year txt</description>
          <left>40</left>
          <top>600</top>
          <width>400</width>
          <height>25</height>
          <label>$INFO[listitem.Year,[COLOR=mainblue]$LOCALIZE[345]: [/COLOR]]</label>
          <align>center</align>
          <aligny>center</aligny>
          <font>Font_Neon_24</font>
          <textcolor>white</textcolor>
        </control>
        <control type="image">
          <description>Rating value</description>
          <left>165</left>
          <top>630</top>
          <width>150</width>
          <height>30</height>
          <colordiffuse>selected</colordiffuse>
          <texture>CenterRating/$INFO[ListItem.StarRating]</texture>
        </control>
        <control type="image">
          <left>440</left>
          <top>440</top>
          <width>800</width>
          <height>4</height>
          <aspectratio>stretch</aspectratio>
          <texture>separator.png</texture>
        </control>
        <control type="label">
          <description>Description Header txt</description>
          <left>460</left>
          <top>460</top>
          <width>750</width>
          <height>25</height>
          <label>21821</label>
          <align>left</align>
          <aligny>center</aligny>
          <font>Font_Neon_24</font>
          <textcolor>mainblue</textcolor>
          <shadowcolor>black</shadowcolor>
        </control>
        <control type="textbox">
          <description>Description Value for Album</description>
          <left>460</left>
          <top>490</top>
          <width>750</width>
          <height>165</height>
          <font>Font_Neon_20</font>
          <align>justify</align>
          <pagecontrol>51361</pagecontrol>
          <textcolor>white</textcolor>
          <label>$INFO[ListItem.Property(Album_Description)]</label>
          <autoscroll time="2000" delay="3000" repeat="5000">Skin.HasSetting(AutoScroll)</autoscroll>
        </control>
        <control type="scrollbar" id="51361">
          <left>1220</left>
          <top>495</top>
          <width>25</width>
          <height>170</height>
          <texturesliderbackground border="0,14,0,14">ScrollBarV.png</texturesliderbackground>
          <texturesliderbar border="2,16,2,16">ScrollBarV_bar.png</texturesliderbar>
          <texturesliderbarfocus border="2,16,2,16" colordiffuse="mainblue">ScrollBarV_bar_focus.png</texturesliderbarfocus>
          <textureslidernib>ScrollBarNib.png</textureslidernib>
          <textureslidernibfocus>ScrollBarNib.png</textureslidernibfocus>
          <onleft>51360</onleft>
          <onright>2</onright>
          <showonepage>false</showonepage>
          <orientation>vertical</orientation>
          <visible>Control.IsVisible(513)</visible>
        </control>
      </control>
    </control>
  </include>
</includes>