<?xml version="1.0" encoding="UTF-8"?>
<includes>
  <include name="Viewtype_List">
    <control type="group">
      <control type="image">
        <left>0</left>
        <top>-5</top>
        <width>1280</width>
        <height>725</height>
        <texture border="0,5,0,0">ContentPanel4.png</texture>
        <include>VisibleFadeEffect</include>
        <visible>Control.IsVisible(53)</visible>
      </control>
      <visible>Control.IsVisible(53)</visible>
      <include>VisibleFadeEffect</include>
      <control type="fixedlist" id="53">
        <left>660</left>
        <top>60</top>
        <width>580</width>
        <height>601</height>
        <onleft>7000</onleft>
        <onright>60</onright>
        <onup>53</onup>
        <ondown>53</ondown>
        <viewtype label="$LOCALIZE[31137]">list</viewtype>
        <pagecontrol>60</pagecontrol>
        <focusposition>7</focusposition>
        <movement>0</movement>
        <scrolltime>200</scrolltime>
        <itemlayout height="40" width="580">
          <control type="image">
            <left>0</left>
            <top>0</top>
            <width>580</width>
            <height>41</height>
            <texture border="0,2,0,2">MenuItemNF.png</texture>
          </control>
          <control type="label">
            <left>15</left>
            <top>0</top>
            <width>520</width>
            <height>40</height>
            <font>Font_Neon_24</font>
            <textcolor>grey2</textcolor>
            <selectedcolor>white</selectedcolor>
            <align>left</align>
            <aligny>center</aligny>
            <label>$INFO[ListItem.Label]</label>
          </control>
          <control type="label">
            <left>535</left>
            <top>0</top>
            <width>500</width>
            <height>40</height>
            <font>Font_Neon_18</font>
            <textcolor>grey2</textcolor>
            <selectedcolor>white</selectedcolor>
            <align>right</align>
            <aligny>center</aligny>
            <label>$INFO[ListItem.Label2]</label>
          </control>
          <control type="image">
            <left>545</left>
            <top>8</top>
            <width>25</width>
            <height>25</height>
            <texture>dialogs/movies/$INFO[ListItem.Overlay]</texture>
            <visible>Window.IsVisible(Videos) + [[Container.Content(Movies) | Container.Content(MusicVideos) | Container.Content(Files)] + !Skin.HasSetting(DisableMovieOverlays)]
            | [[Container.Content(TVShows) | Container.Content(Episodes) | Container.Content(Seasons)] + !Skin.HasSetting(DisableTvOverlays)]</visible>
          </control>
        </itemlayout>
        <focusedlayout height="40" width="580">
          <control type="image">
            <left>0</left>
            <top>0</top>
            <width>580</width>
            <height>41</height>
            <colordiffuse>mainblue</colordiffuse>
            <texture border="0,2,0,2">MenuItemNF.png</texture>
            <visible>!Control.HasFocus(53)</visible>
            <include>VisibleFadeEffect</include>
          </control>
          <control type="image">
            <left>0</left>
            <top>0</top>
            <width>580</width>
            <height>41</height>
            <colordiffuse>mainblue</colordiffuse>
            <texture flipx="true">MenuItemFOR.png</texture>
            <visible>Control.HasFocus(53)</visible>
            <!--<include>VisibleFadeEffect</include> -->
          </control>
          <!--	<control type="image">
						<left>370</left>
						<top>5</top>
						<width>200</width>
						<height>31</height>
						<colordiffuse>mainblue</colordiffuse>
						<texture border="0,0,14,0">MediaItemDetailBG.png</texture>
						<visible>Control.HasFocus(53) + !IsEmpty(ListItem.Label2)</visible>
					</control> -->
          <control type="label">
            <left>15</left>
            <top>0</top>
            <width>520</width>
            <height>40</height>
            <font>Font_Neon_24</font>
            <textcolor>white</textcolor>
            <selectedcolor>white</selectedcolor>
            <align>left</align>
            <aligny>center</aligny>
            <label>$INFO[ListItem.Label]</label>
          </control>
          <control type="label">
            <left>535</left>
            <top>0</top>
            <width>500</width>
            <height>40</height>
            <font>Font_Neon_18</font>
            <textcolor>white</textcolor>
            <selectedcolor>mainblue</selectedcolor>
            <align>right</align>
            <aligny>center</aligny>
            <label>$INFO[ListItem.Label2]</label>
          </control>
          <control type="image">
            <left>545</left>
            <top>8</top>
            <width>25</width>
            <height>25</height>
            <texture>dialogs/movies/$INFO[ListItem.Overlay]</texture>
            <visible>Window.IsVisible(Videos) + [[Container.Content(Movies) | Container.Content(MusicVideos) | Container.Content(Files)] + !Skin.HasSetting(DisableMovieOverlays)]
            | [[Container.Content(TVShows) | Container.Content(Episodes) | Container.Content(Seasons)] + !Skin.HasSetting(DisableTvOverlays)]</visible>
          </control>
        </focusedlayout>
      </control>
      <control type="scrollbar" id="60">
        <left>1230</left>
        <top>60</top>
        <width>25</width>
        <height>600</height>
        <texturesliderbackground border="0,14,0,14">ScrollBarV.png</texturesliderbackground>
        <texturesliderbar border="0,14,0,14">ScrollBarV_bar.png</texturesliderbar>
        <texturesliderbarfocus border="0,14,0,14" colordiffuse="mainblue">ScrollBarV_bar_focus.png</texturesliderbarfocus>
        <textureslidernib>ScrollBarNib.png</textureslidernib>
        <textureslidernibfocus>ScrollBarNib.png</textureslidernibfocus>
        <onleft>53</onleft>
        <onright>2</onright>
        <showonepage>false</showonepage>
        <orientation>vertical</orientation>
        <visible>Control.IsVisible(53)</visible>
      </control>
      <control type="group">
        <left>50</left>
        <top>60</top>
        <visible>Control.IsVisible(53) + Container.Content(TVShows)</visible>
        <control type="image" id="7017">
          <visible>Container.Content(tvshows)</visible>
          <left>180</left>
          <top>-30</top>
          <width>230</width>
          <height>89</height>
          <align>center</align>
          <aligny>center</aligny>
          <texture background="true">$INFO[ListItem.Art(clearlogo)]</texture>
          <fadetime>100</fadetime>
          <aspectratio scalediffuse="false">stretch</aspectratio>
        </control>
        <control type="label">
          <description>Show Title txt</description>
          <left>0</left>
          <top>30</top>
          <width>600</width>
          <height>15</height>
          <label>$INFO[ListItem.Label]</label>
          <align>center</align>
          <aligny>center</aligny>
          <font>Font_Neon_35</font>
          <textcolor>mainblue</textcolor>
          <shadowcolor>black</shadowcolor>
          <wrapmultiline>true</wrapmultiline>
          <visible>Container.Content(tvshows) + IsEmpty(Control.GetLabel(7017))</visible>
        </control>
        <control type="image">
          <left>0</left>
          <top>60</top>
          <width>600</width>
          <height>340</height>
          <aspectratio aligny="top">keep</aspectratio>
          <fadetime>IconCrossfadeTime</fadetime>
          <texture background="true" fallback="special://skin/backgrounds/tvshows.jpg">$INFO[ListItem.Property(fanart_image)]</texture>
          <bordertexture border="8">ThumbShadow.png</bordertexture>
          <bordersize>8</bordersize>
          <visible>!Skin.HasSetting(FileFanartView)</visible>
        </control>
        <control type="image" id="7018">&gt;
					<left>0</left><top>60</top><width>600</width><height>140</height><aspectratio aligny="bottom">keep</aspectratio><fadetime>IconCrossfadeTime</fadetime><texture background="true">$VAR[BannerThumb]</texture><bordertexture border="8">ThumbShadow.png</bordertexture><bordersize>8</bordersize><visible>Skin.HasSetting(FileFanartView) + !Skin.HasSetting(TVPosters)</visible></control>
        <control type="image">
          <left>0</left>
          <top>60</top>
          <width>600</width>
          <height>140</height>
          <aspectratio aligny="bottom">keep</aspectratio>
          <fadetime>IconCrossfadeTime</fadetime>
          <texture background="true" diffuse="showcase_matte.png">$INFO[ListItem.Icon]</texture>
          <bordersize>8</bordersize>
          <visible>Skin.HasSetting(FileFanartView) + !Skin.HasSetting(TVPosters) + IsEmpty(Control.GetLabel(7018))</visible>
        </control>
        <control type="image">
          <left>8</left>
          <top>162</top>
          <width>584</width>
          <height>140</height>
          <aspectratio aligny="top">keep</aspectratio>
          <fadetime>IconCrossfadeTime</fadetime>
          <texture background="true" flipy="true" diffuse="showcase_matte_reflect.png">$INFO[ListItem.Icon]</texture>
          <visible>Skin.HasSetting(FileFanartView) + !Skin.HasSetting(TVPosters) + IsEmpty(Control.GetLabel(7018))</visible>
        </control>
        <control type="image">
          <left>0</left>
          <top>60</top>
          <width>600</width>
          <height>400</height>
          <aspectratio aligny="bottom">keep</aspectratio>
          <fadetime>IconCrossfadeTime</fadetime>
          <texture background="true" diffuse="showcase_matte.png">$INFO[ListItem.Icon]</texture>
          <bordersize>8</bordersize>
          <visible>Skin.HasSetting(FileFanartView) + Skin.HasSetting(TVPosters)</visible>
        </control>
        <control type="image">
          <left>8</left>
          <top>452</top>
          <width>584</width>
          <height>380</height>
          <aspectratio aligny="top">keep</aspectratio>
          <fadetime>IconCrossfadeTime</fadetime>
          <texture background="true" flipy="true" diffuse="showcase_matte_reflect.png">$INFO[ListItem.Icon]</texture>
          <visible>Skin.HasSetting(FileFanartView) + Skin.HasSetting(TVPosters)</visible>
        </control>
        <control type="group">
          <top>230</top>
          <left>0</left>
          <visible>!Skin.HasSetting(FileFanartView)</visible>
          <control type="label">
            <description>Aired txt</description>
            <left>0</left>
            <top>170</top>
            <width>140</width>
            <height>25</height>
            <label>$LOCALIZE[20416]:</label>
            <align>right</align>
            <aligny>center</aligny>
            <font>Font_Neon_24</font>
            <textcolor>mainblue</textcolor>
          </control>
          <control type="label">
            <description>Aired Value</description>
            <left>150</left>
            <top>170</top>
            <width>440</width>
            <height>25</height>
            <label fallback="416">$INFO[listitem.premiered]</label>
            <align>left</align>
            <aligny>center</aligny>
            <font>Font_Neon_20</font>
            <scroll>true</scroll>
          </control>
          <control type="label">
            <description>Genre txt</description>
            <left>0</left>
            <top>195</top>
            <width>140</width>
            <height>25</height>
            <label>$LOCALIZE[515]:</label>
            <align>right</align>
            <aligny>center</aligny>
            <font>Font_Neon_24</font>
            <textcolor>mainblue</textcolor>
          </control>
          <control type="label">
            <description>Genre Value</description>
            <left>150</left>
            <top>195</top>
            <width>440</width>
            <height>25</height>
            <label fallback="416">$INFO[listitem.Genre]</label>
            <align>left</align>
            <aligny>center</aligny>
            <font>Font_Neon_20</font>
            <scroll>true</scroll>
          </control>
          <control type="label">
            <description>Episodes count txt</description>
            <left>0</left>
            <top>220</top>
            <width>140</width>
            <height>25</height>
            <label>$LOCALIZE[20360]:</label>
            <align>right</align>
            <aligny>center</aligny>
            <font>Font_Neon_24</font>
            <textcolor>mainblue</textcolor>
          </control>
          <control type="label">
            <description>Episodes Value</description>
            <left>150</left>
            <top>220</top>
            <width>440</width>
            <height>25</height>
            <label fallback="416">$INFO[listitem.episode] [COLOR=grey] ($INFO[ListItem.Property(WatchedEpisodes),, $LOCALIZE[16102]] - $INFO[ListItem.Property(UnWatchedEpisodes), , $LOCALIZE[16101]])[/COLOR]</label>
            <align>left</align>
            <aligny>center</aligny>
            <font>Font_Neon_20</font>
            <scroll>true</scroll>
          </control>
          <control type="image">
            <left>0</left>
            <top>232</top>
            <width>550</width>
            <height>4</height>
            <texture>separator.png</texture>
          </control>
          <control type="textbox">
            <description>Description Value for TVShows</description>
            <left>0</left>
            <top>255</top>
            <width>600</width>
            <height>150</height>
            <font>Font_Neon_20</font>
            <align>justify</align>
            <textcolor>white</textcolor>
            <label>$INFO[ListItem.Plot]</label>
            <autoscroll time="2000" delay="3000" repeat="5000">Skin.HasSetting(AutoScroll)</autoscroll>
          </control>
        </control>
        <control type="group">
          <top>60</top>
          <visible>Skin.HasSetting(FileFanartView) + !Skin.HasSetting(TVPosters)</visible>
          <control type="label">
            <description>Aired txt</description>
            <left>0</left>
            <top>170</top>
            <width>140</width>
            <height>25</height>
            <label>$LOCALIZE[20416]:</label>
            <align>right</align>
            <aligny>center</aligny>
            <font>Font_Neon_24</font>
            <textcolor>mainblue</textcolor>
          </control>
          <control type="label">
            <description>Aired Value</description>
            <left>150</left>
            <top>170</top>
            <width>440</width>
            <height>25</height>
            <label fallback="416">$INFO[listitem.premiered]</label>
            <align>left</align>
            <aligny>center</aligny>
            <font>Font_Neon_20</font>
            <scroll>true</scroll>
          </control>
          <control type="label">
            <description>Genre txt</description>
            <left>0</left>
            <top>195</top>
            <width>140</width>
            <height>25</height>
            <label>$LOCALIZE[515]:</label>
            <align>right</align>
            <aligny>center</aligny>
            <font>Font_Neon_24</font>
            <textcolor>mainblue</textcolor>
          </control>
          <control type="label">
            <description>Genre Value</description>
            <left>150</left>
            <top>195</top>
            <width>440</width>
            <height>25</height>
            <label fallback="416">$INFO[listitem.Genre]</label>
            <align>left</align>
            <aligny>center</aligny>
            <font>Font_Neon_20</font>
            <scroll>true</scroll>
          </control>
          <control type="label">
            <description>Episodes count txt</description>
            <left>150</left>
            <top>220</top>
            <width>140</width>
            <height>25</height>
            <label>$LOCALIZE[20360]:</label>
            <align>right</align>
            <aligny>center</aligny>
            <font>Font_Neon_24</font>
            <textcolor>mainblue</textcolor>
          </control>
          <control type="label">
            <description>Episodes Value</description>
            <left>160</left>
            <top>220</top>
            <width>440</width>
            <height>25</height>
            <label fallback="416">$INFO[listitem.episode] [COLOR=grey] ($INFO[ListItem.Property(WatchedEpisodes),, $LOCALIZE[16102]] - $INFO[ListItem.Property(UnWatchedEpisodes), , $LOCALIZE[16101]])[/COLOR]</label>
            <align>left</align>
            <aligny>center</aligny>
            <font>Font_Neon_20</font>
            <scroll>true</scroll>
          </control>
          <control type="image">
            <left>0</left>
            <top>260</top>
            <width>550</width>
            <height>4</height>
            <texture>separator.png</texture>
          </control>
          <control type="textbox">
            <description>Description Value for TVShows</description>
            <left>0</left>
            <top>275</top>
            <width>600</width>
            <height>290</height>
            <font>Font_Neon_20</font>
            <align>justify</align>
            <textcolor>white</textcolor>
            <label>$INFO[ListItem.Plot]</label>
            <autoscroll time="2000" delay="3000" repeat="5000">Skin.HasSetting(AutoScroll)</autoscroll>
          </control>
        </control>
        <control type="group">
          <top>270</top>
          <visible>Skin.HasSetting(FileFanartView) + Skin.HasSetting(TVPosters)</visible>
          <control type="label">
            <description>Aired txt</description>
            <left>10</left>
            <top>195</top>
            <width>140</width>
            <height>25</height>
            <label>$LOCALIZE[20416]:</label>
            <align>right</align>
            <aligny>center</aligny>
            <font>Font_Neon_24</font>
            <textcolor>mainblue</textcolor>
          </control>
          <control type="label">
            <description>Aired Value</description>
            <left>150</left>
            <top>195</top>
            <width>440</width>
            <height>25</height>
            <label fallback="416">$INFO[listitem.premiered]</label>
            <align>left</align>
            <aligny>center</aligny>
            <font>Font_Neon_20</font>
            <scroll>true</scroll>
          </control>
          <control type="label">
            <description>Genre txt</description>
            <left>10</left>
            <top>220</top>
            <width>140</width>
            <height>25</height>
            <label>$LOCALIZE[515]:</label>
            <align>right</align>
            <aligny>center</aligny>
            <font>Font_Neon_24</font>
            <textcolor>mainblue</textcolor>
          </control>
          <control type="label">
            <description>Genre Value</description>
            <left>150</left>
            <top>220</top>
            <width>440</width>
            <height>25</height>
            <label fallback="416">$INFO[listitem.Genre]</label>
            <align>left</align>
            <aligny>center</aligny>
            <font>Font_Neon_20</font>
            <scroll>true</scroll>
          </control>
          <control type="label">
            <description>Episodes txt</description>
            <left>10</left>
            <top>245</top>
            <width>140</width>
            <height>25</height>
            <label>$LOCALIZE[20360]:</label>
            <align>right</align>
            <aligny>center</aligny>
            <font>Font_Neon_24</font>
            <textcolor>mainblue</textcolor>
          </control>
          <control type="label">
            <description>Episodes Value</description>
            <left>10</left>
            <top>245</top>
            <width>440</width>
            <height>25</height>
            <label fallback="416">$INFO[listitem.episode] [COLOR=grey] ($INFO[ListItem.Property(WatchedEpisodes),, $LOCALIZE[16102]] - $INFO[ListItem.Property(UnWatchedEpisodes), , $LOCALIZE[16101]])[/COLOR]</label>
            <align>left</align>
            <aligny>center</aligny>
            <font>Font_Neon_20</font>
            <scroll>true</scroll>
          </control>
          <control type="image">
            <left>0</left>
            <top>260</top>
            <width>550</width>
            <height>4</height>
            <texture>separator.png</texture>
          </control>
          <control type="textbox">
            <description>Description Value for TVShows</description>
            <left>0</left>
            <top>275</top>
            <width>600</width>
            <height>100</height>
            <font>Font_Neon_20</font>
            <align>justify</align>
            <textcolor>white</textcolor>
            <label>$INFO[ListItem.Plot]</label>
            <autoscroll time="2000" delay="3000" repeat="5000">Skin.HasSetting(AutoScroll)</autoscroll>
          </control>
        </control>
      </control>
      <control type="group">
        <left>50</left>
        <top>60</top>
        <visible>Control.IsVisible(53) + Container.Content(Movies)</visible>
        <control type="label">
          <description>Show Title txt</description>
          <left>0</left>
          <top>0</top>
          <width>600</width>
          <height>15</height>
          <label>$INFO[ListItem.Label]</label>
          <align>center</align>
          <aligny>center</aligny>
          <font>Font_Neon_35</font>
          <textcolor>mainblue</textcolor>
          <shadowcolor>black</shadowcolor>
          <wrapmultiline>true</wrapmultiline>
        </control>
        <control type="image">
          <left>0</left>
          <top>30</top>
          <width>600</width>
          <height>340</height>
          <aspectratio aligny="top">keep</aspectratio>
          <fadetime>IconCrossfadeTime</fadetime>
          <texture background="true" fallback="special://skin/backgrounds/movies.jpg">$INFO[ListItem.Property(fanart_image)]</texture>
          <bordertexture border="8">ThumbShadow.png</bordertexture>
          <bordersize>8</bordersize>
          <visible>!Skin.HasSetting(FileFanartView)</visible>
        </control>
        <!-- here -->
        <control type="image">
          <left>0</left>
          <top>30</top>
          <width>600</width>
          <height>480</height>
          <aspectratio>keep</aspectratio>
          <fadetime>IconCrossfadeTime</fadetime>
          <texture background="true" diffuse="showcase_matte.png">$INFO[ListItem.Icon]</texture>
          <bordersize>8</bordersize>
          <visible>Skin.HasSetting(FileFanartView)</visible>
        </control>
        <control type="image">
          <left>8</left>
          <top>502</top>
          <width>584</width>
          <height>464</height>
          <aspectratio aligny="top">keep</aspectratio>
          <fadetime>IconCrossfadeTime</fadetime>
          <texture background="true" flipy="true" diffuse="showcase_matte_reflect.png">$INFO[ListItem.Icon]</texture>
          <visible>Skin.HasSetting(FileFanartView)</visible>
        </control>
        <control type="group">
          <top>200</top>
          <visible>!Skin.HasSetting(FileFanartView)</visible>
          <control type="grouplist">
            <description>Media Codec Flagging Images</description>
            <left>0</left>
            <top>170</top>
            <width>600</width>
            <align>center</align>
            <itemgap>0</itemgap>
            <orientation>horizontal</orientation>
            <include>StudioFlags</include>
            <include>VideoTypeHackFlaggingConditions</include>
            <include>VideoCodecFlaggingConditions</include>
            <include>AspectCodecFlaggingConditions</include>
            <include>AudioCodecFlaggingConditions</include>
            <include>AudioChannelsFlaggingConditions</include>
          </control>
          <control type="image">
            <left>0</left>
            <top>205</top>
            <width>600</width>
            <height>4</height>
            <texture>separator.png</texture>
          </control>
          <control type="label">
            <description>Year txt</description>
            <left>0</left>
            <top>215</top>
            <width>140</width>
            <height>25</height>
            <label>$LOCALIZE[345]:</label>
            <align>right</align>
            <aligny>center</aligny>
            <font>Font_Neon_24</font>
            <textcolor>mainblue</textcolor>
          </control>
          <control type="label">
            <description>Year Value</description>
            <left>150</left>
            <top>215</top>
            <width>440</width>
            <height>25</height>
            <label fallback="416">$INFO[listitem.Year]</label>
            <align>left</align>
            <aligny>center</aligny>
            <font>Font_Neon_20</font>
            <scroll>true</scroll>
          </control>
          <control type="label">
            <description>Genre txt</description>
            <left>0</left>
            <top>240</top>
            <width>140</width>
            <height>25</height>
            <label>$LOCALIZE[515]:</label>
            <align>right</align>
            <aligny>center</aligny>
            <font>Font_Neon_24</font>
            <textcolor>mainblue</textcolor>
          </control>
          <control type="label">
            <description>Genre Value</description>
            <left>150</left>
            <top>240</top>
            <width>440</width>
            <height>25</height>
            <label fallback="416">$INFO[listitem.Genre]</label>
            <align>left</align>
            <aligny>center</aligny>
            <font>Font_Neon_20</font>
            <scroll>true</scroll>
          </control>
          <control type="image">
            <left>0</left>
            <top>275</top>
            <width>550</width>
            <height>4</height>
            <texture>separator.png</texture>
          </control>
          <control type="textbox">
            <description>Description Value for Movie</description>
            <left>0</left>
            <top>270</top>
            <width>600</width>
            <height>132</height>
            <font>Font_Neon_20</font>
            <align>justify</align>
            <textcolor>white</textcolor>
            <label>$INFO[ListItem.Plot]</label>
            <autoscroll time="2000" delay="3000" repeat="5000">Skin.HasSetting(AutoScroll)</autoscroll>
          </control>
        </control>
        <control type="group">
          <top>370</top>
          <visible>Skin.HasSetting(FileFanartView)</visible>
          <control type="grouplist">
            <description>Media Codec Flagging Images</description>
            <left>0</left>
            <top>140</top>
            <width>600</width>
            <align>center</align>
            <itemgap>0</itemgap>
            <orientation>horizontal</orientation>
            <include>StudioFlags</include>
            <include>VideoTypeHackFlaggingConditions</include>
            <include>VideoCodecFlaggingConditions</include>
            <include>AspectCodecFlaggingConditions</include>
            <include>AudioCodecFlaggingConditions</include>
            <include>AudioChannelsFlaggingConditions</include>
          </control>
          <control type="image">
            <left>0</left>
            <top>175</top>
            <width>600</width>
            <height>4</height>
            <texture>separator.png</texture>
          </control>
          <control type="label">
            <description>Year txt</description>
            <left>10</left>
            <top>185</top>
            <width>140</width>
            <height>25</height>
            <label>$LOCALIZE[345]:</label>
            <align>right</align>
            <aligny>center</aligny>
            <font>Font_Neon_24</font>
            <textcolor>mainblue</textcolor>
          </control>
          <control type="label">
            <description>Year Value</description>
            <left>150</left>
            <top>185</top>
            <width>440</width>
            <height>25</height>
            <label fallback="416">$INFO[listitem.Year]</label>
            <align>left</align>
            <aligny>center</aligny>
            <font>Font_Neon_20</font>
            <scroll>true</scroll>
          </control>
          <control type="label">
            <description>Genre txt</description>
            <left>0</left>
            <top>210</top>
            <width>140</width>
            <height>25</height>
            <label>$LOCALIZE[515]:</label>
            <align>right</align>
            <aligny>center</aligny>
            <font>Font_Neon_24</font>
            <textcolor>mainblue</textcolor>
          </control>
          <control type="label">
            <description>Genre Value</description>
            <left>150</left>
            <top>210</top>
            <width>440</width>
            <height>25</height>
            <label fallback="416">$INFO[listitem.Genre]</label>
            <align>left</align>
            <aligny>center</aligny>
            <font>Font_Neon_20</font>
            <scroll>true</scroll>
          </control>
        </control>
      </control>
      <control type="group">
        <left>50</left>
        <top>60</top>
        <visible>Control.IsVisible(53) + Container.Content(Seasons)</visible>
        <control type="label">
          <description>Show Title txt</description>
          <left>0</left>
          <top>0</top>
          <width>600</width>
          <height>15</height>
          <label>$INFO[ListItem.TVShowTitle]</label>
          <align>center</align>
          <aligny>center</aligny>
          <font>Font_Neon_30</font>
          <textcolor>white</textcolor>
          <shadowcolor>black</shadowcolor>
          <wrapmultiline>true</wrapmultiline>
        </control>
        <control type="image">
          <left>0</left>
          <top>30</top>
          <width>600</width>
          <height>480</height>
          <aspectratio>keep</aspectratio>
          <fadetime>IconCrossfadeTime</fadetime>
          <texture background="true" diffuse="showcase_matte.png">$INFO[ListItem.Icon]</texture>
        </control>
        <control type="image">
          <left>8</left>
          <top>502</top>
          <width>584</width>
          <height>464</height>
          <aspectratio aligny="top">keep</aspectratio>
          <fadetime>IconCrossfadeTime</fadetime>
          <texture background="true" flipy="true" diffuse="showcase_matte_reflect.png">$INFO[ListItem.Icon]</texture>
        </control>
        <control type="label">
          <description>Season Title txt</description>
          <left>0</left>
          <top>530</top>
          <width>600</width>
          <height>15</height>
          <label>$INFO[ListItem.Label]</label>
          <align>center</align>
          <aligny>center</aligny>
          <font>Font_Neon_30</font>
          <textcolor>white</textcolor>
          <shadowcolor>black</shadowcolor>
          <wrapmultiline>true</wrapmultiline>
        </control>
        <control type="label">
          <description>Episode Count txt</description>
          <left>0</left>
          <top>560</top>
          <width>600</width>
          <height>15</height>
          <label>$INFO[ListItem.Episode] $LOCALIZE[20453]</label>
          <align>center</align>
          <aligny>center</aligny>
          <font>Font_Neon_18</font>
          <textcolor>white</textcolor>
          <shadowcolor>black</shadowcolor>
          <wrapmultiline>true</wrapmultiline>
        </control>
      </control>
      <control type="group">
        <left>50</left>
        <top>60</top>
        <visible>Control.IsVisible(53) + Container.Content(Episodes)</visible>
        <control type="label">
          <description>Episode txt</description>
          <left>0</left>
          <top>0</top>
          <width>600</width>
          <height>15</height>
          <label>$INFO[ListItem.Title]</label>
          <align>center</align>
          <aligny>center</aligny>
          <font>Font_Neon_30</font>
          <textcolor>white</textcolor>
          <shadowcolor>black</shadowcolor>
          <wrapmultiline>true</wrapmultiline>
        </control>
        <control type="image">
          <left>0</left>
          <top>40</top>
          <width>600</width>
          <height>320</height>
          <aspectratio aligny="bottom">keep</aspectratio>
          <fadetime>IconCrossfadeTime</fadetime>
          <texture background="true" diffuse="showcase_matte.png">$INFO[ListItem.Icon]</texture>
        </control>
        <control type="image">
          <left>8</left>
          <top>352</top>
          <width>584</width>
          <height>304</height>
          <aspectratio aligny="top">keep</aspectratio>
          <fadetime>IconCrossfadeTime</fadetime>
          <texture background="true" flipy="true" diffuse="showcase_matte_reflect.png">$INFO[ListItem.Icon]</texture>
        </control>
        <control type="group">
          <top>200</top>
          <control type="grouplist">
            <description>Media Codec Flagging Images</description>
            <left>0</left>
            <top>160</top>
            <width>600</width>
            <align>center</align>
            <itemgap>0</itemgap>
            <orientation>horizontal</orientation>
            <include>StudioFlags</include>
            <include>VideoTypeHackFlaggingConditions</include>
            <include>VideoCodecFlaggingConditions</include>
            <include>AspectCodecFlaggingConditions</include>
            <include>AudioCodecFlaggingConditions</include>
            <include>AudioChannelsFlaggingConditions</include>
          </control>
          <control type="image">
            <left>0</left>
            <top>200</top>
            <width>600</width>
            <height>4</height>
            <texture>separator.png</texture>
          </control>
          <control type="label">
            <description>Aired txt</description>
            <left>100</left>
            <top>210</top>
            <width>200</width>
            <height>25</height>
            <label>$LOCALIZE[31230]:</label>
            <align>right</align>
            <aligny>center</aligny>
            <font>Font_Neon_24</font>
            <textcolor>mainblue</textcolor>
          </control>
          <control type="label">
            <description>Aired Value</description>
            <left>310</left>
            <top>210</top>
            <width>440</width>
            <height>25</height>
            <label fallback="416">$INFO[listitem.premiered]</label>
            <align>left</align>
            <aligny>center</aligny>
            <font>Font_Neon_20</font>
            <scroll>true</scroll>
          </control>
          <control type="label">
            <description>Episode txt</description>
            <left>100</left>
            <top>235</top>
            <width>200</width>
            <height>25</height>
            <label>$LOCALIZE[20359]:</label>
            <align>right</align>
            <aligny>center</aligny>
            <font>Font_Neon_24</font>
            <textcolor>mainblue</textcolor>
          </control>
          <control type="label">
            <description>Genre Value</description>
            <left>310</left>
            <top>235</top>
            <width>440</width>
            <height>25</height>
            <label fallback="416">$INFO[listitem.Season,,x]$INFO[listitem.Episode]</label>
            <align>left</align>
            <aligny>center</aligny>
            <font>Font_Neon_20</font>
            <scroll>true</scroll>
          </control>
          <control type="image">
            <left>0</left>
            <top>272</top>
            <width>550</width>
            <height>4</height>
            <texture>separator.png</texture>
          </control>
          <control type="textbox">
            <description>Description Value for Episodes</description>
            <left>0</left>
            <top>290</top>
            <width>600</width>
            <height>120</height>
            <font>Font_Neon_20</font>
            <align>justify</align>
            <textcolor>white</textcolor>
            <label>$INFO[ListItem.Plot]</label>
            <autoscroll time="2000" delay="3000" repeat="5000">Skin.HasSetting(AutoScroll)</autoscroll>
          </control>
        </control>
      </control>
      <control type="group">
        <visible>Control.IsVisible(53) + [Window.IsVisible(MusicFiles) | Window.IsVisible(MusicPlaylist) |  Container.Content(Songs) | Container.Content(Albums)]</visible>
        <control type="image">
          <left>140</left>
          <top>70</top>
          <width>400</width>
          <height>300</height>
          <aspectratio aligny="bottom">keep</aspectratio>
          <fadetime>IconCrossfadeTime</fadetime>
          <texture background="true">$INFO[ListItem.Icon]</texture>
          <bordertexture border="8">ThumbShadow.png</bordertexture>
          <bordersize>8</bordersize>
        </control>
        <control type="image">
          <left>140</left>
          <top>360</top>
          <width>400</width>
          <height>100</height>
          <aspectratio>stretch</aspectratio>
          <texture>GlassTitleBar.png</texture>
          <colordiffuse>AAFFFFFF</colordiffuse>
        </control>
        <control type="image">
          <left>148</left>
          <top>362</top>
          <width>384</width>
          <height>284</height>
          <aspectratio aligny="top">keep</aspectratio>
          <fadetime>IconCrossfadeTime</fadetime>
          <texture background="true" flipy="true" diffuse="diffuse_mirror2.png">$INFO[ListItem.Icon]</texture>
        </control>
        <control type="label">
          <left>140</left>
          <top>400</top>
          <width>400</width>
          <height>25</height>
          <label>$INFO[ListItem.Artist]</label>
          <scroll>true</scroll>
          <align>center</align>
          <aligny>center</aligny>
          <font>Font_Neon_35</font>
          <textcolor>mainblue</textcolor>
          <shadowcolor>black</shadowcolor>
        </control>
        <control type="label">
          <left>140</left>
          <top>450</top>
          <width>400</width>
          <height>25</height>
          <label>$INFO[ListItem.Album]</label>
          <wrapmultiline>true</wrapmultiline>
          <align>center</align>
          <aligny>center</aligny>
          <font>Font_Neon_22</font>
          <textcolor>grey2</textcolor>
          <shadowcolor>black</shadowcolor>
        </control>
        <control type="label">
          <left>140</left>
          <top>500</top>
          <width>400</width>
          <height>25</height>
          <label>$INFO[ListItem.Title]</label>
          <scroll>true</scroll>
          <align>center</align>
          <font>Font_Neon_22</font>
          <textcolor>white</textcolor>
          <shadowcolor>black</shadowcolor>
          <wrapmultiline>true</wrapmultiline>
          <visible>!Container.Content(Albums)</visible>
        </control>
        <control type="label">
          <left>140</left>
          <top>500</top>
          <width>400</width>
          <height>25</height>
          <label>$INFO[ListItem.Genre]</label>
          <scroll>true</scroll>
          <align>center</align>
          <font>Font_Neon_22</font>
          <textcolor>white</textcolor>
          <shadowcolor>black</shadowcolor>
          <wrapmultiline>true</wrapmultiline>
          <visible>Container.Content(Albums)</visible>
        </control>
        <control type="label">
          <description>Trackno txt</description>
          <left>140</left>
          <top>560</top>
          <width>400</width>
          <height>25</height>
          <label>$INFO[listitem.TrackNumber,[COLOR=mainblue]$LOCALIZE[31724]: [/COLOR]]</label>
          <align>center</align>
          <aligny>center</aligny>
          <font>Font_Neon_22</font>
          <textcolor>white</textcolor>
          <visible>!Container.Content(Albums)</visible>
        </control>
        <control type="label">
          <description>Year txt</description>
          <left>140</left>
          <top>590</top>
          <width>400</width>
          <height>25</height>
          <label>$INFO[listitem.Year,[COLOR=mainblue]$LOCALIZE[345]: [/COLOR]]</label>
          <align>center</align>
          <aligny>center</aligny>
          <font>Font_Neon_22</font>
          <textcolor>white</textcolor>
        </control>
        <control type="image">
          <description>Rating value</description>
          <left>265</left>
          <top>620</top>
          <width>150</width>
          <height>30</height>
          <texture>LeftRating/$INFO[ListItem.StarRating]</texture>
        </control>
      </control>
      <control type="group">
        <left>140</left>
        <top>70</top>
        <include>VisibleFadeEffect</include>
        <visible>Control.IsVisible(53) + ![Window.IsActive(musicfiles) | Container.Content(movies) | Container.Content(Genres) | Container.Content(tvshows) | Container.Content(seasons) | Container.Content(episodes) | Container.Content(albums) | Container.Content(songs) | [Window.IsActive(musiclibrary) + Skin.HasSetting(music_files_fanart)]]</visible>
        <control type="image">
          <left>0</left>
          <top>0</top>
          <width>360</width>
          <height>540</height>
          <aspectratio aligny="bottom">keep</aspectratio>
          <fadetime>IconCrossfadeTime</fadetime>
          <texture background="true">$VAR[PosterThumb]</texture>
          <bordertexture border="8">ThumbShadow.png</bordertexture>
          <bordersize>8</bordersize>
        </control>
        <control type="image">
          <left>8</left>
          <top>532</top>
          <width>344</width>
          <height>524</height>
          <aspectratio aligny="top">keep</aspectratio>
          <fadetime>IconCrossfadeTime</fadetime>
          <texture diffuse="diffuse_mirror3.png" flipy="true" background="true">$VAR[PosterThumb]</texture>
        </control>
        <control type="image">
          <left>-25</left>
          <top>10</top>
          <width>400</width>
          <height>155</height>
          <texture>$INFO[Skin.String(Music_Folder_Path)]$INFO[ListItem.Artist]/logo.png</texture>
          <aspectratio>keep</aspectratio>
        </control>
      </control>
    </control>
  </include>
</includes>