<?xml version="1.0" encoding="UTF-8"?>
<!--Alaska-->
<includes>
  <include name="Viewtype_Landscape_Fanart">
    <!-- Browser -->
    <control type="image">
      <!-- 1st Background -->
      <visible>Control.IsVisible(633)</visible>
      <left>0</left>
      <top>371</top>
      <width>1280</width>
      <height>355</height>
      <!-- <texture>tv-landscape/landscape_fanart_back.png</texture> -->
      <colordiffuse>mainblue</colordiffuse>
      <texture>mainmenu/home_bottom_backthin.png</texture>
      <aspectratio>stretch</aspectratio>
      <include>Animation_Fade75</include>
    </control>
    <control type="image">
      <!-- 1st Background -->
      <visible>Control.IsVisible(633)</visible>
      <left>0</left>
      <top>371</top>
      <width>1280</width>
      <height>355</height>
      <!-- <texture>tv-landscape/landscape_fanart_back.png</texture> -->
      <texture>mainmenu/home_bottom_align.png</texture>
      <aspectratio>stretch</aspectratio>
      <include>Animation_Fade75</include>
    </control>
    <control type="wraplist" id="633">
      <left>10</left>
      <top>560</top>
      <height>500</height>
      <width>1280</width>
      <onleft>633</onleft>
      <onright>633</onright>
      <onup>7000</onup>
      <include condition="!Skin.HasSetting(3dland_down_plot)">3dland_down_scrollbar</include>
      <include condition="Skin.HasSetting(3dland_down_plot)">3dland_down_plot</include>
      <pagecontrol>6330</pagecontrol>
      <viewtype label="$LOCALIZE[31142]">list</viewtype>
      <orientation>horizontal</orientation>
      <scrolltime>300</scrolltime>
      <focusposition>2</focusposition>
      <preloaditems>2</preloaditems>
      <include>Animation_Viewtype_Landscape_Fanart_FocusArea</include>
      <include>Animation_HiddenByInfo</include>
      <animation effect="slide" start="0,0" end="0,-40" time="400" tween="cubic" easing="inout" condition="Control.HasFocus(6330)">Conditional</animation>
      <visible>!Skin.HasSetting(no_Landscape_Fanart) + [Container.Content(tvshows) | Container.Content(seasons) | Container.Content(episodes)] | Container.Content(artists)</visible>
      <itemlayout width="250" height="225">
        <control type="image">
          <visible>[Container.Content(tvshows) | Container.Content(artists)] + !IsEmpty(ListItem.Title) </visible>
          <left>1</left>
          <top>50</top>
          <width>230</width>
          <height>89</height>
          <texture background="true" fallback="special://skin/backgrounds/fallback.png">$INFO[ListItem.Art(clearlogo)]</texture>
          <fadetime>100</fadetime>
          <animation effect="fade" start="40" end="40" time="0" condition="true">conditional</animation>
          <aspectratio scalediffuse="false">stretch</aspectratio>
        </control>
        <control type="label">
          <visible>[Container.Content(episodes) | Container.Content(artists)] + !IsEmpty(ListItem.Title)</visible>
          <left>0</left>
          <top>100</top>
          <width>230</width>
          <height>89</height>
          <align>center</align>
          <font>Font_Neon_44</font>
          <textcolor>ListTrackF</textcolor>
          <label>$LOCALIZE[20359] $INFO[ListItem.Episode]</label>
        </control>
        <control type="label">
          <visible>Container.Content(artists) | Container.Content(seasons) | [Container.Content(episodes) + IsEmpty(ListItem.Title)] | [Container.Content(tvshows) + IsEmpty(ListItem.Title)]</visible>
          <left>115</left>
          <top>100</top>
          <width>230</width>
          <height>89</height>
          <align>center</align>
          <font>Font_Neon_44</font>
          <textcolor>ListTrackF</textcolor>
          <label>$INFO[ListItem.Label]</label>
        </control>
        <control type="label">
          <left>0</left>
          <top>139</top>
          <width>230</width>
          <height>89</height>
          <align>center</align>
          <font>Font_Neon_16</font>
          <textcolor>ListTrackNF</textcolor>
          <label>-$LOCALIZE[16102]-</label>
          <visible>!Skin.HasSetting(DisableTvOverlays) + Container.Content(tvshows) + stringcompare(ListItem.Overlay,OverlayWatched.png)</visible>
        </control>
        <control type="image">
          <left>15</left>
          <top>127</top>
          <width>200</width>
          <height>4</height>
          <info>ListItem.Overlay</info>
          <colordiffuse>ListTrackF</colordiffuse>
          <aspectratio scalediffuse="false">stretch</aspectratio>
          <visible>!Skin.HasSetting(DisableTvOverlays) + !IsEmpty(ListItem.Overlay) + [Container.Content(seasons) | Container.Content(episodes)]</visible>
        </control>
      </itemlayout>
      <focusedlayout width="280" height="1285">
        <!--<control type="image">
					<left>20</left>
					<top>150</top>
					<width>234</width>
					<height>4</height>
					<texture>tv-landscape/highlight.png</texture>
					<aspectratio scalediffuse="false">stretch</aspectratio>
					<animation effect="zoom" start="130,120,1,1" end="0,0,234,4" time="200" delay="200">Focus</animation>
				</control>-->
        <control type="image">
          <visible>[Container.Content(tvshows) | Container.Content(artists)] + !IsEmpty(ListItem.Title)</visible>
          <left>20</left>
          <top>50</top>
          <width>230</width>
          <height>89</height>
          <texture background="true" fallback="special://skin/backgrounds/fallback.png">$INFO[ListItem.Art(clearlogo)]</texture>
          <fadetime>200</fadetime>
          <aspectratio scalediffuse="false">stretch</aspectratio>
        </control>
        <control type="label">
          <visible>[Container.Content(episodes) | Container.Content(artists)] + !IsEmpty(ListItem.Title)</visible>
          <left>0</left>
          <top>100</top>
          <width>230</width>
          <height>89</height>
          <align>center</align>
          <aligny>bottom</aligny>
          <font>Font_Neon_44</font>
          <textcolor>ffffffff</textcolor>
          <label>[B]$LOCALIZE[20359] $INFO[ListItem.Episode][/B]</label>
        </control>
        <control type="label">
          <visible>Container.Content(artists) | Container.Content(seasons) | [Container.Content(episodes) + IsEmpty(ListItem.Title)] | [Container.Content(tvshows) + IsEmpty(ListItem.Title)]</visible>
          <left>135</left>
          <top>100</top>
          <width>230</width>
          <height>89</height>
          <align>center</align>
          <aligny>bottom</aligny>
          <font>Font_Neon_44</font>
          <textcolor>ffffffff</textcolor>
          <label>[B]$INFO[ListItem.Label][/B]</label>
        </control>
        <control type="label">
          <visible>Container.Content(seasons)</visible>
          <left>135</left>
          <top>100</top>
          <width>230</width>
          <height>89</height>
          <align>center</align>
          <aligny>bottom</aligny>
          <font>Font_Neon_44</font>
          <textcolor>ffffffff</textcolor>
          <label>[B]$INFO[ListItem.Label][/B]</label>
        </control>
        <control type="label">
          <left>0</left>
          <top>139</top>
          <width>230</width>
          <height>89</height>
          <align>center</align>
          <font>Font_Neon_18</font>
          <textcolor>ListTrackNF</textcolor>
          <label>[B]-$LOCALIZE[16102]-[/B]</label>
          <visible>!Skin.HasSetting(DisableTvOverlays) + Container.Content(tvshows) + stringcompare(ListItem.Overlay,OverlayWatched.png)</visible>
        </control>
        <control type="image">
          <left>15</left>
          <top>127</top>
          <width>200</width>
          <height>4</height>
          <info>ListItem.Overlay</info>
          <aspectratio scalediffuse="false">stretch</aspectratio>
          <visible>!Skin.HasSetting(DisableTvOverlays) + !IsEmpty(ListItem.Overlay) + [Container.Content(seasons) | Container.Content(episodes)]</visible>
        </control>
      </focusedlayout>
    </control>
    <control type="group">
      <include>Animation_LandscapeFade</include>
      <include>Animation_HiddenByInfo</include>
      <visible>Control.IsVisible(633) + [Container.Content(seasons) | Container.Content(episodes)]</visible>
      <control type="image">
        <left>0</left>
        <top>0</top>
        <width>1280</width>
        <height>481</height>
        <texture>tv-landscape/landscape_fanart_top.png</texture>
      </control>
      <control type="image" id="37015">
        <left>20</left>
        <top>30</top>
        <width>230</width>
        <height>89</height>
        <texture background="true">$INFO[ListItem.Art(clearlogo)]</texture>
        <fadetime>100</fadetime>
        <aspectratio scalediffuse="false">stretch</aspectratio>
      </control>
      <control type="image" id="39015">
        <left>20</left>
        <top>30</top>
        <width>230</width>
        <height>89</height>
        <texture background="true">$INFO[ListItem.path]../logo.png</texture>
        <fadetime>100</fadetime>
        <aspectratio scalediffuse="false">stretch</aspectratio>
      </control>
      <control type="label">
        <left>20</left>
        <top>30</top>
        <width>1200</width>
        <height>50</height>
        <aligny>center</aligny>
        <font>Font_Neon_50</font>
        <textcolor>mainblue</textcolor>
        <label>[B]$INFO[ListItem.TVShowTitle][/B]</label>
        <visible>IsEmpty(Control.GetLabel(37015)) + IsEmpty(Control.GetLabel(39015))</visible>
      </control>
      <control type="label">
        <left>20</left>
        <top>120</top>
        <width>230</width>
        <height>89</height>
        <align>center</align>
        <font>Font_Neon_26</font>
        <textcolor>white</textcolor>
        <label>[B]$LOCALIZE[20373] $INFO[ListItem.Season][/B]</label>
        <visible>Container.Content(episodes) + !IsEmpty(ListItem.Title)</visible>
      </control>
    </control>
    <control type="group">
      <animation effect="zoom" start="640,0,1,720" end="0,0,1280,720" time="200" delay="200">Visible</animation>
      <animation effect="slide" start="0,0" end="0,-40" time="400" tween="cubic" easing="inout" condition="Control.HasFocus(6330)">Conditional</animation>
      <include>Animation_LandscapeFade</include>
      <include>Animation_HiddenByInfo</include>
      <visible>Control.IsVisible(633) + Container.Content(episodes) + ![Container(633).OnNext | Container(633).OnPrevious]</visible>
      <control type="image">
        <left>288</left>
        <top>302</top>
        <width>752</width>
        <height>420</height>
        <texture>tv-landscape/lanscape_tv_fanart_glow.png</texture>
      </control>
      <control type="image">
        <left>454</left>
        <top>424</top>
        <width>398</width>
        <height>224</height>
        <texture background="true" diffuse="tv-landscape/landscapematteFO.png">$INFO[ListItem.Icon]</texture>
        <fadetime>200</fadetime>
      </control>
      <control type="image">
        <left>454</left>
        <top>424</top>
        <width>398</width>
        <height>224</height>
        <texture>tv-landscape/tv_fanart_land_back.png</texture>
        <visible>!IsEmpty(ListItem.Title)</visible>
      </control>
      <control type="image">
        <left>438</left>
        <top>410</top>
        <width>430</width>
        <height>252</height>
        <texture>tv-landscape/landscapeframeFO.png</texture>
      </control>
      <control type="label">
        <left>460</left>
        <top>612</top>
        <width>390</width>
        <label>[B]$INFO[ListItem.Title][/B]</label>
        <align>center</align>
        <font>Font_Neon_22</font>
        <textcolor>ffffffff</textcolor>
        <visible>!IsEmpty(ListItem.Title)</visible>
      </control>
    </control>
    <control type="group" id="8374">
      <control type="button" id="18374">
        <onleft>633</onleft>
        <onright>633</onright>
        <onup>7000</onup>
        <ondown>633</ondown>
        <visible allowhiddenfocus="true">ControlGroup(8374).HasFocus() + Container.Content(episodes)</visible>
      </control>
    </control>
    <control type="group">
      <include>Animation_LandscapeFade</include>
      <animation effect="slide" start="0,0" end="0,-40" time="400" tween="cubic" easing="inout" condition="Control.HasFocus(6330)">Conditional</animation>
      <animation effect="fade" start="0" end="100" time="400" delay="2400" condition="![Container(633).OnNext | Container(633).OnPrevious]">Conditional</animation>
      <visible>Control.IsVisible(633) + Container.Content(episodes) + !Skin.HasSetting(3dland_down_plot) + !IsEmpty(ListItem.Title) + ![Container(633).OnNext | Container(633).OnPrevious]</visible>
      <control type="image">
        <left>458</left>
        <top>426</top>
        <width>392</width>
        <height>221</height>
        <texture>tv-landscape/fanart_land_plot_back.png</texture>
      </control>
      <control type="textbox">
        <left>460</left>
        <top>424</top>
        <width>386</width>
        <height>188</height>
        <font>Font_KeyboardKeys_Plot</font>
        <textcolor>ffffffff</textcolor>
        <label>$INFO[ListItem.Plot]</label>
        <align>justify</align>
        <autoscroll time="3000" delay="5000" repeat="5000">Skin.HasSetting(autoscroll)</autoscroll>
      </control>
    </control>
    <control type="group">
      <include>Animation_LandscapeFade</include>
      <animation effect="slide" start="0,0" end="0,-40" time="400" tween="cubic" easing="inout" condition="Control.HasFocus(6330)">Conditional</animation>
      <animation effect="fade" start="0" end="100" time="400" delay="200" condition="ControlGroup(8374).HasFocus()">Conditional</animation>
      <visible>Control.IsVisible(633) + Container.Content(episodes) + Skin.HasSetting(3dland_down_plot) + !IsEmpty(ListItem.Title) + ControlGroup(8374).HasFocus()</visible>
      <control type="image">
        <left>458</left>
        <top>426</top>
        <width>392</width>
        <height>221</height>
        <texture>tv-landscape/fanart_land_plot_back.png</texture>
      </control>
      <control type="textbox">
        <left>460</left>
        <top>424</top>
        <width>386</width>
        <height>188</height>
        <font>Font_KeyboardKeys_Plot</font>
        <textcolor>ffffffff</textcolor>
        <label>$INFO[ListItem.Plot]</label>
        <align>justify</align>
        <autoscroll time="3000" delay="5000" repeat="5000">Skin.HasSetting(autoscroll)</autoscroll>
      </control>
    </control>
    <control type="scrollbar" id="6330">
      <include>Animation_ZoomInZoomOut</include>
      <left>100</left>
      <top>900</top>
      <width>1080</width>
      <height>25</height>
      <visible allowhiddenfocus="true">Control.IsVisible(633) + Control.HasFocus(6330)</visible>
      <texturesliderbackground>osd/osd_progress_back1.png</texturesliderbackground>
      <textureslidernibfocus>ScrollBarV_Nib_Focus.png</textureslidernibfocus>
      <onup>633</onup>
      <ondown>633</ondown>
      <showonepage>true</showonepage>
      <orientation>horizontal</orientation>
      <include>Animation_CommonFade</include>
      <animation effect="slide" start="0,0" end="0,-220" time="400" tween="cubic" easing="inout" condition="Control.HasFocus(6330)">Conditional</animation>
    </control>
    <include>Time</include>
  </include>
</includes>