<?xml version="1.0" encoding="UTF-8"?>
<includes>
  <include name="Viewtype_MusicShowcase">
    <control type="image">
      <visible>Control.IsVisible(58) + Skin.HasSetting(MusicShowcaseFanart)</visible>
      <left>0</left>
      <top>0</top>
      <width>1280</width>
      <height>720</height>
      <texture>music/music_backdrop3.png</texture>
    </control>
    <control type="image">
      <visible>Control.IsVisible(58) + !Skin.HasSetting(MusicShowcaseFanart)</visible>
      <left>0</left>
      <top>0</top>
      <width>1280</width>
      <height>720</height>
      <texture>music/music_backdrop5.png</texture>
    </control>
    <control type="label">
      <!--Big Title-->
      <visible>Control.IsVisible(58)</visible>
      <animation effect="slide" start="0,0" end="0,-40" time="0" tween="cubic" easing="inout" condition="Control.IsVisible(58) + Container.Content(movies) + Skin.HasSetting(ShowcaseFanart)">Conditional</animation>
      <left>0</left>
      <top>330</top>
      <width>1280</width>
      <height>50</height>
      <align>center</align>
      <font>Font_Bartowski_BigMusic</font>
      <shadowcolor>678b8b8b</shadowcolor>
      <textcolor>678b8b8b</textcolor>
      <label>$INFO[ListItem.label]</label>
      <include>Animation_Bartowski_Context_Zoom</include>
    </control>
    <control type="image">
      <visible>Control.IsVisible(58) + !Skin.HasSetting(MusicShowcaseFanart)</visible>
      <left>0</left>
      <top>0</top>
      <width>1280</width>
      <height>720</height>
      <!--	<texture>music/music_darkshowcase3.png</texture> -->
    </control>
    <control type="wraplist" id="58">
      <left>-64</left>
      <top>290</top>
      <height>515</height>
      <width>1920</width>
      <onleft>50</onleft>
      <onright>50</onright>
      <onup>7000</onup>
      <ondown>68</ondown>
      <viewtype label="$LOCALIZE[31063]">list</viewtype>
      <orientation>horizontal</orientation>
      <focusposition>3</focusposition>
      <scrolltime>300</scrolltime>
      <preloaditems>2</preloaditems>
      <pagecontrol>68</pagecontrol>
      <include>Animation_ZoomInZoomOut</include>
      <visible>!Skin.HasSetting(no_MusicShowcase) + [Container.Content(artists) | Container.Content(albums) | Window.IsActive(musicfiles)]</visible>
      <itemlayout width="204" height="245">
        <control type="group">
          <left>0</left>
          <top>180</top>
          <control type="image">
            <left>0</left>
            <top>0</top>
            <width>200</width>
            <height>200</height>
            <texture background="true" diffuse="postermatteNF.png">$INFO[ListItem.Icon]</texture>
            <fadetime>200</fadetime>
            <aspectratio scalediffuse="false">stretch</aspectratio>
            <include>Animation_HiddenByInfo</include>
          </control>
          <control type="image">
            <left>-11</left>
            <top>-8</top>
            <width>222</width>
            <height>216</height>
            <texture>posterframeF.png</texture>
            <colordiffuse>89FFFFFF</colordiffuse>
            <include>Animation_HiddenByInfo</include>
            <visible>Skin.HasSetting(MusicShowcaseFanart)</visible>
          </control>
          <control type="image">
            <left>0</left>
            <top>202</top>
            <width>200</width>
            <height>200</height>
            <texture background="true" flipy="true" diffuse="movie-poster/Movie_Thumb_Mask.png">$INFO[ListItem.Icon]</texture>
            <colordiffuse>69FFFFFF</colordiffuse>
            <fadetime>200</fadetime>
            <aspectratio scalediffuse="false">stretch</aspectratio>
            <include>Animation_HiddenByInfo</include>
            <animation type="Conditional" reversible="false" condition="!Skin.HasSetting(MusicShowcaseFanart)">
              <effect type="fade" start="0" end="20" time="0" />
            </animation>
          </control>
          <control type="image">
            <left>-11</left>
            <top>194</top>
            <width>222</width>
            <height>216</height>
            <texture flipy="true">posterframeF.png</texture>
            <colordiffuse>39FFFFFF</colordiffuse>
            <include>Animation_HiddenByInfo</include>
            <animation type="Conditional" reversible="false" condition="!Skin.HasSetting(MusicShowcaseFanart)">
              <effect type="fade" start="0" end="20" time="0" />
            </animation>
          </control>
          <control type="image">
            <!--204 260 -->
            <left>0</left>
            <top>0</top>
            <width>200</width>
            <height>200</height>
            <texture>music/darkoverlay3.png</texture>
            <include>Animation_HiddenByInfo</include>
            <visible>!Skin.HasSetting(MusicShowcaseFanart)</visible>
          </control>
        </control>
      </itemlayout>
      <focusedlayout width="224" height="515">
        <control type="group">
          <left>0</left>
          <top>170</top>
          <control type="image">
            <left>0</left>
            <top>252</top>
            <width>220</width>
            <height>220</height>
            <texture background="true" flipy="true" diffuse="postermatte.png">$INFO[ListItem.Icon]</texture>
            <fadetime>200</fadetime>
            <aspectratio scalediffuse="false">stretch</aspectratio>
            <include>Animation_HiddenByInfo</include>
            <animation type="Focus" reversible="false">
              <effect type="zoom" center="auto" start="90" end="114" time="400" tween="back" easing="out" />
              <effect type="fade" start="0" end="60" />
            </animation>
          </control>
          <control type="image">
            <left>-12</left>
            <top>246</top>
            <width>246</width>
            <height>236</height>
            <texture flipy="true">posterframeF.png</texture>
            <include>Animation_HiddenByInfo</include>
            <animation type="Focus" reversible="false">
              <effect type="zoom" center="auto" start="90" end="114" time="400" tween="back" easing="out" />
              <effect type="fade" start="0" end="20" />
            </animation>
          </control>
          <control type="image">
            <left>-220</left>
            <top>-156</top>
            <width>651</width>
            <height>417</height>
            <texture>music/musci_focus_glow.png</texture>
            <aspectratio scalediffuse="false">stretch</aspectratio>
            <!-- <include>Animation_PosterInfoSlide_Showcase</include> -->
            <animation type="Focus" reversible="false">
              <effect type="fade" start="0" end="60" time="1000" delay="800" />
            </animation>
            <visible>!Skin.HasSetting(MusicShowcaseFanart)</visible>
          </control>
          <control type="image">
            <left>-14</left>
            <top>-16</top>
            <width>250</width>
            <height>250</height>
            <texture background="true" diffuse="postermatte.png">$INFO[ListItem.Icon]</texture>
            <fadetime>200</fadetime>
            <aspectratio scalediffuse="false">stretch</aspectratio>
            <!-- <include>Animation_PosterInfoSlide_Showcase</include> -->
            <animation type="Focus" reversible="false">
              <effect type="zoom" center="auto" start="80" end="100" time="400" tween="back" easing="out" />
            </animation>
          </control>
          <control type="image">
            <left>-29</left>
            <top>-26</top>
            <width>280</width>
            <height>270</height>
            <texture>posterframeF.png</texture>
            <!-- <include>Animation_PosterInfoSlide_Showcase</include> -->
            <animation type="Focus" reversible="false">
              <effect type="zoom" center="auto" start="80" end="100" time="400" tween="back" easing="out" />
              <effect type="fade" start="60" end="60" time="400" />
            </animation>
          </control>
        </control>
      </focusedlayout>
    </control>
    <control type="scrollbar" id="68">
      <include>Animation_ZoomInZoomOut</include>
      <left>100</left>
      <top>900</top>
      <width>1080</width>
      <height>25</height>
      <visible allowhiddenfocus="true">Control.IsVisible(58) + Control.HasFocus(68)</visible>
      <texturesliderbackground>osd/osd_progress_back1.png</texturesliderbackground>
      <textureslidernibfocus>ScrollBarV_Nib_Focus.png</textureslidernibfocus>
      <onup>7000</onup>
      <ondown>50</ondown>
      <showonepage>true</showonepage>
      <orientation>horizontal</orientation>
      <include>Animation_CommonFade</include>
      <animation effect="slide" start="0,0" end="0,-220" time="400" tween="cubic" easing="inout" condition="Control.HasFocus(68)">Conditional</animation>
    </control>
  </include>
</includes>