<?xml version="1.0" encoding="UTF-8"?>
<includes>
  <include name="Viewtype_Logo">
    <control type="image">
      <visible>Control.IsVisible(594)</visible>
      <left>0</left>
      <top>0</top>
      <width>1280</width>
      <height>720</height>
      <texture>tv-landscape/tv-background.png</texture>
      <aspectratio>stretch</aspectratio>
      <include>Animation_BackdropFade</include>
    </control>
    <control type="image">
      <!-- Last Overlay -->
      <visible>Control.IsVisible(594)</visible>
      <left>0</left>
      <top>0</top>
      <width>1280</width>
      <height>720</height>
      <texture>tv-landscape/2nd-overlay.png</texture>
      <aspectratio>stretch</aspectratio>
    </control>
    <!-- Browser -->
    <control type="panel" id="594">
      <left>40</left>
      <top>80</top>
      <width>1280</width>
      <height>700</height>
      <scrolltime>300</scrolltime>
      <orientation>horizontal</orientation>
      <pagecontrol>60</pagecontrol>
      <viewtype label="$LOCALIZE[31141]">Panel</viewtype>
      <onleft>594</onleft>
      <onright>594</onright>
      <onup>7000</onup>
      <ondown>7000</ondown>
      <preloaditems>2</preloaditems>
      <include>Animation_BackdropFade</include>
      <visible>!Skin.HasSetting(no_Logo) + !Container.Content(Movies)</visible>
      <itemlayout width="330" height="160">
        <control type="group">
          <left>0</left>
          <top>0</top>
          <control type="label">
            <visible>IsEmpty(ListItem.Title)</visible>
            <left>115</left>
            <top>50</top>
            <width>230</width>
            <height>89</height>
            <align>center</align>
            <font>Font_Neon_44</font>
            <textcolor>ListTrackF</textcolor>
            <label>[B]$LOCALIZE[31235][/B]</label>
          </control>
          <control type="image">
            <left>0</left>
            <top>0</top>
            <width>230</width>
            <height>89</height>
            <texture background="true" fallback="special://skin/backgrounds/fallback.png">$INFO[ListItem.Art(clearlogo)]</texture>
            <fadetime>100</fadetime>
            <aspectratio scalediffuse="false">stretch</aspectratio>
            <animation effect="fade" start="50" end="50" time="0" condition="true">conditional</animation>
            <visible>!IsEmpty(ListItem.Title)</visible>
          </control>
        </control>
      </itemlayout>
      <focusedlayout width="340" height="140">
        <control type="group">
          <left>10</left>
          <top>0</top>
          <control type="label">
            <visible>IsEmpty(ListItem.Title)</visible>
            <left>115</left>
            <top>50</top>
            <width>230</width>
            <height>89</height>
            <align>center</align>
            <font>Font_Neon_44</font>
            <textcolor>ListTrackF</textcolor>
            <label>[B]$LOCALIZE[31235][/B]</label>
          </control>
          <control type="image">
            <left>0</left>
            <top>0</top>
            <width>300</width>
            <height>116</height>
            <texture background="true" fallback="special://skin/backgrounds/fallback.png">$INFO[ListItem.Art(clearlogo)]</texture>
            <fadetime>100</fadetime>
            <aspectratio scalediffuse="false">stretch</aspectratio>
            <animation type="Focus" reversible="false">
              <effect type="zoom" center="auto" start="70" end="114" time="300" tween="back" easing="out" />
              <effect type="slide" end="-30,-20" time="0" />
            </animation>
            <visible>!IsEmpty(ListItem.Title)</visible>
          </control>
        </control>
      </focusedlayout>
    </control>
  </include>
</includes>