<?xml version="1.0" encoding="UTF-8"?>
<!--Empty-->
<window>
  <defaultcontrol always="true">2</defaultcontrol>
  <coordinates>
    <system>1</system>
    <left>360</left>
    <top>120</top>
  </coordinates>
  <controls>
    <control type="image" id="0">
      <description>Back Panel</description>
      <left>-30</left>
      <top>-30</top>
      <width>620</width>
      <height>500</height>
      <texture>favourites/favourites_panel.png</texture>
      <colordiffuse>FavListPanel</colordiffuse>
    </control>
    <control type="list" id="2">
      <left>10</left>
      <top>40</top>
      <width>500</width>
      <height>382</height>
      <onleft>noop</onleft>
      <onright>noop</onright>
      <onup>2</onup>
      <ondown>2</ondown>
      <itemlayout height="32">
        <control type="image">
          <width>500</width>
          <height>30</height>
          <texture>ButtonNF.png</texture>
        </control>
        <control type="label">
          <left>5</left>
          <width>490</width>
          <height>30</height>
          <info>ListItem.Label</info>
          <scroll>false</scroll>
        </control>
      </itemlayout>
      <focusedlayout height="32">
        <control type="image">
          <width>500</width>
          <height>30</height>
          <texture>ButtonFo.png</texture>
        </control>
        <control type="label">
          <left>5</left>
          <width>490</width>
          <height>30</height>
          <textcolor>TextFocused</textcolor>
          <info>ListItem.Label</info>
        </control>
      </focusedlayout>
    </control>
  </controls>
</window>