<?xml version="1.0" encoding="UTF-8"?>

<window>

	<defaultcontrol always="true">50</defaultcontrol>
	<menucontrol>9000</menucontrol>
		
	<views>50,51,550,551</views>
	
	<controls>
	
		<!--all content-->
		<control type="group">
		
			<!--backgrounds (e.g. fanart-->
			<control type="group">
				<include>CommonBackground</include>
			</control>
			
			<!--views-->
			<control type="group">
				<include>Window_OpenClose_Animation</include>
				<include>CommonRootView</include>
				<!-- view id = 50 -->
				<include>FullWidthList</include>
				<!-- view id = 51 -->
				<include>AddonInfoListView1</include>
				<!-- view id = 550 -->
				<include>AddonInfoThumbView1</include>
				<!-- view id = 551 -->
			</control>
			
			<!--general window furniture-->
			<control type="group">
				<include>Clock</include>
				<include>CommonPageCount</include>
				<include>CommonNowPlaying</include>
				<include>MainWindowMouseButtons</include>
				<include>ScrollOffsetLabel</include>
			</control>
			
			<!--breadcrumbs-->
			<control type="group">
				
				<!--breadcrumb bg-->
				<control type="image">
					<left>64</left>
					<top>60</top>
					<width>500</width>
					<height>45</height>
					<texture colordiffuse="tertiary">backgrounds/white.png</texture>
				</control>
				
				<!--breadcrumb strip-->
				<control type="image">
					<left>60</left>
					<top>60</top>
					<width>4</width>
					<height>45</height>
					<texture colordiffuse="$VAR[Colour.500]">backgrounds/white.png</texture>
				</control>
				
				<!--breadcrumb labels-->
				<control type="grouplist">
					<left>73</left>
					<top>60</top>
					<width>1500</width>
					<height>45</height>
					<orientation>horizontal</orientation>
					<align>left</align>
					<itemgap>8</itemgap>
					
					<control type="label">
						<width min="0" max="120">auto</width>
						<include>WindowTitleCommons</include>
						<label>$LOCALIZE[24001]</label>
					</control>
					
					<control type="label">
						<width min="0" max="385">auto</width>
						<textcolor>$VAR[Colour.500]</textcolor>
						<include>WindowTitleCommons</include>
						<label>[LOWERCASE]$INFO[Container.FolderName][/LOWERCASE]</label>
						<visible>!IsEmpty(Container.FolderName)</visible>
					</control>
					
				</control>
						
				<!--sort method bg-->
				<control type="image">
					<left>64</left>
					<top>110</top>
					<width>225</width>
					<height>34</height>
					<texture colordiffuse="tertiary">backgrounds/white.png</texture>
				</control>
			
				<!--sort method strip-->
				<control type="image">
					<left>60</left>
					<top>110</top>
					<width>4</width>
					<height>34</height>
					<texture colordiffuse="$VAR[Colour.500]">backgrounds/white.png</texture>
				</control>
			
				<!--sort method label-->
				<control type="label">
					<left>73</left>
					<top>110</top>
					<width>300</width>
					<height>34</height>
					<align>left</align>
					<aligny>center</aligny>
					<font>breadcrumb.secondary</font>
					<textcolor>text.primary</textcolor>
					<label>$INFO[Container.SortMethod,$LOCALIZE[31062] ]</label>
				</control>
				
			</control>
			
			<!--fake button to hide left blade-->
			<control type="button" id="73">
				<left>0</left>
				<top>0</top>
				<width>375</width>
				<height>1080</height>
				<label>-</label>
				<font>-</font>
				<texturenofocus>-</texturenofocus>
				<texturefocus>-</texturefocus>
				<visible>ControlGroup(9000).HasFocus | Control.HasFocus(9001) | Control.HasFocus(8999)</visible>
			</control>
			
			<!--dialog fade-->
			<include>BehindDialogFadeOut</include>
			
			<!--view options-->
			<control type="group">
				<left>-375</left>
				<include>SideBladeLeft</include>
				
				<!--buttons grouplist-->
				<control type="grouplist" id="9000">
					<left>10</left>
					<top>100</top>
					<width>375</width>
					<height>975</height>
					<onleft>9000</onleft>
					<onright>50</onright>
					<onup>9000</onup>
					<ondown>9000</ondown>
					<onback>50</onback>
					<itemgap>0</itemgap>
					
					<!--control type="label" id="200">
						<width>375</width>
						<height>52</height>
						<font>font12</font>
						<label>31006</label>
						<textcolor>blue</textcolor>
						<align>center</align>
						<aligny>center</aligny>
					</control-->
					
					<!--view as-->
					<control type="button" id="2">
						<textwidth>352</textwidth>
						<include>ButtonCommonValues</include>
						<label>-</label>
					</control>
					
					<!--sort by-->
					<control type="button" id="3">
						<include>ButtonCommonValues</include>
						<label>103</label>
					</control>
					
					<!--ascending/descending-->
					<control type="togglebutton" id="4">
						<include>ButtonCommonValues</include>
						<label>31051</label>
						<altlabel>31050</altlabel>
						<usealttexture>Container.SortDirection(Ascending)</usealttexture>
					</control>
					
					<!--control type="label" id="201">
						<width>375</width>
						<height>52</height>
						<font>font12</font>
						<label>31026</label>
						<textcolor>blue</textcolor>
						<align>center</align>
						<aligny>center</aligny>
					</control-->
					
					<!--enable auto updates-->
					<control type="button" id="5">
						<include>ButtonCommonValues</include>
						<label>24063</label>
					</control>
					
					<!--no notifications-->
					<control type="radiobutton" id="6">
						<include>ButtonCommonValues</include>
						<label>25000</label>
					</control>
					
					<!--hide foreign addons-->
					<control type="radiobutton" id="7">
						<include>ButtonCommonValues</include>
						<label>25001</label>
					</control>
					
					<!--hide broken-->
					<control type="radiobutton" id="8">
						<include>ButtonCommonValues</include>
						<label>24999</label>
					</control>
					
					<!--check for updates-->
					<control type="button" id="9">
						<include>ButtonCommonValues</include>
						<label>24034</label>
					</control>
					
					<include>CommonNowPlaying_Controls</include>
					
				</control>
				
			</control>
						
		</control>
		
	</controls>
	
</window>