<?xml version="1.0" encoding="UTF-8"?>

<window>

	<defaultcontrol always="true">7</defaultcontrol>

	<controls>
	
		<!--all content-->
		<control type="group">
			<left>-355</left>
			<visible>!Window.IsActive(FileBrowser)</visible>
			<animation effect="slide" start="1650,0" end="0,0" time="400" tween="quadratic" easing="out">WindowOpen</animation>
			<animation effect="slide" start="0,0" end="-1650,0" time="400" tween="quadratic" easing="out">WindowClose</animation>
			
			<animation effect="slide" start="1650,0" end="0,0" time="400" tween="quadratic" easing="out">Visible</animation>
			<animation effect="slide" start="0,0" end="-1650,0" time="400" tween="quadratic" easing="out">Hidden</animation>
		
			<!--background-->
			<control type="image">
				<left>715</left>
				<top>0</top>
				<width>1210</width>
				<height>1080</height>
				<texture colordiffuse="tertiary">backgrounds/white.png</texture>
			</control>
			
			<!--left shadow-->
			<control type="image">
				<left>685</left>
				<top>0</top>
				<width>30</width>
				<height>1080</height>
				<texture flipx="true">sidebarshadow.png</texture>
			</control>
			
			<!--right shadow-->
			<control type="image">
				<left>1925</left>
				<top>0</top>
				<width>30</width>
				<height>1080</height>
				<texture>sidebarshadow.png</texture>
			</control>
				
			<!--title background-->
			<control type="image">
				<left>715</left>
				<top>0</top>
				<width>1210</width>
				<height>185</height>
				<texture background="true" colordiffuse="$VAR[Colour.500]">backgrounds/white.png</texture>
			</control>
				
			<!--sub title background-->
			<control type="image">
				<left>715</left>
				<top>110</top>
				<width>1210</width>
				<height>75</height>
				<texture background="true" colordiffuse="$VAR[Colour.900]">backgrounds/white.png</texture>
			</control>
		
			<!--title shadow-->
			<control type="image">
				<left>715</left>
				<top>110</top>
				<width>1210</width>
				<height>20</height>
				<texture>homeshadow.png</texture>
				<animation effect="fade" start="100" end="75" time="0" condition="true">Conditional</animation>
			</control>
		
			<!--sub title shadow-->
			<control type="image">
				<left>715</left>
				<top>185</top>
				<width>1210</width>
				<height>10</height>
				<texture>homeshadow.png</texture>
				<animation effect="fade" start="100" end="75" time="0" condition="true">Conditional</animation>
			</control>
			
			<!--close window button-->
			<control type="button">
				<left>720</left>
				<top>0</top>
				<width>50</width>
				<height>25</height>
				<label>-</label>
				<font>-</font>
				<onclick>PreviousMenu</onclick>
				<texturefocus>DialogCloseButton-focus.png</texturefocus>
				<texturenofocus>DialogCloseButton.png</texturenofocus>
				<onleft>10</onleft>
				<onright>10</onright>
				<onup>10</onup>
				<ondown>10</ondown>
				<visible>system.getbool(input.enablemouse)</visible>
			</control>
			
			<!--main content-->
			<control type="group">
				<left>715</left>
				<top>0</top>
				
				<!--title-->
				<control type="label">
					<left>60</left>
					<top>25</top>
					<width>1022</width>
					<height>60</height>
					<font>info.title</font>
					<align>left</align>
					<aligny>center</aligny>
					<textcolor>white</textcolor>
					<label>$LOCALIZE[19047]</label>
				</control>
				
				<!--secondary title-->
				<control type="label">
					<left>60</left>
					<top>115</top>
					<width>1022</width>
					<height>60</height>
					<font>breadcrumb</font>
					<align>left</align>
					<aligny>center</aligny>
					<textcolor>white</textcolor>
					<label>$INFO[ListItem.Title]</label>
				</control>
				
				<control type="list" id="49">
					<left>60</left>
					<top>210</top>
					<width>855</width>
					<height>330</height>
					<onleft>49</onleft>
					<onright>49</onright>
					<onup>9000</onup>
					<ondown>60</ondown>
					<pagecontrol>-</pagecontrol>
					<scrolltime>200</scrolltime>
					
					<itemlayout height="30">
					
						<control type="label">
							<left>20</left>
							<top>0</top>
							<width>160</width>
							<height>30</height>
							<font>secondary.info</font>
							<align>left</align>
							<aligny>center</aligny>
							<textcolor>$VAR[Colour.500]</textcolor>
							<selectedcolor>$VAR[Colour.500]</selectedcolor>
							<info>ListItem.Label</info>
						</control>
						
						<control type="label">
							<left>175</left>
							<top>0</top>
							<width>465</width>
							<height>30</height>
							<font>secondary.info</font>
							<align>left</align>
							<aligny>center</aligny>
							<textcolor>text.primary</textcolor>
							<selectedcolor>text.primary</selectedcolor>
							<info>ListItem.Label2</info>
						</control>
						
					</itemlayout>
					
					<focusedlayout height="30">
					
						<control type="image">
							<left>-3</left>
							<top>6</top>
							<width>20</width>
							<height>20</height>
							<visible>Control.HasFocus(49)</visible>
							<texture colordiffuse="$VAR[Colour.500]">buttons/buttoncircle.png</texture>
						</control>
						
						<control type="label">
							<left>20</left>
							<top>0</top>
							<width>160</width>
							<height>30</height>
							<font>secondary.info</font>
							<align>left</align>
							<aligny>center</aligny>
							<textcolor>$VAR[Colour.500]</textcolor>
							<selectedcolor>$VAR[Colour.500]</selectedcolor>
							<info>ListItem.Label</info>
						</control>
						
						<control type="label">
							<left>175</left>
							<top>0</top>
							<width>465</width>
							<height>30</height>
							<font>secondary.info</font>
							<align>left</align>
							<aligny>center</aligny>
							<textcolor>text.primary</textcolor>
							<selectedcolor>text.primary</selectedcolor>
							<info>ListItem.Label2</info>
							<scroll>true</scroll>
						</control>
						
					</focusedlayout>
					
					<content>
					
						<item>
							<label>$LOCALIZE[21442]:</label>
							<label2>$INFO[ListItem.EpisodeName]</label2>
							<onclick>noop</onclick>
							<visible>!IsEmpty(ListItem.EpisodeName)</visible>
						</item>
						
						<item>
							<label>$LOCALIZE[20373]:</label>
							<label2>$INFO[ListItem.Season]</label2>
							<onclick>noop</onclick>
							<visible>!IsEmpty(ListItem.Season)</visible>
						</item>
						
						<item>
							<label>$LOCALIZE[20359]:</label>
							<label2>$INFO[ListItem.Episode]</label2>
							<onclick>noop</onclick>
							<visible>!IsEmpty(ListItem.Episode)</visible>
						</item>
						
						<item>
							<label>$LOCALIZE[19148]:</label>
							<label2>$INFO[ListItem.ChannelName]</label2>
							<onclick>noop</onclick>
						</item>
						
						<item>
							<label>$LOCALIZE[142]</label>
							<label2>$INFO[ListItem.StartTime] - $INFO[ListItem.EndTime] ($INFO[ListItem.StartDate])</label2>
							<onclick>noop</onclick>
						</item>
						
						<item>
							<label>$LOCALIZE[180]:</label>
							<label2>$INFO[ListItem.Duration]</label2>
							<onclick>noop</onclick>
						</item>
						
						<item>
							<label>$LOCALIZE[515]:</label>
							<label2>$INFO[ListItem.Genre]</label2>
							<onclick>noop</onclick>
						</item>
						
						<item>
							<label>$LOCALIZE[20417]:</label>
							<label2>$INFO[ListItem.Writer]</label2>
							<onclick>noop</onclick>
							<visible>!IsEmpty(ListItem.Writer)</visible>
						</item>
						
						<item>
							<label>$LOCALIZE[20339]:</label>
							<label2>$INFO[ListItem.Director]</label2>
							<onclick>noop</onclick>
							<visible>!IsEmpty(ListItem.Director)</visible>
						</item>
						
						<item>
							<label>$LOCALIZE[206]:</label>
							<label2>$INFO[ListItem.Cast]</label2>
							<onclick>noop</onclick>
							<visible>!IsEmpty(ListItem.Cast)</visible>
						</item>
						
					</content>
					
				</control>
				
				<control type="label">
					<left>490</left>
					<top>540</top>
					<width>600</width>
					<height>45</height>
					<font>secondary.info.light</font>
					<textcolor>text.primary</textcolor>
					<scroll>true</scroll>
					<align>right</align>
					<aligny>center</aligny>
					<label>[COLOR=$VAR[Colour.500]]$LOCALIZE[207][/COLOR]$INFO[Container(400).CurrentPage, ( $LOCALIZE[31024] ]$INFO[Container(400).NumPages,/, )]</label>
				</control>
				
				<control type="spincontrol" id="60">
					<description>Next page button</description>
					<left>1090</left>
					<top>547</top>
					<subtype>page</subtype>
					<font>-</font>
					<onleft>60</onleft>
					<onright>60</onright>
					<ondown>9000</ondown>
					<onup>49</onup>
					<textcolor>-</textcolor>
					<showonepage>true</showonepage>
					<textureupfocus colordiffuse="$VAR[Colour.500]">scroll-up-2.png</textureupfocus>
					<texturedownfocus colordiffuse="$VAR[Colour.500]">scroll-down-2.png</texturedownfocus>
				</control>
				
				<control type="textbox" id="400">
					<description>Plot value</description>
					<left>60</left>
					<top>587</top>
					<width>1090</width>
					<height>400</height>
					<font>label</font>
					<align>justify</align>
					<textcolor>text.primary</textcolor>
					<pagecontrol>60</pagecontrol>
					<label fallback="161">$INFO[ListItem.Plot]</label>
				</control>
				
				<!--buttons bg-->
				<control type="image">
					<left>0</left>
					<top>1010</top>
					<width>1210</width>
					<height>70</height>
					<texture colordiffuse="primary">backgrounds/white.png</texture>
				</control>
		
				<!--buttons shadow-->
				<control type="image">
					<left>0</left>
					<top>1010</top>
					<width>1210</width>
					<height>10</height>
					<texture>homeshadow.png</texture>
					<animation effect="fade" start="100" end="75" time="0" condition="true">Conditional</animation>
				</control>
				
			</control>
			
			<!--bottom buttons-->
			<control type="grouplist" id="9000">
				<left>715</left>
				<top>1015</top>
				<width>1210</width>
				<height>60</height>
				<align>justify</align>
				<orientation>horizontal</orientation>
				<onleft>9000</onleft>
				<onright>9000</onright>
				<onup>60</onup>
				<ondown>49</ondown>
				
				<!--browse button-->
				<include name="AnimatedCircleButtonGroup">
					<param name="button-id" value="4" />
					<param name="button-width" value="180" />
					<param name="button-visible" value="Window.IsActive(PVRGuideInfo)" />
					<param name="button-texture" value="browsebutton" />
					<param name="button-label" value="19003" />
					<param name="button-onup" value="60" />
					<param name="button-ondown" value="49" />
					<param name="button-onleft" value="7" />
					<param name="button-onright" value="5" />
				</include>
				
				<!--switch button-->
				<include name="AnimatedCircleButtonGroup">
					<param name="button-id" value="5" />
					<param name="button-width" value="130" />
					<param name="button-visible" value="Window.IsActive(PVRGuideInfo)" />
					<param name="button-texture" value="refreshbutton" />
					<param name="button-label" value="19165" />
					<param name="button-onup" value="60" />
					<param name="button-ondown" value="49" />
					<param name="button-onleft" value="4" />
					<param name="button-onright" value="8" />
				</include>
				
				<!--play button-->
				<include name="AnimatedCircleButtonGroup">
					<param name="button-id" value="8" />
					<param name="button-width" value="210" />
					<param name="button-visible" value="Window.IsActive(PVRGuideInfo)" />
					<param name="button-texture" value="playbutton" />
					<param name="button-label" value="19687" />
					<param name="button-onup" value="60" />
					<param name="button-ondown" value="49" />
					<param name="button-onleft" value="5" />
					<param name="button-onright" value="6" />
				</include>
				
				<!--record button-->
				<include name="AnimatedCircleButtonGroup">
					<param name="button-id" value="6" />
					<param name="button-width" value="180" />
					<param name="button-visible" value="Window.IsActive(PVRGuideInfo)" />
					<param name="button-texture" value="recordbutton" />
					<param name="button-onup" value="60" />
					<param name="button-ondown" value="49" />
					<param name="button-onleft" value="8" />
					<param name="button-onright" value="7" />
				</include>
				
				<!--ok button-->
				<include name="AnimatedCircleButtonGroup">
					<param name="button-id" value="7" />
					<param name="button-width" value="130" />
					<param name="button-texture" value="yesbutton" />
					<param name="button-label" value="186" />
					<param name="button-onup" value="60" />
					<param name="button-ondown" value="49" />
					<param name="button-onleft" value="6" />
					<param name="button-onright" value="4" />
				</include>
				
			</control>
			
		</control>
		
	</controls>
	
</window>