<?xml version="1.0" encoding="UTF-8"?>

<window>

	<defaultcontrol always="true">50</defaultcontrol>
	<menucontrol>9000</menucontrol>
		
	<views>50,51,500,550,551,560,501,508,504,503,515,505,511</views>
	
	<controls>
	
		<!--all content-->
		<control type="group">
		
			<!--backgrounds (e.g. fanart-->
			<control type="group">
				<include>CommonBackground</include>
			</control>
			
			<!--views-->
			<control type="group">
				<visible>!Window.IsActive(MovieInformation)</visible>
				<include>Window_OpenClose_Animation</include>
				<include>CommonRootView</include>
				<!-- view id = 50 -->
				<include>FullWidthList</include>
				<!-- view id = 51 -->
				<include>ThumbnailView</include>
				<!-- view id = 500 -->
				<include>PosterWrapView</include>
				<!-- view id = 501 -->
				<include>PosterWrapView2_Fanart</include>
				<!-- view id = 508 -->
				<include>MediaListView3</include>
				<!-- view id = 503 -->
				<include>MediaListView2</include>
				<!-- view id = 504 -->
				<include>MediaListView4</include>
				<!-- view id = 515 -->
				<include>WideIconView</include>
				<!-- view id = 505 -->
				<include>MusicVideoInfoListView</include>
				<!-- view id = 511 -->
				<include>AddonInfoListView1</include>
				<!-- view id = 550 -->
				<include>AddonInfoThumbView1</include>
				<!-- view id = 551 -->
				<include>LiveTVView1</include>
				<!-- view id = 560 -->
			</control>
			
			<!--general window furniture-->
			<control type="group">
				<include>Clock</include>
				<include>CommonPageCount</include>
				<include>CommonNowPlaying</include>
				<include>MainWindowMouseButtons</include>
				<include>ScrollOffsetLabel</include>
			</control>
			
			<!--breadcrumbs-->
			<control type="group">
				
				<!--breadcrumb bg-->
				<control type="image">
					<left>64</left>
					<top>60</top>
					<width>500</width>
					<height>45</height>
					<texture colordiffuse="tertiary">backgrounds/white.png</texture>
				</control>
				
				<!--breadcrumb strip-->
				<control type="image">
					<left>60</left>
					<top>60</top>
					<width>4</width>
					<height>45</height>
					<texture colordiffuse="$VAR[Colour.500]">backgrounds/white.png</texture>
				</control>
				
				<!--breadcrumb labels-->
				<control type="grouplist">
					<left>73</left>
					<top>60</top>
					<width>1500</width>
					<height>45</height>
					<orientation>horizontal</orientation>
					<align>left</align>
					<itemgap>8</itemgap>
					
					<control type="label">
						<width min="0" max="100">auto</width>
						<include>WindowTitleCommons</include>
						<label>$LOCALIZE[3]</label>
					</control>
					
					<control type="label">
						<width min="0" max="385">auto</width>
						<textcolor>$VAR[Colour.500]</textcolor>
						<include>WindowTitleCommons</include>
						<label>[LOWERCASE]$INFO[Container.FolderName][/LOWERCASE]</label>
						<visible>!IsEmpty(Container.FolderName)</visible>
					</control>
					
				</control>
						
				<!--sort method bg-->
				<control type="image">
					<left>64</left>
					<top>110</top>
					<width>225</width>
					<height>34</height>
					<texture colordiffuse="tertiary">backgrounds/white.png</texture>
				</control>
			
				<!--sort method strip-->
				<control type="image">
					<left>60</left>
					<top>110</top>
					<width>4</width>
					<height>34</height>
					<texture colordiffuse="$VAR[Colour.500]">backgrounds/white.png</texture>
				</control>
			
				<!--sort method label-->
				<control type="label">
					<left>73</left>
					<top>110</top>
					<width>300</width>
					<height>34</height>
					<align>left</align>
					<aligny>center</aligny>
					<font>breadcrumb.secondary</font>
					<textcolor>text.primary</textcolor>
					<label>$INFO[Container.SortMethod,$LOCALIZE[31062] ]</label>
				</control>
				
			</control>
			
			<!--fake button to hide left blade-->
			<control type="button" id="73">
				<left>0</left>
				<top>0</top>
				<width>375</width>
				<height>1080</height>
				<label>-</label>
				<font>-</font>
				<texturenofocus>-</texturenofocus>
				<texturefocus>-</texturefocus>
				<visible>ControlGroup(9000).HasFocus | Control.HasFocus(9001) | Control.HasFocus(8999)</visible>
			</control>
			
			<!--dialog fade-->
			<include>BehindDialogFadeOut</include>
			
			<!--view options-->
			<control type="group">
				<left>-375</left>
				<include>SideBladeLeft</include>
				
				<!--buttons grouplist-->
				<control type="grouplist" id="9000">
					<left>10</left>
					<top>100</top>
					<width>375</width>
					<height>975</height>
					<onleft>9000</onleft>
					<onright>50</onright>
					<onup>9000</onup>
					<ondown>9000</ondown>
					<onback>50</onback>
					<itemgap>0</itemgap>
					
					<!--control type="label" id="200">
						<width>375</width>
						<height>52</height>
						<font>font12</font>
						<label>31006</label>
						<textcolor>$VAR[Colour.500]</textcolor>
						<align>left</align>
						<aligny>center</aligny>
					</control-->
					
					<!--view as-->
					<control type="button" id="2">
						<textwidth>352</textwidth>
						<include>ButtonCommonValues</include>
						<label>-</label>
					</control>
					
					<!--sort by-->
					<control type="button" id="3">
						<include>ButtonCommonValues</include>
						<label>103</label>
					</control>
					
					<!--ascending/descending-->
					<control type="togglebutton" id="4">
						<include>ButtonCommonValues</include>
						<label>31051</label>
						<altlabel>31050</altlabel>
						<usealttexture>Container.SortDirection(Ascending)</usealttexture>
					</control>
					
					<!--filter basic-->
					<control type="edit" id="19">
						<visible>!Container.CanFilterAdvanced</visible>
						<textwidth>345</textwidth>
						<include>ButtonCommonValues</include>
						<label>587</label>
					</control>
					
					<!--filter advanced-->
					<control type="radiobutton" id="98">
						<visible>Container.CanFilterAdvanced</visible>
						<include>ButtonCommonValues</include>
						<label>587</label>
						<selected>Container.Filtered</selected>
						<onclick>right</onclick>
						<onclick>Filter</onclick>
					</control>
					
					<!--show info (508)-->
					<control type="radiobutton" id="99">
						<textwidth>255</textwidth>
						<include>ButtonCommonValues</include>
						<label>31005</label>
						<onclick>Skin.ToggleSetting(View508HideInfo)</onclick>
						<selected>Skin.HasSetting(View508HideInfo)</selected>
						<visible>Control.IsVisible(508)</visible>
					</control>
					
					<!--hide fanart-->
					<control type="radiobutton" id="30">
						<label>31119</label>
						<include>ButtonCommonValues</include>
						<onclick>Skin.ToggleSetting(HideBackGroundFanart)</onclick>
						<selected>Skin.HasSetting(HideBackGroundFanart)</selected>
					</control>
					
					<!--show extra fanart-->
					<control type="radiobutton" id="31">
						<label>31066</label>
						<include>ButtonCommonValues</include>
						<onclick>Skin.ToggleSetting(ExtraFanart)</onclick>
						<selected>Skin.HasSetting(ExtraFanart)</selected>
						<enable>!Skin.HasSetting(HideBackGroundFanart)</enable>
					</control>
					
					<!--choose colour-->
					<control type="button" id="32">
						<label>$LOCALIZE[31919]</label>
						<include>ButtonCommonValues</include>
						<onclick>SetFocus(50)</onclick>
						<onclick>ActivateWindow(1100)</onclick>
					</control>
					
					<!--control type="label" id="201">
						<width>375</width>
						<height>52</height>
						<font>font12</font>
						<label>31026</label>
						<textcolor>$VAR[Colour.500]</textcolor>
						<align>left</align>
						<aligny>center</aligny>
					</control-->
					
					<!--watched toggle-->
					<control type="radiobutton" id="14">
						<textwidth>255</textwidth>
						<include>ButtonCommonValues</include>
						<label>20367</label>
					</control>
					
					<!--search-->
					<control type="button" id="8">
						<include>ButtonCommonValues</include>
						<label>137</label>
					</control>
					
					<!--party mode-->
					<control type="radiobutton" id="16">
						<label>589</label>
						<include>ButtonCommonValues</include>
						<visible>Container.Content(MusicVideos)</visible>
					</control>
					
					<!--unlock shares-->
					<control type="radiobutton" id="11">
						<textwidth>255</textwidth>
						<include>ButtonCommonValues</include>
						<label>20336</label>
						<onclick>xbmc.mastermode</onclick>
						<selected>system.ismaster</selected>
						<visible>system.haslocks</visible>
					</control>
					
					<!--control type="label" id="203">
						<width>375</width>
						<height>52</height>
						<font>font12</font>
						<label>31039</label>
						<textcolor>$VAR[Colour.500]</textcolor>
						<align>left</align>
						<aligny>center</aligny>
					</control-->
					
					<!--update library-->
					<control type="togglebutton" id="20">
						<textwidth>352</textwidth>
						<include>ButtonCommonValues</include>
						<label>653</label>
						<altlabel>13353</altlabel>
						<usealttexture>library.isscanningvideo</usealttexture>
					</control>
					
					<!--now playing controls-->
					<include>CommonNowPlaying_Controls</include>
					
				</control>
				
			</control>
		
		</control>
		
	</controls>
	
</window>