<?xml version="1.0" encoding="UTF-8"?>
<window>

	<defaultcontrol always="true">22</defaultcontrol>
		
	<controls>
	
		<!--all content-->
		<control type="group">
			<visible>!Window.IsVisible(smartplaylistrule)</visible>
			<left>-355</left>
			<animation effect="slide" start="1650,0" end="0,0" time="400" tween="quadratic" easing="out">WindowOpen</animation>
			<animation effect="slide" start="0,0" end="-1650,0" time="400" tween="quadratic" easing="out">WindowClose</animation>
			
			<animation effect="slide" start="-1650,0" end="0,0" time="400" tween="quadratic" easing="out">Visible</animation>
			<animation effect="slide" start="0,0" end="-1650,0" time="400" tween="quadratic" easing="out">Hidden</animation>
			
			<animation effect="slide" start="0,0" end="-35,0" time="300" condition="Window.IsActive(ShutdownMenu)">Conditional</animation>
		
			<!--background-->
			<control type="image">
				<left>715</left>
				<top>0</top>
				<width>1210</width>
				<height>1080</height>
				<texture colordiffuse="tertiary">backgrounds/white.png</texture>
			</control>
			
			<!--shadow-->
			<control type="image">
				<left>685</left>
				<top>0</top>
				<width>30</width>
				<height>1080</height>
				<texture flipx="true">sidebarshadow.png</texture>
			</control>
			
			<!--right shadow-->
			<control type="image">
				<left>1925</left>
				<top>0</top>
				<width>30</width>
				<height>1080</height>
				<texture>sidebarshadow.png</texture>
			</control>
				
			<!--title background-->
			<control type="image">
				<left>715</left>
				<top>0</top>
				<width>1210</width>
				<height>110</height>
				<texture background="true" colordiffuse="$VAR[Colour.500]">backgrounds/white.png</texture>
			</control>
		
			<!--title shadow-->
			<control type="image">
				<left>715</left>
				<top>110</top>
				<width>1210</width>
				<height>20</height>
				<texture>homeshadow.png</texture>
				<animation effect="fade" start="100" end="75" time="0" condition="true">Conditional</animation>
			</control>
			
			<!--buttons bg-->
			<control type="image">
				<left>715</left>
				<top>1010</top>
				<width>1210</width>
				<height>70</height>
				<texture colordiffuse="primary">backgrounds/white.png</texture>
			</control>

			<!--buttons shadow-->
			<control type="image">
				<left>715</left>
				<top>1010</top>
				<width>1210</width>
				<height>10</height>
				<texture>homeshadow.png</texture>
				<animation effect="fade" start="100" end="75" time="0" condition="true">Conditional</animation>
			</control>
			
			<!--close window button-->
			<control type="button">
				<left>720</left>
				<top>0</top>
				<width>50</width>
				<height>25</height>
				<label>-</label>
				<font>-</font>
				<onclick>PreviousMenu</onclick>
				<texturefocus>DialogCloseButton-focus.png</texturefocus>
				<texturenofocus>DialogCloseButton.png</texturenofocus>
				<onleft>9000</onleft>
				<onright>9000</onright>
				<onup>9000</onup>
				<ondown>9000</ondown>
				<visible>system.getbool(input.enablemouse)</visible>
			</control>
			
			<!--main content-->
			<control type="group">
				<left>720</left>
				<top>45</top>
				
				<!--title-->
				<control type="label" id="2">
					<left>40</left>
					<top>-20</top>
					<width>1545</width>
					<height>60</height>
					<font>info.title</font>
					<align>left</align>
					<aligny>center</aligny>
					<textcolor>white</textcolor>
					<label>-</label>
				</control>

				<control type="spincontrolex" id="22">
					<description>Set Playlist type</description>
					<left>45</left>
					<top>105</top>
					<width>1110</width>
					<height>60</height>
					<label>467</label>
					<texturenofocus border="5" colordiffuse="text.primary">button-nofocus.png</texturenofocus>
					<onright>22</onright>
					<onleft>22</onleft>
					<onup>9001</onup>
					<ondown>12</ondown>
				</control>
				
				<control type="label">
					<description>Name Label</description>
					<left>45</left>
					<top>180</top>
					<width>1110</width>
					<label>21433</label>
					<textcolor>$VAR[Colour.500]</textcolor>
				</control>
				
				<control type="edit" id="12">
					<description>Name Button</description>
					<left>45</left>
					<top>218</top>
					<width>1110</width>
					<height>60</height>
					<textoffsetx>15</textoffsetx>
					<textwidth>1080</textwidth>
					<align>center</align>
					<texturenofocus border="5" colordiffuse="text.primary">button-nofocus.png</texturenofocus>
					<label>-</label>
					<onup>22</onup>
					<onleft>12</onleft>
					<onright>12</onright>
					<ondown>10</ondown>
				</control>
				
				<control type="label">
					<description>rules label</description>
					<left>45</left>
					<top>300</top>
					<width>1110</width>
					<align>left</align>
					<label>21434</label>
					<textcolor>$VAR[Colour.500]</textcolor>
				</control>
				
				<control type="list" id="10">
					<description>Rules List Control</description>
					<left>45</left>
					<top>338</top>
					<width>825</width>
					<height>202</height>
					<onup>12</onup>
					<onleft>9000</onleft>
					<onright>9000</onright>
					<ondown>16</ondown>
					
					<itemlayout width="840" height="68">
					
						<control type="image">
							<left>0</left>
							<top>0</top>
							<width>825</width>
							<height>60</height>
							<texture border="5" colordiffuse="text.primary">button-nofocus.png</texture>
						</control>
						
						<control type="label">
							<left>15</left>
							<top>0</top>
							<width>795</width>
							<height>60</height>
							<aligny>center</aligny>
							<info>ListItem.Label</info>
							<selectedcolor>selected</selectedcolor>
						</control>
						
					</itemlayout>
					
					<focusedlayout width="840" height="68">
					
						<control type="image">
							<left>0</left>
							<top>0</top>
							<width>825</width>
							<height>60</height>
							<texture colordiffuse="$VAR[Colour.500]">backgrounds/white.png</texture>
							<visible>Control.HasFocus(10)</visible>
						</control>
						
						<control type="image">
							<left>0</left>
							<top>0</top>
							<width>825</width>
							<height>60</height>
							<texture border="5" colordiffuse="text.primary">button-nofocus.png</texture>
							<visible>!Control.HasFocus(10)</visible>
						</control>
						
						<control type="label">
							<left>15</left>
							<top>0</top>
							<width>795</width>
							<height>60</height>
							<aligny>center</aligny>
							<info>ListItem.Label</info>
							<selectedcolor>selected</selectedcolor>
							<textcolor>white</textcolor>
							<visible>Control.HasFocus(10)</visible>
						</control>
						
						<control type="label">
							<left>15</left>
							<top>0</top>
							<width>795</width>
							<height>60</height>
							<aligny>center</aligny>
							<info>ListItem.Label</info>
							<selectedcolor>selected</selectedcolor>
							<visible>!Control.HasFocus(10)</visible>
						</control>
						
					</focusedlayout>
					
				</control>
				
				<control type="group" id="9000">
					<left>885</left>
					<top>338</top>
					
					<control type="button" id="13">
						<description>Add Rule Button</description>
						<left>0</left>
						<top>0</top>
						<width>270</width>
						<height>60</height>
						<label>15019</label>
						<align>center</align>
						<aligny>center</aligny>
						<texturenofocus border="5" colordiffuse="text.primary">button-nofocus.png</texturenofocus>
						<onup>17</onup>
						<onleft>10</onleft>
						<onright>10</onright>
						<ondown>14</ondown>
					</control>
					
					<control type="button" id="14">
						<description>Remove Rule Button</description>
						<left>0</left>
						<top>68</top>
						<height>60</height>
						<width>270</width>
						<label>1210</label>
						<align>center</align>
						<aligny>center</aligny>
						<texturenofocus border="5" colordiffuse="text.primary">button-nofocus.png</texturenofocus>
						<onup>13</onup>
						<onleft>10</onleft>
						<onright>10</onright>
						<ondown>15</ondown>
					</control>
					
					<control type="button" id="15">
						<description>Edit Rule Button</description>
						<left>0</left>
						<top>135</top>
						<height>60</height>
						<width>270</width>
						<label>21435</label>
						<align>center</align>
						<aligny>center</aligny>
						<texturenofocus border="5" colordiffuse="text.primary">button-nofocus.png</texturenofocus>
						<onup>14</onup>
						<onleft>10</onleft>
						<onright>10</onright>
						<ondown>16</ondown>
					</control>
					
				</control>
				
				<control type="label">
					<description>Name Label</description>
					<left>45</left>
					<top>555</top>
					<width>1110</width>
					<label>31325</label>
					<textcolor>$VAR[Colour.500]</textcolor>
				</control>
				
				<control type="spincontrolex" id="16">
					<left>45</left>
					<top>592</top>
					<width>1110</width>
					<height>60</height>
					<label>21424</label>
					<texturenofocus border="5" colordiffuse="text.primary">button-nofocus.png</texturenofocus>
					<onright>16</onright>
					<onleft>16</onleft>
					<onup>10</onup>
					<ondown>17</ondown>
				</control>
				
				<control type="spincontrolex" id="17">
					<left>45</left>
					<top>660</top>
					<width>1110</width>
					<height>60</height>
					<label>21427</label>
					<texturenofocus border="5" colordiffuse="text.primary">button-nofocus.png</texturenofocus>
					<onright>17</onright>
					<onleft>17</onleft>
					<onup>16</onup>
					<ondown>18</ondown>
				</control>
				
				<control type="spincontrolex" id="18">
					<left>45</left>
					<top>728</top>
					<width>825</width>
					<height>60</height>
					<label>21429</label>
					<texturenofocus border="5" colordiffuse="text.primary">button-nofocus.png</texturenofocus>
					<onright>19</onright>
					<onleft>19</onleft>
					<onup>17</onup>
					<ondown>23</ondown>
				</control>
				
				<control type="togglebutton" id="19">
					<left>885</left>
					<top>728</top>
					<width>270</width>
					<height>60</height>
					<align>center</align>
					<aligny>center</aligny>
					<label>21431</label>
					<altlabel>21430</altlabel>
					<texturenofocus border="5" colordiffuse="text.primary">button-nofocus.png</texturenofocus>
					<alttexturenofocus border="5" colordiffuse="text.primary">button-nofocus.png</alttexturenofocus>
					<onright>18</onright>
					<onleft>18</onleft>
					<onup>17</onup>
					<ondown>24</ondown>
				</control>
				
				<control type="spincontrolex" id="23">
					<left>45</left>
					<top>795</top>
					<width>825</width>
					<height>60</height>
					<label>21458</label>
					<texturenofocus border="5" colordiffuse="text.primary">button-nofocus.png</texturenofocus>
					<onright>24</onright>
					<onleft>24</onleft>
					<onup>18</onup>
					<ondown>9001</ondown>
				</control>
				
				<control type="radiobutton" id="24">
					<left>885</left>
					<top>795</top>
					<width>270</width>
					<height>60</height>
					<align>center</align>
					<aligny>center</aligny>
					<texturenofocus border="5" colordiffuse="text.primary">button-nofocus.png</texturenofocus>
					<label>21459</label>
					<onright>23</onright>
					<onleft>23</onleft>
					<onup>19</onup>
					<ondown>9001</ondown>
				</control>
				
				<!--bottom buttons-->
				<control type="grouplist" id="9001">
					<left>100</left>
					<top>970</top>
					<width>1000</width>
					<height>60</height>
					<align>justify</align>
					<orientation>horizontal</orientation>
					<onleft>9001</onleft>
					<onright>9001</onright>
					<onup>23</onup>
					<ondown>22</ondown>
					
					<!--ok button-->
					<include name="AnimatedCircleButtonGroup">
						<param name="button-id" value="20" />
						<param name="button-width" value="130" />
						<param name="button-texture" value="yesbutton" />
						<param name="button-label" value="186" />
						<param name="button-onup" value="23" />
						<param name="button-ondown" value="22" />
						<param name="button-onleft" value="21" />
						<param name="button-onright" value="21" />
					</include>
					
					<!--cancel button-->
					<include name="AnimatedCircleButtonGroup">
						<param name="button-id" value="21" />
						<param name="button-width" value="180" />
						<param name="button-texture" value="nobutton" />
						<param name="button-label" value="222" />
						<param name="button-onup" value="23" />
						<param name="button-ondown" value="22" />
						<param name="button-onleft" value="20" />
						<param name="button-onright" value="20" />
					</include>
					
				</control>
				
			</control>
			
		</control>
		
	</controls>
	
</window>