<?xml version="1.0" encoding="UTF-8"?>

<window>

	<defaultcontrol always="true">10</defaultcontrol>
	
	<animation type="WindowOpen">
		<effect type="slide" start="0,665" end="0,0" time="300" tween="quadratic" easing="out" />
	</animation>
	
	<animation type="WindowClose">
		<effect type="slide" start="0,0" end="0,-765" time="300" tween="quadratic" easing="out" />
	</animation>
	
	<controls>
	
		<!--all content-->
		<control type="group">
			
			<!--title bars and backgrounds-->
			<include name="DynamicDialogBackground">
				<param name="dialog-top" value="385" />
				<param name="dialog-height" value="310" />
				<param name="glow-height" value="390" />
				<param name="title-height" value="90" />
				<param name="buttonbar-visible" value="true" />
				<param name="buttonbar-top" value="240" />
			</include>
			
			<!--close button-->
			<control type="button">
				<description>Close Window button</description>
				<left>5</left>
				<top>385</top>
				<width>50</width>
				<height>25</height>
				<label>-</label>
				<font>-</font>
				<onclick>PreviousMenu</onclick>
				<texturefocus>DialogCloseButton-focus.png</texturefocus>
				<texturenofocus>DialogCloseButton.png</texturenofocus>
				<onleft>10</onleft>
				<onright>10</onright>
				<onup>10</onup>
				<ondown>10</ondown>
				<visible>system.getbool(input.enablemouse)</visible>
			</control>
			
			<!--title-->
			<control type="label" id="1"> <!--1-->
				<left>60</left>
				<top>400</top>
				<width>1800</width>
				<height>60</height>
				<font>menu.title</font>
				<align>center</align>
				<aligny>center</aligny>
				<textcolor>white</textcolor>
				<label>$LOCALIZE[13406]</label>
			</control>
			
			<!--message-->
			<control type="textbox" id="9"> <!--9-->
				<left>60</left>
				<top>475</top>
				<width>1800</width>
				<height>150</height>
				<align>center</align>
				<aligny>center</aligny>
				<label>-</label>
				<font>label</font>
				<textcolor>text.primary</textcolor>
				<autoscroll time="3000" delay="4000" repeat="5000">true</autoscroll>
			</control>
			
			<!--bottom buttons-->
			<control type="grouplist" id="9001">
				<left>600</left>
				<top>630</top>
				<width>750</width>
				<height>60</height>
				<align>justify</align>
				<orientation>horizontal</orientation>
				<onleft>9001</onleft>
				<onright>9001</onright>
				
				<!--yes button-->
				<include name="AnimatedCircleButtonGroup">
					<param name="button-id" value="11" />
					<param name="button-width" value="130" />
					<param name="button-texture" value="yesbutton" />
					<param name="button-onleft" value="10" />
					<param name="button-onright" value="10" />
				</include>
				
				<!--no button-->
				<include name="AnimatedCircleButtonGroup">
					<param name="button-id" value="10" />
					<param name="button-width" value="160" />
					<param name="button-texture" value="nobutton" />
					<param name="button-label" value="106" />
					<param name="button-onleft" value="11" />
					<param name="button-onright" value="11" />
				</include>

			</control>
			
		</control>
		
	</controls>
	
</window>