<?xml version="1.0" encoding="UTF-8"?>

<window>

	<defaultcontrol>-</defaultcontrol>
	<include>dialogeffect</include>
	
	<controls>
	
		<control type="group">
			<left>105r</left>
			<top>60</top>
			
			<!--glow-->
			<control type="image" id="122">
				<left>-10</left>
				<top>-10</top>
				<width>65</width>
				<height>65</height>
				<texture colordiffuse="tertiary">backgrounds/mute.png</texture>
			</control>
			
			<!--background-->
			<control type="image" id="122">
				<left>0</left>
				<top>0</top>
				<width>45</width>
				<height>45</height>
				<texture colordiffuse="tertiary">backgrounds/white.png</texture>
			</control>
			
			<!--mute icon-->
			<control type="image">
				<description>Back Icon</description>
				<left>0</left>
				<top>0</top>
				<width>45</width>
				<height>45</height>
				<aspectratio>keep</aspectratio>
				<texture colordiffuse="text.primary">icon-mute.png</texture>
			</control>
		
		</control>
		
	</controls>
	
</window>