<?xml version="1.0" encoding="UTF-8"?>

<window>

	<defaultcontrol always="true">5</defaultcontrol>

	<controls>
	
		<!--all content-->
		<control type="group">
			<visible>!Window.IsActive(FileBrowser) + !Window.IsActive(ShutdownMenu)</visible>
			<animation effect="slide" start="850,0" end="0,0" time="400" tween="quadratic" easing="out">WindowOpen</animation>
			<animation effect="slide" start="0,0" end="850,0" time="400" tween="quadratic" easing="out">WindowClose</animation>
			
			<animation effect="slide" start="850,0" end="0,0" time="400" tween="quadratic" easing="out">Visible</animation>
			<animation effect="slide" start="0,0" end="850,0" time="400" tween="quadratic" easing="out">Hidden</animation>
			
			<!--title bars and backgrounds-->
			<include name="DynamicDialogBackground">
				<param name="dialog-left" value="1100" />
				<param name="dialog-width" value="820" />
				<param name="glow-width" value="910" />
				<param name="title-height" value="90" />
				<param name="buttonbar-visible" value="true" />
			</include>
			
			<!--close window button-->
			<control type="button">
				<left>1105</left>
				<top>0</top>
				<width>50</width>
				<height>25</height>
				<label>-</label>
				<font>-</font>
				<onclick>PreviousMenu</onclick>
				<texturefocus>DialogCloseButton-focus.png</texturefocus>
				<texturenofocus>DialogCloseButton.png</texturenofocus>
				<onleft>9000</onleft>
				<onright>9000</onright>
				<onup>9000</onup>
				<ondown>9000</ondown>
				<visible>system.getbool(input.enablemouse)</visible>
			</control>
			
			<!--main content-->
			<control type="group">
				<left>1100</left>
				<top>0</top>
				
				<!--title-->
				<control type="label" id="2">
					<left>15</left>
					<top>15</top>
					<width>790</width>
					<height>60</height>
					<font>menu.title</font>
					<align>right</align>
					<aligny>center</aligny>
					<textcolor>white</textcolor>
					<label>587</label>
				</control>

				<!--options-->
				<control type="grouplist" id="5">
					<description>control area</description>
					<left>10</left>
					<top>105</top>
					<width>800</width>
					<height>840</height>
					<itemgap>0</itemgap>
					<pagecontrol>-</pagecontrol>
					<onup>5</onup>
					<ondown>9001</ondown>
					<onleft>9001</onleft>
					<onright>9001</onright>
				</control>
				
			</control>
			
			<!--bottom buttons-->
			<control type="grouplist" id="9001">
				<left>1135</left>
				<top>1015</top>
				<width>750</width>
				<height>60</height>
				<align>justify</align>
				<orientation>horizontal</orientation>
				<onleft>9001</onleft>
				<onright>9001</onright>
				<onup>5</onup>
				<ondown>5</ondown>
				
				<!--ok button-->
				<include name="AnimatedCircleButtonGroup">
					<param name="button-id" value="28" />
					<param name="button-width" value="130" />
					<param name="button-texture" value="yesbutton" />
					<param name="button-label" value="186" />
					<param name="button-onup" value="5" />
					<param name="button-ondown" value="5" />
					<param name="button-onleft" value="27" />
					<param name="button-onright" value="27" />
				</include>
				
				<!--cancel button-->
				<include name="AnimatedCircleButtonGroup">
					<param name="button-id" value="27" />
					<param name="button-width" value="160" />
					<param name="button-texture" value="nobutton" />
					<param name="button-label" value="192" />
					<param name="button-onup" value="5" />
					<param name="button-ondown" value="5" />
					<param name="button-onleft" value="28" />
					<param name="button-onright" value="28" />
				</include>

			</control>
			
		</control>
		
		<!--button-->
		<control type="button" id="7">
			<left>0</left>
			<top>0</top>
		</control>
		
		<!--radio button-->
		<control type="radiobutton" id="8">
			<left>0</left>
			<top>0</top>
		</control>
		
		<!--spin control-->
		<control type="spincontrolex" id="9">
			<left>0</left>
			<top>0</top>
			<reverse>yes</reverse>
		</control>
		
		<!--edit-->
		<control type="edit" id="12">
			<left>0</left>
			<top>0</top>
		</control>
		
		<!--slider-->
		<control type="sliderex" id="13">
			<left>0</left>
			<top>0</top>
		</control>

	</controls>
	
</window>