<?xml version="1.0" encoding="UTF-8" standalone="yes"?>
<addon id="kodi.repo.bumpaneer"
    name="Bumpaneer's Repository"
    version="1.0.1"
    provider-name="Bumpaneer">
    <requires>
      <import addon="xbmc.addon" version="12.0.0"/>
    </requires>
    <extension point="xbmc.addon.repository"
      name="Bumpaneer's Add-on Repository">
      <dir minversion="14.0.0">
        <info compressed="true">http://github.com/bumpaneer/kodi.repo.bumpaneer/raw/master/helix/addons.xml</info>
        <checksum>http://github.com/bumpaneer/kodi.repo.bumpaneer/raw/master/helix/addons.xml.md5</checksum>
        <datadir zip="true">https://github.com/bumpaneer/kodi.repo.bumpaneer/raw/master/helix</datadir>
        <hashes>true</hashes>
      </dir>
      <dir minversion="14.9.0">
        <info compressed="true">http://github.com/bumpaneer/kodi.repo.bumpaneer/raw/master/isengard/addons.xml</info>
        <checksum>http://github.com/bumpaneer/kodi.repo.bumpaneer/raw/master/isengard/addons.xml.md5</checksum>
        <datadir zip="true">https://github.com/bumpaneer/kodi.repo.bumpaneer/raw/master/isengard</datadir>
        <hashes>true</hashes>
      </dir>
    </extension>
    <extension point="xbmc.addon.metadata">
      <summary lang="en">Bumpaneers's Add-ons for XBMC</summary>
      <description lang="en">Download and install Add-ons for XBMC.</description>
      <disclaimer lang="en">-</disclaimer>
      <platform>all</platform>
    </extension>
</addon>