<?xml version="1.0" encoding="UTF-8"?>
<includes>
	<include name="WeatherMapAlerts">
		<control type="group">
			<visible>StringCompare(Window.Property(Weather.CurrentView),map)</visible>
			<include>VisibleFadeEffect</include>
			<control type="button" id="999">
				<description>Hidden Button for focus</description>
				<left>-900</left>
				<top>-30</top>
				<width>1</width>
				<height>1</height>
				<texturenofocus>-</texturenofocus>
				<texturefocus>-</texturefocus>
				<onleft>9000</onleft>
				<onright>9000</onright>
			</control>
			<control type="label">
				<description>header label</description>
				<left>30</left>
				<top>22</top>
				<width>915</width>
				<height>45</height>
				<font>font13_title</font>
				<label>31910</label>
				<align>center</align>
				<aligny>center</aligny>
				<textcolor>white</textcolor>
				<shadowcolor>black</shadowcolor>
			</control>
			<control type="image">
				<description>Background image</description>
				<left>60</left>
				<top>112</top>
				<width>855</width>
				<height>488</height>
				<texture border="5">button-nofocus.png</texture>
			</control>
			<control type="multiimage">
				<description>map multiimage</description>
				<left>68</left>
				<top>120</top>
				<width>840</width>
				<height>472</height>
				<imagepath>$INFO[Window.Property(MapPath)]</imagepath>
				<timeperimage>500</timeperimage>
				<pauseatend>1000</pauseatend>
				<fadetime>0</fadetime>
				<randomize>false</randomize>
				<loop>yes</loop>
				<aspectratio>keep</aspectratio>
				<aligny>center</aligny>
			</control>
			<control type="image">
				<left>0</left>
				<top>615</top>
				<width>975</width>
				<height>6</height>
				<texture>separator.png</texture>
			</control>
			<control type="label">
				<left>60</left>
				<top>645</top>
				<width>855</width>
				<height>45</height>
				<font>font13_title</font>
				<textcolor>blue</textcolor>
				<align>center</align>
				<aligny>center</aligny>
				<label>$LOCALIZE[33050]</label>
			</control>
			<control type="group">
				<visible>!StringCompare(Window.Property(Alerts.Count),0)</visible>
				<control type="textbox">
					<left>60</left>
					<top>705</top>
					<width>855</width>
					<height>150</height>
					<font>font12</font>
					<textcolor>white</textcolor>
					<selectedcolor>selected</selectedcolor>
					<align>center</align>
					<label>$INFO[Window.Property(Alerts)]</label>
					<autoscroll time="2000" delay="3000" repeat="5000">Skin.HasSetting(AutoScroll)</autoscroll>
				</control>
			</control>
			<control type="label">
				<left>60</left>
				<top>750</top>
				<width>855</width>
				<height>45</height>
				<font>font13_title</font>
				<textcolor>white</textcolor>
				<align>center</align>
				<aligny>center</aligny>
				<label>$LOCALIZE[19055]</label>
				<visible>StringCompare(Window.Property(Alerts.Count),0)</visible>
			</control>
		</control>
	</include>
</includes>