<?xml version="1.0" encoding="UTF-8"?>
<includes>
	<include name="WeatherWeekendForcast">
		<control type="group">
			<visible>StringCompare(Window.Property(Weather.CurrentView),weekend)</visible>
			<include>VisibleFadeEffect</include>
			<control type="button" id="998">
				<description>Hidden Button for focus</description>
				<left>-900</left>
				<top>-30</top>
				<width>1</width>
				<height>1</height>
				<texturenofocus>-</texturenofocus>
				<texturefocus>-</texturefocus>
				<onleft>9000</onleft>
				<onright>9000</onright>
			</control>
			<control type="label">
				<description>header label</description>
				<left>30</left>
				<top>22</top>
				<width>915</width>
				<height>45</height>
				<font>font13_title</font>
				<label>31903</label>
				<align>center</align>
				<aligny>center</aligny>
				<textcolor>white</textcolor>
				<shadowcolor>black</shadowcolor>
			</control>
			<control type="label">
				<left>0</left>
				<top>300</top>
				<width>900</width>
				<height>45</height>
				<font>font13</font>
				<textcolor>white</textcolor>
				<align>center</align>
				<aligny>center</aligny>
				<label>$LOCALIZE[31909]</label>
				<visible>IsEmpty(Window.Property(Weekend.IsFetched))</visible>
			</control>
			<control type="group">
				<left>30</left>
				<top>75</top>
				<visible>!IsEmpty(Window.Property(Weekend.IsFetched))</visible>
				<include>VisibleFadeEffect</include>
				<control type="group">
					<left>0</left>
					<top>0</top>
					<control type="label">
						<left>0</left>
						<top>8</top>
						<width>900</width>
						<height>45</height>
						<font>font13_title</font>
						<textcolor>blue</textcolor>
						<align>center</align>
						<aligny>center</aligny>
						<label>$INFO[Window.Property(Weekend.1.LongDay)] - $INFO[Window.Property(Weekend.1.ShortDate)]</label>
					</control>
					<control type="image">
						<left>15</left>
						<top>30</top>
						<width>195</width>
						<height>240</height>
						<aspectratio>keep</aspectratio>
						<texture>$INFO[Window.Property(Weekend.1.OutlookIcon)]</texture>
					</control>
					<control type="label">
						<left>210</left>
						<top>60</top>
						<width>150</width>
						<height>75</height>
						<font>font13_title</font>
						<textcolor>white</textcolor>
						<selectedcolor>selected</selectedcolor>
						<align>center</align>
						<aligny>center</aligny>
						<label>[COLOR=grey2]$LOCALIZE[393][CR][/COLOR]$INFO[Window.Property(Weekend.1.HighTemperature),[B] ,[/B]]</label>
					</control>
					<control type="label">
						<left>210</left>
						<top>150</top>
						<width>150</width>
						<height>75</height>
						<font>font13_title</font>
						<textcolor>white</textcolor>
						<selectedcolor>selected</selectedcolor>
						<align>center</align>
						<aligny>center</aligny>
						<label>[COLOR=grey2]$LOCALIZE[391][CR][/COLOR]$INFO[Window.Property(Weekend.1.LowTemperature),[B] ,[/B]]</label>
					</control>
					<control type="textbox">
						<left>360</left>
						<top>60</top>
						<width>525</width>
						<height>195</height>
						<font>font12</font>
						<textcolor>white</textcolor>
						<align>right</align>
						<label>$INFO[Window.Property(Weekend.1.Humidity),[COLOR=grey2]$LOCALIZE[406] :[/COLOR][B] ,[/B]][CR][CR]$INFO[Window.Property(Weekend.1.ShortWindDirection),[COLOR=grey2]$LOCALIZE[404] :[/COLOR][B] ,[/B]][CR][CR]$INFO[Window.Property(Weekend.1.Precipitation),[COLOR=grey2]$LOCALIZE[33021] :[/COLOR][B] ,[/B]]</label>
					</control>
					<control type="label">
						<left>0</left>
						<top>255</top>
						<width>885</width>
						<height>30</height>
						<font>font12</font>
						<textcolor>white</textcolor>
						<selectedcolor>selected</selectedcolor>
						<align>center</align>
						<aligny>center</aligny>
						<label>$INFO[Window.Property(Weekend.1.Outlook),[COLOR=grey2]$LOCALIZE[33030]: [/COLOR]]</label>
					</control>
					<control type="textbox">
						<left>0</left>
						<top>315</top>
						<width>885</width>
						<height>105</height>
						<font>font12</font>
						<textcolor>white</textcolor>
						<selectedcolor>selected</selectedcolor>
						<align>center</align>
						<label>$INFO[Window.Property(Weekend.1.LongOutlookDay),[COLOR=grey2]$LOCALIZE[31905]: [/COLOR]][CR]</label>
					</control>
					<control type="image">
						<left>0</left>
						<top>405</top>
						<width>975</width>
						<height>6</height>
						<texture>separator.png</texture>
					</control>
				</control>
				<control type="group">
					<left>0</left>
					<top>420</top>
					<control type="label">
						<left>0</left>
						<top>8</top>
						<width>900</width>
						<height>45</height>
						<font>font13_title</font>
						<textcolor>blue</textcolor>
						<align>center</align>
						<aligny>center</aligny>
						<label>$INFO[Window.Property(Weekend.2.LongDay)] - $INFO[Window.Property(Weekend.2.ShortDate)]</label>
					</control>
					<control type="image">
						<left>15</left>
						<top>30</top>
						<width>195</width>
						<height>240</height>
						<aspectratio>keep</aspectratio>
						<texture>$INFO[Window.Property(Weekend.2.OutlookIcon)]</texture>
					</control>
					<control type="label">
						<left>210</left>
						<top>60</top>
						<width>150</width>
						<height>75</height>
						<font>font13_title</font>
						<textcolor>white</textcolor>
						<selectedcolor>selected</selectedcolor>
						<align>center</align>
						<aligny>center</aligny>
						<label>[COLOR=grey2]$LOCALIZE[393][CR][/COLOR]$INFO[Window.Property(Weekend.2.HighTemperature),[B] ,[/B]]</label>
					</control>
					<control type="label">
						<left>210</left>
						<top>150</top>
						<width>150</width>
						<height>75</height>
						<font>font13_title</font>
						<textcolor>white</textcolor>
						<selectedcolor>selected</selectedcolor>
						<align>center</align>
						<aligny>center</aligny>
						<label>[COLOR=grey2]$LOCALIZE[391][CR][/COLOR]$INFO[Window.Property(Weekend.2.LowTemperature),[B] ,[/B]]</label>
					</control>
					<control type="textbox">
						<left>360</left>
						<top>60</top>
						<width>525</width>
						<height>195</height>
						<font>font12</font>
						<textcolor>white</textcolor>
						<align>right</align>
						<label>$INFO[Window.Property(Weekend.2.Humidity),[COLOR=grey2]$LOCALIZE[406] :[/COLOR][B] ,[/B]][CR][CR]$INFO[Window.Property(Weekend.2.ShortWindDirection),[COLOR=grey2]$LOCALIZE[404] :[/COLOR][B] ,[/B]][CR][CR]$INFO[Window.Property(Weekend.2.Precipitation),[COLOR=grey2]$LOCALIZE[33021] :[/COLOR][B] ,[/B]]</label>
					</control>
					<control type="label">
						<left>0</left>
						<top>255</top>
						<width>885</width>
						<height>30</height>
						<font>font12</font>
						<textcolor>white</textcolor>
						<selectedcolor>selected</selectedcolor>
						<align>center</align>
						<aligny>center</aligny>
						<label>$INFO[Window.Property(Weekend.2.Outlook),[COLOR=grey2]$LOCALIZE[33030]: [/COLOR]]</label>
					</control>
					<control type="textbox">
						<left>0</left>
						<top>315</top>
						<width>885</width>
						<height>105</height>
						<font>font12</font>
						<textcolor>white</textcolor>
						<selectedcolor>selected</selectedcolor>
						<align>center</align>
						<label>$INFO[Window.Property(Weekend.2.LongOutlookDay),[COLOR=grey2]$LOCALIZE[31905]: [/COLOR]][CR]</label>
					</control>
				</control>
			</control>
		</control>
	</include>
</includes>