<?xml version="1.0" encoding="UTF-8"?>

<window>

	<defaultcontrol always="true">13</defaultcontrol>
	
	<controls>
	
		<!--all content-->
		<control type="group">
			<left>-355</left>
			<visible>!Window.IsVisible(FileBrowser)</visible>
			<animation effect="slide" start="1650,0" end="0,0" time="400" tween="quadratic" easing="out">WindowOpen</animation>
			<animation effect="slide" start="0,0" end="1650,0" time="400" tween="quadratic" easing="out">WindowClose</animation>
			
			<animation effect="slide" start="-1700,0" end="0,0" time="400" tween="quadratic" easing="out">Visible</animation>
			<animation effect="slide" start="0,0" end="-1700,0" time="400" tween="quadratic" easing="out">Hidden</animation>
			
			<animation effect="slide" start="0,0" end="-35,0" time="300" condition="Window.IsActive(ShutdownMenu)">Conditional</animation>

			<!--title bars and backgrounds-->
			<control type="group">
			
				<!--background-->
				<control type="image">
					<left>715</left>
					<top>0</top>
					<width>1210</width>
					<height>1080</height>
					<texture colordiffuse="tertiary">backgrounds/white.png</texture>
				</control>
				
				<!-- left shadow-->
				<control type="image">
					<left>685</left>
					<top>0</top>
					<width>30</width>
					<height>1080</height>
					<texture flipx="true">sidebarshadow.png</texture>
				</control>
				
				<!--right shadow-->
				<control type="image">
					<left>1925</left>
					<top>0</top>
					<width>30</width>
					<height>1080</height>
					<texture>sidebarshadow.png</texture>
				</control>
					
				<!--title background-->
				<control type="image">
					<left>715</left>
					<top>0</top>
					<width>1210</width>
					<height>110</height>
					<texture background="true" colordiffuse="$VAR[Colour.500]">backgrounds/white.png</texture>
				</control>
				
				<!--buttons bg-->
				<control type="image">
					<left>1035</left>
					<top>1010</top>
					<width>890</width>
					<height>70</height>
					<texture colordiffuse="primary">backgrounds/white.png</texture>
				</control>
		
				<!--buttons shadow-->
				<control type="image">
					<left>1035</left>
					<top>1010</top>
					<width>890</width>
					<height>10</height>
					<texture>homeshadow.png</texture>
					<animation effect="fade" start="100" end="75" time="0" condition="true">Conditional</animation>
				</control>
				
				<!--side bar-->
				<control type="image">
					<left>715</left>
					<top>110</top>
					<width>320</width>
					<height>970</height>
					<texture background="true" colordiffuse="$VAR[Colour.900]">backgrounds/white.png</texture>
				</control>
			
				<!--side bar shadow-->
				<control type="image">
					<left>1035</left>
					<top>110</top>
					<width>20</width>
					<height>970</height>
					<texture>sidebarshadow.png</texture>
					<animation effect="fade" start="100" end="75" time="0" condition="true">Conditional</animation>
				</control>
				
				<!--title shadow-->
				<control type="image">
					<left>715</left>
					<top>110</top>
					<width>1210</width>
					<height>20</height>
					<texture>homeshadow.png</texture>
					<animation effect="fade" start="100" end="75" time="0" condition="true">Conditional</animation>
				</control>

				<!--close window button-->
				<control type="button">
					<left>720</left>
					<top>0</top>
					<width>50</width>
					<height>25</height>
					<label>-</label>
					<font>-</font>
					<onclick>PreviousMenu</onclick>
					<texturefocus>DialogCloseButton-focus.png</texturefocus>
					<texturenofocus>DialogCloseButton.png</texturenofocus>
					<onleft>3</onleft>
					<onright>3</onright>
					<onup>3</onup>
					<ondown>3</ondown>
					<visible>system.getbool(input.enablemouse)</visible>
				</control>
				
			</control>
			
			<!--main content-->
			<control type="group">
				<left>170</left>
				<top>0</top>
				
				<!--title-->
				<control type="label">
					<left>590</left>
					<top>25</top>
					<width>1545</width>
					<height>60</height>
					<font>info.title</font>
					<align>left</align>
					<aligny>center</aligny>
					<textcolor>white</textcolor>
					<label>19143</label>
				</control>
				
				<!--scrollbar-->
				<control type="scrollbar" id="73">
					<left>533</left>
					<top>120</top>
					<height>840</height>
					<texturesliderbackground colordiffuse="scroll.secondary">backgrounds/white.png</texturesliderbackground>
					<texturesliderbar colordiffuse="secondary">backgrounds/white.png</texturesliderbar>
					<onleft>72</onleft>
					<onright>13</onright>
				</control>
				
				<control type="list" id="13">
					<left>555</left>
					<top>120</top>
					<width>330</width>
					<height>845</height>
					<onup>13</onup>
					<ondown>13</ondown>
					<onleft>73</onleft>
					<onright>11</onright>
					<pagecontrol>73</pagecontrol>
					<scrolltime>200</scrolltime>
					
					<itemlayout height="65" width="330">
					
						<control type="label">
							<left>15</left>
							<top>0</top>
							<width>270</width>
							<height>60</height>
							<font>button</font>
							<align>left</align>
							<aligny>center</aligny>
							<textcolor>white</textcolor>
							<selectedcolor>selected</selectedcolor>
							<info>ListItem.Label</info>
						</control>
						
					</itemlayout>
					
					<focusedlayout height="65" width="330">
					
						<control type="image">
							<left>0</left>
							<top>0</top>
							<width>300</width>
							<height>60</height>
							<texture colordiffuse="white">backgrounds/white.png</texture>
							<animation effect="fade" start="100" end="50" time="0" condition="!Control.HasFocus(13)">Conditional</animation>
						</control>

						<control type="label">
							<left>15</left>
							<top>0</top>
							<width>270</width>
							<height>60</height>
							<font>button</font>
							<align>left</align>
							<aligny>center</aligny>
							<textcolor>$VAR[Colour.900]</textcolor>
							<selectedcolor>selected</selectedcolor>
							<info>ListItem.Label</info>
							<visible>Control.HasFocus(13)</visible>
						</control>
						
						<control type="label">
							<left>15</left>
							<top>0</top>
							<width>270</width>
							<height>60</height>
							<font>button</font>
							<align>left</align>
							<aligny>center</aligny>
							<textcolor>white</textcolor>
							<selectedcolor>selected</selectedcolor>
							<info>ListItem.Label</info>
							<visible>!Control.HasFocus(13)</visible>
						</control>
						
					</focusedlayout>
					
				</control>
			
				<control type="group" id="9002">
					
					<control type="image">
						<left>555</left>
						<top>970</top>
						<width>300</width>
						<height>100</height>
						<aspectratio>keep</aspectratio>
						<texture background="true">$INFO[Container(11).ListItem.Icon]</texture>
						<visible>Control.HasFocus(11) | Control.HasFocus(71)</visible>
					</control>
					
					<control type="image">
						<left>555</left>
						<top>970</top>
						<width>300</width>
						<height>100</height>
						<aspectratio>keep</aspectratio>
						<texture background="true">$INFO[Container(12).ListItem.Icon]</texture>
						<visible>Control.HasFocus(12) | Control.HasFocus(72)</visible>
					</control>
					
					<!--Hidden Channels-->
					<control type="group">
						<left>875</left>
						<top>120</top>
						
						<control type="label" id="21">
							<description>name label</description>
							<left>0</left>
							<top>0</top>
							<width>400</width>
							<height>60</height>
							<font>button.bold</font>
							<textoffsetx>5</textoffsetx>
							<aligny>center</aligny>
							<textcolor>$VAR[Colour.500]</textcolor>
						</control>
						
						<control type="list" id="11">
							<left>0</left>
							<top>65</top>
							<width>400</width>
							<height>780</height>
							<onup>11</onup>
							<ondown>9000</ondown>
							<onleft>13</onleft>
							<onright>71</onright>
							<pagecontrol>71</pagecontrol>
							<scrolltime>200</scrolltime>
							<itemlayout height="65">
								
								<control type="label">
									<left>15</left>
									<top>0</top>
									<width>370</width>
									<height>60</height>
									<aligny>center</aligny>
									<label>$INFO[ListItem.ChannelNumberLabel,(,) - ]$INFO[ListItem.ChannelName]</label>
								</control>
								
							</itemlayout>
							
							<focusedlayout height="65">
								
								<control type="image">
									<left>0</left>
									<top>0</top>
									<width>400</width>
									<height>60</height>
									<texture colordiffuse="$VAR[Colour.500]">backgrounds/white.png</texture>
									<visible>Control.HasFocus(11)</visible>
								</control>
								
								<control type="label">
									<left>15</left>
									<top>0</top>
									<width>370</width>
									<height>60</height>
									<aligny>center</aligny>
									<textcolor>white</textcolor>
									<label>$INFO[ListItem.ChannelNumberLabel,(,) - ]$INFO[ListItem.ChannelName]</label>
									<visible>Control.HasFocus(11)</visible>
								</control>
								
								<control type="label">
									<left>15</left>
									<top>0</top>
									<width>370</width>
									<height>60</height>
									<aligny>center</aligny>
									<label>$INFO[ListItem.ChannelNumberLabel,(,) - ]$INFO[ListItem.ChannelName]</label>
									<visible>!Control.HasFocus(11)</visible>
								</control>
								
							</focusedlayout>
							
						</control>
						
						<control type="scrollbar" id="71">
							<left>410</left>
							<top>65</top>
							<height>775</height>
							<texturesliderbackground colordiffuse="scroll.secondary">backgrounds/white.png</texturesliderbackground>
							<texturesliderbar colordiffuse="secondary">backgrounds/white.png</texturesliderbar>
							<onleft>11</onleft>
							<onright>12</onright>
							<ondown>71</ondown>
							<onup>71</onup>
						</control>
						
					</control>
					
					<control type="image" id="11">
						<left>1310</left>
						<top>110</top>
						<height>900</height>
						<width>1</width>
						<aspectratio>stretch</aspectratio>
						<texture colordiffuse="disabled">backgrounds/white.png</texture>
					</control>
					
					<!--Visible Channels-->
					<control type="group">
						<left>1330</left>
						<top>120</top>
						
						<control type="label" id="22">
							<description>name label</description>
							<left>0</left>
							<top>0</top>
							<width>400</width>
							<height>60</height>
							<font>button.bold</font>
							<textoffsetx>5</textoffsetx>
							<aligny>center</aligny>
							<textcolor>$VAR[Colour.500]</textcolor>
						</control>
						
						<control type="list" id="12">
							<left>0</left>
							<top>65</top>
							<width>400</width>
							<height>780</height>
							<onup>12</onup>
							<ondown>9000</ondown>
							<onleft>71</onleft>
							<onright>72</onright>
							<pagecontrol>72</pagecontrol>
							<scrolltime>200</scrolltime>
							<itemlayout height="65">
								
								<control type="label">
									<left>15</left>
									<top>0</top>
									<width>370</width>
									<height>60</height>
									<aligny>center</aligny>
									<label>$INFO[ListItem.ChannelNumberLabel,(,) - ]$INFO[ListItem.ChannelName]</label>
								</control>
								
							</itemlayout>
							
							<focusedlayout height="65">
								
								<control type="image">
									<left>0</left>
									<top>0</top>
									<width>400</width>
									<height>60</height>
									<texture colordiffuse="$VAR[Colour.500]">backgrounds/white.png</texture>
									<visible>Control.HasFocus(12)</visible>
								</control>
								
								<control type="label">
									<left>15</left>
									<top>0</top>
									<width>370</width>
									<height>60</height>
									<aligny>center</aligny>
									<textcolor>white</textcolor>
									<label>$INFO[ListItem.ChannelNumberLabel,(,) - ]$INFO[ListItem.ChannelName]</label>
									<visible>Control.HasFocus(12)</visible>
								</control>
								
								<control type="label">
									<left>15</left>
									<top>0</top>
									<width>370</width>
									<height>60</height>
									<aligny>center</aligny>
									<label>$INFO[ListItem.ChannelNumberLabel,(,) - ]$INFO[ListItem.ChannelName]</label>
									<visible>!Control.HasFocus(12)</visible>
								</control>
								
							</focusedlayout>
							
						</control>
						
						<control type="scrollbar" id="72">
							<left>410</left>
							<top>65</top>
							<height>775</height>
							<texturesliderbackground colordiffuse="scroll.secondary">backgrounds/white.png</texturesliderbackground>
							<texturesliderbar colordiffuse="secondary">backgrounds/white.png</texturesliderbar>
							<onleft>12</onleft>
							<onright>13</onright>
							<ondown>72</ondown>
							<onup>72</onup>
						</control>
						
					</control>
					
				</control>
				
				<!--bottom bar-->
				<control type="group" id="9000">
					<left>870</left>
					<top>1015</top>
					
					<!--add circle border-->
					<control type="image">
						<left>1</left>
						<top>0</top>
						<width>60</width>
						<height>60</height>
						<texture colordiffuse="text.primary">buttoncircleborder.png</texture>
						<visible>Control.HasFocus(26)</visible>
					</control>
					
					<!--add circle animation-->
					<control type="image">
						<left>0</left>
						<top>-1</top>
						<width>62</width>
						<height>62</height>
						<texture colordiffuse="$VAR[Colour.500]">buttoncircle.png</texture>
						<visible>Control.HasFocus(26)</visible>
						<animation effect="zoom" start="0" end="100" time="250" center="auto">Visible</animation>
					</control>
					
					<!--add button-->
					<control type="button" id="26">
						<hitrect x="0" y="0" w="180" h="60" />
						<left>1</left>
						<top>0</top>
						<width>285</width>
						<height>60</height>
						<label>31503</label>
						<focusedcolor>text.primary</focusedcolor>
						<selectedcolor>text.primary</selectedcolor>
						<textoffsetx>60</textoffsetx>
						<textwidth>210</textwidth>
						<texturefocus colordiffuse="white">addbuttonf.png</texturefocus>
						<texturenofocus colordiffuse="text.primary">addbutton.png</texturenofocus>	
						<onleft>29</onleft>
						<onright>27</onright>
						<onup>9002</onup>
						<ondown>9002</ondown>
					</control>
					
					<!--rename circle border-->
					<control type="image">
						<left>180</left>
						<top>0</top>
						<width>60</width>
						<height>60</height>
						<texture colordiffuse="text.primary">buttoncircleborder.png</texture>
						<visible>Control.HasFocus(27)</visible>
					</control>
					
					<!--rename circle animation-->
					<control type="image">
						<left>179</left>
						<top>-1</top>
						<width>62</width>
						<height>62</height>
						<texture colordiffuse="$VAR[Colour.500]">buttoncircle.png</texture>
						<visible>Control.HasFocus(27)</visible>
						<animation effect="zoom" start="0" end="100" time="250" center="auto">Visible</animation>
					</control>
					
					<!--rename button-->
					<control type="button" id="27">
						<hitrect x="180" y="0" w="225" h="60" />
						<left>180</left>
						<top>0</top>
						<width>195</width>
						<height>60</height>
						<font>button</font>
						<align>left</align>
						<textoffsetx>60</textoffsetx>
						<textwidth>195</textwidth>
						<textcolor>text.primary</textcolor>
						<focusedcolor>text.primary</focusedcolor>
						<texturefocus colordiffuse="white">refreshbuttonf.png</texturefocus>
						<texturenofocus colordiffuse="text.primary">refreshbutton.png</texturenofocus>	
						<label>31504</label>
						<onleft>26</onleft>
						<onright>25</onright>
						<onup>9002</onup>
						<ondown>9002</ondown>
					</control>
					
					<control type="radiobutton" id="25">
						<description>Hide Group</description>
						<left>405</left>
						<top>0</top>
						<width>170</width>
						<height>60</height>
						<label>19289</label>
						<onleft>27</onleft>
						<onright>28</onright>
						<onup>9002</onup>
						<ondown>9002</ondown>
					</control>
					
					<!--delete circle border-->
					<control type="image">
						<left>575</left>
						<top>0</top>
						<width>60</width>
						<height>60</height>
						<texture colordiffuse="text.primary">buttoncircleborder.png</texture>
						<visible>Control.HasFocus(28)</visible>
					</control>
					
					<!--delete circle animation-->
					<control type="image">
						<left>574</left>
						<top>-1</top>
						<width>62</width>
						<height>62</height>
						<texture colordiffuse="$VAR[Colour.500]">buttoncircle.png</texture>
						<visible>Control.HasFocus(28)</visible>
						<animation effect="zoom" start="0" end="100" time="250" center="auto">Visible</animation>
					</control>
					
					<!--delete button-->
					<control type="button" id="28">
						<hitrect x="575" y="0" w="200" h="60" />
						<left>575</left>
						<top>0</top>
						<width>130</width>
						<height>60</height>
						<font>button</font>
						<align>left</align>
						<textoffsetx>60</textoffsetx>
						<textwidth>175</textwidth>
						<textcolor>text.primary</textcolor>
						<focusedcolor>text.primary</focusedcolor>
						<texturefocus colordiffuse="white">nobuttonf.png</texturefocus>
						<texturenofocus colordiffuse="text.primary">nobutton.png</texturenofocus>	
						<label>31505</label>
						<onleft>25</onleft>
						<onright>29</onright>
						<onup>9002</onup>
						<ondown>9002</ondown>
					</control>
					
					<!--ok circle border-->
					<control type="image">
						<left>775</left>
						<top>0</top>
						<width>60</width>
						<height>60</height>
						<texture colordiffuse="text.primary">buttoncircleborder.png</texture>
						<visible>Control.HasFocus(29)</visible>
					</control>
					
					<!--ok circle animation-->
					<control type="image">
						<left>774</left>
						<top>-1</top>
						<width>62</width>
						<height>62</height>
						<texture colordiffuse="$VAR[Colour.500]">buttoncircle.png</texture>
						<visible>Control.HasFocus(29)</visible>
						<animation effect="zoom" start="0" end="100" time="250" center="auto">Visible</animation>
					</control>
					
					<!--ok button-->
					<control type="button" id="29">
						<left>775</left>
						<top>0</top>
						<width>130</width>
						<height>60</height>
						<font>button</font>
						<align>left</align>
						<textoffsetx>60</textoffsetx>
						<textwidth>130</textwidth>
						<textcolor>text.primary</textcolor>
						<focusedcolor>text.primary</focusedcolor>
						<texturefocus colordiffuse="white">yesbuttonf.png</texturefocus>
						<texturenofocus colordiffuse="text.primary">yesbutton.png</texturenofocus>	
						<label>186</label>
						<onleft>28</onleft>
						<onright>26</onright>
						<onup>9002</onup>
						<ondown>9002</ondown>
					</control>
										
				</control>
				
			</control>
			
		</control>
	
		<!--<control type="group">
			<control type="group">
				<animation effect="fade" delay="400" start="0" end="100" time="200">WindowOpen</animation>
				<animation effect="fade" start="100" end="0" time="200">WindowClose</animation>

				
				<control type="grouplist" id="9000">
					<left>1605</left>
					<top>248</top>
					<width>300</width>
					<height>262</height>
					<itemgap>8</itemgap>
					<align>center</align>
					<orientation>vertical</orientation>
					<onleft>12</onleft>
					<onright>13</onright>
					<onup>9000</onup>
					<ondown>9000</ondown>
					
				</control>

			</control>
		</control>-->

		<control type="label" id="20">
			<description>Fake Label used to pass on name label</description>
			<visible>false</visible>
		</control>
		
	</controls>
	
</window>