<?xml version="1.0" encoding="UTF-8"?>

<window>

	<defaultcontrol always="true">5</defaultcontrol>
	
	<controls>
	
		<!--all content-->
		<control type="group">
			<left>575</left>
			<visible>!Window.IsActive(ShutdownMenu)</visible>
			<animation effect="slide" start="1650,0" end="0,0" time="400" tween="quadratic" easing="out">WindowOpen</animation>
			<animation effect="slide" start="0,0" end="1650,0" time="400" tween="quadratic" easing="out">WindowClose</animation>
			
			<animation effect="slide" start="1650,0" end="0,0" time="400" tween="quadratic" easing="out">Visible</animation>
			<animation effect="slide" start="0,0" end="1650,0" time="400" tween="quadratic" easing="out">Hidden</animation>
		
			<!--background-->
			<control type="image">
				<left>715</left>
				<top>0</top>
				<width>1210</width>
				<height>1080</height>
				<texture colordiffuse="tertiary">backgrounds/white.png</texture>
				<animation effect="fade" start="100" end="85" time="0" condition="true">Conditional</animation>
			</control>
			
			<!--shadow-->
			<control type="image">
				<left>685</left>
				<top>0</top>
				<width>30</width>
				<height>1080</height>
				<texture flipx="true">sidebarshadow.png</texture>
			</control>
			
			<!--right shadow-->
			<control type="image">
				<left>1925</left>
				<top>0</top>
				<width>30</width>
				<height>1080</height>
				<texture>sidebarshadow.png</texture>
			</control>
				
			<!--title background-->
			<control type="image">
				<left>715</left>
				<top>0</top>
				<width>1210</width>
				<height>90</height>
				<texture background="true" colordiffuse="$VAR[Colour.500]">backgrounds/white.png</texture>
			</control>
				
			<!--sub title background-->
			<control type="image">
				<left>715</left>
				<top>90</top>
				<width>1210</width>
				<height>50</height>
				<texture background="true" colordiffuse="$VAR[Colour.900]">backgrounds/white.png</texture>
			</control>
		
			<!--title shadow-->
			<control type="image">
				<left>715</left>
				<top>90</top>
				<width>1210</width>
				<height>20</height>
				<texture>homeshadow.png</texture>
				<animation effect="fade" start="100" end="75" time="0" condition="true">Conditional</animation>
			</control>
		
			<!--sub title shadow-->
			<control type="image">
				<left>715</left>
				<top>140</top>
				<width>1210</width>
				<height>10</height>
				<texture>homeshadow.png</texture>
				<animation effect="fade" start="100" end="75" time="0" condition="true">Conditional</animation>
			</control>
			
			<!--close window button-->
			<control type="button">
				<left>720</left>
				<top>0</top>
				<width>50</width>
				<height>25</height>
				<label>-</label>
				<font>-</font>
				<onclick>PreviousMenu</onclick>
				<texturefocus>DialogCloseButton-focus.png</texturefocus>
				<texturenofocus>DialogCloseButton.png</texturenofocus>
				<onleft>9000</onleft>
				<onright>9000</onright>
				<onup>9000</onup>
				<ondown>9000</ondown>
				<visible>system.getbool(input.enablemouse)</visible>
			</control>
			
			<!--main content-->
			<control type="group">
				<left>170</left>
				<top>-5</top>
			
				<!--title-->
				<control type="label">
					<left>350</left>
					<top>15</top>
					<width>800</width>
					<height>60</height>
					<font>menu.title</font>
					<align>right</align>
					<aligny>center</aligny>
					<textcolor>white</textcolor>
					<label>$LOCALIZE[13406]</label>
				</control>
				
				<!--secondary title-->
				<control type="label">
					<left>350</left>
					<top>90</top>
					<width>800</width>
					<height>60</height>
					<font>kai.secondary</font>
					<align>right</align>
					<aligny>center</aligny>
					<textcolor>white</textcolor>
					<label>$INFO[System.Date(DDD)], $INFO[System.Date(d)] $INFO[System.Date(mmm)] $INFO[System.Date(yyyy)], $INFO[System.Time] • $INFO[Container(5).NumItems] $LOCALIZE[31025] ($LOCALIZE[31024] $INFO[Container(5).CurrentPage]/$INFO[Container(5).NumPages])</label>
				</control>
				
				<!--content list-->
				<control type="list" id="5">
					<left>555</left>
					<top>165</top>
					<width>600</width>
					<height>920</height>
					<onleft>PreviousChannelGroup</onleft>
					<onright>60</onright>
					<onup>5</onup>
					<ondown>5</ondown>
					<viewtype label="535">list</viewtype>
					<pagecontrol>60</pagecontrol>
					<scrolltime>200</scrolltime>
					
					<itemlayout height="60" width="600">
							
						<control type="label">
							<left>15</left>
							<top>0</top>
							<width>175</width>
							<height>60</height>
							<font>button</font>
							<selectedcolor>$VAR[Colour.500]</selectedcolor>
							<align>left</align>
							<aligny>center</aligny>
							<label>$INFO[ListItem.Label]</label>
						</control>
						
						<control type="label">
							<left>200</left>
							<top>0</top>
							<width>385</width>
							<height>60</height>
							<font>button</font>
							<aligny>center</aligny>
							<selectedcolor>$VAR[Colour.500]</selectedcolor>
							<align>right</align>
							<info>ListItem.Label2</info>
						</control>

					</itemlayout>
					
					<focusedlayout height="60" width="600">
						
						<!--focused bg-->
						<control type="image">
							<left>0</left>
							<top>0</top>
							<width>600</width>
							<height>60</height>
							<texture colordiffuse="$VAR[Colour.500]">backgrounds/white.png</texture>
						</control>

						<control type="label">
							<left>15</left>
							<top>0</top>
							<width>175</width>
							<height>60</height>
							<font>button</font>
							<aligny>center</aligny>
							<textcolor>white</textcolor>
							<selectedcolor>$VAR[Colour.Alt]</selectedcolor>
							<label>$INFO[ListItem.Label]</label>
						</control>
						
						<control type="label">
							<left>200</left>
							<top>0</top>
							<width>385</width>
							<height>60</height>
							<font>button</font>
							<aligny>center</aligny>
							<textcolor>white</textcolor>
							<selectedcolor>$VAR[Colour.Alt]</selectedcolor>
							<align>right</align>
							<info>ListItem.Label2</info>
						</control>
						
					</focusedlayout>
					
				</control>
				
				<control type="scrollbar" id="60">
					<left>1160</left>
					<top>155</top>
					<height>917</height>
					<texturesliderbackground colordiffuse="scroll.secondary">backgrounds/white.png</texturesliderbackground>
					<texturesliderbar colordiffuse="secondary">backgrounds/white.png</texturesliderbar>
					<onleft>5</onleft>
					<onright>5</onright>
				</control>
				
			</control>
			
		</control>
		
	</controls>
	
</window>