<?xml version="1.0" encoding="UTF-8"?>
<includes>

	<include name="HomeSubMenu">
	
		<control type="group">
			<animation type="WindowOpen" reversible="false">
					<effect type="fade" start="0" end="100" time="300" delay="200" />
				</animation>
				<animation type="WindowClose" reversible="false">
					<effect type="fade" start="100" end="0" time="300" />
				</animation>
			<animation effect="slide" start="0,0" end="0,69" time="300" tween="quadratic" easing="out" condition="Control.HasFocus(9901) | Control.HasFocus(9902) | Control.HasFocus(9904)">Conditional</animation>
			
			<control type="group">
				<visible>!StringCompare(Container(9901).NumItems,0)</visible>
				<left>930</left>
				<top>50</top>
				<width>60</width>
				<height>128</height>
				<animation effect="rotate" start="0" end="270" center="auto" time="0" condition="true">Conditional</animation>
			
				<!--side blade tab bg (for fade effect)-->
				<control type="button" id="9903">
					<left>0</left>
					<top>0</top>
					<width>60</width>
					<height>128</height>
					<font>-</font>
					<texturefocus colordiffuse="black">hassubbg.png</texturefocus>
					<texturenofocus colordiffuse="black">hassubbg.png</texturenofocus>
				</control>
				
				<!--side blade tab-->
				<control type="button" id="9902">
					<left>0</left>
					<top>0</top>
					<width>60</width>
					<height>128</height>
					<font>-</font>
					<texturefocus colordiffuse="$VAR[Colour.500]">hassub.png</texturefocus>
					<texturenofocus colordiffuse="$VAR[Colour.500]">hassub.png</texturenofocus>
				</control>
				
				<!--side blade tab arrow bg (for fade effect)-->
				<control type="image">
					<left>15</left>
					<top>48</top>
					<width>32</width>
					<height>32</height>
					<texture colordiffuse="black">previous-32.png</texture>
					<animation effect="rotate" start="0" end="180" center="auto" time="0" condition="true">Conditional</animation>
					<animation effect="rotate" start="0" end="180" center="auto" time="200" condition="Control.HasFocus(9901) | Control.HasFocus(9902) | Control.HasFocus(9904)">Conditional</animation>
				</control>
				
				<!--side blade tab arrow-->
				<control type="image">
					<left>15</left>
					<top>48</top>
					<width>32</width>
					<height>32</height>
					<texture colordiffuse="white">previous-32.png</texture>
					<animation effect="rotate" start="0" end="180" center="auto" time="0" condition="true">Conditional</animation>
					<animation effect="rotate" start="0" end="180" center="auto" time="200" condition="Control.HasFocus(9901) | Control.HasFocus(9902) | Control.HasFocus(9904)">Conditional</animation>
				</control>
				
			</control>
			
			<!--fake button for mouse control-->
			<control type="button" id="9904">
				<left>150</left>
				<top>38</top>
				<width>1620</width>
				<height>120</height>
				<label>-</label>
				<font>-</font>
				<texturenofocus>-</texturenofocus>
				<texturefocus>-</texturefocus>
				<visible>true</visible>
				<onleft>9901</onleft>
				<onright>9901</onright>
				<onup>9901</onup>
				<ondown>9901</ondown>
			</control>

			<!--sub menus-->
			<control type="fixedlist" id="9901">
				<visible allowhiddenfocus="true">Control.HasFocus(9901) | Control.HasFocus(9902) | Control.HasFocus(9904)</visible>
				<left>150</left>
				<top>38</top>
				<width>1620</width>
				<height>60</height>
				<onup>9000</onup>
				<ondown>9002</ondown>
				<itemgap>0</itemgap>
				<focusposition>2</focusposition>
				<movement>3</movement>
				<orientation>Horizontal</orientation>
				<animation effect="slide" start="0,0" end="135,0" time="0" condition="StringCompare(Container(9901).NumItems,1)">conditional</animation>
				<animation effect="slide" start="0,0" end="135,0" time="0" condition="StringCompare(Container(9901).NumItems,3)">conditional</animation>
				<animation effect="slide" start="0,0" end="135,0" time="0" condition="StringCompare(Container(9901).NumItems,5)">conditional</animation>
				<animation effect="fade" time="200" delay="200">Hidden</animation>

				<itemlayout width="270" height="60">
				
					<control type="image">
						<height>60</height>
						<width>270</width>
						<texture colordiffuse="tertiary">backgrounds/white.png</texture>
					</control>
				
					<control type="label">
						<height>60</height>
						<width>270</width>
						<align>center</align>
						<aligny>center</aligny>
						<font>button</font>
						<textcolor>text.primary</textcolor>
						<info>ListItem.Label</info>
					</control>
				
				</itemlayout>
				
				<focusedlayout width="270" height="60">
				
					<control type="image">
						<height>60</height>
						<width>270</width>
						<texture colordiffuse="$VAR[Colour.500]">backgrounds/white.png</texture>
						<visible>Control.HasFocus(9901)</visible>
					</control>
					
					<control type="label">
						<height>60</height>
						<width>270</width>
						<align>center</align>
						<aligny>center</aligny>
						<font>button</font>
						<textcolor>white</textcolor>
						<info>ListItem.Label</info>
						<visible>Control.HasFocus(9901)</visible>
					</control>
					
					<control type="image">
						<height>60</height>
						<width>270</width>
						<texture colordiffuse="tertiary">backgrounds/white.png</texture>
						<visible>!Control.HasFocus(9901)</visible>
					</control>
					
					<control type="label">
						<height>60</height>
						<width>270</width>
						<align>center</align>
						<aligny>center</aligny>
						<font>button</font>
						<textcolor>text.primary</textcolor>
						<info>ListItem.Label</info>
						<visible>!Control.HasFocus(9901)</visible>
					</control>
				
				</focusedlayout>
				
				<content>
				
					<include>skinshortcuts-submenu</include>
					
				</content>
				
			</control>
		
		</control>

	</include>

	<include name="HomeSubMenuVideos">
	
		<!--control type="image" id="90101">
			<width>60</width>
			<height>70</height>
			<texture colordiffuse="tertiary" flipx="true">HomeSubEnd.png</texture>
		</control-->
		
		<control type="button" id="90102">
			<include>ButtonHomeSubCommonValues</include>
			<label>342</label>
			<onclick>ActivateWindow(Videos,MovieTitles,return)</onclick>
			<visible>Library.HasContent(Movies) + Skin.HasSetting(HomeMenuNoMovieButton)</visible>
		</control>
		
		<control type="button" id="90103">
			<include>ButtonHomeSubCommonValues</include>
			<label>20343</label>
			<onclick>ActivateWindow(Videos,TvShowTitles,return)</onclick>
			<visible>Library.HasContent(TVShows) + Skin.HasSetting(HomeMenuNoTVShowButton)</visible>
		</control>
		
		<control type="button" id="90104">
			<include>ButtonHomeSubCommonValues</include>
			<label>20389</label>
			<onclick>ActivateWindow(Videos,MusicVideoTitles,return)</onclick>
			<visible>Library.HasContent(MusicVideos)</visible>
		</control>
		
		<control type="button" id="90105">
			<include>ButtonHomeSubCommonValues</include>
			<label>744</label>
			<onclick>ActivateWindow(Videos,Files,return)</onclick>
		</control>
		
		<control type="button" id="90106">
			<include>ButtonHomeSubCommonValues</include>
			<label>14022</label>
			<onclick>ActivateWindow(Videos,Root)</onclick>
			<visible>Library.HasContent(Video)</visible>
		</control>
		
		<control type="button" id="90107">
			<include>ButtonHomeSubCommonValues</include>
			<label>24001</label>
			<onclick>ActivateWindow(Videos,Addons,return)</onclick>
		</control>
		
		<!--control type="image" id="90108">
			<width>60</width>
			<height>70</height>
			<texture colordiffuse="tertiary">HomeSubEnd.png</texture>
		</control-->
		
	</include>

	<include name="HomeSubMenuMovies">
	
		<!--control type="image" id="90101">
			<width>60</width>
			<height>70</height>
			<texture colordiffuse="tertiary" flipx="true">HomeSubEnd.png</texture>
		</control-->
		
		<control type="button" id="90162">
			<include>ButtonHomeSubCommonValues</include>
			<label>31328</label>
			<onclick>ActivateWindow(Videos,RecentlyAddedMovies,return)</onclick>
		</control>
		
		<control type="button" id="90163">
			<include>ButtonHomeSubCommonValues</include>
			<label>20434</label>
			<onclick>ActivateWindow(Videos,MovieSets,return)</onclick>
			<visible>Library.HasContent(MovieSets)</visible>
		</control>
		
		<control type="button" id="90164">
			<include>ButtonHomeSubCommonValues</include>
			<label>369</label>
			<onclick>ActivateWindow(Videos,MovieTitles,return)</onclick>
		</control>
		
		<control type="button" id="90165">
			<include>ButtonHomeSubCommonValues</include>
			<label>135</label>
			<onclick>ActivateWindow(Videos,MovieGenres,return)</onclick>
		</control>
		
		<control type="button" id="90166">
			<include>ButtonHomeSubCommonValues</include>
			<label>652</label>
			<onclick>ActivateWindow(Videos,MovieYears,return)</onclick>
		</control>
		
		<control type="button" id="90167">
			<include>ButtonHomeSubCommonValues</include>
			<label>344</label>
			<onclick>ActivateWindow(Videos,MovieActors,return)</onclick>
		</control>
		
		<!--control type="image" id="90108">
			<width>60</width>
			<height>70</height>
			<texture colordiffuse="tertiary">HomeSubEnd.png</texture>
		</control-->
		
	</include>
	
	<include name="HomeSubMenuTVShows">
	
		<!--control type="image" id="90101">
			<width>60</width>
			<height>70</height>
			<texture colordiffuse="tertiary" flipx="true">HomeSubEnd.png</texture>
		</control-->
		
		<control type="button" id="90172">
			<include>ButtonHomeSubCommonValues</include>
			<label>31328</label>
			<onclick>ActivateWindow(Videos,RecentlyAddedEpisodes,return)</onclick>
		</control>
		
		<control type="button" id="90173">
			<include>ButtonHomeSubCommonValues</include>
			<label>369</label>
			<onclick>ActivateWindow(Videos,TVShowTitles,return)</onclick>
		</control>
		
		<control type="button" id="90174">
			<include>ButtonHomeSubCommonValues</include>
			<label>135</label>
			<onclick>ActivateWindow(Videos,TVShowGenres,return)</onclick>
		</control>
		
		<control type="button" id="90175">
			<include>ButtonHomeSubCommonValues</include>
			<label>652</label>
			<onclick>ActivateWindow(Videos,TVShowYears,return)</onclick>
		</control>
		
		<control type="button" id="90176">
			<include>ButtonHomeSubCommonValues</include>
			<label>344</label>
			<onclick>ActivateWindow(Videos,TVShowActors,return)</onclick>
		</control>
		
		<!--control type="image" id="90108">
			<width>60</width>
			<height>70</height>
			<texture colordiffuse="tertiary">HomeSubEnd.png</texture>
		</control-->
		
	</include>
	
	<include name="HomeSubMenuMusic">
	
		<!--control type="image" id="90101">
			<width>60</width>
			<height>70</height>
			<texture colordiffuse="tertiary" flipx="true">HomeSubEnd.png</texture>
		</control-->
		
		<control type="button" id="90112">
			<include>ButtonHomeSubCommonValues</include>
			<label>133</label>
			<onclick>ActivateWindow(MusicLibrary,Artists,return)</onclick>
			<visible>Library.HasContent(Music)</visible>
		</control>
		
		<control type="button" id="90113">
			<include>ButtonHomeSubCommonValues</include>
			<label>132</label>
			<onclick>ActivateWindow(MusicLibrary,Albums,return)</onclick>
			<visible>Library.HasContent(Music)</visible>
		</control>
		
		<control type="button" id="90114">
			<include>ButtonHomeSubCommonValues</include>
			<label>134</label>
			<onclick>ActivateWindow(MusicLibrary,Songs,return)</onclick>
			<visible>Library.HasContent(Music)</visible>
		</control>
		
		<control type="button" id="90115">
			<include>ButtonHomeSubCommonValues</include>
			<label>744</label>
			<onclick>ActivateWindow(MusicFiles)</onclick>
		</control>
		
		<control type="button" id="90116">
			<include>ButtonHomeSubCommonValues</include>
			<label>14022</label>
			<onclick>ActivateWindow(MusicLibrary,root)</onclick>
			<visible>Library.HasContent(Music)</visible>
		</control>
		
		<control type="button" id="90117">
			<include>ButtonHomeSubCommonValues</include>
			<label>24001</label>
			<onclick>ActivateWindow(MusicLibrary,Addons,return)</onclick>
			<visible>Library.HasContent(Music)</visible>
		</control>
		
		<control type="button" id="90118">
			<include>ButtonHomeSubCommonValues</include>
			<label>24001</label>
			<onclick>ActivateWindow(MusicFiles,Addons,return)</onclick>
			<visible>!Library.HasContent(Music)</visible>
		</control>
		
		<!--control type="image" id="90108">
			<width>60</width>
			<height>70</height>
			<texture colordiffuse="tertiary">HomeSubEnd.png</texture>
		</control-->
		
	</include>
	
	<include name="HomeSubMenuSystem">
	
		<!--control type="image" id="90101">
			<width>60</width>
			<height>70</height>
			<texture colordiffuse="tertiary" flipx="true">HomeSubEnd.png</texture>
		</control-->
		
		<control type="button" id="90122">
			<include>ButtonHomeSubCommonValues</include>
			<label>5</label>
			<onclick>ActivateWindow(Settings)</onclick>
		</control>
		
		<control type="button" id="90123">
			<include>ButtonHomeSubCommonValues</include>
			<label>7</label>
			<onclick>ActivateWindow(FileManager)</onclick>
		</control>
		
		<control type="button" id="90124">
			<include>ButtonHomeSubCommonValues</include>
			<label>13200</label>
			<onclick>ActivateWindow(Profiles)</onclick>
		</control>
		
		<control type="button" id="90125">
			<include>ButtonHomeSubCommonValues</include>
			<label>130</label>
			<onclick>ActivateWindow(SystemInfo)</onclick>
		</control>
		
		<!--control type="image" id="90108">
			<width>60</width>
			<height>70</height>
			<texture colordiffuse="tertiary">HomeSubEnd.png</texture>
		</control-->
		
	</include>
	
	<include name="HomeSubMenuPlayDisc">
	
		<!--control type="image" id="90101">
			<width>60</width>
			<height>70</height>
			<texture colordiffuse="tertiary" flipx="true">HomeSubEnd.png</texture>
		</control-->
		
		<control type="button" id="90132">
			<include>ButtonHomeSubCommonValues</include>
			<label>13391</label>
			<onclick>SetFocus(9000)</onclick>
			<onclick>EjectTray()</onclick>
		</control>
		
		<!--control type="image" id="90108">
			<width>60</width>
			<height>70</height>
			<texture colordiffuse="tertiary">HomeSubEnd.png</texture>
		</control-->
		
	</include>
	
	<include name="HomeSubMenuPictures">
	
		<!--control type="image" id="90101">
			<width>60</width>
			<height>70</height>
			<texture colordiffuse="tertiary" flipx="true">HomeSubEnd.png</texture>
		</control-->
		
		<control type="button" id="90148">
			<include>ButtonHomeSubCommonValues</include>
			<label>24001</label>
			<onclick>ActivateWindow(Pictures,Addons,return)</onclick>
		</control>
		
		<!--control type="image" id="90108">
			<width>60</width>
			<height>70</height>
			<texture colordiffuse="tertiary">HomeSubEnd.png</texture>
		</control-->
		
	</include>
	
	<include name="HomeSubMenuTV">
	
		<control type="button" id="90143">
			<include>ButtonHomeSubCommonValues</include>
			<label>19019</label>
			<onclick>ActivateWindow(TVChannels)</onclick>
		</control>
		
		<control type="button" id="90144">
			<include>ButtonHomeSubCommonValues</include>
			<label>22020</label>
			<onclick>ActivateWindow(TVGuide)</onclick>
		</control>
		
		<control type="button" id="90145">
			<include>ButtonHomeSubCommonValues</include>
			<label>19163</label>
			<onclick>ActivateWindow(TVRecordings)</onclick>
		</control>
		
		<control type="button" id="90146">
			<include>ButtonHomeSubCommonValues</include>
			<label>19040</label>
			<onclick>ActivateWindow(TVTimers)</onclick>
		</control>
		
		<control type="button" id="90147">
			<include>ButtonHomeSubCommonValues</include>
			<label>137</label>
			<onclick>ActivateWindow(TVSearch)</onclick>
		</control>
		
	</include>
	
	<include name="HomeSubMenuRadio">
	
		<control type="button" id="90243">
			<include>ButtonHomeSubCommonValues</include>
			<label>19019</label>
			<onclick>ActivateWindow(RadioChannels)</onclick>
		</control>
		
		<control type="button" id="90244">
			<include>ButtonHomeSubCommonValues</include>
			<label>22020</label>
			<onclick>ActivateWindow(RadioGuide)</onclick>
		</control>
		
		<control type="button" id="90245">
			<include>ButtonHomeSubCommonValues</include>
			<label>19163</label>
			<onclick>ActivateWindow(RadioRecordings)</onclick>
		</control>
		
		<control type="button" id="90246">
			<include>ButtonHomeSubCommonValues</include>
			<label>19040</label>
			<onclick>ActivateWindow(RadioTimers)</onclick>
		</control>
		
		<control type="button" id="90247">
			<include>ButtonHomeSubCommonValues</include>
			<label>137</label>
			<onclick>ActivateWindow(RadioSearch)</onclick>
		</control>
		
	</include>
	
	<include name="HomeAddonItemsVideos">
		<item>
			<label>$INFO[system.addontitle(Skin.String(HomeVideosButton1))]</label>
			<onclick>RunAddon($INFO[Skin.String(HomeVideosButton1)])</onclick>
			<icon>$INFO[system.addonicon(Skin.String(HomeVideosButton1))]</icon>
			<thumb>-</thumb>
			<visible>!IsEmpty(Skin.String(HomeVideosButton1))</visible>
		</item>
		<item>
			<label>$INFO[system.addontitle(Skin.String(HomeVideosButton2))]</label>
			<onclick>RunAddon($INFO[Skin.String(HomeVideosButton2)])</onclick>
			<icon>$INFO[system.addonicon(Skin.String(HomeVideosButton2))]</icon>
			<thumb>-</thumb>
			<visible>!IsEmpty(Skin.String(HomeVideosButton2))</visible>
		</item>
		<item>
			<label>$INFO[system.addontitle(Skin.String(HomeVideosButton3))]</label>
			<onclick>RunAddon($INFO[Skin.String(HomeVideosButton3)])</onclick>
			<icon>$INFO[system.addonicon(Skin.String(HomeVideosButton3))]</icon>
			<thumb>-</thumb>
			<visible>!IsEmpty(Skin.String(HomeVideosButton3))</visible>
		</item>
		<item>
			<label>$INFO[system.addontitle(Skin.String(HomeVideosButton4))]</label>
			<onclick>RunAddon($INFO[Skin.String(HomeVideosButton4)])</onclick>
			<icon>$INFO[system.addonicon(Skin.String(HomeVideosButton4))]</icon>
			<thumb>-</thumb>
			<visible>!IsEmpty(Skin.String(HomeVideosButton4))</visible>
		</item>
		<item>
			<label>$INFO[system.addontitle(Skin.String(HomeVideosButton5))]</label>
			<onclick>RunAddon($INFO[Skin.String(HomeVideosButton5)])</onclick>
			<icon>$INFO[system.addonicon(Skin.String(HomeVideosButton5))]</icon>
			<thumb>-</thumb>
			<visible>!IsEmpty(Skin.String(HomeVideosButton5))</visible>
		</item>
	</include>
	
	<include name="HomeAddonItemsMusic">
		<item>
			<label>$INFO[system.addontitle(Skin.String(HomeMusicButton1))]</label>
			<onclick>RunAddon($INFO[Skin.String(HomeMusicButton1)])</onclick>
			<icon>$INFO[system.addonicon(Skin.String(HomeMusicButton1))]</icon>
			<thumb>-</thumb>
			<visible>!IsEmpty(Skin.String(HomeMusicButton1))</visible>
		</item>
		<item>
			<label>$INFO[system.addontitle(Skin.String(HomeMusicButton2))]</label>
			<onclick>RunAddon($INFO[Skin.String(HomeMusicButton2)])</onclick>
			<icon>$INFO[system.addonicon(Skin.String(HomeMusicButton2))]</icon>
			<thumb>-</thumb>
			<visible>!IsEmpty(Skin.String(HomeMusicButton2))</visible>
		</item>
		<item>
			<label>$INFO[system.addontitle(Skin.String(HomeMusicButton3))]</label>
			<onclick>RunAddon($INFO[Skin.String(HomeMusicButton3)])</onclick>
			<icon>$INFO[system.addonicon(Skin.String(HomeMusicButton3))]</icon>
			<thumb>-</thumb>
			<visible>!IsEmpty(Skin.String(HomeMusicButton3))</visible>
		</item>
		<item>
			<label>$INFO[system.addontitle(Skin.String(HomeMusicButton4))]</label>
			<onclick>RunAddon($INFO[Skin.String(HomeMusicButton4)])</onclick>
			<icon>$INFO[system.addonicon(Skin.String(HomeMusicButton4))]</icon>
			<thumb>-</thumb>
			<visible>!IsEmpty(Skin.String(HomeMusicButton4))</visible>
		</item>
		<item>
			<label>$INFO[system.addontitle(Skin.String(HomeMusicButton5))]</label>
			<onclick>RunAddon($INFO[Skin.String(HomeMusicButton5)])</onclick>
			<icon>$INFO[system.addonicon(Skin.String(HomeMusicButton5))]</icon>
			<thumb>-</thumb>
			<visible>!IsEmpty(Skin.String(HomeMusicButton5))</visible>
		</item>
	</include>
	
	<include name="HomeAddonItemsPictures">
		<item>
			<label>$INFO[system.addontitle(Skin.String(HomePictureButton1))]</label>
			<onclick>RunAddon($INFO[Skin.String(HomePictureButton1)])</onclick>
			<icon>$INFO[system.addonicon(Skin.String(HomePictureButton1))]</icon>
			<thumb>-</thumb>
			<visible>!IsEmpty(Skin.String(HomePictureButton1))</visible>
		</item>
		<item>
			<label>$INFO[system.addontitle(Skin.String(HomePictureButton2))]</label>
			<onclick>RunAddon($INFO[Skin.String(HomePictureButton2)])</onclick>
			<icon>$INFO[system.addonicon(Skin.String(HomePictureButton2))]</icon>
			<thumb>-</thumb>
			<visible>!IsEmpty(Skin.String(HomePictureButton2))</visible>
		</item>
		<item>
			<label>$INFO[system.addontitle(Skin.String(HomePictureButton3))]</label>
			<onclick>RunAddon($INFO[Skin.String(HomePictureButton3)])</onclick>
			<icon>$INFO[system.addonicon(Skin.String(HomePictureButton3))]</icon>
			<thumb>-</thumb>
			<visible>!IsEmpty(Skin.String(HomePictureButton3))</visible>
		</item>
		<item>
			<label>$INFO[system.addontitle(Skin.String(HomePictureButton4))]</label>
			<onclick>RunAddon($INFO[Skin.String(HomePictureButton4)])</onclick>
			<icon>$INFO[system.addonicon(Skin.String(HomePictureButton4))]</icon>
			<thumb>-</thumb>
			<visible>!IsEmpty(Skin.String(HomePictureButton4))</visible>
		</item>
		<item>
			<label>$INFO[system.addontitle(Skin.String(HomePictureButton5))]</label>
			<onclick>RunAddon($INFO[Skin.String(HomePictureButton5)])</onclick>
			<icon>$INFO[system.addonicon(Skin.String(HomePictureButton5))]</icon>
			<thumb>-</thumb>
			<visible>!IsEmpty(Skin.String(HomePictureButton5))</visible>
		</item>
	</include>
	
	<include name="HomeAddonItemsPrograms">
		<item>
			<label>$INFO[system.addontitle(Skin.String(HomeProgramButton1))]</label>
			<onclick>RunAddon($INFO[Skin.String(HomeProgramButton1)])</onclick>
			<icon>$INFO[system.addonicon(Skin.String(HomeProgramButton1))]</icon>
			<thumb>-</thumb>
			<visible>!IsEmpty(Skin.String(HomeProgramButton1))</visible>
		</item>
		<item>
			<label>$INFO[system.addontitle(Skin.String(HomeProgramButton2))]</label>
			<onclick>RunAddon($INFO[Skin.String(HomeProgramButton2)])</onclick>
			<icon>$INFO[system.addonicon(Skin.String(HomeProgramButton2))]</icon>
			<thumb>-</thumb>
			<visible>!IsEmpty(Skin.String(HomeProgramButton2))</visible>
		</item>
		<item>
			<label>$INFO[system.addontitle(Skin.String(HomeProgramButton3))]</label>
			<onclick>RunAddon($INFO[Skin.String(HomeProgramButton3)])</onclick>
			<icon>$INFO[system.addonicon(Skin.String(HomeProgramButton3))]</icon>
			<thumb>-</thumb>
			<visible>!IsEmpty(Skin.String(HomeProgramButton3))</visible>
		</item>
		<item>
			<label>$INFO[system.addontitle(Skin.String(HomeProgramButton4))]</label>
			<onclick>RunAddon($INFO[Skin.String(HomeProgramButton4)])</onclick>
			<icon>$INFO[system.addonicon(Skin.String(HomeProgramButton4))]</icon>
			<thumb>-</thumb>
			<visible>!IsEmpty(Skin.String(HomeProgramButton4))</visible>
		</item>
		<item>
			<label>$INFO[system.addontitle(Skin.String(HomeProgramButton5))]</label>
			<onclick>RunAddon($INFO[Skin.String(HomeProgramButton5)])</onclick>
			<icon>$INFO[system.addonicon(Skin.String(HomeProgramButton5))]</icon>
			<thumb>-</thumb>
			<visible>!IsEmpty(Skin.String(HomeProgramButton5))</visible>
		</item>
	</include>

</includes>