<?xml version="1.0" encoding="UTF-8"?>
<window type="dialog">

	<defaultcontrol always="true">100</defaultcontrol>
	<visible>Player.HasMedia + Window.IsActive(PlayerControls) + !Window.IsActive(FullscreenVideo) + !Window.IsActive(Visualisation)</visible>
	
	<animation type="WindowOpen">
		<effect type="slide" start="0,665" end="0,0" time="300" tween="quadratic" easing="out" />
	</animation>
	
	<animation type="WindowClose">
		<effect type="slide" start="0,0" end="0,-765" time="300" tween="quadratic" easing="out" />
	</animation>
	
	<controls>
		
		<!--all content-->
		<control type="group">
			<top>-10</top>
		
			<!--background-->
			<control type="image">
				<left>0</left>
				<top>415</top>
				<width>1920</width>
				<height>270</height>
				<texture colordiffuse="tertiary">backgrounds/white.png</texture>
			</control>
			
			<!--title bg-->
			<control type="image">
				<left>0</left>
				<top>415</top>
				<width>1920</width>
				<height>40</height>
				<texture colordiffuse="$VAR[Colour.500]">backgrounds/white.png</texture>
			</control>
			
			<!--title shadow-->
			<control type="image">
				<left>0</left>
				<top>455</top>
				<width>1920</width>
				<height>10</height>
				<texture>homeshadow.png</texture>
				<animation effect="fade" start="100" end="75" time="0" condition="true">Conditional</animation>
			</control>
			
			<!--buttons bg-->
			<control type="image">
				<left>0</left>
				<top>655</top>
				<width>1920</width>
				<height>70</height>
				<texture colordiffuse="primary">backgrounds/white.png</texture>
			</control>
			
			<!--buttons shadow-->
			<control type="image">
				<left>0</left>
				<top>655</top>
				<width>1920</width>
				<height>10</height>
				<texture>homeshadow.png</texture>
				<animation effect="fade" start="100" end="75" time="0" condition="true">Conditional</animation>
			</control>
			
			<!--top shadow-->
			<control type="image">
				<left>0</left>
				<top>385</top>
				<width>1920</width>
				<height>30</height>
				<texture flipy="true">homeshadow.png</texture>
			</control>
			
			<!--bottom shadow-->
			<control type="image">
				<left>0</left>
				<top>725</top>
				<width>1920</width>
				<height>30</height>
				<texture>homeshadow.png</texture>
			</control>
			
			<!--close button-->
			<control type="button">
				<description>Close Window button</description>
				<left>5</left>
				<top>415</top>
				<width>50</width>
				<height>25</height>
				<label>-</label>
				<font>-</font>
				<onclick>PreviousMenu</onclick>
				<texturefocus>DialogCloseButton-focus.png</texturefocus>
				<texturenofocus>DialogCloseButton.png</texturenofocus>
				<onleft>10</onleft>
				<onright>10</onright>
				<onup>10</onup>
				<ondown>10</ondown>
				<visible>system.getbool(input.enablemouse)</visible>
			</control>
			
			<control type="group" id="100">
				<left>575</left>
				<top>670</top>
				<defaultcontrol always="true">603</defaultcontrol>
				<visible>!VideoPlayer.Content(LiveTV)</visible>
				
				<control type="button" id="600">
					<left>0</left>
					<top>0</top>
					<width>40</width>
					<height>40</height>
					<label>-</label>
					<texturefocus colordiffuse="$VAR[Colour.500]">OSDPrevTrackNF.png</texturefocus>
					<texturenofocus colordiffuse="text.primary">OSDPrevTrackNF.png</texturenofocus>
					<onleft>609</onleft>
					<onright>601</onright>
					<onup>300</onup>
					<ondown>200</ondown>
					<onclick>XBMC.PlayerControl(Previous)</onclick>
					<visible>!VideoPlayer.Content(LiveTV)</visible>
				</control>
				
				<control type="button" id="601">
					<left>75</left>
					<top>0</top>
					<width>40</width>
					<height>40</height>
					<label>-</label>
					<texturefocus colordiffuse="$VAR[Colour.500]">OSDRewindNF.png</texturefocus>
					<texturenofocus colordiffuse="text.primary">OSDRewindNF.png</texturenofocus>
					<onleft>600</onleft>
					<onright>603</onright>
					<onup>300</onup>
					<ondown>200</ondown>
					<onclick>XBMC.PlayerControl(Rewind)</onclick>
					<visible>!VideoPlayer.Content(LiveTV)</visible>
				</control>
				
				<control type="togglebutton" id="603">
					<left>150</left>
					<top>0</top>
					<width>40</width>
					<height>40</height>
					<label>-</label>
					<texturefocus colordiffuse="$VAR[Colour.500]">OSDPauseNF.png</texturefocus>
					<texturenofocus colordiffuse="text.primary">OSDPauseNF.png</texturenofocus>
					<usealttexture>Player.Paused | Player.Forwarding | Player.Rewinding</usealttexture>
					<alttexturefocus colordiffuse="$VAR[Colour.500]">OSDPlayNF.png</alttexturefocus>
					<alttexturenofocus colordiffuse="text.primary">OSDPlayNF.png</alttexturenofocus>
					<onleft>601</onleft>
					<onright>602</onright>
					<onup>300</onup>
					<ondown>200</ondown>
					<onclick>XBMC.PlayerControl(Play)</onclick>
					<visible>!VideoPlayer.Content(LiveTV)</visible>
				</control>
				
				<control type="button" id="602">
					<left>225</left>
					<top>0</top>
					<width>40</width>
					<height>40</height>
					<label>-</label>
					<texturefocus colordiffuse="$VAR[Colour.500]">OSDStopNF.png</texturefocus>
					<texturenofocus colordiffuse="text.primary">OSDStopNF.png</texturenofocus>
					<onleft>603</onleft>
					<onright>604</onright>
					<onup>300</onup>
					<ondown>200</ondown>
					<onclick>down</onclick>
					<onclick>XBMC.PlayerControl(Stop)</onclick>
					<visible>!VideoPlayer.Content(LiveTV)</visible>
				</control>
				
				<control type="button" id="604">
					<left>300</left>
					<top>0</top>
					<width>40</width>
					<height>40</height>
					<label>-</label>
					<texturefocus colordiffuse="$VAR[Colour.500]">OSDForwardNF.png</texturefocus>
					<texturenofocus colordiffuse="text.primary">OSDForwardNF.png</texturenofocus>
					<onleft>602</onleft>
					<onright>605</onright>
					<onup>300</onup>
					<ondown>200</ondown>
					<onclick>XBMC.PlayerControl(Forward)</onclick>
					<visible>!VideoPlayer.Content(LiveTV)</visible>
				</control>
				
				<control type="button" id="605">
					<left>375</left>
					<top>0</top>
					<width>40</width>
					<height>40</height>
					<label>-</label>
					<texturefocus colordiffuse="$VAR[Colour.500]">OSDNextTrackNF.png</texturefocus>
					<texturenofocus colordiffuse="text.primary">OSDNextTrackNF.png</texturenofocus>
					<onleft>604</onleft>
					<onright>606</onright>
					<onup>300</onup>
					<ondown>200</ondown>
					<onclick>XBMC.PlayerControl(Next)</onclick>
					<visible>!VideoPlayer.Content(LiveTV)</visible>
				</control>
				
				<control type="button" id="606">
					<left>450</left>
					<top>0</top>
					<width>40</width>
					<height>40</height>
					<label>-</label>
					<texturefocus colordiffuse="$VAR[Colour.500]">OSDRecordOffFO.png</texturefocus>
					<texturenofocus colordiffuse="text.primary">OSDRecordOffNF.png</texturenofocus>
					<onleft>605</onleft>
					<onright>607</onright>
					<onup>300</onup>
					<ondown>200</ondown>
					<onclick>XBMC.PlayerControl(record)</onclick>
					<enable>Player.CanRecord</enable>
					<animation effect="fade" start="100" end="30" time="100" condition="!Player.CanRecord">Conditional</animation>
					<visible>!VideoPlayer.Content(LiveTV)</visible>
				</control>
				
				<control type="group">
					<animation effect="slide" start="0,0" end="60,0" time="0" condition="!Player.HasAudio">Conditional</animation>
					
					<control type="button" id="607">
						<left>600</left>
						<top>-5</top>
						<width>50</width>
						<height>50</height>
						<label>-</label>
						<texturefocus>-</texturefocus>
						<texturenofocus>-</texturenofocus>
						<onclick>XBMC.PlayerControl(Repeat)</onclick>
						<onleft>606</onleft>
						<onright>608</onright>
						<onup>100</onup>
						<ondown>100</ondown>
						<visible>!VideoPlayer.Content(LiveTV)</visible>
					</control>
					
					<control type="image">
						<left>600</left>
						<top>-5</top>
						<width>50</width>
						<height>50</height>
						<texture colordiffuse="text.primary">OSDRepeatNF.png</texture>
						<visible>!Playlist.IsRepeat + !Playlist.IsRepeatOne</visible>
						<visible>!Control.HasFocus(607)</visible>
						<visible>!VideoPlayer.Content(LiveTV)</visible>
					</control>
					
					<control type="image">
						<left>600</left>
						<top>-5</top>
						<width>50</width>
						<height>50</height>
						<texture colordiffuse="$VAR[Colour.500]">OSDRepeatNF.png</texture>
						<visible>!Playlist.IsRepeat + !Playlist.IsRepeatOne</visible>
						<visible>Control.HasFocus(607)</visible>
						<visible>!VideoPlayer.Content(LiveTV)</visible>
					</control>
					
					<control type="image">
						<left>600</left>
						<top>-5</top>
						<width>50</width>
						<height>50</height>
						<texture colordiffuse="text.primary">OSDRepeatOneNF.png</texture>
						<visible>Playlist.IsRepeatOne</visible>
						<visible>!Control.HasFocus(607)</visible>
						<visible>!VideoPlayer.Content(LiveTV)</visible>
					</control>
					
					<control type="image">
						<left>600</left>
						<top>-5</top>
						<width>50</width>
						<height>50</height>
						<texture colordiffuse="$VAR[Colour.500]">OSDRepeatOneNF.png</texture>
						<visible>Playlist.IsRepeatOne</visible>
						<visible>Control.HasFocus(607)</visible>
						<visible>!VideoPlayer.Content(LiveTV)</visible>
					</control>
					
					<control type="image">
						<left>600</left>
						<top>-5</top>
						<width>50</width>
						<height>50</height>
						<texture colordiffuse="text.primary">OSDRepeatAllNF.png</texture>
						<visible>Playlist.IsRepeat</visible>
						<visible>!Control.HasFocus(607)</visible>
						<visible>!VideoPlayer.Content(LiveTV)</visible>
					</control>
					
					<control type="image">
						<left>600</left>
						<top>-5</top>
						<width>50</width>
						<height>50</height>
						<texture colordiffuse="$VAR[Colour.500]">OSDRepeatAllNF.png</texture>
						<visible>Playlist.IsRepeat</visible>
						<visible>Control.HasFocus(607)</visible>
						<visible>!VideoPlayer.Content(LiveTV)</visible>
					</control>
					
					<control type="togglebutton" id="608">
						<left>675</left>
						<top>-5</top>
						<width>50</width>
						<height>50</height>
						<label>-</label>
						<texturefocus colordiffuse="$VAR[Colour.500]">OSDRandomOffNF.png</texturefocus>
						<texturenofocus colordiffuse="text.primary">OSDRandomOffNF.png</texturenofocus>
						<usealttexture>Playlist.IsRandom</usealttexture>
						<alttexturefocus colordiffuse="$VAR[Colour.500]">OSDRandomOnNF.png</alttexturefocus>
						<alttexturenofocus colordiffuse="text.primary">OSDRandomOnNF.png</alttexturenofocus>
						<onclick>XBMC.PlayerControl(Random)</onclick>
						<onleft>607</onleft>
						<onright>609</onright>
						<onup>100</onup>
						<ondown>100</ondown>
						<visible>!VideoPlayer.Content(LiveTV)</visible>
					</control>
					
					<control type="togglebutton" id="609">
						<left>750</left>
						<top>0</top>
						<width>40</width>
						<height>40</height>
						<label>31128</label>
						<font>-</font>
						<texturefocus colordiffuse="$VAR[Colour.500]">OSDLyricsNF.png</texturefocus>
						<texturenofocus colordiffuse="text.primary">OSDLyricsNF.png</texturenofocus>
						<alttexturefocus colordiffuse="$VAR[Colour.500]">OSDLyricsNF.png</alttexturefocus>
						<alttexturenofocus colordiffuse="text.primary">OSDLyricsNF.png</alttexturenofocus>
						<onleft>608</onleft>
						<onright>600</onright>
						<onup>100</onup>
						<ondown>100</ondown>
						<onclick>Close</onclick>
						<onclick>XBMC.RunScript($INFO[Skin.String(LyricScript_Path)])</onclick>
						<altclick>Skin.SetAddon(LyricScript_Path,xbmc.python.lyrics)</altclick>
						<altclick>Close</altclick>
						<altclick>XBMC.RunScript($INFO[Skin.String(LyricScript_Path)])</altclick>
						<usealttexture>IsEmpty(Skin.String(LyricScript_Path))</usealttexture>
						<visible>Player.HasAudio</visible>
						<visible>!VideoPlayer.Content(LiveTV)</visible>
					</control>
					
				</control>
				
			</control>
			
			<control type="group" id="100">
				<left>690</left>
				<top>670</top>
				<defaultcontrol always="true">700</defaultcontrol>
				<visible>VideoPlayer.Content(LiveTV)</visible>
				
				<control type="button" id="701">
					<left>0</left>
					<top>0</top>
					<width>40</width>
					<height>40</height>
					<label>-</label>
					<texturefocus colordiffuse="$VAR[Colour.500]">OSDRewindNF.png</texturefocus>
					<texturenofocus colordiffuse="text.primary">OSDRewindNF.png</texturenofocus>
					<onleft>706</onleft>
					<onright>702</onright>
					<onup>300</onup>
					<ondown>200</ondown>
					<onclick>XBMC.PlayerControl(Rewind)</onclick>
					<visible>VideoPlayer.Content(LiveTV)</visible>
					<enable>Player.SeekEnabled</enable>
					<animation effect="fade" start="100" end="50" time="100" condition="true">Conditional</animation>
				</control>
				
				<control type="button" id="702">
					<left>75</left>
					<top>0</top>
					<width>40</width>
					<height>40</height>
					<label>-</label>
					<texturefocus colordiffuse="$VAR[Colour.500]">OSDStopNF.png</texturefocus>
					<texturenofocus colordiffuse="text.primary">OSDStopNF.png</texturenofocus>
					<onleft>701</onleft>
					<onright>703</onright>
					<onup>300</onup>
					<ondown>200</ondown>
					<onclick>down</onclick>
					<onclick>XBMC.PlayerControl(Stop)</onclick>
					<visible>VideoPlayer.Content(LiveTV)</visible>
				</control>
				
				<control type="togglebutton" id="703">
					<left>150</left>
					<top>0</top>
					<width>40</width>
					<height>40</height>
					<label>-</label>
					<texturefocus colordiffuse="$VAR[Colour.500]">OSDPauseNF.png</texturefocus>
					<texturenofocus colordiffuse="text.primary">OSDPauseNF.png</texturenofocus>
					<usealttexture>Player.Paused | Player.Forwarding | Player.Rewinding</usealttexture>
					<alttexturefocus colordiffuse="$VAR[Colour.500]">OSDPlayNF.png</alttexturefocus>
					<alttexturenofocus colordiffuse="text.primary">OSDPlayNF.png</alttexturenofocus>
					<onleft>702</onleft>
					<onright>704</onright>
					<onup>300</onup>
					<ondown>200</ondown>
					<onclick>XBMC.PlayerControl(Play)</onclick>
					<visible>VideoPlayer.Content(LiveTV)</visible>
					<enable>false</enable>
					<enable>Player.PauseEnabled</enable>
					<animation effect="fade" start="100" end="50" time="100" condition="true">Conditional</animation>
				</control>
				
				<control type="button" id="704">
					<left>225</left>
					<top>0</top>
					<width>40</width>
					<height>40</height>
					<label>-</label>
					<texturefocus colordiffuse="$VAR[Colour.500]">OSDForwardNF.png</texturefocus>
					<texturenofocus colordiffuse="text.primary">OSDForwardNF.png</texturenofocus>
					<onleft>703</onleft>
					<onright>700</onright>
					<onup>300</onup>
					<ondown>200</ondown>
					<onclick>XBMC.PlayerControl(Forward)</onclick>
					<visible>VideoPlayer.Content(LiveTV)</visible>
					<enable>Player.SeekEnabled</enable>
					<animation effect="fade" start="100" end="50" time="100" condition="true">Conditional</animation>
				</control>
				
				<control type="button" id="700">
					<left>375</left>
					<top>0</top>
					<width>40</width>
					<height>40</height>
					<label>-</label>
					<texturefocus colordiffuse="$VAR[Colour.500]">OSDChannelUPNF.png</texturefocus>
					<texturenofocus colordiffuse="text.primary">OSDChannelUPNF.png</texturenofocus>
					<onleft>704</onleft>
					<onright>705</onright>
					<onup>300</onup>
					<ondown>200</ondown>
					<onclick>ChannelDown</onclick>
					<visible>VideoPlayer.Content(LiveTV)</visible>
				</control>
				
				<control type="button" id="705">
					<left>450</left>
					<top>0</top>
					<width>40</width>
					<height>40</height>
					<label>-</label>
					<texturefocus colordiffuse="$VAR[Colour.500]">OSDChannelDownNF.png</texturefocus>
					<texturenofocus colordiffuse="text.primary">OSDChannelDownNF.png</texturenofocus>
					<onleft>700</onleft>
					<onright>706</onright>
					<onup>300</onup>
					<ondown>200</ondown>
					<onclick>ChannelUp</onclick>
					<visible>VideoPlayer.Content(LiveTV)</visible>
				</control>
				
				<control type="button" id="706">
					<left>525</left>
					<top>0</top>
					<width>40</width>
					<height>40</height>
					<label>-</label>
					<texturefocus colordiffuse="$VAR[Colour.500]">OSDRecordOffNF.png</texturefocus>
					<texturenofocus colordiffuse="text.primary">OSDRecordOffNF.png</texturenofocus>
					<onleft>705</onleft>
					<onright>701</onright>
					<onup>300</onup>
					<ondown>200</ondown>
					<onclick>XBMC.PlayerControl(record)</onclick>
					<enable>Player.CanRecord</enable>
					<animation effect="fade" start="100" end="30" time="100" condition="!Player.CanRecord">Conditional</animation>
					<visible>VideoPlayer.Content(LiveTV)</visible>
				</control>
				
			</control>
			
			<!-- Music Info -->
			<control type="group">
				<left>465</left>
				<top>465</top>
				<visible>Player.HasAudio</visible>
				<include>SmallMusicInfo</include>
			</control>
			
			<!-- Video Info -->
			<control type="group">
				<left>615</left>
				<top>465</top>
				<visible>Player.HasVideo</visible>
				<include>SmallVideoInfo</include>
			</control>
			
		</control>
		
	</controls>
	
</window>