<?xml version="1.0" encoding="UTF-8"?>
<window type="dialog" id="1114">
  <defaultcontrol always="true">451</defaultcontrol>
  <include>Animation_Bartowski_Context_Zoom</include>
  <controls>
    <control type="image">
      <include>Dimensions_Fullscreen</include>
      <texture>common/7000_focus.png</texture>
      <animation effect="fade" start="0" end="100" time="600">Visible</animation>
      <animation effect="fade" start="100" end="0" time="600">Hidden</animation>
    </control>
    <control type="group">
      <control type="button" id="451">
        <description>conditionally run RecentlyAdded script at startup</description>
        <left>-20</left>
        <top>-20</top>
        <width>1</width>
        <height>1</height>
        <label>-</label>
        <font>-</font>
        <texturenofocus>-</texturenofocus>
        <texturefocus>-</texturefocus>
        <onfocus>RunScript(script.favourites,playlists=play)</onfocus>
        <onup>450</onup>
        <onleft>450</onleft>
        <onright>450</onright>
        <ondown>450</ondown>
      </control>
      <control type="image">
        <description>Panel</description>
        <left>240</left>
        <top>72</top>
        <width>800</width>
        <height>544</height>
        <colordiffuse>mainblue</colordiffuse>
        <texture>dialogbackwht.png</texture>
        <!--<colordiffuse>FavListPanel</colordiffuse>-->
      </control>
      <control type="image">
        <description>Panel</description>
        <left>240</left>
        <top>72</top>
        <width>800</width>
        <height>544</height>
        <texture>dialogback.png</texture>
        <colordiffuse>mainblue</colordiffuse>
      </control>
      <control type="label">
        <description>Favourites Label</description>
        <left>280</left>
        <top>106</top>
        <width>720</width>
        <height>60</height>
        <align>center</align>
        <textcolor>mainblue</textcolor>
        <label>$LOCALIZE[1036]</label>
        <font>Font_Neon_45_Context</font>
      </control>
      <control type="image">
        <left>270</left>
        <top>160</top>
        <width>740</width>
        <height>2</height>
        <texture>common/divider.png</texture>
      </control>
      <control type="list" id="450">
        <left>260</left>
        <top>150</top>
        <width>781</width>
        <height>375</height>
        <onleft>noop</onleft>
        <onright>noop</onright>
        <onup>450</onup>
        <ondown>450</ondown>
        <pagecontrol>-</pagecontrol>
        <scrolltime>0</scrolltime>
        <itemlayout height="40">
          <control type="label">
            <left>30</left>
            <top>15</top>
            <width>721</width>
            <height>30</height>
            <textcolor>FavListItem</textcolor>
            <selectedcolor>FavListItemSelected</selectedcolor>
            <aligny>center</aligny>
            <font>Font_FavouritesItemLabel</font>
            <info>ListItem.Label</info>
          </control>
        </itemlayout>
        <focusedlayout height="40">
          <control type="image">
            <left>4</left>
            <top>10</top>
            <width>754</width>
            <height>40</height>
            <colordiffuse>mainblue</colordiffuse>
            <texture>button-focus.png</texture>
          </control>
          <control type="label">
            <left>30</left>
            <top>16</top>
            <width>721</width>
            <height>30</height>
            <textcolor>white</textcolor>
            <aligny>center</aligny>
            <font>Font_FavouritesFocusedItemLabel</font>
            <info>ListItem.Label</info>
          </control>
        </focusedlayout>
        <content>
          <item id="1">
            <label>$INFO[Window(Home).Property(favourite.1.name)]</label>
            <onclick>Skin.SetString($INFO[Skin.String(Menu_Sub_Custom_Favourites_Path)],$INFO[Window(Home).Property(favourite.1.path)])</onclick>
            <onclick>Dialog.Close(1114)</onclick>
            <visible>!IsEmpty(Window(Home).Property(favourite.1.name))</visible>
          </item>
          <item id="2">
            <label>$INFO[Window(Home).Property(favourite.2.name)]</label>
            <onclick>Skin.SetString($INFO[Skin.String(Menu_Sub_Custom_Favourites_Path)],$INFO[Window(Home).Property(favourite.2.path)])</onclick>
            <onclick>Dialog.Close(1114)</onclick>
            <visible>!IsEmpty(Window(Home).Property(favourite.2.name))</visible>
          </item>
          <item id="3">
            <label>$INFO[Window(Home).Property(favourite.3.name)]</label>
            <onclick>Skin.SetString($INFO[Skin.String(Menu_Sub_Custom_Favourites_Path)],$INFO[Window(Home).Property(favourite.3.path)])</onclick>
            <onclick>Dialog.Close(1114)</onclick>
            <visible>!IsEmpty(Window(Home).Property(favourite.3.name))</visible>
          </item>
          <item id="4">
            <label>$INFO[Window(Home).Property(favourite.4.name)]</label>
            <onclick>Skin.SetString($INFO[Skin.String(Menu_Sub_Custom_Favourites_Path)],$INFO[Window(Home).Property(favourite.4.path)])</onclick>
            <onclick>Dialog.Close(1114)</onclick>
            <visible>!IsEmpty(Window(Home).Property(favourite.4.name))</visible>
          </item>
          <item id="5">
            <label>$INFO[Window(Home).Property(favourite.5.name)]</label>
            <onclick>Skin.SetString($INFO[Skin.String(Menu_Sub_Custom_Favourites_Path)],$INFO[Window(Home).Property(favourite.5.path)])</onclick>
            <onclick>Dialog.Close(1114)</onclick>
            <visible>!IsEmpty(Window(Home).Property(favourite.5.name))</visible>
          </item>
          <item id="6">
            <label>$INFO[Window(Home).Property(favourite.6.name)]</label>
            <onclick>Skin.SetString($INFO[Skin.String(Menu_Sub_Custom_Favourites_Path)],$INFO[Window(Home).Property(favourite.6.path)])</onclick>
            <onclick>Dialog.Close(1114)</onclick>
            <visible>!IsEmpty(Window(Home).Property(favourite.6.name))</visible>
          </item>
          <item id="7">
            <label>$INFO[Window(Home).Property(favourite.7.name)]</label>
            <onclick>Skin.SetString($INFO[Skin.String(Menu_Sub_Custom_Favourites_Path)],$INFO[Window(Home).Property(favourite.7.path)])</onclick>
            <onclick>Dialog.Close(1114)</onclick>
            <visible>!IsEmpty(Window(Home).Property(favourite.7.name))</visible>
          </item>
          <item id="8">
            <label>$INFO[Window(Home).Property(favourite.8.name)]</label>
            <onclick>Skin.SetString($INFO[Skin.String(Menu_Sub_Custom_Favourites_Path)],$INFO[Window(Home).Property(favourite.8.path)])</onclick>
            <onclick>Dialog.Close(1114)</onclick>
            <visible>!IsEmpty(Window(Home).Property(favourite.8.name))</visible>
          </item>
          <item id="9">
            <label>$INFO[Window(Home).Property(favourite.9.name)]</label>
            <onclick>Skin.SetString($INFO[Skin.String(Menu_Sub_Custom_Favourites_Path)],$INFO[Window(Home).Property(favourite.9.path)])</onclick>
            <onclick>Dialog.Close(1114)</onclick>
            <visible>!IsEmpty(Window(Home).Property(favourite.9.name))</visible>
          </item>
          <item id="10">
            <label>$INFO[Window(Home).Property(favourite.10.name)]</label>
            <onclick>Skin.SetString($INFO[Skin.String(Menu_Sub_Custom_Favourites_Path)],$INFO[Window(Home).Property(favourite.10.path)])</onclick>
            <onclick>Dialog.Close(1114)</onclick>
            <visible>!IsEmpty(Window(Home).Property(favourite.10.name))</visible>
          </item>
          <item id="11">
            <label>$INFO[Window(Home).Property(favourite.11.name)]</label>
            <onclick>Skin.SetString($INFO[Skin.String(Menu_Sub_Custom_Favourites_Path)],$INFO[Window(Home).Property(favourite.11.path)])</onclick>
            <onclick>Dialog.Close(1114)</onclick>
            <visible>!IsEmpty(Window(Home).Property(favourite.11.name))</visible>
          </item>
          <item id="12">
            <label>$INFO[Window(Home).Property(favourite.12.name)]</label>
            <onclick>Skin.SetString($INFO[Skin.String(Menu_Sub_Custom_Favourites_Path)],$INFO[Window(Home).Property(favourite.12.path)])</onclick>
            <onclick>Dialog.Close(1114)</onclick>
            <visible>!IsEmpty(Window(Home).Property(favourite.12.name))</visible>
          </item>
          <item id="13">
            <label>$INFO[Window(Home).Property(favourite.13.name)]</label>
            <onclick>Skin.SetString($INFO[Skin.String(Menu_Sub_Custom_Favourites_Path)],$INFO[Window(Home).Property(favourite.13.path)])</onclick>
            <onclick>Dialog.Close(1114)</onclick>
            <visible>!IsEmpty(Window(Home).Property(favourite.13.name))</visible>
          </item>
          <item id="14">
            <label>$INFO[Window(Home).Property(favourite.14.name)]</label>
            <onclick>Skin.SetString($INFO[Skin.String(Menu_Sub_Custom_Favourites_Path)],$INFO[Window(Home).Property(favourite.14.path)])</onclick>
            <onclick>Dialog.Close(1114)</onclick>
            <visible>!IsEmpty(Window(Home).Property(favourite.14.name))</visible>
          </item>
          <item id="15">
            <label>$INFO[Window(Home).Property(favourite.15.name)]</label>
            <onclick>Skin.SetString($INFO[Skin.String(Menu_Sub_Custom_Favourites_Path)],$INFO[Window(Home).Property(favourite.15.path)])</onclick>
            <onclick>Dialog.Close(1114)</onclick>
            <visible>!IsEmpty(Window(Home).Property(favourite.15.name))</visible>
          </item>
          <item id="16">
            <label>$INFO[Window(Home).Property(favourite.16.name)]</label>
            <onclick>Skin.SetString($INFO[Skin.String(Menu_Sub_Custom_Favourites_Path)],$INFO[Window(Home).Property(favourite.16.path)])</onclick>
            <onclick>Dialog.Close(1114)</onclick>
            <visible>!IsEmpty(Window(Home).Property(favourite.16.name))</visible>
          </item>
          <item id="17">
            <label>$INFO[Window(Home).Property(favourite.17.name)]</label>
            <onclick>Skin.SetString($INFO[Skin.String(Menu_Sub_Custom_Favourites_Path)],$INFO[Window(Home).Property(favourite.17.path)])</onclick>
            <onclick>Dialog.Close(1114)</onclick>
            <visible>!IsEmpty(Window(Home).Property(favourite.17.name))</visible>
          </item>
          <item id="18">
            <label>$INFO[Window(Home).Property(favourite.18.name)]</label>
            <onclick>Skin.SetString($INFO[Skin.String(Menu_Sub_Custom_Favourites_Path)],$INFO[Window(Home).Property(favourite.18.path)])</onclick>
            <onclick>Dialog.Close(1114)</onclick>
            <visible>!IsEmpty(Window(Home).Property(favourite.18.name))</visible>
          </item>
          <item id="19">
            <label>$INFO[Window(Home).Property(favourite.19.name)]</label>
            <onclick>Skin.SetString($INFO[Skin.String(Menu_Sub_Custom_Favourites_Path)],$INFO[Window(Home).Property(favourite.19.path)])</onclick>
            <onclick>Dialog.Close(1114)</onclick>
            <visible>!IsEmpty(Window(Home).Property(favourite.19.name))</visible>
          </item>
          <item id="20">
            <label>$INFO[Window(Home).Property(favourite.20.name)]</label>
            <onclick>Skin.SetString($INFO[Skin.String(Menu_Sub_Custom_Favourites_Path)],$INFO[Window(Home).Property(favourite.20.path)])</onclick>
            <onclick>Dialog.Close(1114)</onclick>
            <visible>!IsEmpty(Window(Home).Property(favourite.20.name))</visible>
          </item>
        </content>
      </control>
      <control type="scrollbar" id="61">
        <left>898</left>
        <top>135</top>
        <width>20</width>
        <height>470</height>
        <texturesliderbackground border="0,10,0,10">scrollbar-back.png</texturesliderbackground>
        <texturesliderbar border="0,10,0,10">scrollbar-front-nofocus.png</texturesliderbar>
        <texturesliderbarfocus border="0,10,0,10">scrollbar-front.png</texturesliderbarfocus>
        <textureslidernib>scrollbar-nib-nofocus.png</textureslidernib>
        <textureslidernibfocus>scrollbar-nib.png</textureslidernibfocus>
        <onleft>450</onleft>
        <onright>450</onright>
        <showonepage>false</showonepage>
        <orientation>vertical</orientation>
      </control>
    </control>
  </controls>
</window>