<?xml version="1.0" encoding="UTF-8"?>
<window>
  <defaultcontrol always="true">15</defaultcontrol>
  <controls>
    <control type="group">
      <animation effect="fade" start="0" end="100" time="600">WindowOpen</animation>
      <animation effect="fade" start="100" end="0" time="200">WindowClose</animation>
      <visible>!Window.IsVisible(MusicInformation)</visible>
      <control type="image">
        <left>0</left>
        <top>0</top>
        <width>1280</width>
        <height>720</height>
        <texture>special://skin/backgrounds/music.jpg</texture>
      </control>
      <control type="image">
        <!-- Floor -->
        <left>0</left>
        <top>0</top>
        <width>1280</width>
        <height>720</height>
        <texture>ContentPanel2.png</texture>
      </control>
      <!--<control type="label">
				<description>header label</description>
				<left>280</left>
				<top>20</top>
				<width>580</width>
				<height>30</height>
				 <font>Font_Neon_30</font>
				<label>$LOCALIZE[658]</label>
				<align>left</align>
				<aligny>center</aligny>
				<textcolor>white</textcolor>
				<shadowcolor>black</shadowcolor>
			</control>-->
      <control type="label">
        <description>Song Title value</description>
        <left>0</left>
        <top>80</top>
        <width>1280</width>
        <height>30</height>
        <align>center</align>
        <aligny>center</aligny>
        <font>Font_Neon_40</font>
        <textcolor>mainblue</textcolor>
        <label>[B]"$INFO[ListItem.Title]"[/B]</label>
      </control>
      <control type="group">
        <left>30</left>
        <top>-10</top>
        <control type="image">
          <left>100</left>
          <top>160</top>
          <width>340</width>
          <height>340</height>
          <fadetime>100</fadetime>
          <texture background="true" diffuse="wall/musicwallmatte.png">$INFO[ListItem.Icon]</texture>
          <aspectratio scalediffuse="false">stretch</aspectratio>
          <animation effect="slide" start="0,0" end="60,0" time="800" delay="800" tween="cubic" easing="inout" condition="!IsEmpty(Control.GetLabel(9171))">Conditional</animation>
        </control>
        <control type="image">
          <left>70</left>
          <top>130</top>
          <width>400</width>
          <height>400</height>
          <texture>music/musicwallframeF.png</texture>
          <aspectratio scalediffuse="false">stretch</aspectratio>
          <animation effect="slide" start="0,0" end="60,0" time="800" delay="800" tween="cubic" easing="inout" condition="!IsEmpty(Control.GetLabel(9171))">Conditional</animation>
        </control>
      </control>
      <control type="group">
        <left>240</left>
        <top>50</top>
        <control type="label">
          <description>Artist Title</description>
          <left>400</left>
          <top>140</top>
          <width>130</width>
          <height>25</height>
          <align>right</align>
          <aligny>center</aligny>
          <font>Font_Neon_25</font>
          <textcolor>mainblue</textcolor>
          <label>$LOCALIZE[557]:</label>
        </control>
        <control type="fadelabel">
          <description>Artist Value</description>
          <left>540</left>
          <top>140</top>
          <width>460</width>
          <height>25</height>
          <align>left</align>
          <aligny>center</aligny>
          <font>Font_Neon_20_title</font>
          <textcolor>white</textcolor>
          <label fallback="161">$INFO[ListItem.Artist]</label>
        </control>
        <control type="label">
          <description>Album Title</description>
          <left>400</left>
          <top>175</top>
          <width>130</width>
          <height>25</height>
          <align>right</align>
          <aligny>center</aligny>
          <font>Font_Neon_25</font>
          <textcolor>mainblue</textcolor>
          <label>$LOCALIZE[558]:</label>
        </control>
        <control type="fadelabel">
          <description>Album Value</description>
          <left>540</left>
          <top>175</top>
          <width>460</width>
          <height>25</height>
          <align>left</align>
          <aligny>center</aligny>
          <font>Font_Neon_20_title</font>
          <textcolor>white</textcolor>
          <label fallback="161">$INFO[ListItem.Album]$INFO[musicplayer.discnumber, - $LOCALIZE[427]:]</label>
        </control>
        <control type="label">
          <description>Genre Title</description>
          <left>400</left>
          <top>210</top>
          <width>130</width>
          <height>25</height>
          <align>right</align>
          <aligny>center</aligny>
          <font>Font_Neon_25</font>
          <textcolor>mainblue</textcolor>
          <label>$LOCALIZE[515]:</label>
        </control>
        <control type="fadelabel">
          <description>Genre Value</description>
          <left>540</left>
          <top>210</top>
          <width>460</width>
          <height>25</height>
          <align>left</align>
          <aligny>center</aligny>
          <font>Font_Neon_20_title</font>
          <textcolor>white</textcolor>
          <label fallback="161">$INFO[ListItem.Genre]</label>
        </control>
        <control type="label">
          <description>Year Title</description>
          <left>400</left>
          <top>245</top>
          <width>130</width>
          <height>25</height>
          <align>right</align>
          <aligny>center</aligny>
          <font>Font_Neon_25</font>
          <textcolor>mainblue</textcolor>
          <label>$LOCALIZE[562]:</label>
        </control>
        <control type="fadelabel">
          <description>Year Value</description>
          <left>540</left>
          <top>245</top>
          <width>460</width>
          <height>25</height>
          <align>left</align>
          <aligny>center</aligny>
          <font>Font_Neon_20_title</font>
          <textcolor>white</textcolor>
          <label fallback="161">$INFO[ListItem.Year]</label>
        </control>
        <control type="label">
          <description>Track Number Title</description>
          <left>400</left>
          <top>280</top>
          <width>130</width>
          <height>25</height>
          <align>right</align>
          <aligny>center</aligny>
          <font>Font_Neon_25</font>
          <textcolor>mainblue</textcolor>
          <label>$LOCALIZE[554]:</label>
        </control>
        <control type="fadelabel">
          <description>Track Number Value</description>
          <left>540</left>
          <top>280</top>
          <width>460</width>
          <height>25</height>
          <align>left</align>
          <aligny>center</aligny>
          <font>Font_Neon_20_title</font>
          <textcolor>white</textcolor>
          <label fallback="161">$INFO[ListItem.TrackNumber]</label>
        </control>
        <control type="label">
          <description>Rating Title</description>
          <left>400</left>
          <top>315</top>
          <width>130</width>
          <height>25</height>
          <align>right</align>
          <aligny>center</aligny>
          <font>Font_Neon_25</font>
          <textcolor>mainblue</textcolor>
          <label>$LOCALIZE[563]:</label>
        </control>
        <control type="fadelabel">
          <description>Rating Value</description>
          <left>540</left>
          <top>315</top>
          <width>460</width>
          <height>25</height>
          <align>left</align>
          <aligny>center</aligny>
          <font>Font_Neon_20</font>
          <textcolor>white</textcolor>
          <label fallback="161">$INFO[ListItem.Rating]</label>
        </control>
        <control type="label">
          <description>Comment Title</description>
          <left>400</left>
          <top>350</top>
          <width>130</width>
          <height>25</height>
          <align>right</align>
          <aligny>center</aligny>
          <font>Font_Neon_25</font>
          <textcolor>mainblue</textcolor>
          <label>$LOCALIZE[569]:</label>
        </control>
        <control type="textbox">
          <description>Comment value</description>
          <left>540</left>
          <top>352</top>
          <width>460</width>
          <height>98</height>
          <font>Font_Neon_20</font>
          <textcolor>white</textcolor>
          <pagecontrol>-</pagecontrol>
          <label fallback="161">$INFO[ListItem.Comment]</label>
        </control>
      </control>
      <control type="image">
        <!-- Floor -->
        <left>100</left>
        <top>650</top>
        <width>400</width>
        <height>60</height>
        <texture>notification_background.png</texture>
      </control>
      <control type="image">
        <!-- Floor -->
        <left>520</left>
        <top>650</top>
        <width>660</width>
        <height>60</height>
        <texture>notification_background.png</texture>
      </control>
      <control type="group">
        <left>146</left>
        <top>634</top>
        <control type="button" id="14">
          <description>rating decrease</description>
          <onleft>12</onleft>
          <onright>15</onright>
          <onup>901</onup>
          <label>$LOCALIZE[563] -</label>
          <ondown>901</ondown>
          <onclick>DecreaseRating</onclick>
          <include>WindowMenuButton</include>
        </control>
        <control type="button" id="15">
          <description>rating increase</description>
          <left>130</left>
          <onleft>14</onleft>
          <onright>10</onright>
          <onup>901</onup>
          <label>$LOCALIZE[563] +</label>
          <ondown>901</ondown>
          <onclick>IncreaseRating</onclick>
          <include>WindowMenuButton</include>
        </control>
      </control>
      <control type="image">
        <left>214</left>
        <top>540</top>
        <width>183</width>
        <height>33</height>
        <texture>$INFO[ListItem.StarRating]</texture>
        <aspectratio>keep</aspectratio>
        <colordiffuse>mainblue</colordiffuse>
      </control>
      <control type="group" id="9000">
        <left>530</left>
        <top>634</top>
        <width>800</width>
        <height>40</height>
        <onup>50</onup>
        <itemgap>0</itemgap>
        <align>center</align>
        <orientation>horizontal</orientation>
        <control type="button" id="10">
          <description>Ok button</description>
          <label>186</label>
          <left>0</left>
          <top>30</top>
          <width>160</width>
          <height>30</height>
          <align>center</align>
          <font>Font_Bartowski_Smaller_MenuTitle</font>
          <textcolor>grey</textcolor>
          <focusedcolor>white</focusedcolor>
          <colordiffuse>mainblue</colordiffuse>
          <texturefocus>button-focus.png</texturefocus>
          <onleft>15</onleft>
          <onright>11</onright>
        </control>
        <control type="button" id="11">
          <description>Cancel button</description>
          <label>222</label>
          <left>160</left>
          <top>30</top>
          <width>160</width>
          <height>30</height>
          <align>center</align>
          <font>Font_Bartowski_Smaller_MenuTitle</font>
          <textcolor>grey</textcolor>
          <focusedcolor>white</focusedcolor>
          <colordiffuse>mainblue</colordiffuse>
          <texturefocus>button-focus.png</texturefocus>
          <onleft>10</onleft>
          <onright>12</onright>
        </control>
        <control type="button" id="12">
          <description>Album Info button</description>
          <label>10523</label>
          <left>320</left>
          <top>30</top>
          <width>160</width>
          <height>30</height>
          <align>center</align>
          <font>Font_Bartowski_Smaller_MenuTitle</font>
          <textcolor>grey</textcolor>
          <focusedcolor>white</focusedcolor>
          <colordiffuse>mainblue</colordiffuse>
          <texturefocus>button-focus.png</texturefocus>
          <onleft>11</onleft>
          <onright>13</onright>
        </control>
        <control type="button" id="13">
          <description>Get Thumb button</description>
          <label>13405</label>
          <left>480</left>
          <top>30</top>
          <width>160</width>
          <height>30</height>
          <align>center</align>
          <font>Font_Bartowski_Smaller_MenuTitle</font>
          <textcolor>grey</textcolor>
          <focusedcolor>white</focusedcolor>
          <colordiffuse>mainblue</colordiffuse>
          <texturefocus>button-focus.png</texturefocus>
          <onleft>12</onleft>
          <onright>14</onright>
        </control>
      </control>
    </control>
  </controls>
</window>