<?xml version="1.0" encoding="UTF-8"?>
<!--Alaska-->
<window type="buttonMenu">
  <defaultcontrol always="true">410</defaultcontrol>
  <include>Animation_SettingsFade</include>
  <animation effect="fade" start="0" end="100" time="300">Visible</animation>
  <animation effect="fade" start="100" end="0" time="300">Hidden</animation>
  <controls>
    <control type="image">
      <include>Dimensions_Fullscreen</include>
      <texture>common/7000_focus.png</texture>
      <animation effect="fade" start="0" end="100" time="300">Visible</animation>
      <animation effect="fade" start="100" end="0" time="300">Hidden</animation>
    </control>
    <control type="button" id="410">
      <onfocus>Dialog.Close(2003)</onfocus>
      <onfocus>Dialog.Close(106)</onfocus>
      <onfocus>SetFocus(3110)</onfocus>
    </control>
    <control type="image">
      <!-- Floor -->
      <left>0</left>
      <top>565</top>
      <width>1280</width>
      <height>150</height>
      <colordiffuse>mainblue</colordiffuse>
      <texture>mainmenu/home_bottom_backthin.png</texture>
    </control>
    <control type="image">
      <!-- Floor -->
      <left>0</left>
      <top>565</top>
      <width>1280</width>
      <height>150</height>
      <texture>mainmenu/home_bottom_align.png</texture>
    </control>
    <control type="grouplist" id="1">
      <left>10</left>
      <top>670</top>
      <onleft>1</onleft>
      <onright>1</onright>
      <onup>noop</onup>
      <ondown>noop</ondown>
      <orientation>horizontal</orientation>
      <align>center</align>
      <control type="button" id="3110">
        <description>Settings</description>
        <height>35</height>
        <width>170</width>
        <textoffsety>2</textoffsety>
        <font>Font_Bartowski_Press_S</font>
        <textcolor>grey</textcolor>
        <focusedcolor>white</focusedcolor>
        <colordiffuse>mainblue</colordiffuse>
        <texturefocus>button-focus.png</texturefocus>
        <align>center</align>
        <aligny>center</aligny>
        <label>5</label>
        <onclick>ActivateWindow(Settings)</onclick>
      </control>
      <control type="button" id="3111">
        <description>Filemanager</description>
        <height>35</height>
        <width>170</width>
        <textoffsety>2</textoffsety>
        <font>Font_Bartowski_Press_S</font>
        <textcolor>grey</textcolor>
        <focusedcolor>white</focusedcolor>
        <colordiffuse>mainblue</colordiffuse>
        <texturefocus>button-focus.png</texturefocus>
        <align>center</align>
        <aligny>center</aligny>
        <label>$LOCALIZE[31242]</label>
        <onclick>AlarmClock(shutdowntimer,Shutdown)</onclick>
        <visible>!System.HasAlarm(ShutdownTimer)</visible>
      </control>
      <control type="button" id="3116">
        <description>Filemanager</description>
        <height>35</height>
        <width>170</width>
        <textoffsety>2</textoffsety>
        <font>Font_Bartowski_Press_S</font>
        <textcolor>grey</textcolor>
        <focusedcolor>white</focusedcolor>
        <colordiffuse>mainblue</colordiffuse>
        <texturefocus>button-focus.png</texturefocus>
        <align>center</align>
        <aligny>center</aligny>
        <label>$LOCALIZE[31243]</label>
        <onclick>CancelAlarm(ShutdownTimer)</onclick>
        <visible>System.HasAlarm(ShutdownTimer)</visible>
      </control>
      <control type="button" id="3117">
        <description>Favourites</description>
        <height>35</height>
        <width>170</width>
        <textoffsety>2</textoffsety>
        <font>Font_Bartowski_Press_S</font>
        <textcolor>grey</textcolor>
        <focusedcolor>white</focusedcolor>
        <colordiffuse>mainblue</colordiffuse>
        <texturefocus>button-focus.png</texturefocus>
        <align>center</align>
        <aligny>center</aligny>
        <label>$LOCALIZE[1036]</label>
        <onclick>ActivateWindow(Favourites)</onclick>
      </control>
      <control type="button" id="3112">
        <description>Reboot</description>
        <height>35</height>
        <width>170</width>
        <textoffsety>2</textoffsety>
        <font>Font_Bartowski_Press_S</font>
        <textcolor>grey</textcolor>
        <focusedcolor>white</focusedcolor>
        <colordiffuse>mainblue</colordiffuse>
        <texturefocus>button-focus.png</texturefocus>
        <align>center</align>
        <aligny>center</aligny>
        <label>$LOCALIZE[20183]</label>
        <onclick>Dialog.Close(all,true)</onclick>
        <onclick>ReloadSkin()</onclick>
      </control>
      <control type="button" id="3113">
        <description>Shutdown</description>
        <height>35</height>
        <width>170</width>
        <textoffsety>2</textoffsety>
        <font>Font_Bartowski_Press_S</font>
        <textcolor>grey</textcolor>
        <focusedcolor>white</focusedcolor>
        <colordiffuse>mainblue</colordiffuse>
        <texturefocus>button-focus.png</texturefocus>
        <align>center</align>
        <aligny>center</aligny>
        <label>$LOCALIZE[13005]</label>
        <onclick>ShutDown()</onclick>
      </control>
      <control type="button" id="3114">
        <description>Restart Kodi</description>
        <height>35</height>
        <width>170</width>
        <textoffsety>2</textoffsety>
        <font>Font_Bartowski_Press_S</font>
        <textcolor>grey</textcolor>
        <focusedcolor>white</focusedcolor>
        <colordiffuse>mainblue</colordiffuse>
        <texturefocus>button-focus.png</texturefocus>
        <align>center</align>
        <aligny>center</aligny>
        <label>$LOCALIZE[13313] Kodi</label>
        <onclick>RestartApp()</onclick>
      </control>
      <control type="button" id="3115">
        <description>System Info Button</description>
        <height>35</height>
        <width>170</width>
        <textoffsety>2</textoffsety>
        <font>Font_Bartowski_Press_S</font>
        <textcolor>grey</textcolor>
        <focusedcolor>white</focusedcolor>
        <colordiffuse>mainblue</colordiffuse>
        <texturefocus>button-focus.png</texturefocus>
        <align>center</align>
        <aligny>center</aligny>
        <label>$LOCALIZE[130]</label>
        <onclick>ActivateWindow(SystemInfo)</onclick>
      </control>
      <!--<control type="button" id="3116">
				<description>Reload Skin</description>
				<height>35</height>
				<width>150</width>
				<font>Font_Bartowski_Press_S</font>
				<textcolor>grey</textcolor>
				<focusedcolor>white</focusedcolor>
				<texturefocus>button-focus.png</texturefocus>
				<align>center</align>
				<aligny>center</aligny>
				<label>Reload Skin</label>
				<onclick>ReloadSkin()</onclick>
			</control> -->
    </control>
  </controls>
</window>