<?xml version="1.0" encoding="UTF-8"?>
<!--Empty-->
<window>
  <defaultcontrol>5</defaultcontrol>
  <coordinates>
    <system>1</system>
    <left>360</left>
    <top>120</top>
  </coordinates>
  <controls>
    <control type="image" id="0">
      <description>Back Panel</description>
      <left>-30</left>
      <top>-30</top>
      <width>620</width>
      <height>500</height>
      <texture>favourites/favourites_panel.png</texture>
      <colordiffuse>FavListPanel</colordiffuse>
    </control>
    <control type="textbox" id="5">
      <description>Textarea</description>
      <left>10</left>
      <top>42</top>
      <width>520</width>
      <height>380</height>
      <font>Small</font>
      <textcolor>TextFocused</textcolor>
      <autoscroll time="2000" delay="3000" repeat="5000">Skin.HasSetting(autoscroll)</autoscroll>
    </control>
  </controls>
</window>