<?xml version="1.0" encoding="UTF-8"?>
<!--Alaska-->
<window>
  <defaultcontrol always="true">10</defaultcontrol>
  <include>Animation_SettingsFade</include>
  <coordinates>
    <system>1</system>
    <left>0</left>
    <top>0</top>
    <origin x="0" y="0" />
  </coordinates>
  <controls>
    <control type="image">
      <include>Dimensions_Fullscreen</include>
      <texture>common/7000_focus.png</texture>
    </control>
    <control type="image">
      <description>background top image</description>
      <left>360</left>
      <top>170</top>
      <width>550</width>
      <height>292</height>
      <colordiffuse>mainblue</colordiffuse>
      <texture>DialogBackwht.png</texture>
    </control>
    <control type="image" id="997">
      <description>background top image</description>
      <left>360</left>
      <top>170</top>
      <width>550</width>
      <height>292</height>
      <colordiffuse>mainblue</colordiffuse>
      <texture>DialogBack.png</texture>
    </control>
    <control type="label" id="1">
      <description>Heading</description>
      <left>390</left>
      <top>200</top>
      <font>Font_Bartowski_Episode_ContextMenu</font>
      <textcolor>white</textcolor>
      <label>-</label>
      <width>500</width>
      <align>center</align>
    </control>
    <control type="textbox" id="9">
	  <description>text</description>
      <left>390</left>
      <top>252</top>
      <width>500</width>
      <height>98</height>
      <font>Font_Bartowski_Episode_ContextMenu</font>
      <textcolor>white</textcolor>
      <align>center</align>
	    <autoscroll time="3000" delay="4000" repeat="5000">Skin.HasSetting(AutoScroll)</autoscroll>
    </control>
    <control type="button" id="10">
      <description>no</description>
      <left>420</left>
      <top>400</top>
      <height>39</height>
      <width>200</width>
      <font>Font_Bartowski_Press_S</font>
      <textcolor>mainblue</textcolor>
      <focusedcolor>white</focusedcolor>
      <colordiffuse>mainblue</colordiffuse>
      <texturefocus>button-focus.png</texturefocus>
      <animation effect="zoom" start="100" end="120" tween="back" time="400" center="auto" reversible="false">Focus</animation>
      <label>$LOCALIZE[106]</label>
      <align>center</align>
      <aligny>center</aligny>
      <onleft>11</onleft>
      <onright>11</onright>
      <onup>11</onup>
      <ondown>11</ondown>
    </control>
    <control type="button" id="11">
      <description>yes</description>
      <left>660</left>
      <top>400</top>
      <height>39</height>
      <width>200</width>
      <align>center</align>
      <aligny>center</aligny>
      <font>Font_Bartowski_Press_S</font>
      <textcolor>mainblue</textcolor>
      <focusedcolor>white</focusedcolor>
      <colordiffuse>mainblue</colordiffuse>
      <texturefocus>button-focus.png</texturefocus>
      <animation effect="zoom" start="100" end="120" tween="back" time="400" center="auto" reversible="false">Focus</animation>
      <label>$LOCALIZE[107]</label>
      <onleft>10</onleft>
      <onright>10</onright>
      <onup>10</onup>
      <ondown>10</ondown>
    </control>
  </controls>
</window>