<?xml version="1.0" encoding="UTF-8"?>
<!--Empty-->
<window>
  <defaultcontrol>0</defaultcontrol>
  <coordinates>
    <system>1</system>
    <left>360</left>
    <top>120</top>
  </coordinates>
  <controls>
    <control type="image" id="0">
      <description>Back Panel</description>
      <left>-30</left>
      <top>-30</top>
      <width>620</width>
      <height>500</height>
      <texture>favourites/favourites_panel.png</texture>
      <colordiffuse>FavListPanel</colordiffuse>
    </control>
    <control type="label" id="1">
      <description>heading</description>
      <left>10</left>
      <top>40</top>
      <width>500</width>
      <label>-</label>
    </control>
    <control type="label" id="2">
      <description>Line 1</description>
      <left>10</left>
      <top>72</top>
      <width>500</width>
      <label>-</label>
    </control>
    <control type="label" id="3">
      <description>Line 2</description>
      <left>10</left>
      <top>104</top>
      <width>500</width>
      <label>-</label>
    </control>
    <control type="label" id="4">
      <description>Line 3</description>
      <left>10</left>
      <top>136</top>
      <width>500</width>
      <label>-</label>
    </control>
  </controls>
</window>