<?xml version="1.0" encoding="UTF-8"?>
<!--Alaska-->
<window>
  <visible>[Window.IsActive(VideoOSD) | Player.Seeking | Player.DisplayAfterSeek | Player.Paused | Player.Forwarding | Player.Rewinding] + ![Window.IsVisible(PVROSDChannels) | Window.IsVisible(PVROSDGuide)]</visible>
  <controls>
    <include>Time</include>
    <include>Finish_Time</include>
    <control type="group">
      <left>450</left>
      <top>-5</top>
      <control type="image">
        <left>0</left>
        <top>0</top>
        <width>325</width>
        <height>40</height>
        <colordiffuse>mainblue</colordiffuse>
        <texture flipy="true">InfoMessagePanel.png</texture>
        <visible>[Player.Paused + Player.Caching] + !Player.Seeking</visible>
      </control>
      <control type="label" id="24">
        <description>buffering label</description>
        <left>65</left>
        <top>0</top>
        <label>$LOCALIZE[15107] $INFO[Player.CacheLevel]%</label>
        <width>200</width>
        <height>40</height>
        <align>center</align>
        <aligny>center</aligny>
        <textcolor>red</textcolor>
        <font>Font_RSS_Unicode</font>
        <visible>[Player.Paused + Player.Caching] + !Player.Seeking</visible>
      </control>
    </control>
    <control type="group">
      <top>567</top>
      <animation type="WindowOpen">
        <effect type="fade" start="0" end="100" time="600" />
      </animation>
      <animation type="WindowClose">
        <effect type="fade" start="100" end="0" time="600" />
      </animation>
      <control type="image">
        <animation type="WindowOpen">
          <effect type="fade" start="0" end="50" time="600" />
        </animation>
        <animation type="WindowClose">
          <effect type="fade" start="50" end="0" time="600" />
        </animation>
        <description> lower backgound </description>
        <left>0</left>
        <top>45</top>
        <width>1280</width>
        <height>115</height>
        <colordiffuse>mainblue</colordiffuse>
        <texture>MediaInfoBackLower.png</texture>
        <aspectratio>stretch</aspectratio>
        <visible>!Control.IsVisible(10)+ ![[Player.Paused + Player.Caching] + !Player.Seeking]</visible>
      </control>
      <control type="image">
        <texture>osd/osd_progress_back1.png</texture>
        <colordiffuse>mainblue</colordiffuse>
        <left>140</left>
        <top>130</top>
        <width>1000</width>
        <height>19</height>
      </control>
      <control type="image">
        <texture>osd/left.png</texture>
        <colordiffuse>mainblue</colordiffuse>
        <left>140</left>
        <top>130</top>
        <width>5</width>
        <height>19</height>
      </control>
      <control type="slider" id="23">
        <texturesliderbar colordiffuse="mainblue">osd/mid.png</texturesliderbar>
        <textureslidernib colordiffuse="mainblue">osd/new_pause2.png</textureslidernib>
        <textureslidernibfocus>osd/new_pause2.png</textureslidernibfocus>
        <action>seek</action>
        <left>145</left>
        <top>130</top>
        <width>995</width>
        <height>19</height>
        <visible>![Window.IsVisible(VideoOSD) | Window.IsVisible(SliderDialog) | Window.IsVisible(OSDVideoSettings) | Window.IsVisible(OSDAudioSettings) | Window.IsVisible(VideoBookmarks) | VideoPlayer.Content(LiveTV)]</visible>
      </control>
      <control type="group">
        <visible>VideoPlayer.Content(episodes)+ ![[Player.Paused + Player.Caching] + !Player.Seeking]</visible>
        <animation effect="slide" start="0,0" end="-140,8" time="0" tween="cubic" easing="inout" condition="VideoPlayer.Content(episodes) + ![IsEmpty(Control.GetLabel(7657)) + IsEmpty(Control.GetLabel(7658))]">Conditional</animation>
        <control type="label">
          <left>150</left>
          <top>83</top>
          <width>1080</width>
          <height>25</height>
          <label>"$INFO[VideoPlayer.Title]"</label>
          <textcolor>white</textcolor>
          <font>Font_Neon_22</font>
          <align>center</align>
          <animation type="Conditional" reversible="false" condition="Player.Paused" loop="true">
            <effect type="fade" start="0" end="100" time="500" delay="0" />
            <effect type="fade" start="100" end="0" time="500" delay="7000" />
            <effect type="fade" start="100" end="0" time="500" delay="14000" />
          </animation>
          <animation effect="fade" start="100" end="0" time="0">windowclose</animation>
          <visible>Player.Paused + Skin.HasSetting(no_global_clock)</visible>
        </control>
        <control type="label">
          <left>100</left>
          <top>92</top>
          <width>1080</width>
          <height>25</height>
          <label>"$INFO[VideoPlayer.Title]"</label>
          <textcolor>white</textcolor>
          <font>Font_Neon_22</font>
          <visible>Player.Paused + !Skin.HasSetting(no_global_clock)</visible>
          <align>center</align>
        </control>
        <control type="label">
          <left>150</left>
          <top>83</top>
          <width>1080</width>
          <height>25</height>
          <label>$LOCALIZE[31074]: [COLOR=mainblue]$INFO[System.Time][/COLOR] | $LOCALIZE[31075]: [COLOR=mainblue]$INFO[Player.FinishTime][/COLOR]</label>
          <textcolor>white</textcolor>
          <font>Font_Neon_22</font>
          <align>center</align>
          <visible>Player.Paused + Skin.HasSetting(no_global_clock)</visible>
          <animation type="Conditional" reversible="false" condition="Player.Paused" loop="true">
            <effect type="fade" start="0" end="100" time="500" delay="7500" />
            <effect type="fade" start="100" end="0" time="500" delay="14000" />
          </animation>
        </control>
      </control>
      <control type="group">
        <visible>!VideoPlayer.Content(episodes)+ ![[Player.Paused + Player.Caching] + !Player.Seeking]</visible>
        <control type="label">
          <left>100</left>
          <top>92</top>
          <width>1080</width>
          <height>25</height>
          <label>$LOCALIZE[31074] [COLOR=mainblue]$INFO[System.Time][/COLOR] | $LOCALIZE[31075]: [COLOR=mainblue]$INFO[Player.FinishTime][/COLOR]</label>
          <textcolor>white</textcolor>
          <font>Font_Neon_22</font>
          <align>center</align>
          <visible>Player.Paused + Skin.HasSetting(no_global_clock)</visible>
          <animation effect="fade" start="100" end="0" time="0">windowclose</animation>
        </control>
      </control>
      <control type="group">
        <visible>![[Player.Paused + Player.Caching] + !Player.Seeking]</visible>
        <control type="label">
          <left>20</left>
          <top>121</top>
          <width>105</width>
          <height>25</height>
          <align>right</align>
          <font>Font_RSS_Unicode</font>
          <textcolor>mainblue</textcolor>
          <label>$INFO[VideoPlayer.Time]</label>
          <animation effect="slide" start="0,0" end="-10,0" time="0" tween="cubic" easing="inout" condition="VideoPlayer.Content(episodes) + ![IsEmpty(Control.GetLabel(7657)) + IsEmpty(Control.GetLabel(7658))]">Conditional</animation>
        </control>
        <control type="label">
          <left>1155</left>
          <top>121</top>
          <width>105</width>
          <height>25</height>
          <font>Font_RSS_Unicode</font>
          <textcolor>mainblue</textcolor>
          <label>$INFO[VideoPlayer.Duration]</label>
          <animation effect="slide" start="0,0" end="-304,0" time="0" tween="cubic" easing="inout" condition="VideoPlayer.Content(episodes) + ![IsEmpty(Control.GetLabel(7657)) + IsEmpty(Control.GetLabel(7658))]">Conditional</animation>
        </control>
      </control>
      <!--	<control type="image">
				 <description>IMDB Rating</description>
				 <left>575</left>
				 <top>-560</top>
				 <width>120</width>
				 <height>20</height>
				 <align>center</align>
				 <aligny>center</aligny>
				 <colordiffuse>d0FDD017</colordiffuse>
				 <info>Player.StarRating</info>
				<visible>VideoPlayer.Content(movies) + !Skin.HasSetting(no_global_clock)</visible>
			</control>
			<control type="image">
				 <description>IMDB Rating</description>
				 <left>575</left>
				 <top>-560</top>
				 <width>120</width>
				 <height>20</height>
				 <align>center</align>
				 <aligny>center</aligny>
				 <colordiffuse>d0FDD017</colordiffuse>
				 <info>Player.StarRating</info>
				<visible>VideoPlayer.Content(episodes) + !Skin.HasSetting(no_global_clock)</visible>
		   </control>		 -->
      <control type="image" id="7657">
        <description>tv show image</description>
        <left>948</left>
        <top>-23</top>
        <width>330</width>
        <height>185</height>
        <texture background="true">$INFO[Player.FolderPath]../clearart.png</texture>
        <aspectratio>keep</aspectratio>
        <visible>VideoPlayer.Content(episodes)+ ![[Player.Paused + Player.Caching] + !Player.Seeking]</visible>
      </control>
      <control type="image" id="7658">
        <description>tv show image</description>
        <left>948</left>
        <top>-23</top>
        <width>330</width>
        <height>185</height>
        <texture background="true">$INFO[Player.FolderPath]clearart.png</texture>
        <aspectratio>keep</aspectratio>
        <visible>VideoPlayer.Content(episodes)+ ![[Player.Paused + Player.Caching] + !Player.Seeking]</visible>
      </control>
      <control type="image">
        <description>tv show image</description>
        <left>960</left>
        <top>-220</top>
        <width>300</width>
        <height>340</height>
        <aspectratio align="right" aligny="bottom">keep</aspectratio>
        <texture>$INFO[VideoPlayer.Cover]</texture>
        <bordertexture border="5">button-nofocus.png</bordertexture>
        <fadetime>400</fadetime>
        <bordersize>5</bordersize>
        <animation type="WindowOpen">
          <effect type="fade" start="0" end="100" time="900" delay="400" />
        </animation>
        <visible>IsEmpty(Control.GetLabel(7657))  + IsEmpty(Control.GetLabel(7658)) + VideoPlayer.Content(episodes)</visible>
      </control>
      <control type="image">
        <description>tv show image</description>
        <left>960</left>
        <top>-186</top>
        <width>300</width>
        <height>300</height>
        <aspectratio align="right" aligny="bottom">keep</aspectratio>
        <texture>$INFO[VideoPlayer.Cover]</texture>
        <bordertexture border="5">button-nofocus.png</bordertexture>
        <fadetime>400</fadetime>
        <bordersize>5</bordersize>
        <animation type="WindowOpen">
          <effect type="fade" start="0" end="100" time="900" delay="400" />
        </animation>
        <visible>VideoPlayer.Content(movies)+ ![[Player.Paused + Player.Caching] + !Player.Seeking]</visible>
      </control>
    </control>
    <control type="group">
      <left>20</left>
      <top>600</top>
      <animation type="WindowOpen">
        <effect type="fade" start="0" end="100" time="600" />
      </animation>
      <animation type="WindowClose">
        <effect type="fade" start="100" end="0" time="600" />
      </animation>
      <control type="label">
        <left>0</left>
        <top>30</top>
        <width>750</width>
        <height>25</height>
        <label>$INFO[VideoPlayer.TVShowTitle]</label>
        <align>left</align>
        <aligny>center</aligny>
        <font>Font_Bartowski_Title_TVShow</font>
        <textcolor>mainblue</textcolor>
        <visible>VideoPlayer.Content(episodes)+ ![[Player.Paused + Player.Caching] + !Player.Seeking]</visible>
      </control>
      <control type="label">
        <left>0</left>
        <top>30</top>
        <width>750</width>
        <height>25</height>
        <label>$INFO[VideoPlayer.Title]</label>
        <align>left</align>
        <aligny>center</aligny>
        <font>Font_Bartowski_Title_TVShow</font>
        <textcolor>mainblue</textcolor>
        <visible>!VideoPlayer.Content(episodes)+ ![[Player.Paused + Player.Caching] + !Player.Seeking]</visible>
      </control>
      <control type="label">
        <left>0</left>
        <top>57</top>
        <width>800</width>
        <height>25</height>
        <label>$LOCALIZE[20373] $INFO[VideoPlayer.season]/$LOCALIZE[20359] $INFO[VideoPlayer.episode]</label>
        <align>left</align>
        <aligny>center</aligny>
        <font>Font_Bartowski_Under_Pause</font>
        <textcolor>white</textcolor>
        <visible>VideoPlayer.Content(episodes)+ ![[Player.Paused + Player.Caching] + !Player.Seeking]</visible>
      </control>
      <control type="label">
        <left>0</left>
        <top>62</top>
        <width>412</width>
        <height>25</height>
        <label>$INFO[VideoPlayer.Year]</label>
        <align>left</align>
        <aligny>center</aligny>
        <font>Font_Bartowski_Under_Pause</font>
        <textcolor>white</textcolor>
        <visible>VideoPlayer.Content(movies)+ ![[Player.Paused + Player.Caching] + !Player.Seeking]</visible>
      </control>
    </control>
    <control type="group">
      <control type="label" id="0">
        <left>-345</left>
        <top>340</top>
        <width>1280</width>
        <align>center</align>
        <!-- <label>[LOWERCASE]$LOCALIZE[112][/LOWERCASE]</label> -->
        <label>[B]=[/B]</label>
        <font>Font_Neon_Pause</font>
        <angle>90</angle>
        <textcolor>33ffffff</textcolor>
        <visible>Player.Paused + ![[Player.Paused + Player.Caching] + !Player.Seeking]</visible>
      </control>
      <control type="label" id="0">
        <left>0</left>
        <top>0</top>
        <width>1920</width>
        <align>center</align>
        <label>FFx2</label>
        <font>Font_Bartowski_BigMusic</font>
        <textcolor>33ffffff</textcolor>
        <visible>Player.Forwarding2x + ![[Player.Paused + Player.Caching] + !Player.Seeking]</visible>
      </control>
      <control type="label" id="0">
        <left>0</left>
        <top>0</top>
        <width>1920</width>
        <align>center</align>
        <label>FFx4</label>
        <font>Font_Bartowski_BigMusic</font>
        <textcolor>33ffffff</textcolor>
        <visible>Player.Forwarding4x + ![[Player.Paused + Player.Caching] + !Player.Seeking]</visible>
      </control>
      <control type="label" id="0">
        <left>0</left>
        <top>0</top>
        <width>1920</width>
        <align>center</align>
        <label>FFx8</label>
        <font>Font_Bartowski_BigMusic</font>
        <textcolor>33ffffff</textcolor>
        <visible>Player.Forwarding8x + ![[Player.Paused + Player.Caching] + !Player.Seeking]</visible>
      </control>
      <control type="label" id="0">
        <left>0</left>
        <top>0</top>
        <width>1920</width>
        <align>center</align>
        <label>FFx16</label>
        <font>Font_Bartowski_BigMusic</font>
        <textcolor>33ffffff</textcolor>
        <visible>Player.Forwarding16x + ![[Player.Paused + Player.Caching] + !Player.Seeking]</visible>
      </control>
      <control type="label" id="0">
        <left>0</left>
        <top>0</top>
        <width>1920</width>
        <align>center</align>
        <label>FFx32</label>
        <font>Font_Bartowski_BigMusic</font>
        <textcolor>33ffffff</textcolor>
        <visible>Player.Forwarding32x + ![[Player.Paused + Player.Caching] + !Player.Seeking]</visible>
      </control>
      <control type="label" id="0">
        <left>0</left>
        <top>0</top>
        <width>1920</width>
        <align>center</align>
        <label>RWx2</label>
        <font>Font_Bartowski_BigMusic</font>
        <textcolor>33ffffff</textcolor>
        <visible>Player.Rewinding2x + ![[Player.Paused + Player.Caching] + !Player.Seeking]</visible>
      </control>
      <control type="label" id="0">
        <left>0</left>
        <top>0</top>
        <width>1920</width>
        <align>center</align>
        <label>RWx4</label>
        <font>Font_Bartowski_BigMusic</font>
        <textcolor>33ffffff</textcolor>
        <visible>Player.Rewinding4x + ![[Player.Paused + Player.Caching] + !Player.Seeking]</visible>
      </control>
      <control type="label" id="0">
        <left>0</left>
        <top>0</top>
        <width>1920</width>
        <align>center</align>
        <label>RWx8</label>
        <font>Font_Bartowski_BigMusic</font>
        <textcolor>33ffffff</textcolor>
        <visible>Player.Rewinding8x + ![[Player.Paused + Player.Caching] + !Player.Seeking]</visible>
      </control>
      <control type="label" id="0">
        <left>0</left>
        <top>0</top>
        <width>1920</width>
        <align>center</align>
        <label>RWx16</label>
        <font>Font_Bartowski_BigMusic</font>
        <textcolor>33ffffff</textcolor>
        <visible>Player.Rewinding16x + ![[Player.Paused + Player.Caching] + !Player.Seeking]</visible>
      </control>
      <control type="label" id="0">
        <left>0</left>
        <top>0</top>
        <width>1920</width>
        <align>center</align>
        <label>RWx32</label>
        <font>Font_Bartowski_BigMusic</font>
        <textcolor>33ffffff</textcolor>
        <visible>Player.Rewinding32x + ![[Player.Paused + Player.Caching] + !Player.Seeking]</visible>
      </control>
    </control>
    <control type="group">
      <animation type="WindowOpen">
        <effect type="fade" start="0" end="100" time="600" />
      </animation>
      <animation type="WindowClose">
        <effect type="fade" start="100" end="0" time="600" />
      </animation>
      <control type="label">
        <right>325</right>
        <top>625</top>
        <width>1000</width>
        <height>25</height>
        <label>[COLOR=mainblue]IMDB:[/COLOR] $INFO[VideoPlayer.RatingAndVotes ]</label>
        <align>right</align>
        <aligny>center</aligny>
        <font>Font_Bartowski_Movies</font>
        <textcolor>ffffffff</textcolor>
        <visible>VideoPlayer.Content(movies)+ ![[Player.Paused + Player.Caching] + !Player.Seeking]</visible>
      </control>
      <control type="label">
        <right>325</right>
        <top>650</top>
        <width>1000</width>
        <height>25</height>
        <label>[COLOR=mainblue]Directed by:[/COLOR] $INFO[VideoPlayer.Director]</label>
        <align>right</align>
        <aligny>center</aligny>
        <font>Font_Bartowski_Movies</font>
        <textcolor>ffffffff</textcolor>
        <visible>VideoPlayer.Content(movies)+ ![[Player.Paused + Player.Caching] + !Player.Seeking]</visible>
      </control>
      <control type="label">
        <right>325</right>
        <top>600</top>
        <width>1000</width>
        <height>25</height>
        <label>[COLOR=mainblue]Chapter Name:[/COLOR] $INFO[Player.ChapterName]</label>
        <align>right</align>
        <aligny>center</aligny>
        <font>Font_Bartowski_Movies</font>
        <textcolor>ffffffff</textcolor>
        <visible>VideoPlayer.Content(movies)+ Player.ChapterChapterName +![[Player.Paused + Player.Caching] + !Player.Seeking]</visible>
      </control>
      <control type="label">
        <right>325</right>
        <top>675</top>
        <width>1000</width>
        <height>25</height>
        <label>$INFO[Player.Chapter,[COLOR=mainblue]$LOCALIZE[21396]:[/COLOR] ]$INFO[Player.ChapterCount, / ]</label>
        <align>right</align>
        <aligny>center</aligny>
        <font>Font_Bartowski_Movies</font>
        <textcolor>ffffffff</textcolor>
        <visible>VideoPlayer.Content(movies) + Player.ChapterCount + ![[Player.Paused + Player.Caching] + !Player.Seeking]</visible>
      </control>
      <control type="label">
        <right>325</right>
        <top>675</top>
        <width>1000</width>
        <height>25</height>
        <label>[COLOR=mainblue]$LOCALIZE[31226]:[/COLOR] $INFO[VideoPlayer.mpaa]</label>
        <align>right</align>
        <aligny>center</aligny>
        <font>Font_Bartowski_Movies</font>
        <textcolor>ffffffff</textcolor>
        <visible>VideoPlayer.Content(movies) + !Player.ChapterCount + ![[Player.Paused + Player.Caching] + !Player.Seeking]</visible>
      </control>
    </control>
  </controls>
</window>
