<?xml version="1.0" encoding="UTF-8"?>
<window>
  <defaultcontrol>1000</defaultcontrol>
  <include>Animation_SettingsFade</include>
  <coordinates>
    <system>1</system>
    <left>0</left>
    <top>0</top>
    <origin x="460" y="60" />
  </coordinates>
  <controls>
    <control type="grouplist">
      <itemgap>0</itemgap>
        <control type="image" id="997">
          <description>background top image</description>
          <left>0</left>
          <top>-54</top>
          <width>370</width>
          <height>54</height>
          <texture border="45,45,45,0">DialogContextTop.png</texture>
        </control>
        <control type="image" id="999">
          <description>background image</description>
          <left>0</left>
          <top>0</top>
          <width>370</width>
          <height>680</height>
          <texture border="45,0,45,0">DialogContextMiddle.png</texture>
        </control>
        <control type="image" id="998">
          <description>background bottom image</description>
          <left>0</left>
          <width>370</width>
          <height>50</height>
          <texture border="45,0,45,49">DialogContextBottom.png</texture>
        </control>
        <control type="button" id="1000">
          <description>button template</description>
          <left>35</left>
          <top>0</top>
          <width>295</width>
          <height>38</height>
          <font>Font_Bartowski_Episode_ContextMenu</font>
          <align>center</align>
          <textcolor>grey2</textcolor>
          <focusedcolor>white</focusedcolor>
          <colordiffuse>mainblue</colordiffuse>
          <texturefocus border="5">button-focus.png</texturefocus>
          <texturenofocus>-</texturenofocus>
        </control>
    </control>
    <control type="button">
      <description>Close Window button</description>
      <left>262</left>
      <top>31</top>
      <width>64</width>
      <height>32</height>
      <label>-</label>
      <font>-</font>
      <onclick>PreviousMenu</onclick>
      <colordiffuse>mainblue</colordiffuse>
      <texturefocus>DialogCloseButton-focus.png</texturefocus>
      <texturenofocus>DialogCloseButton.png</texturenofocus>
      <onleft>2</onleft>
      <onright>2</onright>
      <onup>2</onup>
      <ondown>2</ondown>
      <visible>system.getbool(input.enablemouse)</visible>
    </control>
    <control type="grouplist" id="996">
      <description>grouplist for context buttons</description>
      <left>35</left>
      <top>60</top>
      <width>300</width>
      <height max="670">auto</height>
      <itemgap>2</itemgap>
    </control>
  </controls>
</window>