<?xml version="1.0" encoding="UTF-8"?>
<window>
  <defaultcontrol always="true">5</defaultcontrol>
  <allowoverlay>no</allowoverlay>
  <controls>
    <control type="group">
      <animation effect="fade" start="0" end="100" time="600">WindowOpen</animation>
      <animation effect="fade" start="100" end="0" time="600" delay="800">WindowClose</animation>
      <control type="image">
        <left>0</left>
        <top>0</top>
        <width>1280</width>
        <height>720</height>
        <texture background="true" fallback="special://skin/backgrounds/music.jpg">$INFO[ListItem.Property(Fanart_Image)]</texture>
        <!-- <texture>backdrops/curtains_diffuse.jpg</texture> -->
      </control>
      <control type="image">
        <!-- Floor -->
        <left>50</left>
        <top>50</top>
        <width>1180</width>
        <height>570</height>
        <texture>ContentPanel4.png</texture>
      </control>
      <control type="image">
        <!-- Floor -->
        <left>50</left>
        <top>603</top>
        <width>1180</width>
        <height>60</height>
        <colordiffuse>mainblue</colordiffuse>
        <texture>mainmenu/home_bottom_backthin2.png</texture>
      </control>
      <control type="image">
        <!-- Floor -->
        <left>50</left>
        <top>603</top>
        <width>1180</width>
        <height>60</height>
        <colordiffuse>mainblue</colordiffuse>
        <texture>mainmenu/home_bottom_align2.png</texture>
      </control>
      <control type="group">
        <control type="label">
          <description>Album header label</description>
          <left>0</left>
          <top>60</top>
          <width>1280</width>
          <height>30</height>
          <font>Font_Neon_45_Context</font>
          <label>$INFO[Listitem.Album]</label>
          <align>center</align>
          <aligny>center</aligny>
          <textcolor>mainblue</textcolor>
          <shadowcolor>black</shadowcolor>
          <visible>container.content(Albums)</visible>
        </control>
        <control type="label">
          <description>Artist header label</description>
          <left>0</left>
          <top>70</top>
          <width>1280</width>
          <height>30</height>
          <font>Font_Neon_45_Context</font>
          <label>$INFO[Listitem.Artist]</label>
          <align>center</align>
          <aligny>center</aligny>
          <textcolor>mainblue</textcolor>
          <shadowcolor>black</shadowcolor>
          <visible>container.content(Artists)</visible>
        </control>
        <control type="group">
          <visible>Control.HasFocus(12)</visible>
          <top>115</top>
          <left>289</left>
          <include>VisibleFadeEffect</include>
          <control type="image">
            <description>Current Fanart image</description>
            <left>0</left>
            <top>0</top>
            <width>675</width>
            <height>335</height>
            <texture background="true">$INFO[ListItem.Property(Fanart_Image)]</texture>
            <bordertexture border="5">button-nofocus.png</bordertexture>
            <bordersize>4</bordersize>
            <aspectratio>keep</aspectratio>
            <visible>!IsEmpty(Listitem.Property(Fanart_Image))</visible>
          </control>
          <control type="group">
            <visible>IsEmpty(Listitem.Property(Fanart_Image))</visible>
            <control type="image">
              <description>No Fanart Back</description>
              <left>0</left>
              <top>0</top>
              <width>675</width>
              <height>380</height>
              <texture>special://skin/backgrounds/music_small.jpg</texture>
              <bordertexture border="5">button-nofocus.png</bordertexture>
              <bordersize>4</bordersize>
              <aspectratio>stretch</aspectratio>
              <colordiffuse>88FFFFFF</colordiffuse>
            </control>
            <control type="label">
              <left>0</left>
              <top>0</top>
              <width>675</width>
              <height>380</height>
              <font>Font_Neon_30</font>
              <textcolor>white</textcolor>
              <shadowcolor>black</shadowcolor>
              <align>center</align>
              <aligny>center</aligny>
              <label>31311</label>
            </control>
          </control>
        </control>
        <control type="group">
          <visible>container.content(Albums) + !Control.HasFocus(12)</visible>
          <top>110</top>
          <left>120</left>
          <include>VisibleFadeEffect</include>
          <control type="image">
            <left>0</left>
            <top>0</top>
            <width>320</width>
            <height>320</height>
            <aspectratio>keep</aspectratio>
            <bordertexture border="5">button-nofocus.png</bordertexture>
            <bordersize>4</bordersize>
            <texture background="true">$INFO[ListItem.Icon]</texture>
          </control>
          <control type="list" id="49">
            <left>300</left>
            <top>20</top>
            <width>700</width>
            <height>330</height>
            <onleft>49</onleft>
            <onright>49</onright>
            <onup>9000</onup>
            <ondown>61</ondown>
            <pagecontrol>-</pagecontrol>
            <scrolltime>200</scrolltime>
            <itemlayout height="30">
              <control type="label">
                <left>140</left>
                <top>0</top>
                <width>160</width>
                <height>30</height>
                <font>Font_Neon_25</font>
                <align>right</align>
                <aligny>center</aligny>
                <textcolor>mainblue</textcolor>
                <selectedcolor>selected</selectedcolor>
                <info>ListItem.Label</info>
              </control>
              <control type="label">
                <left>150</left>
                <top>0</top>
                <width>500</width>
                <height>30</height>
                <font>Font_Neon_20_title</font>
                <align>left</align>
                <aligny>center</aligny>
                <textcolor>white</textcolor>
                <selectedcolor>white</selectedcolor>
                <info>ListItem.Label2</info>
              </control>
            </itemlayout>
            <focusedlayout height="30">
              <control type="image">
                <left>0</left>
                <top>0</top>
                <width>640</width>
                <height>30</height>
                <visible>Control.HasFocus(49)</visible>
                <colordiffuse>mainblue</colordiffuse>
                <texture>button-focus.png</texture>
                <include>VisibleFadeEffect</include>
              </control>
              <control type="label">
                <left>140</left>
                <top>0</top>
                <width>160</width>
                <height>30</height>
                <font>Font_Neon_25</font>
                <align>right</align>
                <aligny>center</aligny>
                <textcolor>mainblue</textcolor>
                <selectedcolor>selected</selectedcolor>
                <info>ListItem.Label</info>
              </control>
              <control type="label">
                <left>150</left>
                <top>0</top>
                <width>500</width>
                <height>30</height>
                <font>Font_Neon_20_title</font>
                <align>left</align>
                <aligny>center</aligny>
                <textcolor>white</textcolor>
                <selectedcolor>white</selectedcolor>
                <info>ListItem.Label2</info>
              </control>
            </focusedlayout>
            <content>
              <item>
                <label>$LOCALIZE[557]:</label>
                <label2>$INFO[ListItem.Artist]</label2>
                <onclick>noop</onclick>
                <!--	<visible>!IsEmpty(ListItem.Artist)</visible> -->
              </item>
              <item>
                <label>$LOCALIZE[515]:</label>
                <label2>$INFO[ListItem.Genre]</label2>
                <onclick>noop</onclick>
                <!--	<visible>!IsEmpty(ListItem.Genre)</visible> -->
              </item>
              <item>
                <label>$LOCALIZE[563]:</label>
                <label2>$INFO[ListItem.Rating]</label2>
                <onclick>noop</onclick>
                <!--	<visible>!IsEmpty(ListItem.Rating)</visible> -->
              </item>
              <item>
                <label>$LOCALIZE[175]:</label>
                <label2>$INFO[ListItem.Property(Album_Mood)]</label2>
                <onclick>noop</onclick>
                <!--	<visible>!IsEmpty(ListItem.Property(Album_Mood))</visible> -->
              </item>
              <item>
                <label>$LOCALIZE[176]:</label>
                <label2>$INFO[ListItem.Property(Album_Style)]</label2>
                <onclick>noop</onclick>
                <!--	<visible>!IsEmpty(ListItem.Property(Album_Style))</visible> -->
              </item>
              <item>
                <label>$LOCALIZE[21895]:</label>
                <label2>$INFO[ListItem.Property(Album_mainblue)]</label2>
                <onclick>noop</onclick>
                <!--	<visible>!IsEmpty(ListItem.Property(Album_mainblue))</visible> -->
              </item>
              <item>
                <label>146</label>
                <label2>$INFO[ListItem.Property(Album_Type)]</label2>
                <onclick>noop</onclick>
                <!--	<visible>!IsEmpty(ListItem.Property(Album_Type))</visible> -->
              </item>
              <item>
                <label>$LOCALIZE[21899]:</label>
                <label2>$INFO[ListItem.Property(Album_Label)]</label2>
                <onclick>noop</onclick>
                <!--	<visible>!IsEmpty(ListItem.Property(Album_Label))</visible> -->
              </item>
              <item>
                <label>$LOCALIZE[562]:</label>
                <label2>$INFO[ListItem.Year]</label2>
                <onclick>noop</onclick>
                <!--	<visible>!IsEmpty(ListItem.Year)</visible> -->
              </item>
            </content>
          </control>
          <control type="image">
            <left>390</left>
            <top>370</top>
            <width>640</width>
            <height>4</height>
            <aspectratio>stretch</aspectratio>
            <texture>common/separator.png</texture>
          </control>
        </control>
        <control type="group">
          <visible>container.content(Artists) + !Control.HasFocus(12)</visible>
          <top>90</top>
          <left>80</left>
          <include>VisibleFadeEffect</include>
          <control type="image">
            <left>0</left>
            <top>20</top>
            <width>380</width>
            <height>300</height>
            <aspectratio>keep</aspectratio>
            <bordertexture border="5" diffuse="tv-landscape/landscapematteFO.png">button-nofocus.png</bordertexture>
            <bordersize>4</bordersize>
            <texture background="true">$INFO[ListItem.Icon]</texture>
          </control>
          <control type="list" id="49">
            <left>390</left>
            <top>40</top>
            <width>640</width>
            <height>330</height>
            <onleft>49</onleft>
            <onright>49</onright>
            <onup>9000</onup>
            <ondown>61</ondown>
            <pagecontrol>-</pagecontrol>
            <scrolltime>200</scrolltime>
            <itemlayout height="30">
              <control type="label">
                <left>165</left>
                <top>0</top>
                <width>160</width>
                <height>30</height>
                <font>Font_Neon_25</font>
                <align>right</align>
                <aligny>center</aligny>
                <textcolor>mainblue</textcolor>
                <selectedcolor>selected</selectedcolor>
                <info>ListItem.Label</info>
              </control>
              <control type="label">
                <left>175</left>
                <top>2</top>
                <width>465</width>
                <height>30</height>
                <font>Font_Neon_20_title</font>
                <align>left</align>
                <aligny>center</aligny>
                <textcolor>white</textcolor>
                <selectedcolor>white</selectedcolor>
                <info>ListItem.Label2</info>
              </control>
            </itemlayout>
            <focusedlayout height="30">
              <control type="image">
                <left>0</left>
                <top>0</top>
                <width>640</width>
                <height>30</height>
                <visible>Control.HasFocus(49)</visible>
                <colordiffuse>mainblue</colordiffuse>
                <texture>button-focus.png</texture>
                <include>VisibleFadeEffect</include>
              </control>
              <control type="label">
                <left>165</left>
                <top>0</top>
                <width>160</width>
                <height>30</height>
                <font>Font_Neon_25</font>
                <align>right</align>
                <aligny>center</aligny>
                <textcolor>mainblue</textcolor>
                <selectedcolor>selected</selectedcolor>
                <info>ListItem.Label</info>
              </control>
              <control type="label">
                <left>175</left>
                <top>2</top>
                <width>465</width>
                <height>30</height>
                <font>Font_Neon_20_title</font>
                <align>left</align>
                <aligny>center</aligny>
                <textcolor>white</textcolor>
                <selectedcolor>white</selectedcolor>
                <info>ListItem.Label2</info>
              </control>
            </focusedlayout>
            <content>
              <item>
                <label>$LOCALIZE[21893]:</label>
                <label2>$INFO[ListItem.Property(Artist_Born)]</label2>
                <onclick>noop</onclick>
                <!--<visible>!IsEmpty(ListItem.Property(Artist_Born))</visible> -->
              </item>
              <item>
                <label>$LOCALIZE[21894]:</label>
                <label2>$INFO[ListItem.Property(Artist_Formed)]</label2>
                <onclick>noop</onclick>
                <!-- <visible>!IsEmpty(ListItem.Property(Artist_Formed))</visible> -->
              </item>
              <item>
                <label>$LOCALIZE[515]:</label>
                <label2>$INFO[ListItem.Genre]</label2>
                <onclick>noop</onclick>
                <!-- <visible>!IsEmpty(ListItem.Genre)</visible> -->
              </item>
              <item>
                <label>$LOCALIZE[175]:</label>
                <label2>$INFO[ListItem.Property(Artist_Mood)]</label2>
                <onclick>noop</onclick>
                <!--	<visible>!IsEmpty(ListItem.Property(Artist_Mood))</visible> -->
              </item>
              <item>
                <label>$LOCALIZE[176]:</label>
                <label2>$INFO[ListItem.Property(Artist_Style)]</label2>
                <onclick>noop</onclick>
                <!--	<visible>!IsEmpty(ListItem.Property(Artist_Style))</visible> -->
              </item>
              <item>
                <label>$LOCALIZE[21892]:</label>
                <label2>$INFO[ListItem.Property(Artist_Instrument)]</label2>
                <onclick>noop</onclick>
                <!--	<visible>!IsEmpty(ListItem.Property(Artist_Instrument))</visible> -->
              </item>
              <item>
                <label>$LOCALIZE[21897]:</label>
                <label2>$INFO[ListItem.Property(Artist_Died)]</label2>
                <onclick>noop</onclick>
                <!--	<visible>!IsEmpty(ListItem.Property(Artist_Died))</visible> -->
              </item>
              <item>
                <label>$LOCALIZE[21896]:</label>
                <label2>$INFO[ListItem.Property(Artist_Disbanded)]</label2>
                <onclick>noop</onclick>
                <!--	<visible>!IsEmpty(ListItem.Property(Artist_Disbanded))</visible> -->
              </item>
              <item>
                <label>$LOCALIZE[21898]:</label>
                <label2>$INFO[ListItem.Property(Artist_YearsActive)]</label2>
                <onclick>noop</onclick>
                <!--	<visible>!IsEmpty(ListItem.Property(Artist_YearsActive))</visible> -->
              </item>
            </content>
          </control>
          <control type="image">
            <left>390</left>
            <top>320</top>
            <width>640</width>
            <height>4</height>
            <aspectratio>stretch</aspectratio>
            <texture>common/separator.png</texture>
          </control>
        </control>
        <!-- <control type="label">
					<right>130</right>
					<top>470</top>
					<width>400</width>
					<height>30</height>
					<font>Font_Neon_18</font>
					<textcolor>grey2</textcolor>
					<shadowcolor>black</shadowcolor>
					<scroll>true</scroll>
					<align>right</align>
					<aligny>center</aligny>
					<label>[B][COLOR=mainblue][/B]$LOCALIZE[21821][/COLOR]$INFO[Container(4).CurrentPage, ( $LOCALIZE[31024] ]$INFO[Container(4).NumPages,/, )]</label>
					<visible>Control.IsVisible(4)</visible>
				</control> 
				<control type="label"> 
					<right>130</right>
					<top>470</top>
					<width>400</width>
					<height>30</height>
					<font>Font_Neon_18</font>
					<textcolor>grey2</textcolor>
					<shadowcolor>black</shadowcolor>
					<scroll>true</scroll>
					<align>right</align>
					<aligny>center</aligny>
					<label>[B][COLOR=mainblue][/B]$LOCALIZE[182][/COLOR]$INFO[Container(50).CurrentPage, ( $LOCALIZE[31024] ]$INFO[Container(50).NumPages,/, )]</label>
					<visible>Control.IsVisible(50) + Container.Content(Albums)</visible>
				</control>
				<control type="label">
					<right>130</right>
					<top>470</top>
					<width>400</width>
					<height>30</height>
					<font>Font_Neon_18</font>
					<textcolor>grey2</textcolor>
					<shadowcolor>black</shadowcolor>
					<scroll>true</scroll>
					<align>right</align>
					<aligny>center</aligny>
					<label>[B][COLOR=mainblue][/B]$LOCALIZE[132][/COLOR]$INFO[Container(50).CurrentPage, ( $LOCALIZE[31024] ]$INFO[Container(50).NumPages,/, )]</label>
					<visible>Control.IsVisible(50) + Container.Content(Artists)</visible>
				</control>
				<control type="spincontrol" id="61">
					<description>Next page button</description>
					<right>120</right>
					<top>485</top>
					<subtype>page</subtype>
					<font>-</font>
					<onleft>61</onleft>
					<onright>61</onright>
					<ondown>9000</ondown>
					<onup>49</onup>
					<textcolor>-</textcolor>
					<showonepage>true</showonepage>
				</control>
				<control type="image">
					<left>175</left>
					<top>500</top>
					<width>880</width>
					<height>140</height>
					<colordiffuse>mainblue</colordiffuse>
					<texture>DialogBack.png</texture>
					<visible>!Control.IsVisible(50)</visible>
				</control>-->
        <control type="textbox" id="4">DialogBack
					<description>Description</description>
          <left>200</left>
          <top>452</top>
          <width>830</width>
          <height>118</height>
          <font>Font_Bartowski_Showcase_plot</font>
          <align>justify</align>
          <textcolor>white</textcolor>
          <pagecontrol>61</pagecontrol>
          <autoscroll time="3000" delay="4000" repeat="5000">!Control.HasFocus(61) + Skin.HasSetting(AutoScroll)</autoscroll>
          <visible>!Control.IsVisible(50)</visible>
        </control>
        <control type="image">
          <description>Actor image</description>
          <left>80</left>
          <top>435</top>
          <width>155</width>
          <height>155</height>
          <texture fallback="DefaultAlbumCover.png">$INFO[Container(50).Listitem.Icon]</texture>
          <aspectratio>keep</aspectratio>
          <visible>Control.IsVisible(50)</visible>
        </control>
        <control type="panel" id="50">
          <left>250</left>
          <top>450</top>
          <width>860</width>
          <height>120</height>
          <onleft>9000</onleft>
          <onright>61</onright>
          <onup>61</onup>
          <ondown>9000</ondown>
          <viewtype label="">list</viewtype>
          <pagecontrol>61</pagecontrol>
          <scrolltime>200</scrolltime>
          <orientation>vertical</orientation>
          <itemlayout condition="Container.Content(Albums)" height="40" width="430">
            <control type="image">
              <left>0</left>
              <top>0</top>
              <width>430</width>
              <height>40</height>
              <texture border="5">button-nofocus.png</texture>
            </control>
            <control type="label">
              <left>10</left>
              <top>0</top>
              <width>410</width>
              <height>40</height>
              <font>Font_Neon_18</font>
              <align>left</align>
              <aligny>center</aligny>
              <selectedcolor>selected</selectedcolor>
              <label>([COLOR=selected][B]$INFO[ListItem.TrackNumber][/B][/COLOR]) - $INFO[ListItem.Label]</label>
            </control>
            <control type="label">
              <left>420</left>
              <top>0</top>
              <width>200</width>
              <height>40</height>
              <font>Font_Neon_18</font>
              <align>right</align>
              <aligny>center</aligny>
              <selectedcolor>selected</selectedcolor>
              <label>$INFO[ListItem.Duration]</label>
            </control>
          </itemlayout>
          <focusedlayout condition="Container.Content(Albums)" height="40" width="430">
            <control type="image">
              <left>0</left>
              <top>0</top>
              <width>430</width>
              <height>40</height>
              <visible>!Control.HasFocus(50)</visible>
              <texture border="5">button-nofocus.png</texture>
            </control>
            <control type="image">
              <left>0</left>
              <top>0</top>
              <width>430</width>
              <height>40</height>
              <visible>Control.HasFocus(50)</visible>
              <colordiffuse>mainblue</colordiffuse>
              <texture>button-focus.png</texture>
            </control>
            <control type="label">
              <left>10</left>
              <top>0</top>
              <width>410</width>
              <height>40</height>
              <font>Font_Neon_20_title</font>
              <align>left</align>
              <aligny>center</aligny>
              <selectedcolor>selected</selectedcolor>
              <label>[COLOR=white]([B]$INFO[ListItem.TrackNumber][/B]) - $INFO[ListItem.Label][/COLOR]</label>
            </control>
            <control type="label">
              <left>420</left>
              <top>0</top>
              <width>200</width>
              <height>40</height>
              <font>Font_Neon_20_title</font>
              <align>right</align>
              <aligny>center</aligny>
              <textcolor>white</textcolor>
              <label>$INFO[ListItem.Duration]</label>
            </control>
          </focusedlayout>
          <itemlayout condition="Container.Content(Artists)" height="40" width="430">
            <control type="image">
              <left>0</left>
              <top>0</top>
              <width>430</width>
              <height>40</height>
              <texture border="5">button-nofocus.png</texture>
            </control>
            <control type="label">
              <left>10</left>
              <top>0</top>
              <width>410</width>
              <height>40</height>
              <font>Font_Neon_18</font>
              <align>left</align>
              <aligny>center</aligny>
              <selectedcolor>selected</selectedcolor>
              <label>$INFO[ListItem.Label]</label>
            </control>
          </itemlayout>
          <focusedlayout condition="Container.Content(Artists)" height="40" width="430">
            <control type="image">
              <left>0</left>
              <top>0</top>
              <width>430</width>
              <height>40</height>
              <visible>!Control.HasFocus(50)</visible>
              <texture border="5">button-nofocus.png</texture>
            </control>
            <control type="image">
              <left>0</left>
              <top>0</top>
              <width>430</width>
              <height>40</height>
              <visible>Control.HasFocus(50)</visible>
              <colordiffuse>mainblue</colordiffuse>
              <texture>button-focus.png</texture>
            </control>
            <control type="label">
              <left>10</left>
              <top>0</top>
              <width>410</width>
              <height>40</height>
              <font>Font_Neon_20_title</font>
              <align>left</align>
              <aligny>center</aligny>
              <textcolor>white</textcolor>
              <label>$INFO[ListItem.Label]</label>
            </control>
          </focusedlayout>
        </control>
        <control type="grouplist" id="9000">
          <left>0</left>
          <top>614</top>
          <width>1280</width>
          <height>40</height>
          <itemgap>2</itemgap>
          <align>center</align>
          <orientation>horizontal</orientation>
          <onleft>9000</onleft>
          <onright>9000</onright>
          <onup>50</onup>
          <ondown>49</ondown>
          <control type="button" id="5">
            <description>Cast/Review</description>
            <include>ButtonInfoDialogsCommonValues</include>
            <label>206</label>
          </control>
          <control type="button" id="6">
            <description>Refresh</description>
            <include>ButtonInfoDialogsCommonValues</include>
            <label>184</label>
          </control>
          <control type="button" id="10">
            <description>Get Thumb</description>
            <include>ButtonInfoDialogsCommonValues</include>
            <label>13405</label>
          </control>
          <control type="button" id="12">
            <description>Get Fanart</description>
            <include>ButtonInfoDialogsCommonValues</include>
            <label>20413</label>
          </control>
          <!--<control type="button" id="13">
						<description>Get cdART</description>
						<include>ButtonInfoDialogsCommonValues</include>
						<label>Get cdART</label>
						<onclick>RunScript(script.cdart,$INFO[ListItem.Artist],$INFO[ListItem.Album],$INFO[ListItem.Path])</onclick>
					</control>-->
        </control>
      </control>
    </control>
  </controls>
</window>