<?xml version="1.0" encoding="UTF-8"?>
<window>
  <defaultcontrol>11</defaultcontrol>
  <animation effect="fade" start="0" end="100" time="400">WindowOpen</animation>
  <coordinates>
    <system>1</system>
    <left>405</left>
    <top>0</top>
  </coordinates>
  <controls>
    <control type="image">
      <left>-20</left>
      <top>-5</top>
      <width>500</width>
      <height>80</height>
      <texture flipy="true">InfoMessagePanel.png</texture>
      <aspectratio>stretch</aspectratio>
    </control>
    <control type="label" id="10">
      <description>Dialog header</description>
      <left>20</left>
      <top>10</top>
      <width>230</width>
      <height>20</height>
      <align>left</align>
      <aligny>center</aligny>
      <font>Font_Neon_20</font>
      <textcolor>mainblue</textcolor>
    </control>
    <control type="label" id="12">
      <description>Slider Value</description>
      <left>180</left>
      <top>10</top>
      <width>260</width>
      <height>20</height>
      <align>right</align>
      <aligny>center</aligny>
      <font>Font_Neon_20</font>
      <textcolor>mainblue</textcolor>
    </control>
    <control type="slider" id="11">
      <description>Slider</description>
      <left>20</left>
      <top>35</top>
      <width>420</width>
      <height>20</height>
      <aligny>center</aligny>
      <texturefocus>-</texturefocus>
      <texturenofocus>-</texturenofocus>
      <texturesliderbar>osd_slider_bg_2.png</texturesliderbar>
      <textureslidernib>osd_slider_nibNF.png</textureslidernib>
      <textureslidernibfocus>osd_slider_nib.png</textureslidernibfocus>
      <onup>11</onup>
      <ondown>11</ondown>
      <onleft>11</onleft>
      <onright>11</onright>
    </control>
  </controls>
</window>