<?xml version="1.0" encoding="UTF-8"?>
<window>
  <defaultcontrol always="true">10</defaultcontrol>
  <coordinates>
    <system>1</system>
    <left>0</left>
    <top>0</top>
  </coordinates>
  <controls>
    <control type="image">
      <left>340</left>
      <top>235</top>
      <width>600</width>
      <height>230</height>
      <!-- <include>Dimensions_Fullscreen</include> -->
      <colordiffuse>mainblue</colordiffuse>
      <texture>DialogBack.png</texture>
      <visible>!Player.HasVideo</visible>
    </control>
    <control type="image">
      <left>340</left>
      <top>235</top>
      <width>600</width>
      <height>230</height>
      <!-- <include>Dimensions_Fullscreen</include> -->
      <texture>GlassOverlay</texture>
      <visible>!Player.HasVideo</visible>
    </control>
    <control type="group">
      <left>340</left>
      <top>235</top>
      <visible>!Player.HasVideo</visible>
      <control type="image">
        <left>0</left>
        <top>0</top>
        <width>600</width>
        <height>230</height>
        <texture border="20">OverlayDialogBackground.png</texture>
      </control>
      <control type="label" id="1">
        <description>heading label</description>
        <left>0</left>
        <top>0</top>
        <width>0</width>
        <height>0</height>
        <font>-</font>
        <textcolor>white</textcolor>
        <visible>false</visible>
      </control>
      <control type="label">
        <description>header label</description>
        <left>20</left>
        <top>18</top>
        <width>560</width>
        <height>30</height>
        <font>Font_Neon_25</font>
        <label>$INFO[Control.GetLabel(1)] $INFO[System.Progressbar,- ,%]</label>
        <align>left</align>
        <aligny>center</aligny>
        <textcolor>white</textcolor>
      </control>
      <control type="textbox" id="9">
        <description>text</description>
        <left>20</left>
        <top>62</top>
        <width>560</width>
        <height>28</height>
        <align>center</align>
        <label>-</label>
        <font>Font_Neon_20</font>
        <textcolor>white</textcolor>
        <autoscroll time="3000" delay="4000" repeat="5000">Skin.HasSetting(AutoScroll)</autoscroll>
      </control>
      <control type="progress">
        <description>Progressbar</description>
        <left>20</left>
        <top>142</top>
        <width>560</width>
        <height>16</height>
        <info>System.Progressbar</info>
        <colordiffuse>mainblue</colordiffuse>
        <texturebg border="6,0,6,0">osd/OSDProgressBack.png</texturebg>
        <lefttexture>-</lefttexture>
        <midtexture>current_time_indicator_buffering.png</midtexture>
        <righttexture>-</righttexture>
      </control>
      <control type="button" id="10">
        <description>Cancel button</description>
        <left>200</left>
        <top>170</top>
        <width>200</width>
        <height>40</height>
        <label>222</label>
        <font>Font_Neon_25</font>
        <textcolor>mainblue</textcolor>
        <focusedcolor>white</focusedcolor>
        <align>center</align>
        <colordiffuse>mainblue</colordiffuse>
        <texturenofocus>button-nofocus.png</texturenofocus>
        <texturefocus>button-focus.png</texturefocus>
        <onleft>10</onleft>
        <onright>10</onright>
        <onup>10</onup>
        <ondown>10</ondown>
      </control>
    </control>
  </controls>
</window>