<?xml version="1.0" encoding="UTF-8"?>
<!--Alaska-->
<window type="dialog">
  <defaultcontrol always="true">450</defaultcontrol>
  <include>Animation_Bartowski_Context_Zoom</include>
  <controls>
    <control type="image">
      <include>Dimensions_Fullscreen</include>
      <texture>common/7000_focus.png</texture>
      <animation effect="fade" start="0" end="100" time="600">Visible</animation>
      <animation effect="fade" start="100" end="0" time="600">Hidden</animation>
    </control>
    <control type="image">
      <description>Panel</description>
      <left>390</left>
      <top>72</top>
      <width>500</width>
      <height>544</height>
      <colordiffuse>mainblue</colordiffuse>
      <texture>DialogBackwht.png</texture>
      <!-- <colordiffuse>clearblack</colordiffuse> -->
    </control>
    <control type="image">
      <description>Panel</description>
      <left>390</left>
      <top>72</top>
      <width>500</width>
      <height>544</height>
      <texture>DialogBack.png</texture>
      <colordiffuse>mainblue</colordiffuse>
      <!-- <colordiffuse>clearblack</colordiffuse> -->
    </control>
    <control type="image">
      <left>420</left>
      <top>130</top>
      <width>440</width>
      <height>2</height>
      <texture>common/divider.png</texture>
    </control>
    <control type="label">
      <description>Favourites Label</description>
      <left>430</left>
      <top>80</top>
      <width>420</width>
      <height>60</height>
      <align>center</align>
      <textcolor>mainblue</textcolor>
      <label>$LOCALIZE[1036]</label>
      <font>Font_InfoYear2</font>
    </control>
    <control type="list" id="450">
      <left>410</left>
      <top>140</top>
      <width>481</width>
      <height>375</height>
      <onleft>noop</onleft>
      <onright>noop</onright>
      <onup>450</onup>
      <ondown>450</ondown>
      <pagecontrol>-</pagecontrol>
      <scrolltime>0</scrolltime>
      <itemlayout height="40">
        <control type="label">
          <left>30</left>
          <top>15</top>
          <width>421</width>
          <height>30</height>
          <textcolor>FavListItem</textcolor>
          <selectedcolor>FavListItemSelected</selectedcolor>
          <aligny>center</aligny>
          <font>Font_FavouritesItemLabel</font>
          <info>ListItem.Label</info>
        </control>
      </itemlayout>
      <focusedlayout height="40">
        <control type="image">
          <left>4</left>
          <top>10</top>
          <width>454</width>
          <height>40</height>
          <colordiffuse>mainblue</colordiffuse>
          <texture>button-focus.png</texture>
        </control>
        <control type="label">
          <left>30</left>
          <top>16</top>
          <width>421</width>
          <height>30</height>
          <textcolor>white</textcolor>
          <aligny>center</aligny>
          <font>Font_FavouritesItemLabel</font>
          <info>ListItem.Label</info>
        </control>
      </focusedlayout>
    </control>
  </controls>
</window>