<?xml version="1.0" encoding="UTF-8"?>
<window>
  <defaultcontrol always="true">10</defaultcontrol>
  <coordinates>
    <system>1</system>
    <left>275</left>
    <top>30</top>
  </coordinates>
  <include>dialogeffect</include>
  <controls>
    <control type="image">
      <description>background image</description>
      <left>0</left>
      <top>0</top>
      <width>730</width>
      <height>660</height>
      <colordiffuse>mainblue</colordiffuse>
      <texture border="20">DialogBackwht.png</texture>
    </control>
    <control type="image">
      <description>background image</description>
      <left>0</left>
      <top>0</top>
      <width>730</width>
      <height>660</height>
      <colordiffuse>mainblue</colordiffuse>
      <texture border="20">DialogBack.png</texture>
    </control>
    <control type="image">
      <description>Dialog Header image</description>
      <left>40</left>
      <top>10</top>
      <width>650</width>
      <height>90</height>
      <colordiffuse>mainblue</colordiffuse>
      <texture>GlassTitleBar.png</texture>
    </control>
    <control type="label">
      <description>header label</description>
      <left>40</left>
      <top>15</top>
      <width>650</width>
      <height>30</height>
      <font>Font_Bartowski_Episode_ContextMenu</font>
      <label>$LOCALIZE[19053]</label>
      <align>center</align>
      <aligny>center</aligny>
      <textcolor>white</textcolor>
      <shadowcolor>black</shadowcolor>
    </control>
    <control type="button">
      <description>Close Window button</description>
      <left>640</left>
      <top>9</top>
      <width>64</width>
      <height>32</height>
      <label>-</label>
      <font>-</font>
      <onclick>PreviousMenu</onclick>
      <colordiffuse>mainblue</colordiffuse>
      <texturefocus>DialogCloseButton-focus.png</texturefocus>
      <texturenofocus>DialogCloseButton.png</texturenofocus>
      <onleft>10</onleft>
      <onright>10</onright>
      <onup>10</onup>
      <ondown>10</ondown>
      <visible>system.getbool(input.enablemouse)</visible>
    </control>
    <control type="label">
      <description>Title label</description>
      <left>40</left>
      <top>70</top>
      <width>650</width>
      <height>30</height>
      <font>Font_Bartowski_Press_S_title</font>
      <label>$INFO[ListItem.Title]</label>
      <align>center</align>
      <aligny>center</aligny>
      <textcolor>mainblue</textcolor>
      <shadowcolor>black</shadowcolor>
    </control>
    <control type="group">
      <left>40</left>
      <top>140</top>
      <control type="label">
        <description>Start Date</description>
        <left>10</left>
        <top>0</top>
        <width>160</width>
        <height>25</height>
        <align>right</align>
        <aligny>center</aligny>
        <font>Font_Bartowski_Press_S</font>
        <textcolor>mainblue</textcolor>
        <label>$LOCALIZE[552]:</label>
      </control>
      <control type="label">
        <description>Start date value</description>
        <left>180</left>
        <top>0</top>
        <width>470</width>
        <height>25</height>
        <align>left</align>
        <aligny>center</aligny>
        <font>Font_Bartowski_Press_S</font>
        <textcolor>white</textcolor>
        <label>$INFO[ListItem.StartDate]</label>
      </control>
      <control type="label">
        <description>Start time</description>
        <left>10</left>
        <top>35</top>
        <width>160</width>
        <height>25</height>
        <align>right</align>
        <aligny>center</aligny>
        <font>Font_Bartowski_Press_S</font>
        <textcolor>mainblue</textcolor>
        <label>$LOCALIZE[142]</label>
      </control>
      <control type="label">
        <description>Start Time value</description>
        <left>180</left>
        <top>35</top>
        <width>470</width>
        <height>25</height>
        <align>left</align>
        <aligny>center</aligny>
        <font>Font_Bartowski_Press_S</font>
        <textcolor>white</textcolor>
        <label>$INFO[ListItem.StartTime]</label>
      </control>
      <control type="label">
        <description>Channel Name</description>
        <left>10</left>
        <top>70</top>
        <width>160</width>
        <height>25</height>
        <align>right</align>
        <aligny>center</aligny>
        <font>Font_Bartowski_Press_S</font>
        <textcolor>mainblue</textcolor>
        <label>$LOCALIZE[19148]:</label>
      </control>
      <control type="fadelabel">
        <description>Channel Value</description>
        <left>180</left>
        <top>70</top>
        <width>470</width>
        <height>25</height>
        <align>left</align>
        <aligny>center</aligny>
        <font>Font_Bartowski_Press_S</font>
        <textcolor>white</textcolor>
        <label>$INFO[ListItem.ChannelName]</label>
      </control>
      <control type="label">
        <description>Duration</description>
        <left>10</left>
        <top>105</top>
        <width>160</width>
        <height>25</height>
        <align>right</align>
        <aligny>center</aligny>
        <font>Font_Bartowski_Press_S</font>
        <textcolor>mainblue</textcolor>
        <label>$LOCALIZE[180]:</label>
      </control>
      <control type="label">
        <description>Duration value</description>
        <left>180</left>
        <top>105</top>
        <width>470</width>
        <label>$INFO[ListItem.Duration]</label>
        <align>left</align>
        <font>Font_Bartowski_Press_S</font>
        <scroll>true</scroll>
      </control>
      <control type="label">
        <description>Genre</description>
        <left>10</left>
        <top>140</top>
        <width>160</width>
        <height>25</height>
        <align>right</align>
        <aligny>center</aligny>
        <font>Font_Bartowski_Press_S</font>
        <textcolor>mainblue</textcolor>
        <label>$LOCALIZE[135]:</label>
      </control>
      <control type="label">
        <description>Genre value</description>
        <left>180</left>
        <top>140</top>
        <width>470</width>
        <label fallback="161">$INFO[ListItem.Genre]</label>
        <align>left</align>
        <font>Font_Bartowski_Press_S</font>
        <scroll>true</scroll>
      </control>
      <control type="label">
        <description>Subtitle value</description>
        <left>40</left>
        <top>185</top>
        <width>650</width>
        <label>$INFO[ListItem.PlotOutline]</label>
        <align>center</align>
        <font>Font_Bartowski_Press_S</font>
        <textcolor>mainblue</textcolor>
        <scroll>true</scroll>
        <visible>!IsEmpty(ListItem.PlotOutline)</visible>
      </control>
    </control>
    <control type="label">
      <left>210</left>
      <top>370</top>
      <width>400</width>
      <height>30</height>
      <font>Font_Neon_20</font>
      <textcolor>grey</textcolor>
      <shadowcolor>black</shadowcolor>
      <scroll>true</scroll>
      <align>right</align>
      <aligny>center</aligny>
      <label>[COLOR=mainblue]$LOCALIZE[207][/COLOR]$INFO[Container(400).CurrentPage, ( $LOCALIZE[31024] ]$INFO[Container(400).NumPages,/, )]</label>
    </control>
    <control type="spincontrol" id="60">
      <description>Next page button</description>
      <left>575</left>
      <top>344</top>
      <width>80</width>
      <height>80</height>
      <subtype>page</subtype>
      <font>-</font>
      <onleft>60</onleft>
      <onright>60</onright>
      <ondown>9000</ondown>
      <onup>9000</onup>
      <textcolor>-</textcolor>
      <showonepage>true</showonepage>
      <colordiffuse>mainblue</colordiffuse>
    </control>
    <control type="textbox" id="400">
      <description>PLOT</description>
      <left>40</left>
      <top>402</top>
      <width>650</width>
      <height>178</height>
      <font>Font_Bartowski_Press_S</font>
      <align>justify</align>
      <pagecontrol>60</pagecontrol>
      <label fallback="161">$INFO[ListItem.Plot]</label>
    </control>
    <control type="grouplist" id="9000">
      <left>40</left>
      <top>590</top>
      <width>640</width>
      <height>40</height>
      <itemgap>5</itemgap>
      <align>center</align>
      <orientation>horizontal</orientation>
      <onleft>9000</onleft>
      <onright>9000</onright>
      <onup>60</onup>
      <ondown>60</ondown>
      <control type="button" id="10">
        <description>OK</description>
        <include>ButtonInfoDialogsCommonValues</include>
        <label>186</label>
      </control>
    </control>
  </controls>
</window>
