<?xml version="1.0" encoding="UTF-8"?>
<window>
  <defaultcontrol always="true">10</defaultcontrol>
  <include>Animation_Bartowski_Context_Zoom</include>
  <coordinates>
    <system>1</system>
    <left>0</left>
    <top>0</top>
  </coordinates>
  <controls>
    <control type="image">
      <include>Dimensions_Fullscreen</include>
      <texture>common/7000_focus.png</texture>
    </control>
    <control type="group">
      <left>340</left>
      <top>235</top>
      <control type="image">
        <left>0</left>
        <top>0</top>
        <width>600</width>
        <height>230</height>
        <colordiffuse>mainblue</colordiffuse>
        <texture>DialogBackwht.png</texture>
      </control>
      <control type="image">
        <left>0</left>
        <top>0</top>
        <width>600</width>
        <height>230</height>
        <colordiffuse>mainblue</colordiffuse>
        <texture>DialogBack.png</texture>
      </control>
      <control type="label" id="1">
        <description>header label</description>
        <left>20</left>
        <top>18</top>
        <width>560</width>
        <height>30</height>
        <font>Font_Neon_30</font>
        <label>13406</label>
        <align>center</align>
        <aligny>center</aligny>
        <textcolor>white</textcolor>
      </control>
		<control type="textbox" id="9">
		<description>text</description>
        <left>20</left>
        <top>62</top>
        <width>560</width>
        <height>98</height>
        <align>center</align>
        <label>-</label>
        <font>Font_Neon_20</font>
        <textcolor>white</textcolor>
		<autoscroll time="3000" delay="4000" repeat="5000">Skin.HasSetting(AutoScroll)</autoscroll>
      </control>
      <control type="button" id="10">
        <description>OK button</description>
        <left>200</left>
        <top>170</top>
        <width>200</width>
        <height>40</height>
        <label>186</label>
        <font>Font_Neon_25</font>
        <textcolor>white</textcolor>
        <focusedcolor>white</focusedcolor>
        <align>center</align>
        <colordiffuse>mainblue</colordiffuse>
        <texturenofocus>MenuItemNF.png</texturenofocus>
        <texturefocus>button-focus.png</texturefocus>
        <onleft>10</onleft>
        <onright>10</onright>
        <onup>10</onup>
        <ondown>10</ondown>
      </control>
    </control>
  </controls>
</window>
