<?xml version="1.0" encoding="UTF-8"?>
<window>
  <defaultcontrol>1</defaultcontrol>
  <animation type="WindowOpen" reversible="false">
    <effect type="fade" delay="200" start="0" end="100" time="300" />
  </animation>
  <controls>
    <control type="group">
      <left>620</left>
      <top>-8</top>
      <width>707</width>
      <height>-</height>
      <control type="image">
        <left>-140</left>
        <top>0</top>
        <width>300</width>
        <height>48</height>
        <texture flipy="true">InfoMessagePanel.png</texture>
      </control>
      <control type="group">
        <control type="image">
          <animation effect="rotate" center="auto" start="90" end="90" time="0" condition="true">Conditional</animation>
          <left>-2</left>
          <top>-132</top>
          <width>30</width>
          <height>313</height>
          <!--	<texture>volume_background.png</texture> -->
        </control>
        <control type="image">
          <left>-130</left>
          <top>8</top>
          <width>35</width>
          <height>35</height>
          <texture>dialogs/VolumeIcon.png</texture>
          <visible>IntegerGreaterThan(player.volume,1)</visible>
        </control>
        <control type="image">
          <left>-130</left>
          <top>8</top>
          <width>35</width>
          <height>35</height>
          <texture>dialogs/VolumeIcon-Mute.png</texture>
          <visible>!IntegerGreaterThan(player.volume,1)</visible>
        </control>
        <control type="label">
          <left>-85</left>
          <top>25</top>
          <width>200</width>
          <font>Font_Bartowski_Digital_Clock</font>
          <textcolor>mainblue</textcolor>
          <align>center</align>
          <aligny>center</aligny>
          <label>[B]$LOCALIZE[31073][/B]</label>
          <visible>!IntegerGreaterThan(player.volume,1)</visible>
        </control>
      </control>
    </control>
  </controls>
</window>