<?xml version="1.0" encoding="UTF-8"?>
<window>
  <animation effect="fade" time="100">WindowOpen</animation>
  <animation effect="fade" time="200">WindowClose</animation>
  <coordinates>
    <system>1</system>
    <left>0</left>
    <top>0</top>
  </coordinates>
  <controls>
    <control type="group">
      <left>1078</left>
      <top>648</top>
      <control type="image">
        <description>background image</description>
        <left>0</left>
        <top>0</top>
        <width>200</width>
        <height>72</height>
        <colordiffuse>mainblue</colordiffuse>
        <texture border="20">OverlayDialogBackground.png</texture>
      </control>
      <control type="image">
        <description>Busy animation</description>
        <left>20</left>
        <top>20</top>
        <width>32</width>
        <height>32</height>
        <colordiffuse>mainblue</colordiffuse>
        <texture>busy.png</texture>
        <aspectratio>keep</aspectratio>
        <animation effect="rotate" start="360" end="0" center="36,36" time="1200" loop="true" condition="true">conditional</animation>
      </control>
      <!-- <control type="multiimage">
				<description>Busy animation</description>
				<left>20</left>
				<top>20</top>
				<width>32</width>
				<height>32</height>
				<imagepath>simplicity/busy2</imagepath>
				<timeperimage>100</timeperimage>
				<fadetime>0</fadetime>
			</control> -->
      <control type="label">
        <description>Busy label</description>
        <left>60</left>
        <top>20</top>
        <width>120</width>
        <height>32</height>
        <align>left</align>
        <aligny>center</aligny>
        <label>$LOCALIZE[31725]</label>
        <font>Font_Neon_20</font>
      </control>
    </control>
  </controls>
</window>