<?xml version="1.0" encoding="UTF-8"?>
<window>
  <animation effect="slide" start="0,80" end="0,0" time="100">WindowOpen</animation>
  <animation effect="slide" start="0,0" end="0,80" time="100">WindowClose</animation>
  <coordinates>
    <system>1</system>
    <left>440</left>
    <top>650</top>
  </coordinates>
  <controls>
    <control type="group">
      <control type="image">
        <left>0</left>
        <top>-5</top>
        <width>400</width>
        <height>85</height>
        <colordiffuse>mainblue</colordiffuse>
        <texture border="20,20,20,2">InfoMessagePanel.png</texture>
      </control>
      <control type="image" id="400">
        <description>avatar</description>
        <left>20</left>
        <top>10</top>
        <width>50</width>
        <height>50</height>
        <aspectratio>keep</aspectratio>
        <texture>DefaultFile.png</texture>
      </control>
      <control type="fadelabel" id="401">
        <description>Line 1 Label</description>
        <left>75</left>
        <top>5</top>
        <width>310</width>
        <height>18</height>
        <font>Font_Neon_20_title</font>
        <textcolor>mainblue</textcolor>
        <align>left</align>
        <aligny>center</aligny>
        <scrollout>false</scrollout>
        <pauseatend>2000</pauseatend>
      </control>
      <control type="image">
        <left>75</left>
        <top>25</top>
        <width>400</width>
        <texture>common/list_divider.png</texture>
      </control>
      <control type="fadelabel" id="402">
        <description>Line 2 Label</description>
        <left>75</left>
        <top>35</top>
        <width>310</width>
        <height>20</height>
        <font>Font_Neon_20_title</font>
        <textcolor>white</textcolor>
        <align>left</align>
        <aligny>center</aligny>
        <scrollout>false</scrollout>
        <pauseatend>2000</pauseatend>
      </control>
      <control type="image" id="403">
        <description>avatar</description>
        <left>20</left>
        <top>10</top>
        <width>50</width>
        <height>50</height>
        <aspectratio>keep</aspectratio>
        <visible>false</visible>
        <texture>DefaultIconInfo.png</texture>
      </control>
      <control type="image" id="404">
        <description>avatar</description>
        <left>20</left>
        <top>10</top>
        <width>50</width>
        <height>50</height>
        <aspectratio>keep</aspectratio>
        <visible>false</visible>
        <texture>DefaultIconWarning.png</texture>
      </control>
      <control type="image" id="405">
        <description>avatar</description>
        <left>20</left>
        <top>10</top>
        <width>50</width>
        <height>50</height>
        <aspectratio>keep</aspectratio>
        <visible>false</visible>
        <texture>DefaultIconError.png</texture>
     </control>
    </control>
  </controls>
</window>