<?xml version="1.0" encoding="UTF-8"?>
<window>
  <defaultcontrol always="true">450</defaultcontrol>
  <allowoverlay>no</allowoverlay>
  <coordinates>
    <system>1</system>
    <left>0</left>
    <top>0</top>
  </coordinates>
  <controls>
    <control type="image">
      <include>Dimensions_Fullscreen</include>
      <texture>common/7000_focus.png</texture>
      <animation effect="fade" start="0" end="100" time="600">Visible</animation>
      <animation effect="fade" start="100" end="0" time="600">Hidden</animation>
    </control>
    <control type="group">
      <control type="group">
        <left>0</left>
        <top>0</top>
        <animation effect="fade" start="400" end="100" time="500" condition="Window.IsActive(103)">Conditional</animation>
        <control type="image">
          <width>1280</width>
          <height>720</height>
          <colordiffuse>mainblue</colordiffuse>
          <texture>DialogBackwht.png</texture>
        </control>
        <control type="image">
          <width>1280</width>
          <height>720</height>
          <colordiffuse>black</colordiffuse>
          <texture flipx="true">DialogBack.png</texture>
        </control>
        <control type="image">
          <left>20</left>
          <top>60</top>
          <width>750</width>
          <height>4</height>
          <aspectratio>stretch</aspectratio>
          <texture>common/separator.png</texture>
        </control>
      </control>
      <control type="group">
        <animation effect="fade" delay="400" start="0" end="100" time="200">WindowOpen</animation>
        <animation effect="fade" start="100" end="0" time="200">WindowClose</animation>
        <control type="label" id="411">
          <description>header label</description>
          <left>60</left>
          <top>30</top>
          <width>630</width>
          <height>30</height>
          <font>Font_Neon_30</font>
          <label>1023</label>
          <align>left</align>
          <aligny>center</aligny>
          <textcolor>white</textcolor>
          <shadowcolor>black</shadowcolor>
        </control>
        <control type="label" id="412">
          <description>Path label</description>
          <right>15</right>
          <top>66</top>
          <width>573</width>
          <height>30</height>
          <font>Font_Neon_18</font>
          <haspath>true</haspath>
          <aligny>center</aligny>
          <textcolor>white</textcolor>
          <shadowcolor>black</shadowcolor>
        </control>
        <control type="grouplist" id="9000">
          <left>20</left>
          <top>640</top>
          <width>700</width>
          <height>60</height>
          <itemgap>-1</itemgap>
          <orientation>horizontal</orientation>
          <onleft>450</onleft>
          <onright>450</onright>
          <onup>9000</onup>
          <ondown>9000</ondown>
          <control type="button" id="413">
            <description>OK button</description>
            <height>52</height>
            <align>center</align>
            <texturefocus>button-focus.png</texturefocus>
            <colordiffuse>mainblue</colordiffuse>
            <texturenofocus border="5">button-nofocus.png</texturenofocus>
            <include>ButtonMediaSubCommonValues</include>
            <textcolor>white</textcolor>
            <label>186</label>
          </control>
          <control type="button" id="414">
            <description>Cancel button</description>
            <height>52</height>
            <align>center</align>
            <colordiffuse>mainblue</colordiffuse>
            <texturenofocus border="5">button-nofocus.png</texturenofocus>
            <texturefocus>button-focus.png</texturefocus>
            <include>ButtonMediaSubCommonValues</include>
            <selectedcolor>white</selectedcolor>
            <label>222</label>
          </control>
          <control type="button" id="415">
            <description>Create folder button</description>
            <height>52</height>
            <align>center</align>
            <colordiffuse>mainblue</colordiffuse>
            <texturenofocus border="5">button-nofocus.png</texturenofocus>
            <texturefocus>button-focus.png</texturefocus>
            <include>ButtonMediaSubCommonValues</include>
            <selectedcolor>white</selectedcolor>
            <label>119</label>
          </control>
          <!-- <control type="radiobutton" id="416">
						<description>Flip Image button</description>
						<height>52</height>
						<align>center</align>
						<texturenofocus border="5">MenuItemNF.png</texturenofocus>
						<include>ButtonMediaSubCommonValues</include>
						<label>749</label> 
					</control> -->
        </control>
        <control type="image">
          <left>685</left>
          <top>65</top>
          <width>560</width>
          <height>610</height>
          <texture border="5">button-nofocus.png</texture>
        </control>
        <control type="image">
          <left>690</left>
          <top>70</top>
          <width>550</width>
          <height>600</height>
          <aspectratio align="center" aligny="center">keep</aspectratio>
          <texture background="true">$INFO[ListItem.Icon]</texture>
        </control>
        <control type="panel" id="450">
          <left>20</left>
          <top>120</top>
          <width>640</width>
          <height>500</height>
          <onleft>9000</onleft>
          <onright>60</onright>
          <onup>450</onup>
          <ondown>450</ondown>
          <pagecontrol>60</pagecontrol>
          <scrolltime>200</scrolltime>
          <itemlayout height="50" width="640">
            <control type="image">
              <left>0</left>
              <top>0</top>
              <width>640</width>
              <height>41</height>
              <texture border="5">MenuItemNF.png</texture>
            </control>
            <control type="image">
              <left>10</left>
              <top>2</top>
              <width>89</width>
              <height>50</height>
              <aspectratio align="center" aligny="center">keep</aspectratio>
              <texture>$INFO[ListItem.Icon]</texture>
            </control>
            <control type="label">
              <left>120</left>
              <top>0</top>
              <width>580</width>
              <height>50</height>
              <font>Font_Neon_20</font>
              <align>left</align>
              <aligny>center</aligny>
              <textcolor>grey</textcolor>
              <info>ListItem.Label</info>
            </control>
          </itemlayout>
          <focusedlayout height="50" width="640">
            <control type="image">
              <left>0</left>
              <top>0</top>
              <width>640</width>
              <height>50</height>
              <visible>!Control.HasFocus(450)</visible>
              <texture border="5">MenuItemNF.png</texture>
            </control>
            <control type="image">
              <left>105</left>
              <top>0</top>
              <width>500</width>
              <height>50</height>
              <aligny>center</aligny>
              <visible>Control.HasFocus(450)</visible>
              <colordiffuse>mainblue</colordiffuse>
              <texture>MenuItemFOR.png</texture>
            </control>
            <control type="image">
              <left>10</left>
              <top>2</top>
              <width>89</width>
              <height>50</height>
              <aspectratio align="center" aligny="center">keep</aspectratio>
              <texture>$INFO[ListItem.Icon]</texture>
            </control>
            <control type="label">
              <left>120</left>
              <top>0</top>
              <width>580</width>
              <height>50</height>
              <font>Font_Neon_20</font>
              <align>left</align>
              <aligny>center</aligny>
              <textcolor>white</textcolor>
              <info>ListItem.Label</info>
            </control>
          </focusedlayout>
        </control>
        <control type="panel" id="451">
          <left>20</left>
          <top>120</top>
          <width>640</width>
          <height>500</height>
          <onleft>9000</onleft>
          <onright>60</onright>
          <onup>451</onup>
          <ondown>451</ondown>
          <pagecontrol>60</pagecontrol>
          <scrolltime>200</scrolltime>
          <itemlayout height="50" width="640">
            <control type="image">
              <left>0</left>
              <top>0</top>
              <width>640</width>
              <height>41</height>
              <texture border="5">MenuItemNF.png</texture>
            </control>
            <control type="image">
              <left>10</left>
              <top>2</top>
              <width>89</width>
              <height>50</height>
              <aspectratio align="center" aligny="center">keep</aspectratio>
              <texture>$INFO[ListItem.Icon]</texture>
            </control>
            <control type="label">
              <left>120</left>
              <top>0</top>
              <width>580</width>
              <height>50</height>
              <font>Font_Neon_20</font>
              <align>left</align>
              <aligny>center</aligny>
              <textcolor>grey</textcolor>
              <info>ListItem.Label</info>
            </control>
          </itemlayout>
          <focusedlayout height="50" width="640">
            <control type="image">
              <left>0</left>
              <top>0</top>
              <width>640</width>
              <height>50</height>
              <visible>!Control.HasFocus(451)</visible>
              <texture border="5">MenuItemNF.png</texture>
            </control>
            <control type="image">
              <left>105</left>
              <top>0</top>
              <width>500</width>
              <height>50</height>
              <aligny>center</aligny>
              <visible>Control.HasFocus(451)</visible>
              <colordiffuse>mainblue</colordiffuse>
              <texture>MenuItemFOR.png</texture>
            </control>
            <control type="image">
              <left>10</left>
              <top>2</top>
              <width>89</width>
              <height>50</height>
              <aspectratio align="center" aligny="center">keep</aspectratio>
              <texture>$INFO[ListItem.Icon]</texture>
            </control>
            <control type="label">
              <left>120</left>
              <top>0</top>
              <width>580</width>
              <height>50</height>
              <font>Font_Neon_20</font>
              <align>left</align>
              <aligny>center</aligny>
              <textcolor>white</textcolor>
              <info>ListItem.Label</info>
            </control>
          </focusedlayout>
        </control>
        <control type="scrollbar" id="60">
          <left>650</left>
          <top>120</top>
          <width>25</width>
          <height>500</height>
          <texturesliderbackground border="0,14,0,14">ScrollBarV.png</texturesliderbackground>
          <texturesliderbar border="0,14,0,14">ScrollBarV_bar.png</texturesliderbar>
          <texturesliderbarfocus border="0,14,0,14" colordiffuse="mainblue">ScrollBarV_bar_focus.png</texturesliderbarfocus>
          <textureslidernib>ScrollBarNib.png</textureslidernib>
          <textureslidernibfocus>ScrollBarNib.png</textureslidernibfocus>
          <onleft>450</onleft>
          <onright>450</onright>
          <showonepage>false</showonepage>
          <orientation>vertical</orientation>
        </control>
        <control type="label">
          <description>Page label</description>
          <left>660</left>
          <top>620</top>
          <width>560</width>
          <height>30</height>
          <align>right</align>
          <aligny>center</aligny>
          <textcolor>grey</textcolor>
          <font>Font_Neon_15</font>
          <label>([COLOR=mainblue]$INFO[Container(450).NumItems][/COLOR]) $LOCALIZE[31025] - $LOCALIZE[31024] ([COLOR=mainblue]$INFO[Container(450).CurrentPage]/$INFO[Container(450).NumPages][/COLOR])</label>
          <visible>!Control.IsVisible(451)</visible>
        </control>
        <control type="label">
          <description>Page label</description>
          <left>660</left>
          <top>680</top>
          <width>560</width>
          <height>30</height>
          <align>right</align>
          <aligny>center</aligny>
          <textcolor>grey</textcolor>
          <font>Font_Neon_15</font>
          <label>([COLOR=mainblue]$INFO[Container(451).NumItems][/COLOR]) $LOCALIZE[31025] - $LOCALIZE[31024] ([COLOR=mainblue]$INFO[Container(451).CurrentPage]/$INFO[Container(451).NumPages][/COLOR])</label>
          <visible>Control.IsVisible(451)</visible>
        </control>
      </control>
    </control>
  </controls>
</window>