<?xml version="1.0" encoding="UTF-8"?>
<fonts>
  <fontset id="Default" >
    <font>
      <name>Font_Neon_85</name>
      <filename>Antipasto.ttf</filename>
      <size>85</size>
      <linespacing>1</linespacing>
    </font>
    <font>
      <name>music_time</name>
      <filename>Antipasto.ttf</filename>
      <size>45</size>
      <linespacing>1</linespacing>
    </font>
    <font>
      <name>Font_Neon_45_Focus</name>
      <filename>Antipasto.ttf</filename>
      <size>55</size>
    </font>
    <font>
      <name>Font_Neon_50</name>
      <filename>Antipasto.ttf</filename>
      <size>50</size>
      <linespacing>1</linespacing>
    </font>
    <font>
      <name>Font_Neon_45</name>
      <filename>Antipasto.ttf</filename>
      <size>45</size>
      <linespacing>1</linespacing>
    </font>
    <font>
      <name>Font_Neon_44</name>
      <filename>Antipasto.ttf</filename>
      <size>44</size>
      <linespacing>1</linespacing>
    </font>
    <font>
      <name>Font_Neon_40</name>
      <filename>Antipasto.ttf</filename>
      <size>40</size>
      <linespacing>1</linespacing>
    </font>
    <font>
      <name>Font_Neon_35</name>
      <filename>Antipasto.ttf</filename>
      <size>35</size>
      <linespacing>1</linespacing>
    </font>
    <font>
      <name>Font_Neon_30</name>
      <filename>Antipasto.ttf</filename>
      <size>30</size>
      <linespacing>1</linespacing>
    </font>
    <font>
      <name>Font_Neon_26</name>
      <filename>Antipasto.ttf</filename>
      <size>26</size>
      <linespacing>1</linespacing>
    </font>
    <font>
      <name>Font_Neon_25</name>
      <filename>Antipasto.ttf</filename>
      <size>25</size>
      <linespacing>1</linespacing>
    </font>
    <font>
      <name>Font_Neon_24</name>
      <filename>Antipasto.ttf</filename>
      <size>24</size>
      <linespacing>1</linespacing>
    </font>
    <font>
      <name>Font_Neon_22</name>
      <filename>Antipasto.ttf</filename>
      <size>22</size>
      <linespacing>1</linespacing>
    </font>
    <font>
      <name>Font_Neon_20</name>
      <filename>Antipasto.ttf</filename>
      <size>20</size>
      <linespacing>1</linespacing>
    </font>
    <font>
      <name>Font_Neon_19</name>
      <filename>Antipasto.ttf</filename>
      <size>19</size>
      <linespacing>1</linespacing>
    </font>
    <font>
      <name>Font_Neon_18</name>
      <filename>Antipasto.ttf</filename>
      <size>18</size>
      <linespacing>1</linespacing>
    </font>
    <font>
      <name>Font_Neon_16</name>
      <filename>Antipasto.ttf</filename>
      <size>16</size>
    </font>
    <font>
      <name>Font_Neon_16_Bold</name>
      <filename>Antipasto.ttf</filename>
      <size>16</size>
      <style>bold</style>
    </font>
    <font>
      <name>Font_Neon_15</name>
      <filename>Antipasto.ttf</filename>
      <size>15</size>
    </font>
    <font>
      <name>Font_Neon_14</name>
      <filename>Antipasto.ttf</filename>
      <size>14</size>
    </font>
    <font>
      <name>Font_Bartowski_Zune</name>
      <filename>Antipasto.ttf</filename>
      <size>18</size>
      <linespacing>1</linespacing>
    </font>
    <font>
      <name>Font_Bartowski_Main_SubMenu</name>
      <filename>Antipasto.ttf</filename>
      <size>34</size>
      <linespacing>1</linespacing>
    </font>
    <font>
      <name>Font_Bartowski_Digital_Clock</name>
      <filename>digital_clock.ttf</filename>
      <size>20</size>
      <linespacing>1</linespacing>
    </font>
    <font>
      <name>Font_Bartowski_BigMusic</name>
      <filename>Antipasto.ttf</filename>
      <size>150</size>
      <linespacing>1</linespacing>
    </font>
    <font>
      <!--was 34-->
      <name>Font_Bartowski_Title_TVShow</name>
      <filename>Antipasto.ttf</filename>
      <size>40</size>
      <linespacing>1</linespacing>
    </font>
    <font>
      <!--was 34-->
      <name>Font_Bartowski_Title_Movie</name>
      <filename>Antipasto.ttf</filename>
      <size>40</size>
      <linespacing>1</linespacing>
    </font>
    <font>
      <name>Font_Bartowski_Movies</name>
      <filename>Antipasto.ttf</filename>
      <size>20</size>
      <linespacing>1</linespacing>
    </font>
    <font>
      <name>Font_Bartowski_MovieList</name>
      <filename>Antipasto.ttf</filename>
      <size>20</size>
      <linespacing>1</linespacing>
    </font>
    <font>
      <name>Font_Bartowski_Episodes</name>
      <filename>Antipasto.ttf</filename>
      <size>24</size>
      <linespacing>1</linespacing>
    </font>
    <font>
      <name>Font_Bartowski_Movies_Plot</name>
      <filename>Antipasto.ttf</filename>
      <size>22</size>
      <linespacing>1</linespacing>
    </font>
    <font>
      <name>Font_Neon_40</name>
      <filename>Antipasto.ttf</filename>
      <size>40</size>
      <linespacing>1</linespacing>
    </font>
    <font>
      <name>Font_Bartowski_TV_Title</name>
      <filename>Antipasto.ttf</filename>
      <size>40</size>
      <linespacing>1</linespacing>
    </font>
    <font>
      <name>Font_Episode_Landscape_TVTitle</name>
      <filename>Antipasto.ttf</filename>
      <size>50</size>
      <linespacing>.7</linespacing>
    </font>
    <font>
      <name>Font_Bartowski_Under_Pause</name>
      <filename>Antipasto.ttf</filename>
      <size>24</size>
    </font>
    <font>
      <name>Font_Neon_Pause</name>
      <filename>Antipasto.ttf</filename>
      <size>600</size>
    </font>
    <font>
      <name>Font_Bartowski_Episode_ContextMenu</name>
      <filename>Antipasto.ttf</filename>
      <size>30</size>
    </font>
    <font>
      <name>Font_Bartowski_Showcase_plot</name>
      <filename>Antipasto.ttf</filename>
      <size>20</size>
      <linespacing>1.0</linespacing>
    </font>
    <font>
      <name>Font_Bartowski_Showcase_Title</name>
      <filename>Antipasto.ttf</filename>
      <size>31</size>
    </font>
    <font>
      <name>Font_Bartowski_Showcase_Right_Main</name>
      <filename>Antipasto.ttf</filename>
      <size>25</size>
    </font>
    <font>
      <name>Font_Bartowski_Showcase_Right_Under</name>
      <filename>Antipasto.ttf</filename>
      <size>22</size>
    </font>
    <font>
      <name>Font_Bartowski_Showcase_runtime_year</name>
      <filename>Antipasto.ttf</filename>
      <size>24</size>
    </font>
    <font>
      <name>Font_Bartowski_MenuValue</name>
      <filename>Antipasto.ttf</filename>
      <size>36</size>
    </font>
    <font>
      <name>Font_Bartowski_Smaller_MenuValue</name>
      <filename>Antipasto.ttf</filename>
      <size>30</size>
    </font>
    <font>
      <name>Font_Bartowski_Smaller_MenuTitle</name>
      <filename>Antipasto.ttf</filename>
      <size>20</size>
    </font>
    <font>
      <name>Font_Bartowski_Press_S</name>
      <filename>Antipasto.ttf</filename>
      <size>26</size>
    </font>
    <font>
      <name>Font_Bartowski_Buttons</name>
      <filename>Antipasto.ttf</filename>
      <size>22</size>
    </font>
    <font>
      <name>Font_Neon_45_Context</name>
      <filename>Antipasto.ttf</filename>
      <size>44</size>
    </font>
    <font>
      <name>Font_Landscape_TitleTVShow</name>
      <filename>Antipasto.ttf</filename>
      <size>25</size>
      <linespacing>1</linespacing>
    </font>
    <font>
      <name>Font_Settings</name>
      <filename>Antipasto.ttf</filename>
      <size>30</size>
      <linespacing>1</linespacing>
    </font>
    <font>
      <name>Small</name>
      <filename>Antipasto.ttf</filename>
      <size>14</size>
    </font>
    <font>
      <name>font13</name>
      <filename>Antipasto.ttf</filename>
      <size>24</size>
    </font>
    <font>
      <name>Font_Date</name>
      <filename>Antipasto.ttf</filename>
      <size>21</size>
    </font>
    <font>
      <name>Font_RSS</name>
      <filename>Antipasto.ttf</filename>
      <size>21</size>
    </font>
    <font>
      <name>Font_RSS_Unicode</name>
      <filename>Antipasto.ttf</filename>
      <size>25</size>
    </font>
    <font>
      <name>Font_RSS_Big</name>
      <filename>Antipasto.ttf</filename>
      <size>27</size>
    </font>
    <font>
      <name>Font_InfoYear2</name>
      <filename>Antipasto.ttf</filename>
      <size>40</size>
    </font>
    <font>
      <name>Font_InfoDetails</name>
      <filename>Antipasto.ttf</filename>
      <size>22</size>
    </font>
    <font>
      <name>Font_EpisodePlot</name>
      <filename>Antipasto.ttf</filename>
      <size>21</size>
      <linespacing>0.8</linespacing>
    </font>
    <font>
      <name>Font_EpisodePlot2</name>
      <filename>Antipasto.ttf</filename>
      <size>18</size>
    </font>
    <font>
      <name>Font_TVShow</name>
      <filename>Antipasto.ttf</filename>
      <size>25</size>
      <linespacing>1</linespacing>
    </font>
    <font>
      <name>Font_ListDetail</name>
      <filename>Antipasto.ttf</filename>
      <size>20</size>
      <linespacing>0.82</linespacing>
    </font>
    <font>
      <name>Font_MediaMenu</name>
      <filename>Antipasto.ttf</filename>
      <size>25</size>
    </font>
    <font>
      <name>Font_MenuValue</name>
      <filename>Antipasto.ttf</filename>
      <size>36</size>
    </font>
    <font>
      <name>Font_KeyboardKeys</name>
      <filename>Antipasto.ttf</filename>
      <size>26</size>
    </font>
    <font>
      <name>Font_KeyboardKeys_Plot</name>
      <filename>Antipasto.ttf</filename>
      <size>24</size>
      <linespacing>.8</linespacing>
    </font>
    <font>
      <name>Font_KeyboardTitle</name>
      <filename>Antipasto.ttf</filename>
      <size>19</size>
    </font>
    <font>
      <name>Font_KeyboardEdit</name>
      <filename>Antipasto.ttf</filename>
      <size>21</size>
    </font>
    <font>
      <name>Font_FavouritesItemLabel</name>
      <filename>Antipasto.ttf</filename>
      <size>25</size>
    </font>
    <font>
      <name>Font_FavouritesFocusedItemLabel</name>
      <filename>Antipasto.ttf</filename>
      <size>30</size>
    </font>
    <font>
      <name>font24caps_title</name>
      <filename>Antipasto.ttf</filename>
      <size>28</size>
    </font>
    <font>
      <name>Font_Neon_25</name>
      <filename>Antipasto.ttf</filename>
      <size>25</size>
    </font>
    <font>
      <name>Font_Neon_20_title</name>
      <filename>Antipasto.ttf</filename>
      <size>20</size>
    </font>
    <font>
      <name>Font_Music_Jukebox</name>
      <filename>Antipasto.ttf</filename>
      <size>18</size>
    </font>
    <font>
      <name>font12caps_title</name>
      <filename>Antipasto.ttf</filename>
      <size>16</size>
    </font>
    <font>
      <name>font10</name>
      <filename>Antipasto.ttf</filename>
      <size>14</size>
    </font>
  </fontset>
  <fontset id="Neon - All Languages">
    <font>
      <name>Font_Neon_85</name>
      <filename>DejaVu.ttf</filename>
      <size>85</size>
      <linespacing>1</linespacing>
    </font>
    <font>
      <name>music_time</name>
      <filename>DejaVu.ttf</filename>
      <size>45</size>
      <linespacing>1</linespacing>
    </font>
    <font>
      <name>Font_Neon_45_Focus</name>
      <filename>DejaVu.ttf</filename>
      <size>42</size>
    </font>
    <font>
      <name>Font_Neon_50</name>
      <filename>DejaVu.ttf</filename>
      <size>45</size>
      <linespacing>1</linespacing>
    </font>
    <font>
      <name>Font_Neon_45</name>
      <filename>DejaVu.ttf</filename>
      <size>37</size>
      <linespacing>1</linespacing>
    </font>
    <font>
      <name>Font_Neon_44</name>
      <filename>DejaVu.ttf</filename>
      <size>38</size>
      <linespacing>1</linespacing>
    </font>
    <font>
      <name>Font_Neon_40</name>
      <filename>DejaVu.ttf</filename>
      <size>36</size>
      <linespacing>1</linespacing>
    </font>
    <font>
      <name>Font_Neon_35</name>
      <filename>DejaVu.ttf</filename>
      <size>30</size>
      <linespacing>1</linespacing>
    </font>
    <font>
      <name>Font_Neon_30</name>
      <filename>DejaVu.ttf</filename>
      <size>26</size>
      <linespacing>1</linespacing>
    </font>
    <font>
      <name>Font_Neon_26</name>
      <filename>DejaVu.ttf</filename>
      <size>22</size>
      <linespacing>1</linespacing>
    </font>
    <font>
      <name>Font_Neon_25</name>
      <filename>DejaVu.ttf</filename>
      <size>21</size>
      <linespacing>1</linespacing>
    </font>
    <font>
      <name>Font_Neon_24</name>
      <filename>DejaVu.ttf</filename>
      <size>21</size>
      <linespacing>1</linespacing>
    </font>
    <font>
      <name>Font_Neon_22</name>
      <filename>DejaVu.ttf</filename>
      <size>19</size>
      <linespacing>1</linespacing>
    </font>
    <font>
      <name>Font_Neon_20</name>
      <filename>DejaVu.ttf</filename>
      <size>16</size>
      <linespacing>1</linespacing>
    </font>
    <font>
      <name>Font_Neon_19</name>
      <filename>DejaVu.ttf</filename>
      <size>19</size>
      <linespacing>1</linespacing>
    </font>
    <font>
      <name>Font_Neon_18</name>
      <filename>DejaVu.ttf</filename>
      <size>14</size>
      <linespacing>1</linespacing>
    </font>
    <font>
      <name>Font_Neon_16</name>
      <filename>DejaVu.ttf</filename>
      <size>14</size>
    </font>
    <font>
      <name>Font_Neon_16_Bold</name>
      <filename>DejaVu.ttf</filename>
      <size>14</size>
      <style>bold</style>
    </font>
    <font>
      <name>Font_Neon_15</name>
      <filename>DejaVu.ttf</filename>
      <size>13</size>
    </font>
    <font>
      <name>Font_Neon_14</name>
      <filename>DejaVu.ttf</filename>
      <size>12</size>
    </font>
    <font>
      <name>Font_Bartowski_Zune</name>
      <filename>DejaVu.ttf</filename>
      <size>18</size>
      <linespacing>1</linespacing>
    </font>
    <font>
      <name>Font_Bartowski_Main_SubMenu</name>
      <filename>DejaVu.ttf</filename>
      <size>26</size>
      <linespacing>1</linespacing>
    </font>
    <font>
      <name>Font_Bartowski_Digital_Clock</name>
      <filename>digital_clock.ttf</filename>
      <size>20</size>
      <linespacing>1</linespacing>
    </font>
    <font>
      <name>Font_Bartowski_BigMusic</name>
      <filename>DejaVu.ttf</filename>
      <size>150</size>
      <linespacing>1</linespacing>
    </font>
    <font>
      <!--was 34-->
      <name>Font_Bartowski_Title_TVShow</name>
      <filename>DejaVu.ttf</filename>
      <size>36</size>
      <linespacing>1</linespacing>
    </font>
    <font>
      <!--was 34-->
      <name>Font_Bartowski_Title_Movie</name>
      <filename>DejaVu.ttf</filename>
      <size>36</size>
      <linespacing>1</linespacing>
    </font>
    <font>
      <name>Font_Bartowski_Movies</name>
      <filename>DejaVu.ttf</filename>
      <size>16</size>
      <linespacing>1</linespacing>
    </font>
    <font>
      <name>Font_Bartowski_MovieList</name>
      <filename>DejaVu.ttf</filename>
      <size>16</size>
      <linespacing>1</linespacing>
    </font>
    <font>
      <name>Font_Bartowski_Episodes</name>
      <filename>DejaVu.ttf</filename>
      <size>20</size>
      <linespacing>1</linespacing>
    </font>
    <font>
      <name>Font_Bartowski_Movies_Plot</name>
      <filename>DejaVu.ttf</filename>
      <size>19</size>
      <linespacing>1</linespacing>
    </font>
    <font>
      <name>Font_Neon_40</name>
      <filename>DejaVu.ttf</filename>
      <size>40</size>
      <linespacing>1</linespacing>
    </font>
    <font>
      <name>Font_Bartowski_TV_Title</name>
      <filename>DejaVu.ttf</filename>
      <size>40</size>
      <linespacing>1</linespacing>
    </font>
    <font>
      <name>Font_Episode_Landscape_TVTitle</name>
      <filename>DejaVu.ttf</filename>
      <size>50</size>
      <linespacing>.7</linespacing>
    </font>
    <font>
      <name>Font_Neon_Pause</name>
      <filename>DejaVu.ttf</filename>
      <size>415</size>
    </font>
    <font>
      <name>Font_Bartowski_Under_Pause</name>
      <filename>DejaVu.ttf</filename>
      <size>24</size>
    </font>
    <font>
      <name>Font_Bartowski_Episode_ContextMenu</name>
      <filename>DejaVu.ttf</filename>
      <size>18</size>
    </font>
    <font>
      <name>Font_Bartowski_Showcase_plot</name>
      <filename>DejaVu.ttf</filename>
      <size>16</size>
      <linespacing>1.0</linespacing>
    </font>
    <font>
      <name>Font_Bartowski_Showcase_Title</name>
      <filename>DejaVu.ttf</filename>
      <size>28</size>
    </font>
    <font>
      <name>Font_Bartowski_Showcase_Right_Main</name>
      <filename>DejaVu.ttf</filename>
      <size>25</size>
    </font>
    <font>
      <name>Font_Bartowski_Showcase_Right_Under</name>
      <filename>DejaVu.ttf</filename>
      <size>22</size>
    </font>
    <font>
      <name>Font_Bartowski_Showcase_runtime_year</name>
      <filename>DejaVu.ttf</filename>
      <size>16</size>
    </font>
    <font>
      <name>Font_Bartowski_MenuValue</name>
      <filename>DejaVu.ttf</filename>
      <size>30</size>
    </font>
    <font>
      <name>Font_Bartowski_Smaller_MenuValue</name>
      <filename>DejaVu.ttf</filename>
      <size>30</size>
    </font>
    <font>
      <name>Font_Bartowski_Smaller_MenuTitle</name>
      <filename>DejaVu.ttf</filename>
      <size>16</size>
    </font>
    <font>
      <name>Font_Bartowski_Press_S</name>
      <filename>DejaVu.ttf</filename>
      <size>20</size>
    </font>
    <font>
      <name>Font_Bartowski_Buttons</name>
      <filename>DejaVu.ttf</filename>
      <size>16</size>
    </font>
    <font>
      <name>Font_Neon_45_Context</name>
      <filename>DejaVu.ttf</filename>
      <size>44</size>
    </font>
    <font>
      <name>Font_Landscape_TitleTVShow</name>
      <filename>DejaVu.ttf</filename>
      <size>25</size>
      <linespacing>1</linespacing>
    </font>
    <font>
      <name>Font_Settings</name>
      <filename>DejaVu.ttf</filename>
      <size>30</size>
      <linespacing>1</linespacing>
    </font>
    <font>
      <name>Small</name>
      <filename>DejaVu.ttf</filename>
      <size>14</size>
    </font>
    <font>
      <name>font13</name>
      <filename>DejaVu.ttf</filename>
      <size>20</size>
    </font>
    <font>
      <name>Font_Date</name>
      <filename>DejaVu.ttf</filename>
      <size>18</size>
    </font>
    <font>
      <name>Font_RSS</name>
      <filename>DejaVu.ttf</filename>
      <size>16</size>
    </font>
    <font>
      <name>Font_RSS_Unicode</name>
      <filename>DejaVu.ttf</filename>
      <size>21</size>
    </font>
    <font>
      <name>Font_RSS_Big</name>
      <filename>DejaVu.ttf</filename>
      <size>23</size>
    </font>
    <font>
      <name>Font_InfoYear2</name>
      <filename>DejaVu.ttf</filename>
      <size>36</size>
    </font>
    <font>
      <name>Font_InfoDetails</name>
      <filename>DejaVu.ttf</filename>
      <size>19</size>
    </font>
    <font>
      <name>Font_EpisodePlot</name>
      <filename>DejaVu.ttf</filename>
      <size>18</size>
      <linespacing>1</linespacing>
    </font>
    <font>
      <name>Font_EpisodePlot2</name>
      <filename>DejaVu.ttf</filename>
      <size>18</size>
    </font>
    <font>
      <name>Font_TVShow</name>
      <filename>DejaVu.ttf</filename>
      <size>18</size>
      <linespacing>1</linespacing>
    </font>
    <font>
      <name>Font_ListDetail</name>
      <filename>DejaVu.ttf</filename>
      <size>16</size>
      <linespacing>0.82</linespacing>
    </font>
    <font>
      <name>Font_MediaMenu</name>
      <filename>DejaVu.ttf</filename>
      <size>25</size>
    </font>
    <font>
      <name>Font_MenuValue</name>
      <filename>DejaVu.ttf</filename>
      <size>36</size>
    </font>
    <font>
      <name>Font_KeyboardKeys</name>
      <filename>DejaVu.ttf</filename>
      <size>22</size>
    </font>
    <font>
      <name>Font_KeyboardKeys_Plot</name>
      <filename>DejaVu.ttf</filename>
      <size>20</size>
      <linespacing>.8</linespacing>
    </font>
    <font>
      <name>Font_KeyboardTitle</name>
      <filename>DejaVu.ttf</filename>
      <size>17</size>
    </font>
    <font>
      <name>Font_KeyboardEdit</name>
      <filename>DejaVu.ttf</filename>
      <size>18</size>
    </font>
    <font>
      <name>Font_FavouritesItemLabel</name>
      <filename>DejaVu.ttf</filename>
      <size>21</size>
    </font>
    <font>
      <name>Font_FavouritesFocusedItemLabel</name>
      <filename>DejaVu.ttf</filename>
      <size>26</size>
    </font>
    <font>
      <name>font24caps_title</name>
      <filename>DejaVu.ttf</filename>
      <size>24</size>
    </font>
    <font>
      <name>Font_Neon_25</name>
      <filename>DejaVu.ttf</filename>
      <size>25</size>
    </font>
    <font>
      <name>Font_Neon_20_title</name>
      <filename>DejaVu.ttf</filename>
      <size>16</size>
    </font>
    <font>
      <name>Font_Music_Jukebox</name>
      <filename>DejaVu.ttf</filename>
      <size>13</size>
    </font>
    <font>
      <name>font12caps_title</name>
      <filename>DejaVu.ttf</filename>
      <size>16</size>
    </font>
    <font>
      <name>font10</name>
      <filename>DejaVu.ttf</filename>
      <size>14</size>
    </font>
  </fontset>
</fonts>
