<?xml version="1.0" encoding="UTF-8"?>
<!--Alaska-->
<includes>
  <include name="Trailer">
    <!--Landscape Season Episodes-->
    <control type="group">
      <visible>Player.HasVideo + Control.IsVisible(52) + [Container.Content(seasons) | Container.Content(episodes)]</visible>
      <animation effect="zoom" start="0" end="70" time="0" delay="0" condition="Player.HasVideo + Control.IsVisible(52) + [Container.Content(tvshows) | Container.Content(seasons) | Container.Content(episodes)]">Conditional</animation>
      <animation effect="fade" start="0" end="100" time="400" delay="800" condition="Player.HasVideo + Control.IsVisible(52) + [Container.Content(tvshows) | Container.Content(seasons) | Container.Content(episodes)]">Conditional</animation>
      <!--Landscape TVshows-->
      <left>740</left>
      <top>730</top>
      <control type="videowindow" id="9">
        <left>30</left>
        <top>-20</top>
        <width>540</width>
        <height>305</height>
      </control>
      <control type="image">
        <description>trailer image</description>
        <left>6</left>
        <top>-45</top>
        <width>590</width>
        <height>351</height>
        <colordiffuse>black</colordiffuse>
        <texture>episodeframe.png</texture>
      </control>
    </control>
  </include>
  <include name="Trailer_TVLandscape">
    <control type="group">
      <visible>Player.HasVideo + Control.IsVisible(52) + Container.Content(tvshows)</visible>
      <!--<visible>Player.HasVideo + Skin.HasSetting(no_new_recent_info) + Control.IsVisible(52) + Container.Content(tvshows)</visible>-->
      <!--Landscape Season Episodes-->
      <animation effect="zoom" start="0" end="70" time="0" delay="0" condition="Player.HasVideo + Control.IsVisible(52) + Container.Content(tvshows)">Conditional</animation>
      <animation effect="fade" start="0" end="100" time="400" delay="800" condition="Player.HasVideo + Control.IsVisible(52) + Container.Content(tvshows)">Conditional</animation>
      <!--Landscape TVshows-->
      <left>1300</left>
      <top>740</top>
      <control type="image">
        <description>trailer image</description>
        <left>-70</left>
        <top>-70</top>
        <width>693</width>
        <height>445</height>
        <texture>dialogs/trailer_diffuse_back.png</texture>
      </control>
      <control type="videowindow" id="9">
        <left>30</left>
        <top>26</top>
        <width>500</width>
        <height>256</height>
      </control>
      <control type="image">
        <description>trailer image</description>
        <left>20</left>
        <top>15</top>
        <width>590</width>
        <height>351</height>
        <colordiffuse>black</colordiffuse>
        <texture>episodeframe.png</texture>
      </control>
    </control>
  </include>
  <include name="Trailer_Landscape_Fanart">
    <!--Landscape Season Episodes-->
    <control type="group">
      <visible>Player.HasVideo + [Control.IsVisible(633) | Control.IsVisible(593)]</visible>
      <animation effect="zoom" start="0" end="70" time="0" delay="0" condition="Player.HasVideo">Conditional</animation>
      <animation effect="fade" start="0" end="100" time="400" delay="800" condition="Player.HasVideo">Conditional</animation>
      <!--Landscape TVshows-->
      <left>1060</left>
      <top>30</top>
      <control type="image">
        <description>trailer background</description>
        <left>30</left>
        <top>27</top>
        <width>700</width>
        <height>395</height>
        <texture>tv-episodes/context-back.png</texture>
      </control>
      <control type="videowindow" id="9">
        <left>30</left>
        <top>26</top>
        <width>700</width>
        <height>395</height>
      </control>
      <control type="image">
        <description>trailer image</description>
        <left>0</left>
        <top>-5</top>
        <width>760</width>
        <height>460</height>
        <colordiffuse>black</colordiffuse>
        <texture>episodeframe.png</texture>
      </control>
    </control>
  </include>
  <include name="Trailer_Media_View">
    <!--Landscape Season Episodes-->
    <control type="group">
      <visible>Player.HasVideo + [Control.IsVisible(53) | Control.IsVisible(503)]</visible>
      <animation effect="zoom" start="0" end="70" time="0" delay="0" condition="Player.HasVideo">Conditional</animation>
      <animation effect="fade" start="0" end="100" time="400" delay="800" condition="Player.HasVideo">Conditional</animation>
      <!--Landscape TVshows-->
      <left>930</left>
      <top>30</top>
      <control type="image">
        <description>trailer background</description>
        <left>31</left>
        <top>27</top>
        <width>750</width>
        <height>420</height>
        <texture>tv-episodes/context-back.png</texture>
      </control>
      <control type="videowindow" id="9">
        <left>34</left>
        <top>27</top>
        <width>750</width>
        <height>423</height>
      </control>
      <control type="image">
        <description>trailer image</description>
        <left>0</left>
        <top>-5</top>
        <width>815</width>
        <height>485</height>
        <colordiffuse>black</colordiffuse>
        <texture>episodeframe.png</texture>
      </control>
    </control>
  </include>
  <include name="Trailer_Panel">
    <control type="group">
      <visible>Control.IsVisible(56) + Player.HasVideo</visible>
      <animation effect="zoom" start="0" end="70" time="0" delay="0" condition="Player.HasVideo">Conditional</animation>
      <animation effect="fade" start="0" end="100" time="400" delay="800" condition="Player.HasVideo">Conditional</animation>
      <!--Landscape TVshows-->
      <left>30</left>
      <top>30</top>
      <control type="videowindow" id="9">
        <left>30</left>
        <top>26</top>
        <width>700</width>
        <height>395</height>
      </control>
      <control type="image">
        <description>trailer image</description>
        <left>0</left>
        <top>-10</top>
        <width>760</width>
        <height>463</height>
        <colordiffuse>black</colordiffuse>
        <texture>episodeframe.png</texture>
      </control>
    </control>
  </include>
  <include name="Trailer_Poster">
    <control type="group">
      <visible>[Control.IsVisible(55) | Control.IsVisible(54) | Control.IsVisible(500)] + Player.HasVideo</visible>
      <animation effect="zoom" start="0" end="68" time="0" delay="0" condition="true">Conditional</animation>
      <animation effect="fade" start="0" end="100" time="800" delay="800" condition="true">Conditional</animation>
      <animation effect="slide" start="0,0" end="-20,80" time="0" condition="Container.Content(tvshows) | Container.Content(seasons)">Conditional</animation>
      <left>1100</left>
      <top>30</top>
      <control type="image">
        <description>trailer background</description>
        <left>30</left>
        <top>27</top>
        <width>700</width>
        <height>400</height>
        <texture>tv-episodes/context-back.png</texture>
      </control>
      <control type="videowindow" id="9">
        <left>30</left>
        <top>26</top>
        <width>700</width>
        <height>395</height>
      </control>
      <control type="image">
        <description>background</description>
        <left>-2</left>
        <top>-7</top>
        <width>765</width>
        <height>460</height>
        <colordiffuse>black</colordiffuse>
        <texture>episodeframe.png</texture>
      </control>
      <control type="image">
        <description>trailer image</description>
        <left>-2</left>
        <top>-7</top>
        <width>765</width>
        <height>460</height>
        <colordiffuse>black</colordiffuse>
        <texture>episodeframe.png</texture>
      </control>
    </control>
  </include>
  <include name="Trailer_Showcase">
    <control type="group">
      <visible>[Control.IsVisible(58) | Control.IsVisible(558)] + Player.HasVideo</visible>
      <animation effect="zoom" start="0" end="78" time="400" delay="0" condition="Player.HasVideo">Conditional</animation>
      <animation effect="fade" start="0" end="100" time="400" delay="800" condition="Player.HasVideo">Conditional</animation>
      <left>-10</left>
      <top>35</top>
      <control type="image">
        <description>trailer background</description>
        <left>30</left>
        <top>15</top>
        <width>531</width>
        <height>285</height>
        <texture>tv-episodes/context-back.png</texture>
      </control>
      <control type="videowindow" id="9">
        <left>30</left>
        <top>15</top>
        <width>531</width>
        <height>285</height>
      </control>
      <control type="image">
        <description>trailer image</description>
        <left>5</left>
        <top>-5</top>
        <width>581</width>
        <height>325</height>
        <colordiffuse>black</colordiffuse>
        <texture>episodeframe.png</texture>
      </control>
    </control>
  </include>
  <include name="Trailer_Multiplex">
    <control type="group">
      <visible>Control.IsVisible(588) + Player.HasVideo</visible>
      <animation effect="zoom" start="0" end="100" center="640,210" time="1000" condition="Player.HasVideo">Conditional</animation>
      <animation effect="fade" start="0" end="100" time="400" delay="800" condition="Player.HasVideo">Conditional</animation>
      <left>350</left>
      <top>100</top>
      <control type="image">
        <description>trailer background</description>
        <left>25</left>
        <top>25</top>
        <width>590</width>
        <height>310</height>
        <texture>tv-episodes/context-back.png</texture>
      </control>
      <control type="videowindow" id="9">
        <left>25</left>
        <top>25</top>
        <width>590</width>
        <height>310</height>
      </control>
      <control type="image">
        <description>trailer image</description>
        <left>0</left>
        <top>0</top>
        <width>640</width>
        <height>360</height>
        <colordiffuse>black</colordiffuse>
        <texture>episodeframe.png</texture>
      </control>
    </control>
  </include>
  <include name="Trailer_PosterWrap">
    <control type="group">
      <visible>[Control.IsVisible(508) | Control.IsVisible(598)] + Player.HasVideo</visible>
      <left>280</left>
      <top>30</top>
      <control type="image">
        <description>trailer background</description>
        <left>15</left>
        <top>18</top>
        <width>668</width>
        <height>365</height>
        <texture border="40">tv-episodes/context-back.png</texture>
      </control>
      <control type="videowindow" id="9">
        <left>15</left>
        <top>18</top>
        <width>668</width>
        <height>365</height>
      </control>
      <control type="image">
        <description>trailer image</description>
        <left>0</left>
        <top>0</top>
        <width>700</width>
        <height>400</height>
        <colordiffuse>black</colordiffuse>
        <texture border="40">episodeframe.png</texture>
      </control>
    </control>
  </include>
  <include name="Trailer_16x9">
    <control type="group">
      <visible>[Control.IsVisible(59) | Control.IsVisible(501)] + Player.HasVideo</visible>
      <animation effect="slide" start="920,500" end="920,500" time="400" delay="800" condition="Player.HasVideo">Conditional</animation>
      <animation effect="zoom" start="0" end="66" time="400" delay="800" condition="Player.HasVideo">Conditional</animation>
      <left>0</left>
      <top>0</top>
      <control type="image">
        <description>trailer background</description>
        <left>50</left>
        <top>28</top>
        <width>460</width>
        <height>252</height>
        <texture>tv-episodes/context-back.png</texture>
      </control>
      <control type="videowindow" id="9">
        <left>50</left>
        <top>28</top>
        <width>460</width>
        <height>252</height>
      </control>
      <control type="image">
        <description>trailer image</description>
        <left>30</left>
        <top>8</top>
        <width>500</width>
        <height>292</height>
        <colordiffuse>black</colordiffuse>
        <texture>episodeframe.png</texture>
      </control>
    </control>
  </include>
  <include name="Trailer_Slide">
    <control type="group">
      <visible>Control.IsVisible(595) + Control.IsVisible(8241) + Player.HasVideo</visible>
      <animation effect="fade" start="0" end="100" time="400" delay="800" condition="Player.HasVideo">Conditional</animation>
      <left>638</left>
      <top>230</top>
      <control type="image">
        <description>trailer image</description>
        <left>30</left>
        <top>26</top>
        <width>500</width>
        <height>282</height>
        <texture>tv-episodes/context-back.png</texture>
      </control>
      <control type="videowindow" id="9">
        <left>30</left>
        <top>26</top>
        <width>500</width>
        <height>282</height>
      </control>
      <control type="image">
        <description>trailer image</description>
        <left>5</left>
        <top>5</top>
        <width>550</width>
        <height>325</height>
        <colordiffuse>black</colordiffuse>
        <texture>episodeframe.png</texture>
      </control>
    </control>
  </include>
  <include name="Trailer_Files">
    <control type="group">
      <visible>Control.IsVisible(50) + Player.HasVideo + Container.Content(episodes)</visible>
      <animation effect="zoom" start="0" end="60" time="0" delay="0" condition="Player.HasVideo">Conditional</animation>
      <animation effect="fade" start="0" end="100" time="400" delay="800" condition="Player.HasVideo">Conditional</animation>
      <left>1380</left>
      <top>95</top>
      <control type="image">
        <description>trailer background</description>
        <left>30</left>
        <top>26</top>
        <width>600</width>
        <height>338</height>
        <texture>tv-episodes/context-back.png</texture>
      </control>
      <control type="videowindow" id="9">
        <left>30</left>
        <top>26</top>
        <width>600</width>
        <height>338</height>
      </control>
      <control type="image">
        <description>trailer image</description>
        <left>5</left>
        <top>-2</top>
        <width>650</width>
        <height>390</height>
        <colordiffuse>black</colordiffuse>
        <texture>episodeframe.png</texture>
      </control>
    </control>
    <control type="group" id="61">
      <visible>Control.IsVisible(50) + Player.HasVideo + Container.Content(Movies)</visible>
      <animation effect="zoom" start="0" end="60" time="0" delay="0" condition="Player.HasVideo">Conditional</animation>
      <animation effect="fade" start="0" end="100" time="400" delay="800" condition="Player.HasVideo">Conditional</animation>
      <left>1380</left>
      <top>395</top>
      <control type="image">
        <description>trailer background</description>
        <left>30</left>
        <top>26</top>
        <width>600</width>
        <height>338</height>
        <texture>tv-episodes/context-back.png</texture>
      </control>
      <control type="videowindow" id="9">
        <left>30</left>
        <top>26</top>
        <width>600</width>
        <height>338</height>
      </control>
      <control type="image">
        <description>trailer image</description>
        <left>5</left>
        <top>-2</top>
        <width>650</width>
        <height>390</height>
        <colordiffuse>black</colordiffuse>
        <texture>episodeframe.png</texture>
      </control>
    </control>
  </include>
  <include name="Trailer_Episodes">
    <control type="group">
      <visible>Control.IsVisible(51) + Player.HasVideo</visible>
      <animation effect="zoom" start="0" end="60" time="0" delay="0" condition="Player.HasVideo">Conditional</animation>
      <animation effect="fade" start="0" end="100" time="400" delay="800" condition="Player.HasVideo">Conditional</animation>
      <left>0</left>
      <top>870</top>
      <control type="videowindow" id="9">
        <left>30</left>
        <top>5</top>
        <width>540</width>
        <height>305</height>
      </control>
      <control type="image">
        <description>trailer image</description>
        <left>5</left>
        <top>-20</top>
        <width>593</width>
        <height>350</height>
        <colordiffuse>black</colordiffuse>
        <texture>episodeframe.png</texture>
      </control>
    </control>
  </include>
  <include name="Trailer_WallPanel">
    <control type="group">
      <visible>Control.IsVisible(597) + Player.HasVideo</visible>
      <animation effect="zoom" start="0" end="50" time="0" delay="0" condition="Player.HasVideo">Conditional</animation>
      <animation effect="fade" start="0" end="100" time="400" delay="800" condition="Player.HasVideo">Conditional</animation>
      <left>0</left>
      <top>1075</top>
      <control type="videowindow" id="9">
        <left>30</left>
        <top>15</top>
        <width>531</width>
        <height>300</height>
      </control>
      <control type="image">
        <description>trailer image</description>
        <left>4</left>
        <top>-9</top>
        <width>580</width>
        <height>346</height>
        <colordiffuse>black</colordiffuse>
        <texture>episodeframe.png</texture>
      </control>
    </control>
  </include>
</includes>