<?xml version="1.0" encoding="UTF-8"?>
<includes>
  <include name="HomepageWeatherWidget_2">
    <!--Current-->
    <control type="group">
      <animation effect="fade" time="301" delay="1000">WindowOpen</animation>
      <animation effect="fade" time="200">WindowClose</animation>
      <animation effect="slide" end="0,-100" time="600" condition="Skin.HasSetting(horizontal_bottom_align)">conditional</animation>
      <control type="group">
        <left>215r</left>
        <top>235</top>
        <width>225</width>
        <height>301</height>
        <visible>![Skin.String(Weather,2) | Skin.String(Weather,3)] + [Container(301).HasFocus(8) | Container(301).HasFocus(14)]</visible>
        <include>VisibleFadeEffect</include>
        <animation effect="slide" start="275,0" end="0,0" time="600" delay="400" tween="cubic" easing="inout" condition="Container(301).HasFocus(8) | Container(301).HasFocus(14)">Conditional</animation>
        <!-- today -->
        <control type="image">
          <texture border="20">ContentPanel.png</texture>
          <left>-50</left>
          <top>5</top>
          <width>240</width>
          <height>320</height>
        </control>
        <!-- condition icon -->
        <control type="image">
          <texture>$INFO[Window(Weather).Property(Current.ConditionIcon)]</texture>
          <aspectratio>keep</aspectratio>
          <width>150</width>
          <height>150</height>
          <left>0</left>
          <top>170</top>
        </control>
        <!-- current temp -->
        <control type="label">
          <label>$LOCALIZE[143] [COLOR white]$INFO[Window(Weather).Property(Current.Temperature)]$INFO[System.TemperatureUnits][/COLOR]</label>
          <left>-50</left>
          <top>20</top>
          <width>225</width>
          <height>20</height>
          <font>Font_Bartowski_Main_SubMenu</font>
          <align>center</align>
          <textcolor>mainblue</textcolor>
        </control>
        <!-- Feels Like -->
        <control type="label">
          <label>[COLOR mainblue]Heat Index: [/COLOR] [COLOR white]$INFO[Window(Weather).Property(Current.FeelsLike)][/COLOR]</label>
          <width>205</width>
          <height>20</height>
          <left>-40</left>
          <top>60</top>
          <font>Font_Bartowski_Movies</font>
          <align>center</align>
        </control>
        <!-- Uv Index -->
        <control type="label">
          <label>[COLOR mainblue]$LOCALIZE[403]: [/COLOR] [COLOR white]$INFO[Window(Weather).Property(Current.UVIndex)][/COLOR]</label>
          <width>205</width>
          <height>20</height>
          <left>-40</left>
          <top>85</top>
          <font>Font_Bartowski_Movies</font>
          <align>center</align>
        </control>
        <!-- Dew Point -->
        <control type="label">
          <label>[COLOR mainblue]$LOCALIZE[405]: [/COLOR] [COLOR white]$INFO[Window(Weather).Property(Current.DewPoint)][/COLOR]</label>
          <width>205</width>
          <height>20</height>
          <left>-40</left>
          <top>115</top>
          <font>Font_Bartowski_Movies</font>
          <align>center</align>
        </control>
        <!-- Humidity -->
        <control type="label">
          <label>[COLOR mainblue]$LOCALIZE[406]: [/COLOR] [COLOR white]$INFO[Window(Weather).Property(Current.Humidity)][/COLOR]</label>
          <width>205</width>
          <height>20</height>
          <left>-40</left>
          <top>145</top>
          <font>Font_Bartowski_Movies</font>
          <align>center</align>
          <textcolor>SettingsDetail</textcolor>
        </control>
      </control>
    </control>
    <!--3 Days - Mini-->
    <control type="group">
      <animation effect="fade" time="301" delay="1000">WindowOpen</animation>
      <animation effect="fade" time="200">WindowClose</animation>
      <animation effect="slide" end="0,-100" time="600" condition="Skin.HasSetting(horizontal_bottom_align)">conditional</animation>
      <control type="group">
        <left>225r</left>
        <top>335</top>
        <width>225</width>
        <height>301</height>
        <visible>Skin.String(Weather,2) + [Container(301).HasFocus(8) | Container(301).HasFocus(14)]</visible>
        <include>VisibleFadeEffect</include>
        <animation effect="slide" start="250,0" end="0,0" time="600" delay="400" tween="cubic" easing="inout" condition="!Skin.HasSetting(horizontal_bottom_align) + [Container(301).HasFocus(8) | Container(301).HasFocus(14)]">Conditional</animation>
        <animation effect="slide" start="0,250" end="0,0" time="600" delay="600" tween="cubic" easing="inout" condition="Skin.HasSetting(horizontal_bottom_align) + [Container(301).HasFocus(8) | Container(301).HasFocus(14)]">Conditional</animation>
        <!-- today -->
        <control type="image">
          <left>25</left>
          <top>-13</top>
          <width>170</width>
          <height>250</height>
          <texture border="20">ContentPanel.png</texture>
        </control>
        <!-- condition icon -->
        <control type="image">
          <texture>$INFO[Window(Weather).Property(Current.ConditionIcon)]</texture>\
          <aspectratio>keep</aspectratio>
          <width>100</width>
          <height>100</height>
          <left>64</left>
          <top>0</top>
        </control>
        <!-- current temp -->
        <control type="label">
          <label>[B]$LOCALIZE[143][/B]</label>
          <left>60</left>
          <top>100</top>
          <width>95</width>
          <height>20</height>
          <font>Font_Bartowski_Movies</font>
          <align>center</align>
          <textcolor>mainblue</textcolor>
        </control>
        <control type="label">
          <label>[B]$INFO[Window(Weather).Property(Current.Temperature)]$INFO[System.TemperatureUnits][/B]</label>
          <width>95</width>
          <height>20</height>
          <left>60</left>
          <top>126</top>
          <font>Font_Bartowski_Movies</font>
          <align>center</align>
          <textcolor>white</textcolor>
        </control>
        <!-- Feels Like -->
        <!-- Uv Index -->
        <control type="label">
          <label>[COLOR mainblue]Heat Index: [/COLOR] [COLOR white]$INFO[Window(Weather).Property(Current.FeelsLike)][/COLOR]</label>
          <width>205</width>
          <height>20</height>
          <left>5</left>
          <top>155</top>
          <font>Font_Bartowski_Movies</font>
          <align>center</align>
        </control>
        <!-- Dew Point -->
        <control type="label">
          <label>[COLOR mainblue]$LOCALIZE[405]: [/COLOR] [COLOR white]$INFO[Window(Weather).Property(Current.DewPoint)][/COLOR]</label>
          <width>205</width>
          <height>20</height>
          <left>5</left>
          <top>175</top>
          <font>Font_Bartowski_Movies</font>
          <align>center</align>
        </control>
        <!-- Humidity -->
        <control type="label">
          <label>[COLOR mainblue]$LOCALIZE[406]: [/COLOR] [COLOR white]$INFO[Window(Weather).Property(Current.Humidity)][/COLOR]</label>
          <width>205</width>
          <height>20</height>
          <left>5</left>
          <top>195</top>
          <font>Font_Bartowski_Movies</font>
          <align>center</align>
          <textcolor>SettingsDetail</textcolor>
        </control>
      </control>
      <control type="group">
        <left>225r</left>
        <top>335</top>
        <width>225</width>
        <height>301</height>
        <visible>Skin.String(Weather,2) + [Container(301).HasFocus(8) | Container(301).HasFocus(14)]</visible>
        <include>VisibleFadeEffect</include>
        <control type="image">
          <left>-115</left>
          <top>105</top>
          <width>120</width>
          <height>130</height>
          <texture border="20">ContentPanel.png</texture>
          <animation effect="slide" start="450,0" end="0,0" time="600" delay="400" tween="cubic" easing="inout" condition="!Skin.HasSetting(horizontal_bottom_align) + [Container(301).HasFocus(8) | Container(301).HasFocus(14)]">Conditional</animation>
          <animation effect="slide" start="0,250" end="0,0" time="600" delay="600" tween="cubic" easing="inout" condition="Skin.HasSetting(horizontal_bottom_align) + [Container(301).HasFocus(8) | Container(301).HasFocus(14)]">Conditional</animation>
        </control>
        <control type="image">
          <texture>$INFO[Window(Weather).Property(Day2.OutlookIcon)]</texture>
          <aspectratio>keep</aspectratio>
          <width>70</width>
          <height>70</height>
          <left>-90</left>
          <top>118</top>
          <animation effect="slide" start="450,0" end="0,0" time="600" delay="400" tween="cubic" easing="inout" condition="!Skin.HasSetting(horizontal_bottom_align) + [Container(301).HasFocus(8) | Container(301).HasFocus(14)]">Conditional</animation>
          <animation effect="slide" start="450,0" end="0,0" time="600" delay="600" tween="cubic" easing="inout" condition="Skin.HasSetting(horizontal_bottom_align) + [Container(301).HasFocus(8) | Container(301).HasFocus(14)]">Conditional</animation>
        </control>
        <control type="label">
          <left>-150</left>
          <top>190</top>
          <width>195</width>
          <height>20</height>
          <label>[B]$INFO[Window(Weather).Property(Day2.Title)][/B]</label>
          <font>Font_Bartowski_Movies</font>
          <textcolor>white</textcolor>
          <align>center</align>
          <animation effect="slide" start="450,0" end="0,0" time="600" delay="400" tween="cubic" easing="inout" condition="!Skin.HasSetting(horizontal_bottom_align) + [Container(301).HasFocus(8) | Container(301).HasFocus(14)]">Conditional</animation>
          <animation effect="slide" start="450,0" end="0,0" time="600" delay="600" tween="cubic" easing="inout" condition="Skin.HasSetting(horizontal_bottom_align) + [Container(301).HasFocus(8) | Container(301).HasFocus(14)]">Conditional</animation>
        </control>
        <control type="image">
          <left>-225</left>
          <top>105</top>
          <width>120</width>
          <height>130</height>
          <texture border="20">ContentPanel.png</texture>
          <animation effect="slide" start="450,0" end="0,0" time="600" delay="800" tween="cubic" easing="inout" condition="!Skin.HasSetting(horizontal_bottom_align) + [Container(301).HasFocus(8) | Container(301).HasFocus(14)]">Conditional</animation>
          <animation effect="slide" start="450,0" end="0,0" time="600" delay="600" tween="cubic" easing="inout" condition="Skin.HasSetting(horizontal_bottom_align) + [Container(301).HasFocus(8) | Container(301).HasFocus(14)]">Conditional</animation>
        </control>
        <control type="image">
          <texture>$INFO[Window(Weather).Property(Day1.OutlookIcon)]</texture>
          <aspectratio>keep</aspectratio>
          <width>70</width>
          <height>70</height>
          <left>-196</left>
          <top>118</top>
          <animation effect="slide" start="450,0" end="0,0" time="600" delay="800" tween="cubic" easing="inout" condition="!Skin.HasSetting(horizontal_bottom_align) + [Container(301).HasFocus(8) | Container(301).HasFocus(14)]">Conditional</animation>
          <animation effect="slide" start="450,0" end="0,0" time="600" delay="600" tween="cubic" easing="inout" condition="Skin.HasSetting(horizontal_bottom_align) + [Container(301).HasFocus(8) | Container(301).HasFocus(14)]">Conditional</animation>
        </control>
        <control type="label">
          <left>-260</left>
          <top>190</top>
          <width>195</width>
          <height>20</height>
          <label>[B]$INFO[Window(Weather).Property(Day1.Title)][/B]</label>
          <font>Font_Bartowski_Movies</font>
          <textcolor>white</textcolor>
          <align>center</align>
          <animation effect="slide" start="450,0" end="0,0" time="600" delay="800" tween="cubic" easing="inout" condition="!Skin.HasSetting(horizontal_bottom_align) + [Container(301).HasFocus(8) | Container(301).HasFocus(14)]">Conditional</animation>
          <animation effect="slide" start="450,0" end="0,0" time="600" delay="600" tween="cubic" easing="inout" condition="Skin.HasSetting(horizontal_bottom_align) + [Container(301).HasFocus(8) | Container(301).HasFocus(14)]">Conditional</animation>
        </control>
      </control>
    </control>
    <!--4 Days - Full-->
    <control type="group">
      <animation effect="fade" time="301" delay="1000">WindowOpen</animation>
      <animation effect="fade" time="200">WindowClose</animation>
      <animation effect="slide" end="0,-100" time="600" condition="Skin.HasSetting(horizontal_bottom_align)">conditional</animation>
      <control type="group">
        <left>-20</left>
        <top>55</top>
        <width>225</width>
        <height>301</height>
        <visible>Skin.String(Weather,3) + [Container(301).HasFocus(8) | Container(301).HasFocus(14)]</visible>
        <include>VisibleFadeEffect</include>
        <animation effect="slide" start="-550,0" end="0,0" time="600" delay="200" tween="cubic" easing="inout" condition="!Skin.HasSetting(horizontal_bottom_align) + [Container(301).HasFocus(8) | Container(301).HasFocus(14)]">Conditional</animation>
        <animation effect="slide" start="0,-580" end="0,0" time="600" delay="600" tween="cubic" easing="inout" condition="Skin.HasSetting(horizontal_bottom_align) + [Container(301).HasFocus(8) | Container(301).HasFocus(14)]">Conditional</animation>
        <control type="image">
          <left>25</left>
          <top>-13</top>
          <width>170</width>
          <height>250</height>
          <texture border="20">ContentPanel.png</texture>
        </control>
        <!-- today -->
        <!-- condition icon -->
        <control type="image">
          <texture>$INFO[Window(Weather).Property(Current.ConditionIcon)]</texture>
          <aspectratio>keep</aspectratio>
          <width>100</width>
          <height>100</height>
          <left>64</left>
          <top>0</top>
        </control>
        <!-- current temp -->
        <control type="label">
          <label>[B]$LOCALIZE[143][/B]</label>
          <left>60</left>
          <top>100</top>
          <width>95</width>
          <height>20</height>
          <font>Font_Bartowski_Movies</font>
          <align>center</align>
          <textcolor>mainblue</textcolor>
        </control>
        <control type="label">
          <label>[B]$INFO[Window(Weather).Property(Current.Temperature)]$INFO[System.TemperatureUnits][/B]</label>
          <width>95</width>
          <height>20</height>
          <left>60</left>
          <top>126</top>
          <font>Font_Bartowski_Movies</font>
          <align>center</align>
          <textcolor>white</textcolor>
        </control>
        <!-- Feels Like -->
        <!-- Uv Index -->
        <control type="label">
          <label>[COLOR mainblue]Heat Index: [/COLOR] [COLOR white]$INFO[Window(Weather).Property(Current.FeelsLike)][/COLOR]</label>
          <width>205</width>
          <height>20</height>
          <left>5</left>
          <top>155</top>
          <font>Font_Bartowski_Movies</font>
          <align>center</align>
        </control>
        <!-- Dew Point -->
        <control type="label">
          <label>[COLOR mainblue]$LOCALIZE[405]: [/COLOR] [COLOR white]$INFO[Window(Weather).Property(Current.DewPoint)][/COLOR]</label>
          <width>205</width>
          <height>20</height>
          <left>5</left>
          <top>175</top>
          <font>Font_Bartowski_Movies</font>
          <align>center</align>
        </control>
        <!-- Humidity -->
        <control type="label">
          <label>[COLOR mainblue]$LOCALIZE[406]: [/COLOR] [COLOR white]$INFO[Window(Weather).Property(Current.Humidity)][/COLOR]</label>
          <width>205</width>
          <height>20</height>
          <left>5</left>
          <top>195</top>
          <font>Font_Bartowski_Movies</font>
          <align>center</align>
          <textcolor>SettingsDetail</textcolor>
        </control>
      </control>
      <control type="group">
        <left>25r</left>
        <top>-25</top>
        <width>225</width>
        <height>301</height>
        <visible>Skin.String(Weather,3) + [Container(301).HasFocus(8) | Container(301).HasFocus(14)]</visible>
        <include>VisibleFadeEffect</include>
        <control type="group">
          <animation effect="slide" start="550,0" end="0,0" time="600" delay="400" tween="cubic" easing="inout" condition="!Skin.HasSetting(horizontal_bottom_align) + [Container(301).HasFocus(8) | Container(301).HasFocus(14)]">Conditional</animation>
          <animation effect="slide" start="0,580" end="0,0" time="600" delay="600" tween="cubic" easing="inout" condition="Skin.HasSetting(horizontal_bottom_align) + [Container(301).HasFocus(8) | Container(301).HasFocus(14)]">Conditional</animation>
          <control type="image">
            <left>-120</left>
            <top>420</top>
            <width>135</width>
            <height>170</height>
            <texture border="20">ContentPanel.png</texture>
          </control>
          <control type="image">
            <texture>$INFO[Window(Weather).Property(Day3.OutlookIcon)]</texture>
            <aspectratio>keep</aspectratio>
            <width>70</width>
            <height>70</height>
            <left>-90</left>
            <top>433</top>
          </control>
          <control type="label">
            <left>-150</left>
            <top>503</top>
            <width>195</width>
            <height>20</height>
            <label>[B]$INFO[Window(Weather).Property(Day3.Title)][/B]</label>
            <font>Font_Bartowski_Movies</font>
            <textcolor>white</textcolor>
            <align>center</align>
          </control>
          <!-- HighTemp -->
          <control type="label">
            <label>[COLOR mainblue]$LOCALIZE[393] [/COLOR] [COLOR white]$INFO[Window(Weather).Property(Day3.HighTemp)][/COLOR]</label>
            <width>205</width>
            <height>20</height>
            <left>-150</left>
            <top>528</top>
            <font>Font_Bartowski_Movies</font>
            <align>center</align>
          </control>
          <!-- LowTemp -->
          <control type="label">
            <label>[COLOR mainblue]$LOCALIZE[391] [/COLOR] [COLOR white]$INFO[Window(Weather).Property(Day3.LowTemp)][/COLOR]</label>
            <width>205</width>
            <height>20</height>
            <left>-150</left>
            <top>548</top>
            <font>Font_Bartowski_Movies</font>
            <align>center</align>
            <textcolor>SettingsDetail</textcolor>
          </control>
        </control>
        <control type="group">
          <animation effect="slide" start="550,0" end="0,0" time="600" delay="800" tween="cubic" easing="inout" condition="!Skin.HasSetting(horizontal_bottom_align) + [Container(301).HasFocus(8) | Container(301).HasFocus(14)]">Conditional</animation>
          <animation effect="slide" start="0,580" end="0,0" time="600" delay="600" tween="cubic" easing="inout" condition="Skin.HasSetting(horizontal_bottom_align) + [Container(301).HasFocus(8) | Container(301).HasFocus(14)]">Conditional</animation>
          <control type="image">
            <left>-120</left>
            <top>242</top>
            <width>135</width>
            <height>170</height>
            <texture border="20">ContentPanel.png</texture>
          </control>
          <control type="image">
            <texture>$INFO[Window(Weather).Property(Day2.OutlookIcon)]</texture>
            <width>70</width>
            <height>70</height>
            <left>-90</left>
            <top>255</top>
          </control>
          <control type="label">
            <left>-150</left>
            <top>325</top>
            <width>195</width>
            <height>20</height>
            <label>[B]$INFO[Window(Weather).Property(Day2.Title)][/B]</label>
            <font>Font_Bartowski_Movies</font>
            <textcolor>white</textcolor>
            <align>center</align>
          </control>
          <!-- HighTemp -->
          <control type="label">
            <label>[COLOR mainblue]$LOCALIZE[393] [/COLOR] [COLOR white]$INFO[Window(Weather).Property(Day2.HighTemp)][/COLOR]</label>
            <width>205</width>
            <height>20</height>
            <left>-150</left>
            <top>350</top>
            <font>Font_Bartowski_Movies</font>
            <align>center</align>
          </control>
          <!-- LowTemp -->
          <control type="label">
            <label>[COLOR mainblue]$LOCALIZE[391] [/COLOR] [COLOR white]$INFO[Window(Weather).Property(Day2.LowTemp)][/COLOR]</label>
            <width>205</width>
            <height>20</height>
            <left>-150</left>
            <top>370</top>
            <font>Font_Bartowski_Movies</font>
            <align>center</align>
            <textcolor>SettingsDetail</textcolor>
          </control>
        </control>
        <control type="group">
          <animation effect="slide" start="650,0" end="0,0" time="600" delay="1200" tween="cubic" easing="inout" condition="!Skin.HasSetting(horizontal_bottom_align) + [Container(301).HasFocus(8) | Container(301).HasFocus(14)]">Conditional</animation>
          <animation effect="slide" start="0,580" end="0,0" time="600" delay="600" tween="cubic" easing="inout" condition="Skin.HasSetting(horizontal_bottom_align) + [Container(301).HasFocus(8) | Container(301).HasFocus(14)]">Conditional</animation>
          <control type="image">
            <left>-120</left>
            <top>67</top>
            <width>135</width>
            <height>170</height>
            <texture border="20">ContentPanel.png</texture>
          </control>
          <control type="image">
            <texture>$INFO[Window(Weather).Property(Day1.OutlookIcon)]</texture>
            <aspectratio>keep</aspectratio>
            <width>70</width>
            <height>70</height>
            <left>-82</left>
            <top>80</top>
          </control>
          <control type="label">
            <left>-150</left>
            <top>150</top>
            <width>195</width>
            <height>20</height>
            <label>[B]$INFO[Window(Weather).Property(Day1.Title)][/B]</label>
            <font>Font_Bartowski_Movies</font>
            <textcolor>white</textcolor>
            <align>center</align>
          </control>
          <!-- HighTemp -->
          <control type="label">
            <label>[COLOR mainblue]$LOCALIZE[393] [/COLOR] [COLOR white]$INFO[Window(Weather).Property(Day1.HighTemp)][/COLOR]</label>
            <width>205</width>
            <height>20</height>
            <left>-150</left>
            <top>175</top>
            <font>Font_Bartowski_Movies</font>
            <align>center</align>
          </control>
          <!-- LowTemp -->
          <control type="label">
            <label>[COLOR mainblue]$LOCALIZE[391] [/COLOR] [COLOR white]$INFO[Window(Weather).Property(Day1.LowTemp)][/COLOR]</label>
            <width>205</width>
            <height>20</height>
            <left>-150</left>
            <top>195</top>
            <font>Font_Bartowski_Movies</font>
            <align>center</align>
            <textcolor>SettingsDetail</textcolor>
          </control>
        </control>
      </control>
    </control>
  </include>
</includes>