<?xml version="1.0" encoding="UTF-8"?>
<includes>
  <include name="ContentPanelBackgrounds">
    <control type="image">
      <left>0</left>
      <bottom>0</bottom>
      <width>1280</width>
      <height>100</height>
      <texture>floor.png</texture>
      <animation effect="fade" time="250" condition="Window.Previous(Home)">WindowOpen</animation>
      <animation effect="fade" time="250" condition="Window.Next(Home)">WindowClose</animation>
    </control>
    <control type="group">
      <include>Window_OpenClose_Animation</include>
      <control type="group">
        <include>VisibleFadeEffect</include>
        <visible>Control.IsVisible(50)</visible>
        <control type="image">
          <left>50</left>
          <top>60</top>
          <width>750</width>
          <height>600</height>
          <texture border="15">ContentPanel.png</texture>
        </control>
        <control type="image">
          <left>50</left>
          <top>652</top>
          <width>750</width>
          <height>64</height>
          <texture border="15">ContentPanelMirror.png</texture>
        </control>
      </control>
      <control type="group">
        <include>VisibleFadeEffect</include>
        <visible>Control.IsVisible(504) | Control.IsVisible(512)</visible>
        <control type="image">
          <left>50</left>
          <top>60</top>
          <width>640</width>
          <height>600</height>
          <texture border="15">ContentPanel.png</texture>
        </control>
        <control type="image">
          <left>50</left>
          <top>652</top>
          <width>640</width>
          <height>64</height>
          <texture border="15">ContentPanelMirror.png</texture>
        </control>
        <control type="image">
          <left>700</left>
          <top>60</top>
          <width>530</width>
          <height>600</height>
          <texture border="15">ContentPanel.png</texture>
        </control>
        <control type="image">
          <left>700</left>
          <top>652</top>
          <width>530</width>
          <height>64</height>
          <texture border="15">ContentPanelMirror.png</texture>
        </control>
      </control>
      <control type="group">
        <include>VisibleFadeEffect</include>
        <visible>Control.IsVisible(511) | Control.IsVisible(506) | Control.IsVisible(513)</visible>
        <control type="image">
          <left>50</left>
          <top>60</top>
          <width>840</width>
          <height>600</height>
          <texture border="15">ContentPanel.png</texture>
        </control>
        <control type="image">
          <left>50</left>
          <top>652</top>
          <width>840</width>
          <height>64</height>
          <texture border="15">ContentPanelMirror.png</texture>
        </control>
        <control type="image">
          <left>900</left>
          <top>60</top>
          <width>330</width>
          <height>600</height>
          <texture border="15">ContentPanel.png</texture>
        </control>
        <control type="image">
          <left>900</left>
          <top>652</top>
          <width>330</width>
          <height>64</height>
          <texture border="15">ContentPanelMirror.png</texture>
        </control>
      </control>
      <control type="group">
        <include>VisibleFadeEffect</include>
        <visible>Control.IsVisible(501)</visible>
        <control type="image">
          <left>50</left>
          <top>50</top>
          <width>1180</width>
          <height>610</height>
          <texture border="15">ContentPanel.png</texture>
        </control>
        <control type="image">
          <left>50</left>
          <top>652</top>
          <width>1180</width>
          <height>64</height>
          <texture border="15">ContentPanelMirror.png</texture>
        </control>
      </control>
      <control type="group">
        <include>VisibleFadeEffect</include>
        <visible>Control.IsVisible(503)</visible>
        <control type="image">
          <left>50</left>
          <top>230</top>
          <width>640</width>
          <height>430</height>
          <texture border="15">ContentPanel.png</texture>
        </control>
        <control type="image">
          <left>50</left>
          <top>652</top>
          <width>640</width>
          <height>64</height>
          <texture border="15">ContentPanelMirror.png</texture>
        </control>
        <control type="image">
          <left>700</left>
          <top>230</top>
          <width>550</width>
          <height>430</height>
          <texture border="15">ContentPanel.png</texture>
        </control>
        <control type="image">
          <left>700</left>
          <top>652</top>
          <width>550</width>
          <height>64</height>
          <texture border="15">ContentPanelMirror.png</texture>
        </control>
      </control>
      <control type="group">
        <include>VisibleFadeEffect</include>
        <visible>Control.IsVisible(51) | Control.IsVisible(500) | Control.IsVisible(505)</visible>
        <control type="image">
          <left>75</left>
          <top>60</top>
          <width>1130</width>
          <height>600</height>
          <texture border="15">ContentPanel.png</texture>
        </control>
        <control type="image">
          <left>75</left>
          <top>652</top>
          <width>1130</width>
          <height>64</height>
          <texture border="15">ContentPanelMirror.png</texture>
        </control>
      </control>
      <control type="group">
        <include>VisibleFadeEffect</include>
        <visible>Control.IsVisible(514)</visible>
        <control type="image">
          <left>50</left>
          <top>60</top>
          <width>490</width>
          <height>600</height>
          <texture border="15">ContentPanel.png</texture>
        </control>
        <control type="image">
          <left>50</left>
          <top>652</top>
          <width>490</width>
          <height>64</height>
          <texture border="15">ContentPanelMirror.png</texture>
        </control>
        <control type="image">
          <left>550</left>
          <top>60</top>
          <width>680</width>
          <height>600</height>
          <texture border="15">ContentPanel.png</texture>
        </control>
        <control type="image">
          <left>550</left>
          <top>652</top>
          <width>680</width>
          <height>64</height>
          <texture border="15">ContentPanelMirror.png</texture>
        </control>
      </control>
      <control type="grouplist">
        <visible>!Skin.HasSetting(clean_poster) + !Skin.HasSetting(no_media_flags) + ![Control.IsVisible(65) | Control.IsVisible(508)]</visible>
        <description>Media Codec Flagging Images</description>
        <left>60</left>
        <top>680</top>
        <width>1280</width>
        <align>left</align>
        <itemgap>5</itemgap>
        <orientation>horizontal</orientation>
        <include>StudioFlags</include>
        <include>VideoTypeHackFlaggingConditions</include>
        <include>VideoCodecFlaggingConditions</include>
        <include>AspectCodecFlaggingConditions</include>
        <include>AudioCodecFlaggingConditions</include>
        <include>AudioChannelsFlaggingConditions</include>
        <include>Animation_HiddenByInfo</include>
        <include>Animation_ZoomInZoomOut</include>
      </control>
    </control>
  </include>
  <include name="ContentPanelBackgroundsPVR">
    <control type="image">
      <left>0</left>
      <bottom>100</bottom>
      <width>1280</width>
      <height>100</height>
      <texture>floor.png</texture>
      <animation effect="fade" time="250" condition="Window.Previous(Home)">WindowOpen</animation>
      <animation effect="fade" time="250" condition="Window.Next(Home)">WindowClose</animation>
    </control>
    <control type="group">
      <include>Window_OpenClose_Animation</include>
      <control type="group">
        <include>VisibleFadeEffect</include>
        <visible>Control.IsVisible(10) | Control.IsVisible(14) | Control.IsVisible(15) | Control.IsVisible(16) | Control.IsVisible(17)</visible>
        <control type="image">
          <left>55</left>
          <top>60</top>
          <width>1170</width>
          <height>600</height>
          <texture border="15">ContentPanel.png</texture>
        </control>
        <control type="image">
          <left>55</left>
          <top>652</top>
          <width>1170</width>
          <height>64</height>
          <texture border="15">ContentPanelMirror.png</texture>
        </control>
      </control>
      <control type="group">
        <include>VisibleFadeEffect</include>
        <visible>Control.IsVisible(11) | Control.IsVisible(12)</visible>
        <control type="image">
          <left>50</left>
          <top>60</top>
          <width>450</width>
          <height>600</height>
          <texture border="15">ContentPanel.png</texture>
        </control>
        <control type="image">
          <left>50</left>
          <top>652</top>
          <width>450</width>
          <height>64</height>
          <texture border="15">ContentPanelMirror.png</texture>
        </control>
        <control type="image">
          <left>510</left>
          <top>60</top>
          <width>730</width>
          <height>600</height>
          <texture border="15">ContentPanel.png</texture>
        </control>
        <control type="image">
          <left>510</left>
          <top>652</top>
          <width>730</width>
          <height>64</height>
          <texture border="15">ContentPanelMirror.png</texture>
        </control>
      </control>
      <control type="group">
        <include>VisibleFadeEffect</include>
        <visible>Control.IsVisible(13)</visible>
        <control type="image">
          <left>50</left>
          <top>60</top>
          <width>840</width>
          <height>600</height>
          <texture border="15">ContentPanel.png</texture>
        </control>
        <control type="image">
          <left>50</left>
          <top>652</top>
          <width>840</width>
          <height>64</height>
          <texture border="15">ContentPanelMirror.png</texture>
        </control>
        <control type="image">
          <left>900</left>
          <top>60</top>
          <width>330</width>
          <height>600</height>
          <texture border="15">ContentPanel.png</texture>
        </control>
        <control type="image">
          <left>900</left>
          <top>652</top>
          <width>330</width>
          <height>64</height>
          <texture border="15">ContentPanelMirror.png</texture>
        </control>
      </control>
    </control>
  </include>
  <include name="CommonTVBackground">
    <control type="multiimage">
      <left>0</left>
      <top>0</top>
      <width>1280</width>
      <height>720</height>
      <imagepath fallback="special://skin/backgrounds/tv.jpg" background="true">$INFO[Skin.String(Home_Custom_Back_TV_Folder)]</imagepath>
      <timeperimage>10000</timeperimage>
      <randomize>true</randomize>
      <fadetime>1000</fadetime>
    </control>
  </include>
</includes>