<?xml version="1.0" encoding="UTF-8"?>
<includes>
  <include name="VideoCodecFlaggingConditions">
    <control type="image">
      <description>Video rez Image</description>
      <width>60</width>
      <height>40</height>
      <aspectratio>keep</aspectratio>
      <texture>$INFO[ListItem.VideoResolution,flagging/video/,.png]</texture>
    </control>
    <control type="image">
      <description>Xvid Codec Image</description>
      <width>60</width>
      <height>40</height>
      <aspectratio>keep</aspectratio>
      <texture>flagging/video/xvid.png</texture>
      <visible>substring(ListItem.VideoCodec,xvid)</visible>
    </control>
    <control type="image">
      <description>Mpeg4 Codec Image</description>
      <width>60</width>
      <height>40</height>
      <aspectratio>keep</aspectratio>
      <texture>flagging/video/mp4.png</texture>
      <visible>substring(ListItem.VideoCodec,fmp4)</visible>
    </control>
    <control type="image">
      <description>Divx Codec Image</description>
      <width>60</width>
      <height>40</height>
      <aspectratio>keep</aspectratio>
      <texture>flagging/video/divx.png</texture>
      <visible>substring(ListItem.VideoCodec,divx)| substring(ListItem.VideoCodec,dx50) | substring(ListItem.VideoCodec,div3) |substring(ListItem.VideoCodec,div4) | substring(ListItem.VideoCodec,div5)</visible>
    </control>
    <control type="image">
      <description>h264 Codec Image</description>
      <width>60</width>
      <height>40</height>
      <aspectratio>keep</aspectratio>
      <texture>flagging/video/h264.png</texture>
      <visible>substring(ListItem.VideoCodec,h264)</visible>
    </control>
    <control type="image">
      <description>avc1 Codec Image</description>
      <width>60</width>
      <height>40</height>
      <aspectratio>keep</aspectratio>
      <texture>flagging/video/avc1.png</texture>
      <visible>substring(ListItem.VideoCodec,avc1)</visible>
    </control>
    <control type="image">
      <description>wvc1 Codec Image</description>
      <width>60</width>
      <height>40</height>
      <aspectratio>keep</aspectratio>
      <texture>flagging/video/wvc1.png</texture>
      <visible>substring(ListItem.VideoCodec,wvc1)</visible>
    </control>
    <control type="image">
      <description>mpeg1video Codec Image</description>
      <width>60</width>
      <height>40</height>
      <aspectratio>keep</aspectratio>
      <texture>flagging/video/mpeg1video.png</texture>
      <visible>substring(ListItem.VideoCodec,mpeg1video)</visible>
    </control>
    <control type="image">
      <description>mpeg2video Codec Image</description>
      <width>60</width>
      <height>40</height>
      <aspectratio>keep</aspectratio>
      <texture>flagging/video/mpeg2video.png</texture>
      <visible>substring(ListItem.VideoCodec,mpeg2video) | substring(ListItem.VideoCodec,v_mpeg2)</visible>
    </control>
    <control type="image">
      <description>vc-1 Codec Image</description>
      <width>60</width>
      <height>40</height>
      <aspectratio>keep</aspectratio>
      <texture>flagging/video/avc1.png</texture>
      <visible>substring(ListItem.VideoCodec,vc-1)</visible>
    </control>
  </include>
  <include name="VideoTypeHackFlaggingConditions">
    <control type="image">
      <description>Bluray Image</description>
      <width>60</width>
      <height>40</height>
      <aspectratio>keep</aspectratio>
      <texture>flagging/video/bluray.png</texture>
      <visible>substring(ListItem.Filename,bluray) | substring(ListItem.Filename,blu-ray) | substring(ListItem.Filename,brrip) | substring(ListItem.Filename,.m2ts,Right) | substring(ListItem.Filename,.bdmv,Right) | [[!substring(ListItem.Filename,dvdrip) + !substring(ListItem.Filename,sddvd) + !substring(ListItem.Filename,blu-ray) + !substring(ListItem.Filename,brrip) + !substring(ListItem.Filename,tvrip) + !substring(ListItem.Filename,pdtv) + !substring(ListItem.Filename,hddvd) + !substring(ListItem.Filename,sdtv) + !substring(ListItem.Filename,hdtv) + !substring(ListItem.Filename,.evo,Right) + !substring(ListItem.Filename,.ifo,Right) + !substring(ListItem.Filename,.vob,Right)] + [Container.Content(Movies) | Window.IsVisible(VideoPlaylist)] + [stringcompare(ListItem.VideoResolution,720) | stringcompare(ListItem.VideoResolution,1080)]]</visible>
    </control>
    <control type="image">
      <description>HDDVD Image</description>
      <width>60</width>
      <height>40</height>
      <aspectratio>keep</aspectratio>
      <texture>flagging/video/hddvd.png</texture>
      <visible>substring(ListItem.FilenameAndPath,hddvd)</visible>
    </control>
    <!--	<control type="image">
			<description>TV Image</description>
			<width>60</width>
			<height>40</height>
			<aspectratio>keep</aspectratio>
			<texture>flagging/video/tv.png</texture>
			<visible>[substring(ListItem.FilenameAndPath,pdtv) | substring(ListItem.FilenameAndPath,hdtv) | substring(ListItem.FilenameAndPath,dsr)]</visible>
		</control> 
		<control type="image">
			<width>60</width>
			<height>40</height>
			<texture>flagging/video/sdtv.png</texture>
			<visible>substring(ListItem.Filename,sdtv) | substring(ListItem.Filename,tvrip) | [[!substring(ListItem.Filename,hdtv) + !substring(ListItem.Filename,bluray) + !substring(ListItem.Filename,hddvd) + !substring(ListItem.Filename,dvdrip) + !substring(ListItem.Filename,sddvd) + !substring(ListItem.Filename,blu-ray) + !substring(ListItem.Filename,brrip) + !substring(ListItem.Filename,pdtv) + !substring(ListItem.Filename,.evo,Right) + !substring(ListItem.Filename,.m2ts,Right) + !substring(ListItem.Filename,.bdmv,Right) + !substring(ListItem.Filename,.ifo,Right) + !substring(ListItem.Filename,.vob,Right)] + [Container.Content(Episodes) | Container.Content(MusicVideos)] + [stringcompare(ListItem.VideoResolution,SD) | stringcompare(ListItem.VideoResolution,480) | stringcompare(ListItem.VideoResolution,540) | stringcompare(ListItem.VideoResolution,576)]]</visible>
		</control>
		<control type="image">
			<width>60</width>
			<height>40</height>
			<texture>flagging/video/hdtv.png</texture>
			<visible>substring(ListItem.Filename,hdtv) | substring(ListItem.Filename,pdtv) | [[!substring(ListItem.Filename,sdtv) + !substring(ListItem.Filename,bluray) + !substring(ListItem.Filename,hddvd) + !substring(ListItem.Filename,dvdrip) + !substring(ListItem.Filename,sddvd) + !substring(ListItem.Filename,blu-ray) + !substring(ListItem.Filename,brrip) + !substring(ListItem.Filename,tvrip) + !substring(ListItem.Filename,.evo,Right) + !substring(ListItem.Filename,.m2ts,Right) + !substring(ListItem.Filename,.bdmv,Right) + !substring(ListItem.Filename,.ifo,Right) + !substring(ListItem.Filename,.vob,Right)] + [Container.Content(Episodes) | Container.Content(MusicVideos)] + [stringcompare(ListItem.VideoResolution,720) | stringcompare(ListItem.VideoResolution,1080)]]</visible>
		</control> -->
    <control type="image">
      <description>DVD Image</description>
      <width>60</width>
      <height>40</height>
      <aspectratio>keep</aspectratio>
      <texture>flagging/video/dvd.png</texture>
      <visible>substring(ListItem.FilenameAndPath,dvd) + !substring(ListItem.FilenameAndPath,hddvd) + ![substring(ListItem.Filename,bluray) | substring(ListItem.Filename,blu-ray) | substring(ListItem.Filename,brrip) | substring(ListItem.Filename,.m2ts,Right) | substring(ListItem.Filename,.bdmv,Right) | [[!substring(ListItem.Filename,dvdrip) + !substring(ListItem.Filename,sddvd) + !substring(ListItem.Filename,blu-ray) + !substring(ListItem.Filename,brrip) + !substring(ListItem.Filename,tvrip) + !substring(ListItem.Filename,pdtv) + !substring(ListItem.Filename,hddvd) + !substring(ListItem.Filename,sdtv) + !substring(ListItem.Filename,hdtv) + !substring(ListItem.Filename,.evo,Right) + !substring(ListItem.Filename,.ifo,Right) + !substring(ListItem.Filename,.vob,Right)] + [Container.Content(Movies) | Window.IsVisible(VideoPlaylist)] + [stringcompare(ListItem.VideoResolution,720) | stringcompare(ListItem.VideoResolution,1080)]]]</visible>
    </control>
  </include>
  <include name="VideoMPAAFlaggingConditions_Grey">
    <control type="image">
      <description>Rated G</description>
      <width>60</width>
      <height>40</height>
      <aspectratio>keep</aspectratio>
      <texture>flagging/ratings/mpaa_general.png</texture>
      <colordiffuse>Text-Filemode</colordiffuse>
      <visible>substring(listitem.mpaa,Rated G)</visible>
    </control>
    <control type="image">
      <description>Rated PG</description>
      <width>60</width>
      <height>40</height>
      <aspectratio>keep</aspectratio>
      <texture>flagging/ratings/mpaa_pg.png</texture>
      <colordiffuse>Text-Filemode</colordiffuse>
      <visible>substring(listitem.mpaa,Rated PG) + !substring(listitem.mpaa,Rated PG-13)</visible>
    </control>
    <control type="image">
      <description>Rated PG-13</description>
      <width>60</width>
      <height>40</height>
      <aspectratio>keep</aspectratio>
      <texture>flagging/ratings/mpaa_pg13.png</texture>
      <colordiffuse>Text-Filemode</colordiffuse>
      <visible>substring(listitem.mpaa,Rated PG-13)</visible>
    </control>
    <control type="image">
      <description>Rated R</description>
      <width>60</width>
      <height>40</height>
      <aspectratio>keep</aspectratio>
      <texture>flagging/ratings/mpaa_restricted.png</texture>
      <colordiffuse>Text-Filemode</colordiffuse>
      <visible>substring(Listitem.mpaa,Rated R)</visible>
    </control>
    <control type="image">
      <description>Rated NC-17</description>
      <width>60</width>
      <height>40</height>
      <aspectratio>keep</aspectratio>
      <texture>flagging/ratings/mpaa_nc17.png</texture>
      <colordiffuse>Text-Filemode</colordiffuse>
      <visible>substring(Listitem.mpaa,Rated NC)</visible>
    </control>
  </include>
  <include name="VideoMPAAFlaggingConditions">
    <control type="image">
      <description>Rated G</description>
      <width>60</width>
      <height>40</height>
      <aspectratio>keep</aspectratio>
      <texture>flagging/ratings/mpaa_general.png</texture>
      <visible>substring(listitem.mpaa,Rated G)</visible>
    </control>
    <control type="image">
      <description>Rated PG</description>
      <width>60</width>
      <height>40</height>
      <aspectratio>keep</aspectratio>
      <texture>flagging/ratings/mpaa_pg.png</texture>
      <visible>substring(listitem.mpaa,Rated PG) + !substring(listitem.mpaa,Rated PG-13)</visible>
    </control>
    <control type="image">
      <description>Rated PG-13</description>
      <width>60</width>
      <height>40</height>
      <aspectratio>keep</aspectratio>
      <texture>flagging/ratings/mpaa_pg13.png</texture>
      <visible>substring(listitem.mpaa,Rated PG-13)</visible>
    </control>
    <control type="image">
      <description>Rated R</description>
      <width>60</width>
      <height>40</height>
      <aspectratio>keep</aspectratio>
      <texture>flagging/ratings/mpaa_restricted.png</texture>
      <visible>substring(Listitem.mpaa,Rated R)</visible>
    </control>
    <control type="image">
      <description>Rated NC-17</description>
      <width>60</width>
      <height>40</height>
      <aspectratio>keep</aspectratio>
      <texture>flagging/ratings/mpaa_nc17.png</texture>
      <visible>substring(Listitem.mpaa,Rated NC)</visible>
    </control>
    <control type="image">
      <description>Rated bbfc_u</description>
      <width>60</width>
      <height>40</height>
      <aspectratio>keep</aspectratio>
      <texture>flagging/ratings/bbfc_u.png</texture>
      <visible>substring(listitem.mpaa,UK:U)</visible>
    </control>
    <control type="image">
      <description>Rated bbfc_pg</description>
      <width>60</width>
      <height>40</height>
      <aspectratio>keep</aspectratio>
      <texture>flagging/ratings/bbfc_pg.png</texture>
      <visible>substring(listitem.mpaa,UK:PG)</visible>
    </control>
    <control type="image">
      <description>Rated bbfc_12</description>
      <width>60</width>
      <height>40</height>
      <aspectratio>keep</aspectratio>
      <texture>flagging/ratings/bbfc_12.png</texture>
      <visible>substring(listitem.mpaa,UK:12)</visible>
    </control>
    <control type="image">
      <description>Rated bbfc_12</description>
      <width>60</width>
      <height>40</height>
      <aspectratio>keep</aspectratio>
      <texture>flagging/ratings/bbfc_12A.png</texture>
      <visible>substring(listitem.mpaa,UK:12A)</visible>
    </control>
    <control type="image">
      <description>Rated bbfc_15</description>
      <width>60</width>
      <height>40</height>
      <aspectratio>keep</aspectratio>
      <texture>flagging/ratings/bbfc_15.png</texture>
      <visible>substring(listitem.mpaa,UK:15)</visible>
    </control>
    <control type="image">
      <description>Rated bbfc_18</description>
      <width>60</width>
      <height>40</height>
      <aspectratio>keep</aspectratio>
      <texture>flagging/ratings/bbfc_18.png</texture>
      <visible>substring(listitem.mpaa,UK:18)</visible>
    </control>
    <control type="image">
      <description>Rated bbfc_18</description>
      <width>60</width>
      <height>40</height>
      <aspectratio>keep</aspectratio>
      <texture>flagging/ratings/bbfc_r18.png</texture>
      <visible>substring(listitem.mpaa,UK:R18)</visible>
    </control>
  </include>
  <include name="AudioCodecFlaggingConditions">
    <control type="image">
      <description>Audio Codec Image</description>
      <width>60</width>
      <height>40</height>
      <aspectratio align="right">keep</aspectratio>
      <texture>$INFO[ListItem.AudioCodec,flagging/audio/,.png]</texture>
    </control>
  </include>
  <include name="AudioChannelsFlaggingConditions">
    <control type="image">
      <description>Audio Codec Image</description>
      <width>60</width>
      <height>40</height>
      <aspectratio align="left">keep</aspectratio>
      <texture>$INFO[ListItem.AudioChannels,flagging/audio/,.png]</texture>
    </control>
  </include>
  <include name="AspectCodecFlaggingConditions">
    <control type="image">
      <description>Aspectratio Image</description>
      <width>60</width>
      <height>40</height>
      <aspectratio>keep</aspectratio>
      <texture>$INFO[ListItem.VideoAspect,flagging/aspectratio/,.png]</texture>
    </control>
  </include>
  <include name="StudioFlags">
    <control type="image">
      <description>Studio Flags</description>
      <width>60</width>
      <height>40</height>
      <aspectratio>keep</aspectratio>
      <texture>$INFO[listitem.studio,extras/Studios/,.png]</texture>
    </control>
  </include>
  <include name="VideoCodecFlaggingConditionsFlip">
    <control type="image">
      <description>Video rez Image</description>
      <width>60</width>
      <height>40</height>
      <aspectratio>keep</aspectratio>
      <texture flipy="true" diffuse="mod/mask.png">$INFO[ListItem.VideoResolution,flagging/video/,.png]</texture>
    </control>
    <control type="image">
      <description>Xvid Codec Image</description>
      <width>60</width>
      <height>40</height>
      <aspectratio>keep</aspectratio>
      <texture flipy="true" diffuse="mod/mask.png">flagging/video/xvid.png</texture>
      <visible>substring(ListItem.VideoCodec,xvid)</visible>
    </control>
    <control type="image">
      <description>Mpeg4 Codec Image</description>
      <width>60</width>
      <height>40</height>
      <aspectratio>keep</aspectratio>
      <texture flipy="true" diffuse="mod/mask.png">flagging/video/mp4.png</texture>
      <visible>substring(ListItem.VideoCodec,fmp4)</visible>
    </control>
    <control type="image">
      <description>Divx Codec Image</description>
      <width>60</width>
      <height>40</height>
      <aspectratio>keep</aspectratio>
      <texture flipy="true" diffuse="mod/mask.png">flagging/video/divx.png</texture>
      <visible>substring(ListItem.VideoCodec,divx)| substring(ListItem.VideoCodec,dx50) | substring(ListItem.VideoCodec,div3) |substring(ListItem.VideoCodec,div4) | substring(ListItem.VideoCodec,div5)</visible>
    </control>
    <control type="image">
      <description>h264 Codec Image</description>
      <width>60</width>
      <height>40</height>
      <aspectratio>keep</aspectratio>
      <texture flipy="true" diffuse="mod/mask.png">flagging/video/h264.png</texture>
      <visible>substring(ListItem.VideoCodec,h264)</visible>
    </control>
    <control type="image">
      <description>avc1 Codec Image</description>
      <width>60</width>
      <height>40</height>
      <aspectratio>keep</aspectratio>
      <texture flipy="true" diffuse="mod/mask.png">flagging/video/avc1.png</texture>
      <visible>substring(ListItem.VideoCodec,avc1)</visible>
    </control>
    <control type="image">
      <description>wvc1 Codec Image</description>
      <width>60</width>
      <height>40</height>
      <aspectratio>keep</aspectratio>
      <texture flipy="true" diffuse="mod/mask.png">flagging/video/wvc1.png</texture>
      <visible>substring(ListItem.VideoCodec,wvc1)</visible>
    </control>
    <control type="image">
      <description>mpeg1video Codec Image</description>
      <width>60</width>
      <height>40</height>
      <aspectratio>keep</aspectratio>
      <texture flipy="true" diffuse="mod/mask.png">flagging/video/mpeg1video.png</texture>
      <visible>substring(ListItem.VideoCodec,mpeg1video)</visible>
    </control>
    <control type="image">
      <description>mpeg2video Codec Image</description>
      <width>60</width>
      <height>40</height>
      <aspectratio>keep</aspectratio>
      <texture flipy="true" diffuse="mod/mask.png">flagging/video/mpeg2video.png</texture>
      <visible>substring(ListItem.VideoCodec,mpeg2video) | substring(ListItem.VideoCodec,v_mpeg2)</visible>
    </control>
  </include>
  <include name="AudioCodecFlaggingConditionsFlip">
    <control type="image">
      <description>mp3 Codec Image</description>
      <width>60</width>
      <height>40</height>
      <aspectratio>keep</aspectratio>
      <texture flipy="true" diffuse="mod/mask.png">flagging/audio/mp3.png</texture>
      <visible>substring(ListItem.AudioCodec,mp3)</visible>
    </control>
    <control type="image">
      <description>dts Codec Image</description>
      <width>60</width>
      <height>40</height>
      <aspectratio>keep</aspectratio>
      <texture flipy="true" diffuse="mod/mask.png">flagging/audio/dts.png</texture>
      <visible>substring(ListItem.AudioCodec,dca)</visible>
    </control>
    <control type="image">
      <description>ac3 Image</description>
      <width>60</width>
      <height>40</height>
      <aspectratio>keep</aspectratio>
      <texture flipy="true" diffuse="mod/mask.png">flagging/audio/ac3.png</texture>
      <visible>substring(ListItem.AudioCodec,ac3) + !substring(ListItem.AudioChannels,6)</visible>
    </control>
    <control type="image">
      <description>aac Image</description>
      <width>60</width>
      <height>40</height>
      <aspectratio>keep</aspectratio>
      <texture flipy="true" diffuse="mod/mask.png">flagging/audio/aac.png</texture>
      <visible>substring(ListItem.AudioCodec,aac)</visible>
    </control>
    <control type="image">
      <description>Dolby Digital Image</description>
      <width>60</width>
      <height>40</height>
      <aspectratio>keep</aspectratio>
      <texture flipy="true" diffuse="mod/mask.png">flagging/audio/dolbydigital.png</texture>
      <visible>substring(ListItem.AudioCodec,ac3) + substring(ListItem.AudioChannels,6)</visible>
    </control>
    <control type="image">
      <description>WMA Pro Codec Image</description>
      <width>60</width>
      <height>40</height>
      <aspectratio>keep</aspectratio>
      <texture flipy="true" diffuse="mod/mask.png">flagging/audio/wmapro.png</texture>
      <visible>substring(ListItem.AudioCodec,wmapro)</visible>
    </control>
    <control type="image">
      <description>vorbis Image</description>
      <width>60</width>
      <height>40</height>
      <aspectratio>keep</aspectratio>
      <texture flipy="true" diffuse="mod/mask.png">flagging/audio/vorbis.png</texture>
      <visible>substring(ListItem.AudioCodec,vorbis)</visible>
    </control>
    <control type="image">
      <description>Audio Channels Image</description>
      <width>60</width>
      <height>40</height>
      <aspectratio>keep</aspectratio>
      <texture flipy="true" diffuse="mod/mask.png">$INFO[ListItem.AudioChannels,flagging/audio/,.png]</texture>
    </control>
    <control type="image">
      <description>dtsma Image</description>
      <width>60</width>
      <height>40</height>
      <aspectratio>keep</aspectratio>
      <texture flipy="true" diffuse="mod/mask.png">flagging/audio/dtsma.png</texture>
      <visible>substring(ListItem.AudioCodec,dtsma) + substring(ListItem.AudioChannels,6)</visible>
    </control>
    <control type="image">
      <description>truehd Image</description>
      <width>60</width>
      <height>40</height>
      <aspectratio>keep</aspectratio>
      <texture flipy="true" diffuse="mod/mask.png">flagging/audio/truehd.png</texture>
      <visible>substring(ListItem.AudioCodec,truehd) + substring(ListItem.AudioChannels,6)</visible>
    </control>
    <control type="image">
      <description>flac Image</description>
      <width>60</width>
      <height>40</height>
      <aspectratio>keep</aspectratio>
      <texture flipy="true" diffuse="mod/mask.png">flagging/audio/flac.png</texture>
      <visible>substring(ListItem.AudioCodec,flac) + substring(ListItem.AudioChannels,6)</visible>
    </control>
  </include>
</includes>