<?xml version="1.0" encoding="UTF-8"?>
<window>
  <defaultcontrol>5</defaultcontrol>
  <include>Animation_Bartowski_Context_Zoom</include>
  <coordinates>
    <system>1</system>
    <left>290</left>
    <top>75</top>
  </coordinates>
  <controls>
    <control type="image">
      <description>background image</description>
      <left>0</left>
      <top>0</top>
      <width>700</width>
      <height>570</height>
      <colordiffuse>mainblue</colordiffuse>
      <texture>DialogBackwht.png</texture>
    </control>
    <control type="image">
      <description>background image</description>
      <left>0</left>
      <top>0</top>
      <width>700</width>
      <height>570</height>
      <colordiffuse>mainblue</colordiffuse>
      <texture>DialogBack.png</texture>
    </control>
    <control type="label" id="2">
      <description>header label</description>
      <left>20</left>
      <top>18</top>
      <width>660</width>
      <height>30</height>
      <font>Font_Neon_30</font>
      <label>$LOCALIZE[20043]</label>
      <align>center</align>
      <aligny>center</aligny>
      <textcolor>white</textcolor>
    </control>
    <control type="grouplist" id="5">
      <description>control area</description>
      <left>20</left>
      <top>80</top>
      <width>660</width>
      <height>400</height>
      <itemgap>-1</itemgap>
      <pagecontrol>60</pagecontrol>
      <onleft>28</onleft>
      <onright>60</onright>
      <onup>28</onup>
      <ondown>28</ondown>
    </control>
    <control type="button" id="7">
      <description>Default Button</description>
      <left>0</left>
      <top>0</top>
      <height>40</height>
      <textoffsetx>20</textoffsetx>
      <font>Font_KeyboardEdit</font>
      <textcolor>white</textcolor>
      <focusedcolor>white</focusedcolor>
      <colordiffuse>mainblue</colordiffuse>
      <texturefocus>button-focus.png</texturefocus>
    </control>
    <control type="radiobutton" id="8">
      <description>Default RadioButton</description>
      <left>0</left>
      <top>0</top>
      <height>40</height>
      <textoffsetx>20</textoffsetx>
      <font>Font_KeyboardEdit</font>
      <textcolor>white</textcolor>
      <colordiffuse>mainblue</colordiffuse>
      <focusedcolor>white</focusedcolor>
      <texturefocus>button-focus.png</texturefocus>
    </control>
    <control type="spincontrolex" id="9">
      <description>Default SpinControlex</description>
      <left>0</left>
      <top>0</top>
      <height>40</height>
      <textoffsetx>20</textoffsetx>
      <font>Font_KeyboardEdit</font>
      <textcolor>white</textcolor>
      <focusedcolor>white</focusedcolor>
      <colordiffuse>mainblue</colordiffuse>
      <texturefocus>button-focus.png</texturefocus>
      <aligny>center</aligny>
      <reverse>yes</reverse>
    </control>
    <control type="image" id="11">
      <description>separator image</description>
      <height>2</height>
      <texture>separator2.png</texture>
    </control>
    <control type="button" id="28">
      <description>Ok Button</description>
      <left>145</left>
      <top>500</top>
      <width>200</width>
      <height>40</height>
      <align>center</align>
      <aligny>center</aligny>
      <colordiffuse>mainblue</colordiffuse>
      <texturefocus>button-focus.png</texturefocus>
      <font>Font_Bartowski_Press_S</font>
      <textcolor>white</textcolor>
      <focusedcolor>white</focusedcolor>
      <label>186</label>
      <onleft>29</onleft>
      <onright>29</onright>
      <onup>5</onup>
      <ondown>5</ondown>
    </control>
    <control type="button" id="29">
      <description>Cancel Button</description>
      <left>355</left>
      <top>500</top>
      <width>200</width>
      <height>40</height>
      <align>center</align>
      <aligny>center</aligny>
      <colordiffuse>mainblue</colordiffuse>
      <texturefocus>button-focus.png</texturefocus>
      <font>Font_Bartowski_Press_S</font>
      <textcolor>white</textcolor>
      <focusedcolor>white</focusedcolor>
      <label>222</label>
      <onleft>28</onleft>
      <onright>28</onright>
      <onup>5</onup>
      <ondown>5</ondown>
    </control>
  </controls>
</window>
