<?xml version="1.0" encoding="UTF-8"?>
<window>
  <defaultcontrol always="true">52</defaultcontrol>
  <allowoverlay>no</allowoverlay>
  <controls>
    <control type="multiimage">
      <left>0</left>
      <top>0</top>
      <width>1280</width>
      <height>720</height>
      <imagepath fallback="special://skin/backgrounds/logoff.jpg" background="true">$INFO[Skin.String(Home_Custom_Back_Video_Folder)]</imagepath>
      <timeperimage>10000</timeperimage>
      <randomize>true</randomize>
      <fadetime>1000</fadetime>
      <animation effect="fade" time="400">WindowClose</animation>
    </control>
    <control type="group">
      <include>Window_OpenClose_Animation</include>
      <control type="image">
        <left>0</left>
        <top>0</top>
        <width>1280</width>
        <height>720</height>
        <texture border="20">black-back.png</texture>
      </control>
      <control type="image">
        <left>0</left>
        <bottom>0</bottom>
        <width>1280</width>
        <height>128</height>
        <texture>floor.png</texture>
      </control>
      <control type="image">
        <left>265</left>
        <top>60</top>
        <width>750</width>
        <height>600</height>
        <colordiffuse>mainblue</colordiffuse>
        <texture border="20">ContentPanel.png</texture>
      </control>
      <control type="image">
        <left>265</left>
        <top>645</top>
        <width>750</width>
        <height>600</height>
        <colordiffuse>mainblue</colordiffuse>
        <aspectratio aligny="top">keep</aspectratio>
        <texture diffuse="diffuse_mirror3.png" flipy="true" border="20">ContentPanel.png</texture>
      </control>
      <control type="image">
        <description>Neon LOGO</description>
        <right>20</right>
        <bottom>20</bottom>
        <width>140</width>
        <height>40</height>
        <aspectratio>keep</aspectratio>
        <colordiffuse>mainblue</colordiffuse>
        <texture>Neon.png</texture>
      </control>
      <control type="image">
        <description>Kodi Logo</description>
        <left>20</left>
        <bottom>20</bottom>
        <width>140</width>
        <height>40</height>
        <texture>Kodi_Logo.png</texture>
      </control>
      <control type="label">
        <left>295</left>
        <top>100</top>
        <width>690</width>
        <height>40</height>
        <font>Font_Neon_24</font>
        <textcolor>white</textcolor>
        <align>center</align>
        <aligny>center</aligny>
        <label>$LOCALIZE[31421]</label>
      </control>
      <control type="list" id="52">
        <left>295</left>
        <top>170</top>
        <width>690</width>
        <height>401</height>
        <onleft>20</onleft>
        <onright>20</onright>
        <onup>52</onup>
        <ondown>52</ondown>
        <viewtype label="535">list</viewtype>
        <pagecontrol>60</pagecontrol>
        <scrolltime>200</scrolltime>
        <itemlayout height="130" width="690">
          <control type="image">
            <left>0</left>
            <top>0</top>
            <width>690</width>
            <height>131</height>
            <texture border="0,5,0,5">MenuItemNF.png</texture>
          </control>
          <control type="image">
            <left>10</left>
            <top>15</top>
            <width>100</width>
            <height>100</height>
            <texture>$INFO[ListItem.Icon]</texture>
            <aspectratio>keep</aspectratio>
          </control>
          <control type="label">
            <left>120</left>
            <top>10</top>
            <width>580</width>
            <height>40</height>
            <font>Font_Neon_24</font>
            <textcolor>grey2</textcolor>
            <selectedcolor>selected</selectedcolor>
            <align>left</align>
            <aligny>center</aligny>
            <label>$INFO[ListItem.Label]</label>
          </control>
          <control type="label">
            <left>120</left>
            <top>50</top>
            <width>580</width>
            <height>40</height>
            <font>Font_Neon_22</font>
            <textcolor>grey2</textcolor>
            <selectedcolor>selected</selectedcolor>
            <align>left</align>
            <aligny>center</aligny>
            <label>$INFO[ListItem.Label2]</label>
          </control>
        </itemlayout>
        <focusedlayout height="130" width="580">
          <control type="image">
            <left>0</left>
            <top>0</top>
            <width>690</width>
            <height>131</height>
            <texture border="0,5,0,5">MenuItemNF.png</texture>
            <visible>!Control.HasFocus(52)</visible>
            <include>VisibleFadeEffect</include>
          </control>
          <control type="image">
            <left>0</left>
            <top>0</top>
            <width>690</width>
            <height>131</height>
            <colordiffuse>mainblue</colordiffuse>
            <texture border="0,5,0,5">MenuItemFO.png</texture>
            <visible>Control.HasFocus(52)</visible>
            <include>VisibleFadeEffect</include>
          </control>
          <control type="image">
            <left>10</left>
            <top>15</top>
            <width>100</width>
            <height>100</height>
            <texture>$INFO[ListItem.Icon]</texture>
            <aspectratio>keep</aspectratio>
          </control>
          <control type="label">
            <left>120</left>
            <top>10</top>
            <width>580</width>
            <height>40</height>
            <font>Font_Neon_24</font>
            <textcolor>white</textcolor>
            <selectedcolor>selected</selectedcolor>
            <align>left</align>
            <aligny>center</aligny>
            <label>$INFO[ListItem.Label]</label>
          </control>
          <control type="label">
            <left>120</left>
            <top>50</top>
            <width>580</width>
            <height>40</height>
            <font>Font_Neon_22</font>
            <textcolor>grey2</textcolor>
            <selectedcolor>selected</selectedcolor>
            <align>left</align>
            <aligny>center</aligny>
            <label>$INFO[ListItem.Label2]</label>
          </control>
        </focusedlayout>
      </control>
      <control type="group">
        <left>940</left>
        <top>600</top>
        <control type="label">
          <left>0</left>
          <top>0</top>
          <width>580</width>
          <height>35</height>
          <font>Font_Neon_20</font>
          <textcolor>grey2</textcolor>
          <align>right</align>
          <aligny>center</aligny>
          <label>$LOCALIZE[31218]</label>
        </control>
        <control type="button" id="20">
          <description>Power push button</description>
          <left>10</left>
          <top>0</top>
          <width>40</width>
          <height>40</height>
          <label>-</label>
          <font>-</font>
          <aligny>center</aligny>
          <onclick>ActivateWindow(ShutdownMenu)</onclick>
          <texturefocus>home-power-FO.png</texturefocus>
          <texturenofocus>home-power.png</texturenofocus>
          <onleft>52</onleft>
          <onright>52</onright>
          <onup>52</onup>
          <ondown>52</ondown>
          <colordiffuse>CCFFFFFF</colordiffuse>
        </control>
        <control type="image">
          <left>13</left>
          <top>3</top>
          <width>30</width>
          <height>29</height>
          <texture>home-power-focus.gif</texture>
          <visible>Control.HasFocus(20)</visible>
        </control>
      </control>
    </control>  
	<include>Time</include>
  </controls>
</window>