<?xml version="1.0" encoding="UTF-8"?>
<!--Empty-->
<window>
  <defaultcontrol always="true">5</defaultcontrol>
  <allowoverlay>no</allowoverlay>
  <coordinates>
    <system>1</system>
    <left>360</left>
    <top>120</top>
  </coordinates>
  <controls>
    <control type="image" id="0">
      <description>Back Panel</description>
      <left>-30</left>
      <top>-30</top>
      <width>620</width>
      <height>500</height>
      <texture>favourites/favourites_panel.png</texture>
      <colordiffuse>FavListPanel</colordiffuse>
    </control>
    <control type="label" id="2">
      <description>Settings</description>
      <left>10</left>
      <top>40</top>
      <width>500</width>
      <align>left</align>
    </control>
    <control type="grouplist" id="5">
      <description>Control Area</description>
      <left>10</left>
      <top>72</top>
      <width>500</width>
      <height>300</height>
      <itemgap>2</itemgap>
      <orientation>vertical</orientation>
      <pagecontrol>60</pagecontrol>
      <onleft>28</onleft>
      <onright>28</onright>
      <onup>28</onup>
      <ondown>28</ondown>
    </control>
    <control type="button" id="7">
      <description>Button</description>
    </control>
    <control type="radiobutton" id="8">
      <description>Radio Button</description>
    </control>
    <control type="spincontrolex" id="9">
      <description>Spin Controlex</description>
    </control>
  </controls>
</window>