<?xml version="1.0" encoding="UTF-8"?>
<!--Alaska-->
<window>
  <defaultcontrol>50</defaultcontrol>
  <allowoverlay>yes</allowoverlay>
  <views>50,53,503,54,58,56,52</views>
  <controls>
    <control type="image" id="5019">
      <include>Dimensions_Fullscreen</include>
      <fadetime>400</fadetime>
      <texture background="true">$INFO[ListItem.Property(Fanart_Image)]</texture>
      <include>Animation_CommonFade</include>
      <visible>!Control.IsVisible(54)</visible>
    </control>
    <control type="image">
      <include>Dimensions_Fullscreen</include>
      <fadetime>400</fadetime>
      <texture>backdrops/curtains.jpg</texture>
      <include>Animation_CommonFade</include>
      <visible>IsEmpty(Control.GetLabel(5019)) + !Control.IsVisible(54)</visible>
    </control>
    <control type="multiimage">
      <left>0</left>
      <top>0</top>
      <width>1280</width>
      <height>720</height>
      <imagepath background="true">$INFO[Skin.String(CustomMusicFolder)]</imagepath>
      <timeperimage>7000</timeperimage>
      <randomize>true</randomize>
      <fadetime>1000</fadetime>
      <include>Animation_MyVideoNav_Fanart</include>
      <visible>IsEmpty(ListItem.Property(Fanart_Image))</visible>
    </control>
    <include>CommonMediaPlayingBackground</include>
    <include>Viewtype_Files</include> <!-- 50  -->
    <include>Viewtype_List</include> <!-- 53 -->
    <include>MediaListView3</include> <!--  view id 503  -->
    <include>Viewtype_JukeBox</include> <!-- 54 -->
    <include>Viewtype_MusicShowcase</include> <!-- 58 -->
    <include>Viewtype_3daddon</include> <!-- 56 -->
    <include>Viewtype_Songs</include> <!-- 52 -->
    <include>Time</include>
    <include>ScrollOffsetLabel</include>
    <control type="group">
      <left>-839</left>
      <include>SideBladeLeft</include>
      <control type="image">
        <description>LOGO</description>
        <left>579</left>
        <top>30</top>
        <width>220</width>
        <height>60</height>
        <aspectratio>keep</aspectratio>
        <colordiffuse>mainblue</colordiffuse>
        <texture>neon.png</texture>
      </control>
      <control type="grouplist" id="7000">
        <left>579</left>
        <top>130</top>
        <include>WindowMenuVars_Vertical</include>
        <control type="label" id="200">
          <width>250</width>
          <height>35</height>
          <font>Font_Neon_26</font>
          <label>$LOCALIZE[31513]</label>
          <textcolor>mainblue</textcolor>
          <align>center</align>
          <aligny>center</aligny>
        </control>
        <control type="image" id="230">
          <description>separator</description>
          <width>240</width>
          <aspectratio>keep</aspectratio>
          <colordiffuse>mainblue</colordiffuse>
          <texture>separator2.png</texture>
        </control>
        <control type="button" id="2">
          <include>WindowMenuButton_Vertical</include>
          <description>View As button</description>
          <textwidth>235</textwidth>
          <label>-</label>
        </control>
        <control type="togglebutton" id="22">
          <description>Toggle MoviesFanart</description>
          <include>WindowMenuButton_Vertical</include>
          <label>$LOCALIZE[31086]</label>
          <altlabel>$LOCALIZE[31094]</altlabel>
          <onclick>Skin.ToggleSetting(MusicShowcaseFanart)</onclick>
          <visible>Control.IsVisible(58)</visible>
        </control>
        <control type="button" id="3">
          <include>WindowMenuButton_Vertical</include>
          <label>$LOCALIZE[103]</label>
        </control>
        <control type="togglebutton" id="4">
          <include>WindowMenuButton_Vertical</include>
          <!-- Sort Ascending -->
          <label>$LOCALIZE[31511]</label>
          <!-- Sort Descending -->
          <altlabel>$LOCALIZE[31512]</altlabel>
        </control>
        <control type="radiobutton" id="99">
          <include>WindowMenuButton_Vertical</include>
          <description>Library button</description>
          <label>$LOCALIZE[29800]</label>
          <onclick>ReplaceWindow(MusicLibrary)</onclick>
          <selected>Window.IsVisible(MusicLibrary)</selected>
        </control>
        <control type="edit" id="19">
          <include>WindowMenuButton_Vertical</include>
          <description>Filter</description>
          <textwidth>230</textwidth>
          <label>587</label>
          <visible>Container.CanFilter + !Container.CanFilterAdvanced</visible>
        </control>
        <control type="radiobutton" id="20">
          <include>WindowMenuButton_Vertical</include>
          <description>Filter</description>
          <label>587</label>
          <selected>Container.Filtered</selected>
          <onclick>right</onclick>
          <onclick>Filter</onclick>
          <visible>Container.CanFilterAdvanced</visible>
        </control>
        <!-- <control type="button" id="9">
          <include>WindowMenuButton_Vertical</include>
          <label>$LOCALIZE[590]</label>
        </control> -->
        <include>CommonNowPlaying_Controls</include>
      </control>
    </control>
  </controls>
</window>