<?xml version="1.0" encoding="UTF-8"?>
<window>
  <defaultcontrol always="true">50</defaultcontrol>
  <allowoverlay>no</allowoverlay>
  <views>50</views>
  <controls>
    <include>CommonTVBackground</include>
    <include>CommonMediaPlayingBackground</include>
    <control type="group">
      <include>Window_OpenClose_Animation</include>
      <control type="image">
        <left>0</left>
        <top>0</top>
        <width>1280</width>
        <height>720</height>
        <texture>black-back.png</texture>
        <include>VisibleFadeEffect</include>
      </control>
      <control type="image">
        <left>0</left>
        <top>128r</top>
        <width>1280</width>
        <height>128</height>
        <texture>floor.png</texture>
      </control>
      <control type="image">
        <left>55</left>
        <top>60</top>
        <width>1170</width>
        <height>600</height>
        <colordiffuse>mainblue</colordiffuse>
        <texture border="20">DialogBackwht.png</texture>
      </control>
      <control type="image">
        <left>55</left>
        <top>60</top>
        <width>1170</width>
        <height>600</height>
        <colordiffuse>mainblue</colordiffuse>
        <texture border="20">ContentPanel.png</texture>
      </control>
    </control>
    <control type="group">
      <include>Window_OpenClose_Animation</include>
      <control type="group">
        <description>Recordings group</description>
        <visible>Control.IsVisible(50)</visible>
        <include>VisibleFadeEffect</include>
        <control type="list" id="50">
          <left>70</left>
          <top>75</top>
          <width>760</width>
          <height>561</height>
          <onleft>7000</onleft>
          <onright>72</onright>
          <onup>50</onup>
          <ondown>50</ondown>
          <viewtype label="535">list</viewtype>
          <pagecontrol>72</pagecontrol>
          <scrolltime>200</scrolltime>
          <itemlayout height="40" width="760">
            <control type="image">
              <left>0</left>
              <top>0</top>
              <width>760</width>
              <height>41</height>
              <colordiffuse>mainblue</colordiffuse>
              <texture border="2">MenuItemNF.png</texture>
              <include>VisibleFadeEffect</include>
            </control>
            <control type="image">
              <left>10</left>
              <top>5</top>
              <width>30</width>
              <height>30</height>
              <texture background="true" fallback="DefaultVideoCover.png">$INFO[ListItem.Icon]</texture>
            </control>
            <control type="label">
              <left>50</left>
              <top>0</top>
              <width>605</width>
              <height>40</height>
              <font>Font_Neon_20</font>
              <textcolor>grey2</textcolor>
              <selectedcolor>selected</selectedcolor>
              <align>left</align>
              <aligny>center</aligny>
              <label>$INFO[ListItem.Label]</label>
            </control>
            <control type="label">
              <left>725</left>
              <top>0</top>
              <width>500</width>
              <height>40</height>
              <font>Font_Neon_18</font>
              <textcolor>grey2</textcolor>
              <selectedcolor>selected</selectedcolor>
              <align>right</align>
              <aligny>center</aligny>
              <label>$INFO[ListItem.Date]</label>
            </control>
            <control type="image">
              <left>730</left>
              <top>14</top>
              <width>20</width>
              <height>16</height>
              <texture>dialogs/movies/$INFO[ListItem.Overlay]</texture>
              <visible>!ListItem.IsResumable</visible>
            </control>
            <control type="image">
              <left>730</left>
              <top>14</top>
              <width>16</width>
              <height>16</height>
              <texture>dialogs/movies/OverlayWatching.png</texture>
              <visible>ListItem.IsResumable</visible>
            </control>
          </itemlayout>
          <focusedlayout height="40" width="760">
            <control type="image">
              <left>0</left>
              <top>0</top>
              <width>760</width>
              <height>41</height>
              <colordiffuse>mainblue</colordiffuse>
              <texture>MenuItemFO.png</texture>
              <visible>Control.HasFocus(50)</visible>
              <include>VisibleFadeEffect</include>
            </control>
            <control type="image">
              <left>0</left>
              <top>0</top>
              <width>760</width>
              <height>41</height>
              <colordiffuse>mainblue</colordiffuse>
              <texture border="2">MenuItemNF.png</texture>
              <include>VisibleFadeEffect</include>
              <visible>!Control.HasFocus(50)</visible>
            </control>
            <control type="image">
              <left>10</left>
              <top>5</top>
              <width>30</width>
              <height>30</height>
              <texture background="true" fallback="DefaultVideoCover.png">$INFO[ListItem.Icon]</texture>
            </control>
            <control type="label">
              <left>50</left>
              <top>0</top>
              <width>630</width>
              <height>40</height>
              <font>Font_Neon_20</font>
              <textcolor>white</textcolor>
              <selectedcolor>selected</selectedcolor>
              <align>left</align>
              <aligny>center</aligny>
              <label>$INFO[ListItem.Label]</label>
            </control>
            <control type="label">
              <left>725</left>
              <top>0</top>
              <width>500</width>
              <height>40</height>
              <font>Font_Neon_18</font>
              <textcolor>grey2</textcolor>
              <selectedcolor>selected</selectedcolor>
              <align>right</align>
              <aligny>center</aligny>
              <label>$INFO[ListItem.Date]</label>
            </control>
            <control type="image">
              <left>730</left>
              <top>14</top>
              <width>20</width>
              <height>16</height>
              <texture>dialogs/movies/$INFO[ListItem.Overlay]</texture>
              <visible>!ListItem.IsResumable</visible>
            </control>
            <control type="image">
              <left>730</left>
              <top>14</top>
              <width>16</width>
              <height>16</height>
              <texture>dialogs/movies/OverlayWatching.png</texture>
              <visible>ListItem.IsResumable</visible>
            </control>
          </focusedlayout>
        </control>
        <control type="scrollbar" id="72">
          <left>850</left>
          <top>78</top>
          <width>25</width>
          <height>560</height>
          <texturesliderbackground border="0,14,0,14">ScrollBarV.png</texturesliderbackground>
          <texturesliderbar border="0,14,0,14">ScrollBarV_bar.png</texturesliderbar>
          <texturesliderbarfocus border="0,14,0,14" colordiffuse="mainblue">ScrollBarV_bar_focus.png</texturesliderbarfocus>
          <textureslidernib>ScrollBarNib.png</textureslidernib>
          <textureslidernibfocus>ScrollBarNib.png</textureslidernibfocus>
          <onleft>50</onleft>
          <onright>50</onright>
          <showonepage>false</showonepage>
          <orientation>vertical</orientation>
        </control>
        <control type="label">
          <animation effect="slide" start="0,0" end="-90,0" time="0" condition="system.getbool(input.enablemouse)">Conditional</animation>
          <description>Page Count Label</description>
          <right>40</right>
          <top>53r</top>
          <width>500</width>
          <height>20</height>
          <font>Font_Neon_18</font>
          <textcolor>grey</textcolor>
          <scroll>false</scroll>
          <align>right</align>
          <aligny>center</aligny>
          <label>([COLOR=mainblue]$INFO[Container(50).NumItems][/COLOR]) $LOCALIZE[19163] - $LOCALIZE[31024] ([COLOR=mainblue]$INFO[Container(50).CurrentPage]/$INFO[Container(50).NumPages][/COLOR])</label>
          <include>Window_OpenClose_Animation</include>    
        </control>
        <control type="group">
          <left>910</left>
          <top>80</top>
          <control type="image">
            <left>10</left>
            <top>0</top>
            <width>290</width>
            <height>230</height>
            <aspectratio aligny="bottom">keep</aspectratio>
            <fadetime>IconCrossfadeTime</fadetime>
            <texture fallback="DefaultVideoCover.png">$INFO[Container(50).ListItem.Icon]</texture>
            <bordertexture border="8">ThumbShadow.png</bordertexture>
            <bordersize>8</bordersize>
          </control>
          <control type="fadelabel">
            <left>10</left>
            <top>230</top>
            <width>290</width>
            <height>25</height>
            <label>$INFO[Container(50).ListItem.Title]</label>
            <align>center</align>
            <aligny>center</aligny>
            <font>Font_Neon_20</font>
            <textcolor>mainblue</textcolor>
            <shadowcolor>black</shadowcolor>
            <scrollout>false</scrollout>
            <pauseatend>1000</pauseatend>
          </control>
          <control type="textbox">
            <description>Description Value for TV Show</description>
            <left>10</left>
            <top>272</top>
            <width>290</width>
            <height>278</height>
            <font>Font_Neon_20</font>
            <align>justify</align>
            <textcolor>white</textcolor>
            <label>$INFO[Container(50).ListItem.Plot]</label>
            <autoscroll time="2000" delay="3000" repeat="5000">Skin.HasSetting(AutoScroll)</autoscroll>
          </control>
          <control type="label">
            <description>Disk usage text</description>
            <left>10</left>
            <top>525</top>
            <width>290</width>
            <height>20</height>
            <label>$INFO[PVR.backenddiskspace]</label>
            <align>center</align>
            <aligny>center</aligny>
            <textcolor>grey</textcolor>
            <shadowcolor>black</shadowcolor>
            <font>Font_Neon_20</font>
            <visible>!IntegerGreaterThan(PVR.backenddiskspaceprogr,100)</visible>
          </control>
          <control type="progress">
            <description>Disk usage bar</description>
            <left>10</left>
            <top>548</top>
            <width>290</width>
            <height>12</height>>
            <info>PVR.backenddiskspaceprogr</info>
            <visible>!IntegerGreaterThan(PVR.backenddiskspaceprogr,100)</visible>
          </control>
        </control>
      </control>
      <include>ScrollOffsetLabel</include>
    </control>
    <include>PVRSideBlade</include>
    <include>Time</include>
  </controls>
</window>