<?xml version="1.0" encoding="UTF-8"?>
<window>
  <defaultcontrol always="true">10</defaultcontrol>
  <allowoverlay>no</allowoverlay>
  <views>10,11,12,13</views>
  <controls>
    <include>CommonTVBackground</include>
    <include>CommonMediaPlayingBackground</include>
    <control type="group">
      <include>Window_OpenClose_Animation</include>
      <control type="image">
        <left>0</left>
        <top>0</top>
        <width>1280</width>
        <height>720</height>
        <texture>black-back.png</texture>
        <include>VisibleFadeEffect</include>
      </control>
      <control type="image">
        <left>0</left>
        <top>128r</top>
        <width>1280</width>
        <height>128</height>
        <texture>floor.png</texture>
      </control>
      <control type="image">
        <left>55</left>
        <top>60</top>
        <width>1170</width>
        <height>600</height>
        <colordiffuse>mainblue</colordiffuse>
        <texture border="20">DialogBackwht.png</texture>
      </control>
      <control type="image">
        <left>55</left>
        <top>60</top>
        <width>1170</width>
        <height>600</height>
        <colordiffuse>mainblue</colordiffuse>
        <texture border="20">ContentPanel.png</texture>
      </control>
    </control>
    <control type="group" id="50">
      <include>Window_OpenClose_Animation</include>
      <include>PVRGuideViewTimeline</include>
      <include>PVRGuideViewNow</include>
      <include>PVRGuideViewNext</include>
      <include>PVRGuideViewChannel</include>
      <include>ScrollOffsetLabel</include>
    </control>
    <include>PVRSideBlade</include>
    <include>Time</include>
  </controls>
</window>