<?xml version="1.0" encoding="UTF-8"?>
<!--Empty-->
<window>
  <defaultcontrol>50</defaultcontrol>
  <allowoverlay>yes</allowoverlay>
  <views>50,58,52,51,596</views>
  <coordinates>
    <system>1</system>
    <left>0</left>
    <top>0</top>
  </coordinates>
  <controls>
    <control type="image">
      <include>Dimensions_Fullscreen</include>
      <texture background="true">$INFO[Fanart.Image]</texture>
      <aspectratio>scale</aspectratio>
      <fadetime>400</fadetime>
      <include>Animation_BackdropFade</include>
      <visible>![IsEmpty(Fanart.Image) | Control.IsVisible(59) | Control.IsVisible(54) | Control.IsVisible(57) | Control.IsVisible(56) | Control.IsVisible(592) | Control.IsVisible(597)]</visible>
    </control>
    <control type="image">
      <include>Dimensions_Fullscreen</include>
      <fadetime>400</fadetime>
      <texture>$INFO[ListItem.Property(Fanart_Image)]</texture>
      <aspectratio>scale</aspectratio>
      <include>Animation_BackdropFade</include>
      <visible>![Skin.HasSetting(hidefanart) | Control.IsVisible(58) + !Skin.HasSetting(ShowcaseFanart) | Control.IsVisible(54) | Control.IsVisible(59) | Control.IsVisible(56) | Control.IsVisible(57) | Control.IsVisible(592) | Control.IsVisible(597)]</visible>
    </control>
    <control type="image">
      <include>Dimensions_Fullscreen</include>
      <texture>backdrops/curtains.jpg</texture>
      <aspectratio>scale</aspectratio>
      <include>Animation_BackdropFade</include>
      <visible>!Control.IsVisible(54) + [IsEmpty(ListItem.Property(Fanart_Image)) + IsEmpty(Fanart.Image)]</visible>
    </control>
    <control type="image">
      <include>Dimensions_Fullscreen</include>
      <fadetime>400</fadetime>
      <texture>backdrops/curtains.jpg</texture>
      <include>Animation_BackdropFade</include>
      <visible>[Control.IsVisible(56) | Control.IsVisible(57) | Control.IsVisible(592)] | !Control.IsVisible(596)</visible>
    </control>
    <control type="image">
      <include>Dimensions_Fullscreen</include>
      <fadetime>400</fadetime>
      <texture>backdrops/curtains_diffuse.jpg</texture>
      <include>Animation_BackdropFade</include>
      <visible>Control.IsVisible(59) | Control.IsVisible(596) | [Control.IsVisible(58) + !Skin.HasSetting(ShowcaseFanart)]</visible>
    </control>
    <include>CommonMediaPlayingBackground</include>
    <include>Viewtype_Files</include>
    <include>Viewtype_Landscape</include>
    <!--  52  -->
    <include>Viewtype_Episode</include>
    <include>Viewtype_Newest_Episodes</include>
    <include>Viewtype_Showcase</include>
    <include>ScrollOffsetLabel</include>
    <control type="group">
      <left>-839</left>
      <include>SideBladeLeft</include>
      <control type="image">
        <description>LOGO</description>
        <left>579</left>
        <top>30</top>
        <width>220</width>
        <height>60</height>
        <aspectratio>keep</aspectratio>
        <colordiffuse>mainblue</colordiffuse>
        <texture>neon.png</texture>
      </control>
      <control type="grouplist" id="7000">
        <left>579</left>
        <top>130</top>
        <include>WindowMenuVars_Vertical</include>
        <control type="label" id="200">
          <width>250</width>
          <height>35</height>
          <font>Font_Neon_26</font>
          <label>$LOCALIZE[31513]</label>
          <textcolor>mainblue</textcolor>
          <align>center</align>
          <aligny>center</aligny>
        </control>
        <control type="image" id="230">
          <description>separator</description>
          <width>240</width>
          <aspectratio>keep</aspectratio>
          <colordiffuse>mainblue</colordiffuse>
          <texture>separator2.png</texture>
        </control>
        <control type="button" id="2">
          <include>WindowMenuButton_Vertical</include>
          <description>View As button</description>
          <textwidth>235</textwidth>
          <label>-</label>
        </control>
        <control type="label" id="201">
          <width>250</width>
          <height>35</height>
          <font>Font_Neon_26</font>
          <label>$LOCALIZE[31026]</label>
          <textcolor>mainblue</textcolor>
          <align>center</align>
          <aligny>center</aligny>
        </control>
        <control type="image" id="231">
          <description>separator</description>
          <width>240</width>
          <aspectratio>keep</aspectratio>
          <colordiffuse>mainblue</colordiffuse>
          <texture>separator2.png</texture>
        </control>
        <control type="radiobutton" id="20">
          <description>Shuffle button</description>
          <include>WindowMenuButton_Vertical</include>
          <label>191</label>
        </control>
        <control type="button" id="26">
          <description>Repeat button</description>
          <textwidth>235</textwidth>
          <include>WindowMenuButton_Vertical</include>
          <label>-</label>
        </control>
        <control type="button" id="21">
          <description>Save button</description>
          <label>190</label>
          <textwidth>235</textwidth>
          <include>WindowMenuButton_Vertical</include>
        </control>
        <control type="button" id="22">
          <description>Clear button</description>
          <label>192</label>
          <onclick>ReplaceWindow(Videos)</onclick>
          <textwidth>235</textwidth>
          <include>WindowMenuButton_Vertical</include>
        </control>
        <include>CommonNowPlaying_Controls</include>
      </control>
    </control>
    <include>Time</include>
  </controls>
</window>