<?xml version="1.0" encoding="UTF-8"?>
<window type="dialog">
  <defaultcontrol always="true">603</defaultcontrol>
  <visible>Player.HasMedia + Window.IsActive(PlayerControls) + !Window.IsActive(FullscreenVideo) + !Window.IsActive(Visualisation)</visible>
  <coordinates>
    <system>1</system>
    <left>390</left>
    <top>250</top>
  </coordinates>
  <controls>
    <control type="image">
      <left>5</left>
      <top>156</top>
      <width>483</width>
      <height>53</height>
      <colordiffuse>mainblue</colordiffuse>
      <texture flipy="true" border="20,20,20,2">InfoMessagePanel.png</texture>
    </control>
    <control type="group" id="100">
      <left>25</left>
      <top>162</top>
      <control type="button" id="600">
        <left>0</left>
        <top>0</top>
        <width>40</width>
        <height>40</height>
        <label>-</label>
        <texturefocus>osd/OSDPrevTrackFO.png</texturefocus>
        <texturenofocus>osd/OSDPrevTrackNF.png</texturenofocus>
        <onleft>608</onleft>
        <onright>601</onright>
        <onup>300</onup>
        <ondown>200</ondown>
        <onclick>XBMC.PlayerControl(Previous)</onclick>
      </control>
      <control type="button" id="601">
        <left>40</left>
        <top>0</top>
        <width>40</width>
        <height>40</height>
        <label>-</label>
        <texturefocus>osd/OSDRewindFO.png</texturefocus>
        <texturenofocus>osd/OSDRewindNF.png</texturenofocus>
        <onleft>600</onleft>
        <onright>603</onright>
        <onup>300</onup>
        <ondown>200</ondown>
        <onclick>XBMC.PlayerControl(Rewind)</onclick>
      </control>
      <control type="togglebutton" id="603">
        <left>80</left>
        <top>0</top>
        <width>40</width>
        <height>40</height>
        <label>-</label>
        <texturefocus>osd/OSDPauseFO.png</texturefocus>
        <texturenofocus>osd/OSDPauseNF.png</texturenofocus>
        <usealttexture>Player.Paused | Player.Forwarding | Player.Rewinding</usealttexture>
        <alttexturefocus>osd/OSDPlayFO.png</alttexturefocus>
        <alttexturenofocus>osd/OSDPlayNF.png</alttexturenofocus>
        <onleft>601</onleft>
        <onright>602</onright>
        <onup>300</onup>
        <ondown>200</ondown>
        <onclick>XBMC.PlayerControl(Play)</onclick>
      </control>
      <control type="button" id="602">
        <left>120</left>
        <top>0</top>
        <width>40</width>
        <height>40</height>
        <label>-</label>
        <texturefocus>osd/OSDStopFO.png</texturefocus>
        <texturenofocus>osd/OSDStopNF.png</texturenofocus>
        <onleft>603</onleft>
        <onright>604</onright>
        <onup>300</onup>
        <ondown>200</ondown>
        <onclick>down</onclick>
        <onclick>XBMC.PlayerControl(Stop)</onclick>
      </control>
      <control type="button" id="604">
        <left>160</left>
        <top>0</top>
        <width>40</width>
        <height>40</height>
        <label>-</label>
        <texturefocus>osd/OSDForwardFO.png</texturefocus>
        <texturenofocus>osd/OSDForwardNF.png</texturenofocus>
        <onleft>602</onleft>
        <onright>605</onright>
        <onup>300</onup>
        <ondown>200</ondown>
        <onclick>XBMC.PlayerControl(Forward)</onclick>
      </control>
      <control type="button" id="605">
        <left>200</left>
        <top>0</top>
        <width>40</width>
        <height>40</height>
        <label>-</label>
        <texturefocus>osd/OSDNextTrackFO.png</texturefocus>
        <texturenofocus>osd/OSDNextTrackNF.png</texturenofocus>
        <onleft>604</onleft>
        <onright>606</onright>
        <onup>300</onup>
        <ondown>200</ondown>
        <onclick>XBMC.PlayerControl(Next)</onclick>
      </control>
      <control type="button" id="606">
        <left>240</left>
        <top>0</top>
        <width>40</width>
        <height>40</height>
        <label>-</label>
        <texturefocus>osd/OSDRecordFO.png</texturefocus>
        <texturenofocus>osd/OSDRecordNF.png</texturenofocus>
        <onleft>605</onleft>
        <onright>607</onright>
        <onup>300</onup>
        <ondown>200</ondown>
        <onclick>XBMC.PlayerControl(record)</onclick>
        <enable>Player.CanRecord</enable>
        <animation effect="fade" start="100" end="30" time="100" condition="!Player.CanRecord">Conditional</animation>
      </control>
      <control type="button" id="607">
        <left>365</left>
        <top>0</top>
        <width>40</width>
        <height>40</height>
        <label>-</label>
        <texturefocus>-</texturefocus>
        <texturenofocus>-</texturenofocus>
        <onclick>XBMC.PlayerControl(Repeat)</onclick>
        <onleft>606</onleft>
        <onright>608</onright>
        <onup>100</onup>
        <ondown>100</ondown>
      </control>
      <control type="image">
        <left>365</left>
        <top>0</top>
        <width>40</width>
        <height>40</height>
        <texture>osd/OSDRepeatNF.png</texture>
        <visible>!Playlist.IsRepeat + !Playlist.IsRepeatOne</visible>
        <visible>!Control.HasFocus(607)</visible>
      </control>
      <control type="image">
        <left>365</left>
        <top>0</top>
        <width>40</width>
        <height>40</height>
        <texture>osd/OSDRepeatFO.png</texture>
        <visible>!Playlist.IsRepeat + !Playlist.IsRepeatOne</visible>
        <visible>Control.HasFocus(607)</visible>
      </control>
      <control type="image">
        <left>365</left>
        <top>0</top>
        <width>40</width>
        <height>40</height>
        <texture>osd/OSDRepeatOneNF.png</texture>
        <visible>Playlist.IsRepeatOne</visible>
        <visible>!Control.HasFocus(607)</visible>
      </control>
      <control type="image">
        <left>365</left>
        <top>0</top>
        <width>40</width>
        <height>40</height>
        <texture>osd/OSDRepeatOneFO.png</texture>
        <visible>Playlist.IsRepeatOne</visible>
        <visible>Control.HasFocus(607)</visible>
      </control>
      <control type="image">
        <left>365</left>
        <top>0</top>
        <width>40</width>
        <height>40</height>
        <texture>osd/OSDRepeatAllNF.png</texture>
        <visible>Playlist.IsRepeat</visible>
        <visible>!Control.HasFocus(607)</visible>
      </control>
      <control type="image">
        <left>365</left>
        <top>0</top>
        <width>40</width>
        <height>40</height>
        <texture>osd/OSDRepeatAllFO.png</texture>
        <visible>Playlist.IsRepeat</visible>
        <visible>Control.HasFocus(607)</visible>
      </control>
      <control type="togglebutton" id="608">
        <left>405</left>
        <top>0</top>
        <width>40</width>
        <height>40</height>
        <label>-</label>
        <texturefocus>osd/OSDRandomOffFO.png</texturefocus>
        <texturenofocus>osd/OSDRandomOffNF.png</texturenofocus>
        <usealttexture>Playlist.IsRandom</usealttexture>
        <alttexturefocus>osd/OSDRandomOnFO.png</alttexturefocus>
        <alttexturenofocus>osd/OSDRandomOnNF.png</alttexturenofocus>
        <onclick>XBMC.PlayerControl(Random)</onclick>
        <onleft>607</onleft>
        <onright>600</onright>
        <onup>100</onup>
        <ondown>100</ondown>
      </control>
    </control>
    <!-- Music Info -->
    <control type="image">
      <description>gradient</description>
      <left>0</left>
      <top>0</top>
      <width>500</width>
      <height>165</height>
      <colordiffuse>mainblue</colordiffuse>
      <visible>Window.IsVisible(home)</visible>
      <texture border="20">OverlayDialogBackground.png</texture>
    </control>
    <control type="group">
      <visible>Player.HasAudio</visible>
      <include>SmallMusicInfo</include>
    </control>
    <!-- Video Info -->
    <control type="group">
      <visible>Player.HasVideo</visible>
      <include>SmallVideoInfo</include>
    </control>
  </controls>
</window>