<?xml version="1.0" encoding="UTF-8"?>
<!--Empty-->
<window>
  <controls>
    <control type="image" id="1">
      <description>Pointer</description>
      <width>30</width>
      <height>30</height>
      <texture>pointernf.png</texture>
    </control>
    <control type="image" id="2">
      <description>Pointer Focus</description>
      <width>30</width>
      <height>30</height>
      <texture>pointerfo.png</texture>
    </control>
    <control type="image" id="3">
      <description>Pointer Drag</description>
      <width>30</width>
      <height>30</height>
      <texture>pointerdrag.png</texture>
    </control>
    <control type="image" id="4">
      <description>pointer_click</description>
      <width>30</width>
      <height>30</height>
      <texture>pointerclick.png</texture>
    </control>
  </controls>
</window>
