<?xml version="1.0" encoding="UTF-8"?>
<window>
  <include>Animation_SettingsFade</include>
  <coordinates>
    <system>1</system>
    <left>290</left>
    <top>75</top>
  </coordinates>
  <controls>
    <control type="image">
      <description>background image</description>
      <left>0</left>
      <top>0</top>
      <width>700</width>
      <height>570</height>
      <colordiffuse>mainblue</colordiffuse>
      <texture>DialogBackwht.png</texture>
    </control>
    <control type="image">
      <description>background image</description>
      <left>0</left>
      <top>0</top>
      <width>700</width>
      <height>570</height>
      <colordiffuse>mainblue</colordiffuse>
      <texture>DialogBack.png</texture>
    </control>
    <control type="label" id="2">
      <description>header label</description>
      <left>20</left>
      <top>18</top>
      <width>660</width>
      <height>30</height>
      <font>Font_Neon_35</font>
      <label>$INFO[Window.Property(heading)]</label>
      <align>center</align>
      <aligny>center</aligny>
      <textcolor>mainblue</textcolor>
    </control>
    <control type="image" id="101">
      <description>profile image</description>
      <left>20</left>
      <top>70</top>
      <width>150</width>
      <height>150</height>
      <align>left</align>
      <aspectratio>stretch</aspectratio>
      <texture>DefaultActor.png</texture>
      <bordertexture border="12">ThumbBorder.png</bordertexture>
      <bordersize>10</bordersize>
    </control>
    <control type="label">
      <description>profile name label</description>
      <left>200</left>
      <top>70</top>
      <width>460</width>
      <align>left</align>
      <font>Font_Neon_20</font>
      <textcolor>grey</textcolor>
      <label>$LOCALIZE[20093]</label>
    </control>
    <control type="label" id="102">
      <description>profile name Value</description>
      <left>200</left>
      <top>95</top>
      <width>460</width>
      <align>left</align>
      <font>Font_Neon_24</font>
      <textcolor>grey2</textcolor>
    </control>
    <control type="label">
      <description>profile directory label</description>
      <left>200</left>
      <top>155</top>
      <width>460</width>
      <align>left</align>
      <font>Font_Neon_20</font>
      <textcolor>grey</textcolor>
      <label>$LOCALIZE[20070]</label>
    </control>
    <control type="label" id="103">
      <description>profile directory Value</description>
      <left>200</left>
      <top>180</top>
      <width>460</width>
      <align>left</align>
      <font>Font_Neon_20</font>
      <textcolor>grey2</textcolor>
    </control>
    <control type="grouplist" id="5">
      <description>control area</description>
      <left>20</left>
      <top>240</top>
      <width>660</width>
      <height>240</height>
      <itemgap>-1</itemgap>
      <pagecontrol>60</pagecontrol>
      <onleft>28</onleft>
      <onright>60</onright>
      <onup>28</onup>
      <ondown>28</ondown>
    </control>
    <control type="button" id="7">
      <description>Default Button</description>
      <left>0</left>
      <top>0</top>
      <height>40</height>
      <textoffsetx>20</textoffsetx>
      <font>Font_Neon_24</font>
      <textcolor>grey2</textcolor>
      <focusedcolor>white</focusedcolor>
      <colordiffuse>mainblue</colordiffuse>
      <texturefocus>button-focus.png</texturefocus>
      <texturenofocus>MenuItemNF.png</texturenofocus>
    </control>
    <control type="radiobutton" id="8">
      <description>Default RadioButton</description>
      <left>0</left>
      <top>0</top>
      <height>40</height>
      <textoffsetx>20</textoffsetx>
      <font>Font_KeyboardEdit</font>
      <textcolor>grey2</textcolor>
      <focusedcolor>white</focusedcolor>
      <colordiffuse>mainblue</colordiffuse>
      <texturefocus>button-focus.png</texturefocus>
      <texturenofocus>MenuItemNF.png</texturenofocus>
    </control>
    <control type="spincontrolex" id="9">
      <description>Default SpinControlex</description>
      <left>0</left>
      <top>0</top>
      <height>40</height>
      <textoffsetx>20</textoffsetx>
      <font>Font_KeyboardEdit</font>
      <textcolor>grey2</textcolor>
      <focusedcolor>white</focusedcolor>
      <colordiffuse>mainblue</colordiffuse>
      <texturefocus>button-focus.png</texturefocus>
      <texturenofocus>MenuItemNF.png</texturenofocus>
      <aligny>center</aligny>
      <reverse>yes</reverse>
    </control>
    <control type="image" id="11">
      <description>separator image</description>
      <height>2</height>
      <texture>separator2.png</texture>
    </control>
    <control type="button" id="28">
      <description>Ok Button</description>
      <left>145</left>
      <top>500</top>
      <width>200</width>
      <height>40</height>
      <align>center</align>
      <aligny>center</aligny>
      <colordiffuse>mainblue</colordiffuse>
      <texturefocus>button-focus.png</texturefocus>
      <font>Font_Neon_25</font>
      <textcolor>grey2</textcolor>
      <focusedcolor>white</focusedcolor>
      <label>186</label>
      <onleft>29</onleft>
      <onright>29</onright>
      <onup>5</onup>
      <ondown>5</ondown>
    </control>
    <control type="button" id="29">
      <description>Cancel Button</description>
      <left>355</left>
      <top>500</top>
      <width>200</width>
      <height>40</height>
      <align>center</align>
      <aligny>center</aligny>
      <colordiffuse>mainblue</colordiffuse>
      <texturefocus>button-focus.png</texturefocus>
      <font>Font_Neon_25</font>
      <textcolor>grey2</textcolor>
      <focusedcolor>white</focusedcolor>
      <font>Font_Neon_16</font>
      <label>222</label>
      <onleft>28</onleft>
      <onright>28</onright>
      <onup>5</onup>
      <ondown>5</ondown>
    </control>
  </controls>
</window>
