<?xml version="1.0" encoding="UTF-8"?>
<!--Empty-->
<window>
  <defaultcontrol always="true">9</defaultcontrol>
  <allowoverlay>no</allowoverlay>
  <controls>
    <control type="button" id="9">
      <description>trigger</description>
      <onfocus condition="Skin.HasSetting(Use_Intro_Movie) + System.HasAddon(script.xbmc.intro.movie)">RunScript(script.xbmc.intro.movie)</onfocus>
      <texturenofocus>-</texturenofocus>
      <texturefocus>-</texturefocus>
      <onfocus>ReplaceWindow(Home)</onfocus>
      <visible>!Skin.HasSetting(Use_Startup_Playlist)</visible>
    </control>
    <control type="button" id="9">
      <description>trigger with startup Playlist</description>
      <texturenofocus>-</texturenofocus>
      <texturefocus>-</texturefocus>
      <onfocus>XBMC.PlayMedia($ESCINFO[Skin.String(Startup_Playlist_Path)])</onfocus>
      <onfocus condition="!Skin.HasSetting(Use_Intro_Movie) + System.HasAddon(script.xbmc.intro.movie)">ReplaceWindow(Home)</onfocus>
      <onfocus>ReplaceWindow(Home)</onfocus>
      <visible>Skin.HasSetting(Use_Startup_Playlist)</visible>
    </control>
  </controls>
</window>