<?xml version="1.0" encoding="UTF-8"?>
<window type="dialog">
  <defaultcontrol always="true">100</defaultcontrol>
  <zorder>2</zorder>
  <controls>
    <!--	<control type="image">
				<description>media info background image</description>
				<left>0</left>
				<top>-145</top>
				<width>1280</width>
				<height>256</height>
				<colordiffuse>mainblue</colordiffuse>
				<texture>MediaInfoBackUpper.png</texture>
			</control>  -->
    <control type="slider" id="87">
      <texturesliderbar colordiffuse="mainblue">osd/mid.png</texturesliderbar>
      <textureslidernib colordiffuse="mainblue">osd/new_pause2.png</textureslidernib>
      <textureslidernibfocus>osd/new_pause2.png</textureslidernibfocus>
      <action>seek</action>
      <left>145</left>
      <top>697</top>
      <width>995</width>
      <height>19</height>
      <visible>![Window.IsVisible(SliderDialog) | Window.IsVisible(OSDVideoSettings) | Window.IsVisible(OSDAudioSettings) | Window.IsVisible(VideoBookmarks) | VideoPlayer.Content(LiveTV)]</visible>
    </control>
    <control type="group">
      <animation effect="slide" start="0,-145" end="0,0" time="300" tween="quadratic" easing="out">WindowOpen</animation>
      <animation effect="slide" start="0,0" end="0,-145" time="300" delay="150" tween="quadratic" easing="out">WindowClose</animation>
      <animation effect="slide" start="0,0" end="0,-145" time="300" tween="quadratic" easing="out" condition="Window.IsVisible(SliderDialog) | Window.IsVisible(OSDVideoSettings) | Window.IsVisible(OSDAudioSettings) | Window.IsVisible(VideoBookmarks) | Window.IsVisible(PVROSDChannels) | Window.IsVisible(PVROSDGuide)">Conditional</animation>
      <control type="image">
        <description>media info background image</description>
        <left>0</left>
        <top>-145</top>
        <width>1280</width>
        <height>256</height>
        <colordiffuse>mainblue</colordiffuse>
        <texture>MediaInfoBackUpper.png</texture>
      </control>
      <control type="group" id="200">
        <left>417</left>
        <top>4</top>
        <visible>!VideoPlayer.Content(LiveTV)</visible>
        <control type="button" id="700">
          <left>0</left>
          <top>0</top>
          <width>45</width>
          <height>45</height>
          <label>298</label>
          <font>-</font>
          <texturefocus>osd/OSDBookMarksFO.png</texturefocus>
          <texturenofocus>osd/OSDBookMarksNF.png</texturenofocus>
          <onleft>705</onleft>
          <onright>701</onright>
          <onup>600</onup>
          <ondown>600</ondown>
          <onclick>ActivateWindow(VideoBookmarks)</onclick>
        </control>
        <control type="button" id="701">
          <left>50</left>
          <top>0</top>
          <width>45</width>
          <height>45</height>
          <label>13396</label>
          <font>-</font>
          <texturefocus>osd/OSDAudioFO.png</texturefocus>
          <texturenofocus>osd/OSDAudioNF.png</texturenofocus>
          <onleft>700</onleft>
          <onright>702</onright>
          <onup>600</onup>
          <ondown>600</ondown>
          <onclick>ActivateWindow(osdaudiosettings)</onclick>
        </control>
        <control type="button" id="702">
          <left>100</left>
          <top>0</top>
          <width>45</width>
          <height>45</height>
          <label>13395</label>
          <font>-</font>
          <texturefocus>osd/OSDVideoFO.png</texturefocus>
          <texturenofocus>osd/OSDVideoNF.png</texturenofocus>
          <onleft>701</onleft>
          <onright>703</onright>
          <onup>601</onup>
          <ondown>601</ondown>
          <onclick>ActivateWindow(OSDVideoSettings)</onclick>
        </control>
        <control type="image" id="11">
          <description>separator image</description>
          <left>150</left>
          <top>21</top>
          <width>150</width>
          <height>1</height>
          <colordiffuse>mainblue</colordiffuse>
          <texture>separator2.png</texture>
        </control>
        <control type="button" id="703">
          <left>301</left>
          <top>0</top>
          <width>45</width>
          <height>45</height>
          <label>31356</label>
          <font>-</font>
          <texturefocus>osd/OSDSubtitlesFO.png</texturefocus>
          <texturenofocus>osd/OSDSubtitlesNF.png</texturenofocus>
          <onleft>702</onleft>
          <onright>704</onright>
          <onup>604</onup>
          <ondown>604</ondown>
          <onclick>Dialog.Close(VideoOSD)</onclick>
          <onclick>ActivateWindow(SubtitleSearch)</onclick>
        </control>
        <control type="button" id="704">
          <left>351</left>
          <top>0</top>
          <width>45</width>
          <height>45</height>
          <label>31355</label>
          <font>-</font>
          <texturefocus>osd/OSDDvdFO.png</texturefocus>
          <texturenofocus>osd/OSDDvdNF.png</texturenofocus>
          <onleft>703</onleft>
          <onright>705</onright>
          <onup>605</onup>
          <ondown>605</ondown>
          <onclick>PlayerControl(ShowVideoMenu)</onclick>
          <enable>VideoPlayer.HasMenu</enable>
          <animation effect="fade" start="100" end="50" time="100" condition="!VideoPlayer.HasMenu">Conditional</animation>
        </control>
        <control type="button" id="705">
          <visible>VideoPlayer.IsStereoscopic</visible>
          <left>401</left>
          <top>0</top>
          <width>45</width>
          <height>45</height>
          <label>36501</label>
          <font>-</font>
          <texturefocus>osd/OSDStereoscopicFO.png</texturefocus>
          <texturenofocus>osd/OSDStereoscopicNF.png</texturenofocus>
          <onleft>704</onleft>
          <onright>553</onright>
          <onup>605</onup>
          <ondown>605</ondown>
        </control>
      </control>
      <control type="group" id="200">
        <left>417</left>
        <top>4</top>
        <visible>VideoPlayer.Content(LiveTV)</visible>
        <control type="button" id="701">
          <left>50</left>
          <top>0</top>
          <width>45</width>
          <height>45</height>
          <label>13396</label>
          <font>-</font>
          <texturefocus>osd/OSDAudioFO.png</texturefocus>
          <texturenofocus>osd/OSDAudioNF.png</texturenofocus>
          <onleft>705</onleft>
          <onright>702</onright>
          <onup>600</onup>
          <ondown>600</ondown>
          <onclick>ActivateWindow(osdaudiosettings)</onclick>
        </control>
        <control type="button" id="702">
          <left>100</left>
          <top>0</top>
          <width>45</width>
          <height>45</height>
          <label>13395</label>
          <font>-</font>
          <texturefocus>osd/OSDVideoFO.png</texturefocus>
          <texturenofocus>osd/OSDVideoNF.png</texturenofocus>
          <onleft>701</onleft>
          <onright>703</onright>
          <onup>602</onup>
          <ondown>602</ondown>
          <onclick>ActivateWindow(OSDVideoSettings)</onclick>
        </control>
        <control type="image" id="11">
          <description>separator image</description>
          <left>150</left>
          <top>21</top>
          <width>150</width>
          <height>1</height>
          <colordiffuse>mainblue</colordiffuse>
          <texture>separator2.png</texture>
        </control>
        <control type="button" id="703">
          <left>301</left>
          <top>0</top>
          <width>45</width>
          <height>45</height>
          <label>31356</label>
          <font>-</font>
          <texturefocus>osd/OSDTeleTextFO.png</texturefocus>
          <texturenofocus>osd/OSDTeleTextNF.png</texturenofocus>
          <onleft>702</onleft>
          <onright>704</onright>
          <onup>605</onup>
          <ondown>605</ondown>
          <onclick>ActivateWindow(Teletext)</onclick>
        </control>
        <control type="togglebutton" id="704">
          <left>351</left>
          <top>0</top>
          <width>45</width>
          <height>45</height>
          <label>264</label>
          <altlabel>208</altlabel>
          <font>-</font>
          <texturefocus>osd/OSDRecordOffFO.png</texturefocus>
          <texturenofocus>osd/OSDRecordOffNF.png</texturenofocus>
          <usealttexture>Player.Recording</usealttexture>
          <alttexturefocus>osd/OSDRecordOnFO.png</alttexturefocus>
          <alttexturenofocus>osd/OSDRecordOnNF.png</alttexturenofocus>
          <onleft>703</onleft>
          <onright>705</onright>
          <onup>606</onup>
          <ondown>606</ondown>
          <onclick>PlayerControl(Record)</onclick>
          <enable>Player.CanRecord</enable>
          <animation effect="fade" start="100" end="50" time="100" condition="!Player.CanRecord">Conditional</animation>
        </control>
        <control type="button" id="705">
          <visible>VideoPlayer.IsStereoscopic</visible>
          <left>401</left>
          <top>0</top>
          <width>45</width>
          <height>45</height>
          <label>36501</label>
          <font>-</font>
          <texturefocus>osd/OSDStereoscopicFO.png</texturefocus>
          <texturenofocus>osd/OSDStereoscopicNF.png</texturenofocus>
          <onleft>704</onleft>
          <onright>553</onright>
          <onup>606</onup>
          <ondown>606</ondown>
        </control>
      </control>
      <control type="group" id="100">
        <left>490</left>
        <top>40</top>
        <defaultcontrol always="true">602</defaultcontrol>
        <visible>!VideoPlayer.Content(LiveTV)</visible>
        <control type="button" id="600">
          <left>0</left>
          <top>0</top>
          <width>50</width>
          <height>50</height>
          <label>210</label>
          <font>-</font>
          <texturefocus>osd/OSDPrevTrackFO.png</texturefocus>
          <texturenofocus>osd/OSDPrevTrackNF.png</texturenofocus>
          <onleft>605</onleft>
          <onright>601</onright>
          <onup>701</onup>
          <ondown>701</ondown>
          <onclick>PlayerControl(Previous)</onclick>
        </control>
        <control type="button" id="601">
          <left>50</left>
          <top>0</top>
          <width>50</width>
          <height>50</height>
          <label>31354</label>
          <font>-</font>
          <texturefocus>osd/OSDRewindFO.png</texturefocus>
          <texturenofocus>osd/OSDRewindNF.png</texturenofocus>
          <onleft>600</onleft>
          <onright>602</onright>
          <onup>702</onup>
          <ondown>702</ondown>
          <onclick>PlayerControl(Rewind)</onclick>
        </control>
        <control type="togglebutton" id="602">
          <left>100</left>
          <top>0</top>
          <width>50</width>
          <height>50</height>
          <label>31351</label>
          <altlabel>208</altlabel>
          <font>-</font>
          <texturefocus>osd/OSDPauseFO.png</texturefocus>
          <texturenofocus>osd/OSDPauseNF.png</texturenofocus>
          <usealttexture>Player.Paused | Player.Forwarding | Player.Rewinding</usealttexture>
          <alttexturefocus>osd/OSDPlayFO.png</alttexturefocus>
          <alttexturenofocus>osd/OSDPlayNF.png</alttexturenofocus>
          <onleft>601</onleft>
          <onright>603</onright>
          <onup>702</onup>
          <ondown>702</ondown>
          <onclick>PlayerControl(Play)</onclick>
        </control>
        <control type="button" id="603">
          <left>150</left>
          <top>0</top>
          <width>50</width>
          <height>50</height>
          <label>31352</label>
          <font>-</font>
          <texturefocus>osd/OSDStopFO.png</texturefocus>
          <texturenofocus>osd/OSDStopNF.png</texturenofocus>
          <onleft>602</onleft>
          <onright>604</onright>
          <onup>703</onup>
          <ondown>703</ondown>
          <onclick>PlayerControl(Stop)</onclick>
        </control>
        <control type="button" id="604">
          <left>200</left>
          <top>0</top>
          <width>50</width>
          <height>50</height>
          <label>31353</label>
          <font>-</font>
          <texturefocus>osd/OSDForwardFO.png</texturefocus>
          <texturenofocus>osd/OSDForwardNF.png</texturenofocus>
          <onleft>603</onleft>
          <onright>605</onright>
          <onup>703</onup>
          <ondown>703</ondown>
          <onclick>PlayerControl(Forward)</onclick>
        </control>
        <control type="button" id="605">
          <left>250</left>
          <top>0</top>
          <width>50</width>
          <height>50</height>
          <label>209</label>
          <font>-</font>
          <texturefocus>osd/OSDNextTrackFO.png</texturefocus>
          <texturenofocus>osd/OSDNextTrackNF.png</texturenofocus>
          <onleft>604</onleft>
          <onright>600</onright>
          <onup>703</onup>
          <ondown>703</ondown>
          <onclick>PlayerControl(Next)</onclick>
        </control>
      </control>
      <control type="group" id="100">
        <left>440</left>
        <top>40</top>
        <defaultcontrol always="true">603</defaultcontrol>
        <visible>VideoPlayer.Content(LiveTV)</visible>
        <control type="button" id="600">
          <left>0</left>
          <top>0</top>
          <width>45</width>
          <height>45</height>
          <label>210</label>
          <font>-</font>
          <texturefocus>osd/OSDChannelUPFO.png</texturefocus>
          <texturenofocus>osd/OSDChannelUPNF.png</texturenofocus>
          <onleft>607</onleft>
          <onright>601</onright>
          <onup>701</onup>
          <ondown>701</ondown>
          <onclick>PlayerControl(Previous)</onclick>
        </control>
        <control type="button" id="601">
          <left>50</left>
          <top>0</top>
          <width>45</width>
          <height>45</height>
          <label>19031</label>
          <font>-</font>
          <texturefocus>osd/OSDChannelDownFO.png</texturefocus>
          <texturenofocus>osd/OSDChannelDownNF.png</texturenofocus>
          <onleft>600</onleft>
          <onright>602</onright>
          <onup>701</onup>
          <ondown>701</ondown>
          <onclick>PlayerControl(Next)</onclick>
        </control>
        <control type="button" id="602">
          <left>100</left>
          <top>0</top>
          <width>45</width>
          <height>45</height>
          <label>31354</label>
          <font>-</font>
          <texturefocus>osd/OSDRewindFO.png</texturefocus>
          <texturenofocus>osd/OSDRewindNF.png</texturenofocus>
          <onleft>601</onleft>
          <onright>603</onright>
          <onup>702</onup>
          <ondown>702</ondown>
          <onclick>PlayerControl(Rewind)</onclick>
        </control>
        <control type="togglebutton" id="603">
          <left>150</left>
          <top>0</top>
          <width>45</width>
          <height>45</height>
          <label>31351</label>
          <altlabel>208</altlabel>
          <font>-</font>
          <texturefocus>osd/OSDPauseFO.png</texturefocus>
          <texturenofocus>osd/OSDPauseNF.png</texturenofocus>
          <usealttexture>Player.Paused | Player.Forwarding | Player.Rewinding</usealttexture>
          <alttexturefocus>osd/OSDPlayFO.png</alttexturefocus>
          <alttexturenofocus>osd/OSDPlayNF.png</alttexturenofocus>
          <onleft>602</onleft>
          <onright>604</onright>
          <onup>702</onup>
          <ondown>702</ondown>
          <onclick>PlayerControl(Play)</onclick>
        </control>
        <control type="button" id="604">
          <left>200</left>
          <top>0</top>
          <width>45</width>
          <height>45</height>
          <label>31352</label>
          <font>-</font>
          <texturefocus>osd/OSDStopFO.png</texturefocus>
          <texturenofocus>osd/OSDStopNF.png</texturenofocus>
          <onleft>603</onleft>
          <onright>605</onright>
          <onup>703</onup>
          <ondown>703</ondown>
          <onclick>PlayerControl(Stop)</onclick>
        </control>
        <control type="button" id="605">
          <left>250</left>
          <top>0</top>
          <width>45</width>
          <height>45</height>
          <label>31353</label>
          <font>-</font>
          <texturefocus>osd/OSDForwardFO.png</texturefocus>
          <texturenofocus>osd/OSDForwardNF.png</texturenofocus>
          <onleft>604</onleft>
          <onright>606</onright>
          <onup>703</onup>
          <ondown>703</ondown>
          <onclick>PlayerControl(Forward)</onclick>
        </control>
        <control type="button" id="606">
          <left>300</left>
          <top>0</top>
          <width>45</width>
          <height>45</height>
          <label>19019</label>
          <font>-</font>
          <texturefocus>osd/OSDChannelListFO.png</texturefocus>
          <texturenofocus>osd/OSDChannelListNF.png</texturenofocus>
          <onleft>605</onleft>
          <onright>607</onright>
          <onup>704</onup>
          <ondown>704</ondown>
          <onclick>ActivateWindow(PVROSDChannels)</onclick>
          <onclick>Dialog.Close(VideoOSD)</onclick>
        </control>
        <control type="button" id="607">
          <left>350</left>
          <top>0</top>
          <width>45</width>
          <height>45</height>
          <label>$LOCALIZE[19029]$INFO[VideoPlayer.ChannelName, - ]</label>
          <font>-</font>
          <texturefocus>osd/OSDepgFO.png</texturefocus>
          <texturenofocus>osd/OSDepgNF.png</texturenofocus>
          <onleft>606</onleft>
          <onright>600</onright>
          <onup>704</onup>
          <ondown>704</ondown>
          <onclick>ActivateWindow(PVROSDGuide)</onclick>
          <onclick>Dialog.Close(VideoOSD)</onclick>
        </control>
      </control>
      <control type="label">
        <left>20</left>
        <top>60</top>
        <width>460</width>
        <height>25</height>
        <label>$INFO[System.CurrentControl]</label>
        <scroll>true</scroll>
        <align>left</align>
        <aligny>center</aligny>
        <font>Font_Neon_20</font>
        <textcolor>grey</textcolor>
        <shadowcolor>black</shadowcolor>
        <!--	<visible>Window.IsTopmost(VideoOSD)</visible> -->
      </control>
      <control type="label">
        <left>1260</left>
        <top>60</top>
        <width>460</width>
        <height>25</height>
        <label>$INFO[VideoPlayer.Time] - $INFO[VideoPlayer.Duration]</label>
        <scroll>true</scroll>
        <align>right</align>
        <aligny>center</aligny>
        <font>Font_Neon_20</font>
        <textcolor>grey</textcolor>
        <shadowcolor>black</shadowcolor>
      </control>
    </control>
    <include>Time</include>
    <include>Finish_Time</include>
    <!-- STEREOSCOPIC 3D LiveTV -->
    <control type="button" id="570">
      <description>Fake button for mouse control</description>
      <right>180</right>
      <top>0</top>
      <width>256</width>
      <height>210</height>
      <label>-</label>
      <font>-</font>
      <texturenofocus>-</texturenofocus>
      <texturefocus>-</texturefocus>
      <visible>Control.HasFocus(570) | Control.HasFocus(705) | ControlGroup(550).HasFocus</visible>
    </control>
    <control type="image">
      <description>background image</description>
      <right>220</right>
      <top>-5</top>
      <width>200</width>
      <height>103</height>
      <colordiffuse>mainblue</colordiffuse>
      <texture border="40">DialogBackwht.png</texture>
      <visible>Control.HasFocus(570) | Control.HasFocus(705) | ControlGroup(550).HasFocus</visible>
      </control>
    <control type="image">
      <description>background image</description>
      <right>220</right>
      <top>-5</top>
      <width>200</width>
      <height>103</height>
      <colordiffuse>mainblue</colordiffuse>
      <texture border="40">DialogBack.png</texture>
      <visible>Control.HasFocus(570) | Control.HasFocus(705) | ControlGroup(550).HasFocus</visible>
    </control>
    <control type="grouplist" id="550">
      <visible>videoplayer.isstereoscopic + ![Window.IsVisible(SliderDialog) | Window.IsVisible(OSDVideoSettings) | Window.IsVisible(OSDAudioSettings) | Window.IsVisible(VideoBookmarks) | Window.IsVisible(PVROSDChannels) | Window.IsVisible(PVROSDGuide)]</visible>
      <animation effect="fade" time="200">VisibleChange</animation>
      <right>215</right>
      <top>3</top>
      <width>185</width>
      <height>220</height>
      <itemgap>0</itemgap>
      <onleft>705</onleft>
      <onright>700</onright>
      <onup>551</onup>
      <ondown>553</ondown>
      <orientation>vertical</orientation>
      <visible>Control.HasFocus(705) | ControlGroup(550).HasFocus | Control.HasFocus(570)</visible>
      <include>VisibleFadeEffect</include>
      <control type="label">
        <width>185</width>
        <height>20</height>
        <font>Font_Neon_16_Bold</font>
        <label>36501</label>
        <textcolor>mainblue</textcolor>
        <textoffsetx>10</textoffsetx>
        <aligny>center</aligny>
      </control>
      <control type="image">
        <description>separator</description>
        <width>160</width>
        <height>5</height>
        <aspectratio>keep</aspectratio>
        <colordiffuse>mainblue</colordiffuse>
        <texture>separator2.png</texture>
      </control>
      <control type="radiobutton" id="553">
        <height>20</height>
        <width>185</width>
        <aligny>center</aligny>
        <font>Font_Neon_16_Bold</font>
        <label>31362</label>
        <onclick>ToggleStereoMode</onclick>
        <selected>IntegerGreaterThan(System.StereoscopicMode,0)</selected>
        <focusedcolor>selected</focusedcolor>
        <pulseonselect>false</pulseonselect>
        <radiowidth>60</radiowidth>
      </control>
      <control type="button" id="552">
        <height>20</height>
        <width>185</width>
        <aligny>center</aligny>
        <font>Font_Neon_16_Bold</font>
        <focusedcolor>selected</focusedcolor>
        <pulseonselect>false</pulseonselect>
        <label>31361</label>
        <onclick>StereoMode</onclick>
      </control>
      <control type="radiobutton" id="551">
        <height>20</height>
        <width>185</width>
        <aligny>center</aligny>
        <font>Font_Neon_16_Bold</font>
        <label>31360</label>
        <onclick>StereoModeToMono</onclick>
        <selected>StringCompare(System.StereoscopicMode,7)</selected>
        <focusedcolor>selected</focusedcolor>
        <pulseonselect>false</pulseonselect>
        <radiowidth>60</radiowidth>
      </control>
    </control>
  </controls>
</window>