<?xml version="1.0" encoding="UTF-8"?>
<includes>
  <include name="Viewtype_Files">
    <!-- List View -->
    <control type="group">
      <visible>Control.IsVisible(50)</visible>
      <include>VisibleFadeEffect</include>
      <include>ContentPanelBackgrounds</include>
      <control type="list" id="50">
        <left>70</left>
        <top>78</top>
        <width>690</width>
        <height>561</height>
        <onleft>7000</onleft>
        <onright>60</onright>
        <onup>50</onup>
        <ondown>50</ondown>
        <viewtype label="$LOCALIZE[31135]">list</viewtype>
        <pagecontrol>60</pagecontrol>
        <scrolltime>200</scrolltime>
        <visible>![Window.IsVisible(VideoLibrary) + Container.Content(TVShows) + Skin.HasSetting(TVShowsUsePosters)]</visible>
        <itemlayout height="40" width="580">
          <control type="image">
            <left>0</left>
            <top>0</top>
            <width>690</width>
            <height>41</height>
            <texture border="0,2,0,2">MenuItemNF.png</texture>
          </control>
          <control type="label">
            <left>10</left>
            <top>0</top>
            <width>660</width>
            <height>40</height>
            <font>Font_Neon_20</font>
            <textcolor>grey2</textcolor>
            <selectedcolor>selected</selectedcolor>
            <align>left</align>
            <aligny>center</aligny>
            <label>$INFO[ListItem.Label]</label>
          </control>
          <control type="label">
            <left>680</left>
            <top>0</top>
            <width>400</width>
            <height>40</height>
            <font>Font_Neon_20</font>
            <textcolor>grey2</textcolor>
            <selectedcolor>selected</selectedcolor>
            <align>right</align>
            <aligny>center</aligny>
            <label>$INFO[ListItem.Label2]</label>
            <visible>!Window.IsVisible(Videos)</visible>
          </control>
          <control type="label">
            <left>620</left>
            <top>0</top>
            <width>400</width>
            <height>40</height>
            <font>Font_Neon_20</font>
            <textcolor>grey2</textcolor>
            <selectedcolor>selected</selectedcolor>
            <align>right</align>
            <aligny>center</aligny>
            <label>$INFO[ListItem.Label2]</label>
            <visible>Window.IsVisible(Videos)</visible>
            <animation effect="slide" start="0,0" end="40,0" delay="0" time="0" condition="![Container.Content(Movies) | Container.Content(Episodes) | Container.Content(MusicVideos)]">conditional</animation>
          </control>
          <control type="image">
            <left>625</left>
            <top>8</top>
            <width>40</width>
            <height>26</height>
            <texture>$INFO[ListItem.VideoResolution,flagging/video/,.png]</texture>
            <aspectratio>keep</aspectratio>
            <visible>Window.IsVisible(Videos) + [Container.Content(Movies) | Container.Content(Episodes) | Container.Content(MusicVideos)]</visible>
          </control>
          <control type="image">
            <left>665</left>
            <top>10</top>
            <width>25</width>
            <height>25</height>
            <texture>dialogs/movies/$INFO[ListItem.Overlay]</texture>
            <visible>Window.IsVisible(Videos) + [[Container.Content(Movies) | Container.Content(MusicVideos) | Container.Content(Files)] + !Skin.HasSetting(DisableMovieOverlays)]
            | [[Container.Content(TVShows) | Container.Content(Episodes) | Container.Content(Seasons)] + !Skin.HasSetting(DisableTvOverlays)]</visible>
          </control>
        </itemlayout>
        <focusedlayout height="40" width="580">
          <control type="image">
            <left>0</left>
            <top>0</top>
            <width>690</width>
            <height>41</height>
            <texture border="0,2,0,2">MenuItemNF.png</texture>
            <visible>!Control.HasFocus(50)</visible>
            <include>VisibleFadeEffect</include>
          </control>
          <control type="image">
            <left>0</left>
            <top>0</top>
            <width>690</width>
            <height>41</height>
            <colordiffuse>mainblue</colordiffuse>
            <texture border="0,2,0,2">MenuItemFO.png</texture>
            <visible>Control.HasFocus(50)</visible>
            <include>VisibleFadeEffect</include>
          </control>
          <control type="image">
            <left>490</left>
            <top>4</top>
            <width>200</width>
            <height>33</height>
            <texture border="0,0,14,0">MediaItemDetailBG.png</texture>
            <visible>Control.HasFocus(50) + !IsEmpty(ListItem.Label2)</visible>
          </control>
          <control type="label">
            <left>10</left>
            <top>0</top>
            <width>660</width>
            <height>40</height>
            <font>Font_Neon_20</font>
            <textcolor>white</textcolor>
            <selectedcolor>selected</selectedcolor>
            <align>left</align>
            <aligny>center</aligny>
            <label>$INFO[ListItem.Label]</label>
          </control>
          <control type="label">
            <left>680</left>
            <top>0</top>
            <width>400</width>
            <height>40</height>
            <font>Font_Neon_20</font>
            <textcolor>grey2</textcolor>
            <selectedcolor>selected</selectedcolor>
            <align>right</align>
            <aligny>center</aligny>
            <label>$INFO[ListItem.Label2]</label>
            <visible>!Window.IsVisible(Videos)</visible>
          </control>
          <control type="label">
            <left>620</left>
            <top>0</top>
            <width>400</width>
            <height>40</height>
            <font>Font_Neon_20</font>
            <textcolor>grey2</textcolor>
            <selectedcolor>selected</selectedcolor>
            <align>right</align>
            <aligny>center</aligny>
            <label>$INFO[ListItem.Label2]</label>
            <visible>Window.IsVisible(Videos)</visible>
            <animation effect="slide" start="0,0" end="40,0" delay="0" time="0" condition="![Container.Content(Movies) | Container.Content(Episodes) | Container.Content(MusicVideos)]">conditional</animation>
          </control>
          <control type="image">
            <left>625</left>
            <top>8</top>
            <width>40</width>
            <height>26</height>
            <texture>$INFO[ListItem.VideoResolution,flagging/video/,.png]</texture>
            <aspectratio>keep</aspectratio>
            <visible>Window.IsVisible(Videos) + [Container.Content(Movies) | Container.Content(Episodes) | Container.Content(MusicVideos)]</visible>
          </control>
          <control type="image">
            <left>665</left>
            <top>10</top>
            <width>25</width>
            <height>25</height>
            <texture>dialogs/movies/$INFO[ListItem.Overlay]</texture>
            <visible>Window.IsVisible(Videos) + [[Container.Content(Movies) | Container.Content(MusicVideos) | Container.Content(Files)] + !Skin.HasSetting(DisableMovieOverlays)]
            | [[Container.Content(TVShows) | Container.Content(Episodes) | Container.Content(Seasons)] + !Skin.HasSetting(DisableTvOverlays)]</visible>
          </control>
        </focusedlayout>
      </control>
      <control type="scrollbar" id="60">
        <left>760</left>
        <top>85</top>
        <width>25</width>
        <height>550</height>
        <texturesliderbackground border="0,14,0,14">ScrollBarV.png</texturesliderbackground>
        <texturesliderbar border="0,14,0,14">ScrollBarV_bar.png</texturesliderbar>
        <texturesliderbarfocus border="0,14,0,14" colordiffuse="mainblue">ScrollBarV_bar_focus.png</texturesliderbarfocus>
        <textureslidernib>ScrollBarNib.png</textureslidernib>
        <textureslidernibfocus>ScrollBarNib.png</textureslidernibfocus>
        <onleft>50</onleft>
        <onright>2</onright>
        <showonepage>false</showonepage>
        <orientation>vertical</orientation>
        <visible>Control.IsVisible(50)</visible>
      </control>
      <control type="group">
        <left>850</left>
        <top>100</top>
        <include>VisibleFadeEffect</include>
        <visible>Control.IsVisible(50) + !Control.IsVisible(61)</visible>
        <control type="image">
          <left>0</left>
          <top>0</top>
          <width>360</width>
          <height>540</height>
          <aspectratio aligny="bottom">keep</aspectratio>
          <fadetime>IconCrossfadeTime</fadetime>
          <texture background="true">$VAR[PosterThumb]</texture>
          <bordertexture border="8">ThumbShadow.png</bordertexture>
          <bordersize>8</bordersize>
        </control>
        <control type="image">
          <left>8</left>
          <top>532</top>
          <width>344</width>
          <height>524</height>
          <aspectratio aligny="top">keep</aspectratio>
          <fadetime>IconCrossfadeTime</fadetime>
          <texture diffuse="diffuse_mirror3.png" flipy="true" background="true">$VAR[PosterThumb]</texture>
        </control>
        <control type="image">
          <left>-25</left>
          <top>10</top>
          <width>400</width>
          <height>155</height>
          <texture>$INFO[Skin.String(Music_Folder_Path)]$INFO[ListItem.Artist]/logo.png</texture>
          <aspectratio>keep</aspectratio>
        </control>
      </control>
    </control>
  </include>
  <include name="ThumbnailView">
    <control type="group">
      <visible>Control.IsVisible(500)</visible>
      <animation effect="slide" start="0,0" end="-500,0" time="200" delay="600" condition="Player.HasVideo">Conditional</animation>
      <control type="image">
        <left>90</left>
        <top>60</top>
        <width>1110</width>
        <height>590</height>
        <texture border="0,2,0,2">black-back.png</texture>
      </control>
      <control type="group">
        <include>VisibleFadeEffect</include>
        <control type="panel" id="500">
          <left>90</left>
          <top>80</top>
          <width>1080</width>
          <height>558</height>
          <onleft>7000</onleft>
          <onright>60</onright>
          <onup>500</onup>
          <ondown>500</ondown>
          <viewtype label="21371">list</viewtype>
          <pagecontrol>60</pagecontrol>
          <scrolltime>200</scrolltime>
          <preloaditems>2</preloaditems>
          <itemlayout condition="!Container.Content(Movies) + !Container.Content(Seasons) + !Container.Content(TVShows) + !Container.Content(Sets)" height="186" width="216">
            <control type="image">
              <left>1</left>
              <top>0</top>
              <width>214</width>
              <height>160</height>
              <bordertexture border="5">button-nofocus.png</bordertexture>
              <bordersize>5</bordersize>
              <texture background="true">$INFO[Listitem.Icon]</texture>
              <visible>!Container.Content(Episodes)</visible>
            </control>
            <control type="image">
              <left>1</left>
              <top>0</top>
              <width>214</width>
              <height>160</height>
              <aspectratio>scale</aspectratio>
              <bordertexture border="5">button-nofocus.png</bordertexture>
              <bordersize>5</bordersize>
              <texture background="true">$INFO[Listitem.Icon]</texture>
              <visible>Container.Content(Episodes)</visible>
            </control>
            <control type="label">
              <left>3</left>
              <top>160</top>
              <width>208</width>
              <height>25</height>
              <font>Font_Neon_20</font>
              <textcolor>grey2</textcolor>
              <selectedcolor>selected</selectedcolor>
              <align>center</align>
              <aligny>center</aligny>
              <info>ListItem.Label</info>
            </control>
            <control type="image">
              <left>180</left>
              <top>130</top>
              <width>25</width>
              <height>25</height>
              <aspectratio>keep</aspectratio>
              <texture>dialogs/movies/$INFO[ListItem.Overlay]</texture>
              <visible>Window.IsVisible(Videos) + [[Container.Content(Movies) | Container.Content(MusicVideos) | Container.Content(Files)] + !Skin.HasSetting(DisableMovieOverlays)]
              | [[Container.Content(TVShows) | Container.Content(Episodes) | Container.Content(Seasons)] + !Skin.HasSetting(DisableTvOverlays)]</visible>
            </control>
          </itemlayout>
          <focusedlayout condition="!Container.Content(Movies) + !Container.Content(Seasons) + !Container.Content(TVShows) + !Container.Content(Sets)" height="186" width="216">
            <control type="image">
              <left>1</left>
              <top>0</top>
              <width>214</width>
              <height>160</height>
              <bordertexture border="5">folder-focus.png</bordertexture>
              <bordersize>5</bordersize>
              <texture background="true">$INFO[Listitem.Icon]</texture>
              <visible>!Container.Content(Episodes)</visible>
            </control>
            <control type="image">
              <left>1</left>
              <top>0</top>
              <width>214</width>
              <height>160</height>
              <aspectratio>scale</aspectratio>
              <bordertexture border="5">folder-focus.png</bordertexture>
              <bordersize>5</bordersize>
              <texture background="true">$INFO[Listitem.Icon]</texture>
              <visible>Container.Content(Episodes)</visible>
            </control>
            <control type="label">
              <left>3</left>
              <top>160</top>
              <width>208</width>
              <height>25</height>
              <font>Font_Neon_20</font>
              <textcolor>white</textcolor>
              <selectedcolor>selected</selectedcolor>
              <align>center</align>
              <aligny>center</aligny>
              <info>ListItem.Label</info>
            </control>
            <control type="image">
              <left>180</left>
              <top>130</top>
              <width>25</width>
              <height>25</height>
              <aspectratio>keep</aspectratio>
              <texture>dialogs/movies/$INFO[ListItem.Overlay]</texture>
              <visible>Window.IsVisible(Videos) + [[Container.Content(Movies) | Container.Content(MusicVideos) | Container.Content(Files)] + !Skin.HasSetting(DisableMovieOverlays)]
              | [[Container.Content(TVShows) | Container.Content(Episodes) | Container.Content(Seasons)] + !Skin.HasSetting(DisableTvOverlays)]</visible>
            </control>
          </focusedlayout>
          <itemlayout condition="Container.Content(Movies) | Container.Content(Seasons) | Container.Content(TVShows) | Container.Content(Sets)" height="186" width="216">
            <control type="image">
              <left>1</left>
              <top>0</top>
              <width>214</width>
              <height>186</height>
              <bordertexture border="5">button-nofocus.png</bordertexture>
              <bordersize>5</bordersize>
              <texture background="true">$VAR[PosterThumb]</texture>
            </control>
            <control type="label">
              <left>108</left>
              <top>186</top>
              <width>200</width>
              <height>25</height>
              <font>Font_Neon_20</font>
              <textcolor>grey2</textcolor>
              <selectedcolor>selected</selectedcolor>
              <align>center</align>
              <aligny>center</aligny>
              <info>ListItem.Label</info>
            </control>
            <control type="image">
              <left>180</left>
              <top>130</top>
              <width>25</width>
              <height>25</height>
              <aspectratio>keep</aspectratio>
              <texture>dialogs/movies/$INFO[ListItem.Overlay]</texture>
              <visible>Window.IsVisible(Videos) + [[Container.Content(Movies) | Container.Content(MusicVideos) | Container.Content(Files)] + !Skin.HasSetting(DisableMovieOverlays)]
              | [[Container.Content(TVShows) | Container.Content(Episodes) | Container.Content(Seasons)] + !Skin.HasSetting(DisableTvOverlays)]</visible>
            </control>
          </itemlayout>
          <focusedlayout condition="Container.Content(Movies) | Container.Content(Seasons) | Container.Content(TVShows) | Container.Content(Sets)" height="186" width="216">
            <control type="image">
              <left>1</left>
              <top>0</top>
              <width>214</width>
              <height>186</height>
              <bordertexture border="5">folder-focus.png</bordertexture>
              <bordersize>5</bordersize>
              <texture background="true">$VAR[PosterThumb]</texture>
            </control>
            <control type="label">
              <left>108</left>
              <top>186</top>
              <width>200</width>
              <height>25</height>
              <font>Font_Neon_20</font>
              <textcolor>white</textcolor>
              <selectedcolor>selected</selectedcolor>
              <align>center</align>
              <aligny>center</aligny>
              <info>ListItem.Label</info>
            </control>
            <control type="image">
              <left>180</left>
              <top>130</top>
              <width>25</width>
              <height>25</height>
              <aspectratio>keep</aspectratio>
              <texture>dialogs/movies/$INFO[ListItem.Overlay]</texture>
              <visible>Window.IsVisible(Videos) + [[Container.Content(Movies) | Container.Content(MusicVideos) | Container.Content(Files)] + !Skin.HasSetting(DisableMovieOverlays)]
              | [[Container.Content(TVShows) | Container.Content(Episodes) | Container.Content(Seasons)] + !Skin.HasSetting(DisableTvOverlays)]</visible>
            </control>
          </focusedlayout>
        </control>
        <control type="scrollbar" id="60">
          <left>1170</left>
          <top>80</top>
          <width>25</width>
          <height>550</height>
          <texturesliderbackground border="0,14,0,14">ScrollBarV.png</texturesliderbackground>
          <texturesliderbar border="2,16,2,16">ScrollBarV_bar.png</texturesliderbar>
          <texturesliderbarfocus border="2,16,2,16" colordiffuse="mainblue">ScrollBarV_bar_focus.png</texturesliderbarfocus>
          <textureslidernib>ScrollBarNib.png</textureslidernib>
          <textureslidernibfocus>ScrollBarNib.png</textureslidernibfocus>
          <onleft>500</onleft>
          <onright>500</onright>
          <showonepage>false</showonepage>
          <orientation>vertical</orientation>
          <visible>Control.IsVisible(500)</visible>
        </control>
      </control>
    </control>
  </include>
  <include name="WideIconView">
    <control type="group">
      <visible>Control.IsVisible(505)</visible>
      <include>VisibleFadeEffect</include>
      <control type="panel" id="505">
        <visible>!Container.Content(LiveTV) + !Container.Content(Movies) + !Container.Content(Episodes) + !Container.Content(Seasons) + !Container.Content(MusicVideos) + !Container.Content(Addons) + !Skin.HasSetting(TVShowsUsePosters)</visible>
        <left>95</left>
        <top>80</top>
        <width>1080</width>
        <height>550</height>
        <onleft>2</onleft>
        <onright>60</onright>
        <onup>505</onup>
        <ondown>505</ondown>
        <viewtype label="$LOCALIZE[539] $LOCALIZE[536]">list</viewtype>
        <pagecontrol>60</pagecontrol>
        <scrolltime>200</scrolltime>
        <preloaditems>2</preloaditems>
        <itemlayout height="110" width="540">
          <control type="image">
            <left>1</left>
            <top>0</top>
            <width>538</width>
            <height>105</height>
            <bordertexture border="5">button-nofocus.png</bordertexture>
            <bordersize>5</bordersize>
            <texture background="true">$INFO[Listitem.Icon]</texture>
          </control>
          <control type="image">
            <left>500</left>
            <top>70</top>
            <width>25</width>
            <height>25</height>
            <aspectratio>keep</aspectratio>
            <texture>dialogs/movies/$INFO[ListItem.Overlay]</texture>
            <visible>[[Container.Content(Movies) | Container.Content(MusicVideos) | Container.Content(Files)] + !Skin.HasSetting(DisableMovieOverlays)]
            | [[Container.Content(TVShows) | Container.Content(Episodes) | Container.Content(Seasons)] + !Skin.HasSetting(DisableTvOverlays)]</visible>
          </control>
        </itemlayout>
        <focusedlayout height="110" width="540">
          <control type="image">
            <left>1</left>
            <top>0</top>
            <width>538</width>
            <height>105</height>
            <bordertexture border="5">folder-focus.png</bordertexture>
            <bordersize>5</bordersize>
            <texture background="true">$INFO[Listitem.Icon]</texture>
          </control>
          <control type="image">
            <left>500</left>
            <top>70</top>
            <width>25</width>
            <height>25</height>
            <aspectratio>keep</aspectratio>
            <texture>dialogs/movies/$INFO[ListItem.Overlay]</texture>
            <visible>[[Container.Content(Movies) | Container.Content(MusicVideos) | Container.Content(Files)] + !Skin.HasSetting(DisableMovieOverlays)]
            | [[Container.Content(TVShows) | Container.Content(Episodes) | Container.Content(Seasons)] + !Skin.HasSetting(DisableTvOverlays)]</visible>
          </control>
        </focusedlayout>
      </control>
      <control type="scrollbar" id="60">
        <left>1170</left>
        <top>80</top>
        <width>25</width>
        <height>550</height>
        <texturesliderbackground border="0,14,0,14">ScrollBarV.png</texturesliderbackground>
        <texturesliderbar border="2,16,2,16">ScrollBarV_bar.png</texturesliderbar>
        <texturesliderbarfocus border="2,16,2,16" colordiffuse="mainblue">ScrollBarV_bar_focus.png</texturesliderbarfocus>
        <textureslidernib>ScrollBarNib.png</textureslidernib>
        <textureslidernibfocus>ScrollBarNib.png</textureslidernibfocus>
        <onleft>505</onleft>
        <onright>2</onright>
        <showonepage>false</showonepage>
        <orientation>vertical</orientation>
        <visible>Control.IsVisible(505)</visible>
      </control>
    </control>
  </include>
</includes>