<?xml version="1.0" encoding="UTF-8"?>
<!--Alaska-->
<includes>
  <include name="Viewtype_3daddon">
    <control type="fixedlist" id="56">
      <left>-30</left>
      <top>250</top>
      <height>615</height>
      <width>1400</width>
      <!-- 1400 -->
      <onleft>56</onleft>
      <onright>56</onright>
      <onup>7000</onup>
      <ondown>66</ondown>
      <viewtype label="3d Square">list</viewtype>
      <orientation>horizontal</orientation>
      <focusposition>3</focusposition>
      <scrolltime>400</scrolltime>
      <preloaditems>2</preloaditems>
      <pagecontrol>66</pagecontrol>
      <include>Animation_ZoomInZoomOut</include>
      <include>Animation_HiddenByInfo</include>
      <animation effect="slide" end="0,40" time="0" condition="Skin.HasSetting(3dmusic_Fanart)">conditional</animation>
      <!--<visible>Window.IsVisible(AddonBrowser.xml) | Container.Content(albums) | Window.IsActive(Programs)</visible>-->
      <camera x="1340" y="380" />
      <animation effect="rotatey" center="50" start="8" end="8" time="0" condition="true">Conditional</animation>
      <visible></visible>
      <itemlayout width="176" height="245">
        <control type="group">
          <left>150</left>
          <top>60</top>
          <animation effect="fade" start="100" end="0" time="400" delay="2800" condition="Skin.HasSetting(PosterPlus) + Container.Content(movies) + !Skin.HasSetting(Poster_Fanart) + ![Container(56).OnNext | Container(56).OnPrevious]">Conditional</animation>
          <control type="image">
            <left>-2</left>
            <top>133</top>
            <width>26</width>
            <height>160</height>
            <texture>movie-poster/newcase.png</texture>
            <aspectratio scalediffuse="false">stretch</aspectratio>
          </control>
          <control type="image">
            <left>-2</left>
            <top>284</top>
            <width>40</width>
            <height>304</height>
            <texture>movie-poster/test2.png</texture>
            <colordiffuse>89FFFFFF</colordiffuse>
            <aspectratio scalediffuse="false">stretch</aspectratio>
          </control>
          <control type="image">
            <left>-149</left>
            <top>131</top>
            <width>162</width>
            <height>162</height>
            <texture>movie-poster/music_square_diffuse.png</texture>
          </control>
          <control type="image">
            <left>-149</left>
            <top>131</top>
            <width>162</width>
            <height>162</height>
            <texture background="true" diffuse="movie-poster/music_square_diffuse.png">$INFO[ListItem.Icon]</texture>
            <fadetime>200</fadetime>
            <aspectratio scalediffuse="false">stretch</aspectratio>
            <visible>!Container.Content(Genres)</visible>
          </control>
          <control type="image">
            <left>-149</left>
            <top>131</top>
            <width>162</width>
            <height>162</height>
            <texture background="true" fallback="extras/musicgenres/default.jpg" diffuse="movie-poster/music_square_diffuse.png">extras/musicgenres/$INFO[ListItem.Label].jpg</texture>
            <fadetime>200</fadetime>
            <aspectratio scalediffuse="false">stretch</aspectratio>
            <visible>Container.Content(Genres)</visible>
          </control>
          <control type="image">
            <left>-150</left>
            <top>290</top>
            <width>162</width>
            <height>162</height>
            <texture flipy="true">movie-poster/posterview_diffuse_border.png</texture>
            <fadetime>200</fadetime>
            <colordiffuse>89FFFFFF</colordiffuse>
            <aspectratio scalediffuse="false">stretch</aspectratio>
            <animation effect="fade" start="0" end="30" time="0" condition="true">Conditional</animation>
          </control>
          <control type="image">
            <left>-150</left>
            <top>290</top>
            <width>162</width>
            <height>162</height>
            <texture background="true" flipy="true" diffuse="movie-poster/music_square_diffuse.png">$INFO[ListItem.Icon]</texture>
            <fadetime>200</fadetime>
            <colordiffuse>89FFFFFF</colordiffuse>
            <aspectratio scalediffuse="false">stretch</aspectratio>
            <visible>!Container.Content(Genres)</visible>
          </control>
          <control type="image">
            <left>-150</left>
            <top>290</top>
            <width>162</width>
            <height>162</height>
            <texture background="true" fallback="extras/musicgenres/default.jpg" flipy="true" diffuse="movie-poster/music_square_diffuse.png">extras/musicgenres/$INFO[ListItem.Label].jpg</texture>
            <fadetime>200</fadetime>
            <colordiffuse>89FFFFFF</colordiffuse>
            <aspectratio scalediffuse="false">stretch</aspectratio>
            <visible>Container.Content(Genres)</visible>
          </control>
        </control>
      </itemlayout>
      <focusedlayout width="220" height="515">
        <control type="group">
          <left>140</left>
          <top>60</top>
          <animation effect="zoom" start="100" end="120" time="600" delay="2800" condition="Skin.HasSetting(PosterPlus) + Container.Content(movies) + !Skin.HasSetting(Poster_Fanart) + ![Container(56).OnNext | Container(56).OnPrevious]">Conditional</animation>
          <animation effect="slide" start="0,0" end="-280,-80" time="600" delay="2800" condition="Skin.HasSetting(PosterPlus) + Container.Content(movies) + !Skin.HasSetting(Poster_Fanart) + ![Container(56).OnNext | Container(56).OnPrevious]">Conditional</animation>
          <control type="image">
            <left>44</left>
            <top>93</top>
            <width>36</width>
            <height>206</height>
            <texture>movie-poster/newcase.png</texture>
            <aspectratio scalediffuse="false">stretch</aspectratio>
            <animation type="Focus" reversible="false">
              <effect type="zoom" center="60,238" start="80" end="100" time="600" tween="back" easing="out" />
              <effect type="fade" start="0" end="100" time="600" />
            </animation>
          </control>
          <control type="image">
            <left>48</left>
            <top>289</top>
            <width>48</width>
            <height>304</height>
            <texture>movie-poster/test2.png</texture>
            <aspectratio scalediffuse="false">stretch</aspectratio>
            <animation type="Focus" reversible="false">
              <effect type="zoom" center="60,238" start="80" end="100" time="600" tween="back" easing="out" />
              <effect type="fade" start="0" end="800" time="800" />
            </animation>
          </control>
          <control type="image">
            <left>-148</left>
            <top>90</top>
            <width>211</width>
            <height>211</height>
            <texture>movie-poster/music_square_diffuse.png</texture>
            <fadetime>200</fadetime>
            <aspectratio scalediffuse="false">stretch</aspectratio>
            <animation type="Focus" reversible="false">
              <effect type="zoom" center="60,238" start="80" end="100" time="600" tween="back" easing="out" />
            </animation>
          </control>
          <!--<control type="image">
						<left>-148</left>
						<top>302</top>
						<width>211</width>
						<height>211</height>
						<texture flipy="true">movie-poster/music_square_diffuse.png</texture>
						<colordiffuse>ff000000</colordiffuse>
						<aspectratio scalediffuse="false">stretch</aspectratio>
						<animation type="Focus" reversible="false">
							<effect type="zoom" center="60,238" start="80" end="100" time="600" tween="back" easing="out" />
							<effect type="fade" start="0" end="100" time="600" />
						</animation>
					</control>-->
          <control type="image">
            <left>-148</left>
            <top>90</top>
            <width>211</width>
            <height>211</height>
            <texture background="true" diffuse="movie-poster/music_square_diffuse.png">$INFO[ListItem.Icon]</texture>
            <fadetime>200</fadetime>
            <aspectratio scalediffuse="false">stretch</aspectratio>
            <animation type="Focus" reversible="false">
              <effect type="zoom" center="60,238" start="80" end="100" time="600" tween="back" easing="out" />
            </animation>
            <visible>!Container.Content(Genres)</visible>
          </control>
          <control type="image">
            <left>-148</left>
            <top>90</top>
            <width>211</width>
            <height>211</height>
            <texture background="true" fallback="extras/musicgenres/default.jpg" diffuse="movie-poster/music_square_diffuse.png">extras/musicgenres/$INFO[ListItem.Label].jpg</texture>
            <fadetime>200</fadetime>
            <aspectratio scalediffuse="false">stretch</aspectratio>
            <animation type="Focus" reversible="false">
              <effect type="zoom" center="60,238" start="80" end="100" time="600" tween="back" easing="out" />
            </animation>
            <visible>Container.Content(Genres)</visible>
          </control>
          <control type="image">
            <left>-146</left>
            <top>298</top>
            <width>211</width>
            <height>211</height>
            <texture flipy="true">movie-poster/music_square_diffuse.png</texture>
            <fadetime>200</fadetime>
            <aspectratio scalediffuse="false">stretch</aspectratio>
            <animation type="Focus" reversible="false">
              <effect type="zoom" center="60,238" start="80" end="100" time="600" tween="back" easing="out" />
              <effect type="fade" start="0" end="30" time="600" />
            </animation>
          </control>
          <control type="image">
            <left>-148</left>
            <top>298</top>
            <width>211</width>
            <height>211</height>
            <texture background="true" flipy="true" diffuse="movie-poster/music_square_diffuse.png">$INFO[ListItem.Icon]</texture>
            <fadetime>200</fadetime>
            <aspectratio scalediffuse="false">stretch</aspectratio>
            <animation type="Focus" reversible="false">
              <effect type="zoom" center="60,238" start="80" end="100" time="600" tween="back" easing="out" />
              <effect type="fade" start="0" end="70" time="600" />
            </animation>
            <visible>!Container.Content(Genres)</visible>
          </control>
          <control type="image">
            <left>-148</left>
            <top>298</top>
            <width>211</width>
            <height>211</height>
            <texture background="true" fallback="extras/musicgenres/default.jpg" flipy="true" diffuse="movie-poster/music_square_diffuse.jpg">extras/musicgenres/$INFO[ListItem.Label].jpg</texture>
            <fadetime>200</fadetime>
            <aspectratio scalediffuse="false">stretch</aspectratio>
            <animation type="Focus" reversible="false">
              <effect type="zoom" center="60,238" start="80" end="100" time="600" tween="back" easing="out" />
              <effect type="fade" start="0" end="70" time="600" />
            </animation>
            <visible>Container.Content(Genres)</visible>
          </control>
        </control>
      </focusedlayout>
    </control>
    <control type="image">
      <visible>Control.IsVisible(56) + !Skin.HasSetting(Poster_Fanart)</visible>
      <left>0</left>
      <top>0</top>
      <width>1280</width>
      <height>720</height>
      <texture>movie-poster/last-overlay.png</texture>
      <aspectratio>stretch</aspectratio>
    </control>
    <control type="group">
      <include>Animation_HiddenByInfo</include>
      <include>Animation_Viewtype_Showcase_ThumbArea</include>
      <visible>Control.IsVisible(56) + Container.Content(albums)</visible>
      <control type="image">
        <visible>Skin.HasSetting(3dmusic_Fanart)</visible>
        <left>0</left>
        <top>0</top>
        <width>1280</width>
        <height>160</height>
        <texture>movie-poster/Poster_Fanart_Title_Back.png</texture>
        <aspectratio>stretch</aspectratio>
      </control>
      <control type="label">
        <left>20</left>
        <top>30</top>
        <width>1200</width>
        <height>50</height>
        <aligny>center</aligny>
        <font>Font_Neon_40</font>
        <textcolor>mainblue</textcolor>
        <label>[B]$INFO[ListItem.Album][/B]</label>
      </control>
      <control type="label">
        <left>20</left>
        <top>60</top>
        <width>604</width>
        <height>50</height>
        <aligny>center</aligny>
        <font>Font_Neon_26</font>
        <textcolor>ffffffff</textcolor>
        <label>$INFO[ListItem.artist]</label>
      </control>
      <control type="label">
        <left>20</left>
        <top>85</top>
        <width>604</width>
        <height>50</height>
        <aligny>center</aligny>
        <font>Font_Neon_26</font>
        <textcolor>ffffffff</textcolor>
        <label>$INFO[ListItem.year]</label>
      </control>
    </control>
    <control type="group">
      <include>Animation_HiddenByInfo</include>
      <include>Animation_Viewtype_Showcase_ThumbArea</include>
      <visible>Control.IsVisible(56) + !Container.Content(albums)</visible>
      <control type="label">
        <left>20</left>
        <top>30</top>
        <width>1200</width>
        <height>50</height>
        <aligny>center</aligny>
        <font>Font_Neon_40</font>
        <textcolor>mainblue</textcolor>
        <label>[B]$INFO[ListItem.Label][/B]</label>
      </control>
      <control type="label">
        <left>20</left>
        <top>60</top>
        <width>604</width>
        <height>50</height>
        <aligny>center</aligny>
        <font>Font_Neon_26</font>
        <textcolor>ffffffff</textcolor>
        <label>$INFO[ListItem.Label2]</label>
      </control>
    </control>
    <control type="image">
      <left>0</left>
      <top>528</top>
      <width>1280</width>
      <height>192</height>
      <texture>common/scrollbar_back.png</texture>
      <visible>Control.IsVisible(56) + Control.HasFocus(66)</visible>
    </control>
    <control type="scrollbar" id="66">
      <include>Animation_ZoomInZoomOut</include>
      <left>100</left>
      <top>900</top>
      <width>1080</width>
      <height>25</height>
      <visible allowhiddenfocus="true">Control.IsVisible(56) + Control.HasFocus(66)</visible>
      <texturesliderbackground>osd/osd_progress_back1.png</texturesliderbackground>
      <textureslidernibfocus>ScrollBarV_Nib_Focus.png</textureslidernibfocus>
      <onup>56</onup>
      <ondown>56</ondown>
      <showonepage>true</showonepage>
      <orientation>horizontal</orientation>
      <include>Animation_CommonFade</include>
      <animation effect="slide" start="0,0" end="0,-220" time="400" tween="cubic" easing="inout" condition="Control.HasFocus(66)">Conditional</animation>
    </control>
  </include>
</includes>