<?xml version="1.0" encoding="UTF-8"?>
<!--Alaska-->
<includes>
  <include name="Viewtype_Shelf">
    <control type="panel" id="51">
      <viewtype label="Shelf">icon</viewtype>
      <left>50</left>
      <top>20</top>
      <width>1280</width>
      <height>760</height>
      <scrolltime>0</scrolltime>
      <orientation>vertical</orientation>
      <onright>61</onright>
      <onleft>7000</onleft>
      <pagecontrol>61</pagecontrol>
      <visible>!Skin.HasSetting(no_Shelf) + Container.Content(albums)</visible>
      <animation effect="slide" end="0,-60" time="800" tween="cubic" easing="inout" condition="!Container(51).Row(0)">Conditional</animation>
      <itemlayout width="170" height="130">
        <control type="group">
          <top>40</top>
          <control type="image">
            <left>0</left>
            <top>0</top>
            <width>170</width>
            <height>170</height>
            <texture>wall/musicwallmatte.png</texture>
            <colordiffuse>black</colordiffuse>
          </control>
          <control type="image">
            <left>-10</left>
            <top>-18</top>
            <width>185</width>
            <height>33</height>
            <texture>music/shelf_ledge_back1.png</texture>
            <aspectratio scalediffuse="false">stretch</aspectratio>
          </control>
          <control type="image">
            <left>0</left>
            <top>0</top>
            <width>170</width>
            <height>170</height>
            <fadetime>200</fadetime>
            <texture background="true" diffuse="wall/musicwallmatte.png">$INFO[ListItem.Icon]</texture>
            <aspectratio scalediffuse="false">stretch</aspectratio>
            <animation type="Conditional" reversible="false" condition="true">
              <effect type="fade" start="0" end="40" time="0" />
            </animation>
          </control>
          <control type="image">
            <left>16</left>
            <top>16</top>
            <width>172</width>
            <height>172</height>
            <texture>wall/musicwallframeNF.png</texture>
            <colordiffuse>WallIconDiffuse</colordiffuse>
          </control>
        </control>
      </itemlayout>
      <focusedlayout width="170" height="500">
        <control type="group">
          <top>40</top>
          <control type="image">
            <left>-80</left>
            <top>-176</top>
            <width>335</width>
            <height>367</height>
            <texture>music/shelf_back1.png</texture>
            <aspectratio scalediffuse="false">stretch</aspectratio>
            <animation type="Focus" reversible="false">
              <effect type="fade" start="0" end="100" time="600" />
            </animation>
            <animation type="UnFocus" reversible="false">
              <effect type="fade" start="100" end="0" time="0" />
            </animation>
            <animation effect="slide" end="0,-60" time="0" tween="cubic" easing="inout" condition="Container(51).Row(0)">Conditional</animation>
          </control>
          <control type="image">
            <left>0</left>
            <top>-40</top>
            <width>170</width>
            <height>170</height>
            <texture background="true" diffuse="wall/musicwallmatte.png">$INFO[ListItem.Icon]</texture>
            <!--<colordiffuse>WallIconDiffuse</colordiffuse>-->
            <aspectratio scalediffuse="false">stretch</aspectratio>
            <animation type="Focus" reversible="false">
              <effect type="slide" start="0,0" end="0,-40" time="200" />
            </animation>
            <animation type="UnFocus" reversible="false">
              <effect type="slide" start="0,0" end="0,40" time="300" />
            </animation>
          </control>
          <control type="image">
            <left>30</left>
            <top>102</top>
            <width>100</width>
            <height>18</height>
            <aspectratio>keep</aspectratio>
            <texture>$INFO[ListItem.StarRating]</texture>
            <colordiffuse>mainblue</colordiffuse>
            <animation type="Focus" reversible="false">
              <effect type="fade" start="0" end="100" time="100" delay="300" />
            </animation>
            <animation type="UnFocus" reversible="false">
              <effect type="fade" start="100" end="0" time="0" />
            </animation>
          </control>
        </control>
      </focusedlayout>
    </control>
    <control type="group">
      <visible>Control.IsVisible(51)</visible>
      <control type="image">
        <left>0</left>
        <top>0</top>
        <width>1280</width>
        <height>720</height>
        <texture>music/shelf_overlay.png</texture>
      </control>
      <control type="label">
        <left>0</left>
        <top>672</top>
        <width>1280</width>
        <height>50</height>
        <align>center</align>
        <aligny>center</aligny>
        <font>Font_Neon_40</font>
        <textcolor>mainblue</textcolor>
        <label>"[B]$INFO[ListItem.Label][/B]"</label>
        <include>Animation_Bartowski_Context_Zoom</include>
        <visible></visible>
      </control>
    </control>
    <control type="scrollbar" id="61">
      <include>Animation_ZoomInZoomOut</include>
      <left>1280</left>
      <top>100</top>
      <width>25</width>
      <height>460</height>
      <visible allowhiddenfocus="true">Control.IsVisible(51) + Control.HasFocus(61)</visible>
      <texturesliderbackground border="0,14,0,14">ScrollBarV.png</texturesliderbackground>
      <textureslidernibfocus>ScrollBarV_Nib_Focus.png</textureslidernibfocus>
      <onleft>51</onleft>
      <showonepage>true</showonepage>
      <orientation>vertical</orientation>
      <include>Animation_CommonFade</include>
      <animation effect="slide" start="0,0" end="-40,0" time="400" tween="cubic" easing="inout" condition="Control.HasFocus(61)">Conditional</animation>
    </control>
  </include>
</includes>