<?xml version="1.0" encoding="UTF-8"?>
<includes>
  <include name="MediaListView3">
    <control type="group">
      <control type="image">
        <left>0</left>
        <top>-5</top>
        <width>1280</width>
        <height>725</height>
        <texture border="0,5,0,0">ContentPanel4.png</texture>
        <include>VisibleFadeEffect</include>
        <visible>Control.IsVisible(503)</visible>
      </control>
      <visible>Control.IsVisible(503)</visible>
      <include>VisibleFadeEffect</include>
      <control type="fixedlist" id="503">
        <left>660</left>
        <top>260</top>
        <width>580</width>
        <height>401</height>
        <onleft>7000</onleft>
        <onright>60</onright>
        <onup>503</onup>
        <ondown>503</ondown>
        <focusposition>4</focusposition>
        <viewtype label="$LOCALIZE[31138]">list</viewtype>
        <pagecontrol>60</pagecontrol>
        <scrolltime>200</scrolltime>
        <visible>![Window.IsActive(Programs) | Window.IsActive(musicplaylist)]</visible>
        <itemlayout height="40" width="580">
          <control type="image">
            <left>0</left>
            <top>0</top>
            <width>580</width>
            <height>41</height>
            <texture border="0,2,0,2">MenuItemNF.png</texture>
          </control>
          <control type="label">
            <left>15</left>
            <top>0</top>
            <width>520</width>
            <height>40</height>
            <font>Font_Neon_24</font>
            <textcolor>grey2</textcolor>
            <selectedcolor>selected</selectedcolor>
            <align>left</align>
            <aligny>center</aligny>
            <label>$INFO[ListItem.Label]</label>
          </control>
          <control type="label">
            <left>535</left>
            <top>0</top>
            <width>500</width>
            <height>40</height>
            <font>Font_Neon_18</font>
            <textcolor>grey2</textcolor>
            <selectedcolor>selected</selectedcolor>
            <align>right</align>
            <aligny>center</aligny>
            <label>$INFO[ListItem.Label2]</label>
          </control>
          <control type="image">
            <left>545</left>
            <top>8</top>
            <width>25</width>
            <height>25</height>
            <texture>dialogs/movies/$INFO[ListItem.Overlay]</texture>
            <visible>Window.IsVisible(Videos) + [[Container.Content(Movies) | Container.Content(MusicVideos) | Container.Content(Files)] + !Skin.HasSetting(DisableMovieOverlays)]
            | [[Container.Content(TVShows) | Container.Content(Episodes) | Container.Content(Seasons)] + !Skin.HasSetting(DisableTvOverlays)]</visible>
          </control>
        </itemlayout>
        <focusedlayout height="40" width="580">
          <control type="image">
            <left>0</left>
            <top>0</top>
            <width>580</width>
            <height>41</height>
            <texture border="0,2,0,2">MenuItemNF.png</texture>
            <visible>!Control.HasFocus(503)</visible>
            <include>VisibleFadeEffect</include>
          </control>
          <control type="image">
            <left>0</left>
            <top>0</top>
            <width>580</width>
            <height>41</height>
            <colordiffuse>mainblue</colordiffuse>
            <texture>MenuItemFOR.png</texture>
            <visible>Control.HasFocus(503)</visible>
            <include>VisibleFadeEffect</include>
          </control>
          <control type="image">
            <left>370</left>
            <top>5</top>
            <width>200</width>
            <height>31</height>
            <texture border="0,0,14,0">MediaItemDetailBG.png</texture>
            <visible>Control.HasFocus(503) + !IsEmpty(ListItem.Label2)</visible>
          </control>
          <control type="label">
            <left>15</left>
            <top>0</top>
            <width>520</width>
            <height>40</height>
            <font>Font_Neon_24</font>
            <textcolor>white</textcolor>
            <selectedcolor>selected</selectedcolor>
            <align>left</align>
            <aligny>center</aligny>
            <label>$INFO[ListItem.Label]</label>
          </control>
          <control type="label">
            <left>535</left>
            <top>0</top>
            <width>500</width>
            <height>40</height>
            <font>Font_Neon_18</font>
            <textcolor>grey2</textcolor>
            <selectedcolor>selected</selectedcolor>
            <align>right</align>
            <aligny>center</aligny>
            <label>$INFO[ListItem.Label2]</label>
          </control>
          <control type="image">
            <left>545</left>
            <top>8</top>
            <width>25</width>
            <height>25</height>
            <texture>dialogs/movies/$INFO[ListItem.Overlay]</texture>
            <visible>Window.IsVisible(Videos) + [[Container.Content(Movies) | Container.Content(MusicVideos) | Container.Content(Files)] + !Skin.HasSetting(DisableMovieOverlays)]
            | [[Container.Content(TVShows) | Container.Content(Episodes) | Container.Content(Seasons)] + !Skin.HasSetting(DisableTvOverlays)]</visible>
          </control>
        </focusedlayout>
      </control>
      <control type="scrollbar" id="60">
        <left>1230</left>
        <top>260</top>
        <width>25</width>
        <height>400</height>
        <texturesliderbackground border="0,14,0,14">ScrollBarV.png</texturesliderbackground>
        <texturesliderbar border="0,14,0,14">ScrollBarV_bar.png</texturesliderbar>
        <texturesliderbarfocus border="0,14,0,14" colordiffuse="mainblue">ScrollBarV_bar_focus.png</texturesliderbarfocus>
        <textureslidernib>ScrollBarNib.png</textureslidernib>
        <textureslidernibfocus>ScrollBarNib.png</textureslidernibfocus>
        <onleft>503</onleft>
        <onright>2</onright>
        <showonepage>false</showonepage>
        <orientation>vertical</orientation>
        <visible>Control.IsVisible(503)</visible>
      </control>
      <control type="group">
        <left>50</left>
        <top>250</top>
        <visible>Container.Content(TVShows) + !Skin.HasSetting(tvposters)</visible>
        <control type="image" id="7019">
          <left>0</left>
          <top>0</top>
          <width>600</width>
          <height>130</height>
          <aspectratio aligny="bottom">keep</aspectratio>
          <fadetime>IconCrossfadeTime</fadetime>
          <texture background="true">$VAR[BannerThumb]</texture>
          <bordertexture border="8">ThumbShadow.png</bordertexture>
          <bordersize>8</bordersize>
        </control>
        <control type="image" id="7020">
          <left>8</left>
          <top>122</top>
          <width>584</width>
          <height>114</height>
          <aspectratio aligny="top">keep</aspectratio>
          <fadetime>IconCrossfadeTime</fadetime>
          <texture background="true" flipy="true" diffuse="diffuse_mirror2.png">$VAR[BannerThumb]</texture>
        </control>
        <control type="image">
          <left>0</left>
          <top>0</top>
          <width>600</width>
          <height>130</height>
          <aspectratio aligny="bottom">keep</aspectratio>
          <fadetime>IconCrossfadeTime</fadetime>
          <texture background="true">$INFO[ListItem.Icon]</texture>
          <bordertexture border="8">ThumbShadow.png</bordertexture>
          <bordersize>8</bordersize>
          <visible>IsEmpty(Control.GetLabel(7019))</visible>
        </control>
        <control type="image" id="7020">
          <left>8</left>
          <top>122</top>
          <width>584</width>
          <height>114</height>
          <aspectratio aligny="top">keep</aspectratio>
          <fadetime>IconCrossfadeTime</fadetime>
          <texture background="true" flipy="true" diffuse="diffuse_mirror2.png">$INFO[ListItem.Icon]</texture>
          <visible>IsEmpty(Control.GetLabel(7020))</visible>
        </control>
        <control type="image">
          <left>560</left>
          <top>90</top>
          <width>25</width>
          <height>25</height>
          <aspectratio>keep</aspectratio>
          <texture>dialogs/movies/$INFO[ListItem.Overlay]</texture>
          <visible>[[Container.Content(Movies) | Container.Content(MusicVideos) | Container.Content(Files)] + !Skin.HasSetting(DisableMovieOverlays)]
            | [[Container.Content(TVShows) | Container.Content(Episodes) | Container.Content(Seasons)] + !Skin.HasSetting(DisableTvOverlays)]</visible>
        </control>
        <control type="label">
          <description>Episodes txt</description>
          <left>0</left>
          <top>145</top>
          <width>140</width>
          <height>25</height>
          <label>$LOCALIZE[20360]:</label>
          <align>right</align>
          <aligny>center</aligny>
          <font>Font_Neon_24</font>
          <textcolor>mainblue</textcolor>
        </control>
        <control type="label">
          <description>Episodes Value</description>
          <left>150</left>
          <top>145</top>
          <width>440</width>
          <height>25</height>
          <label fallback="416">$INFO[listitem.episode] [COLOR=grey] ($INFO[ListItem.Property(WatchedEpisodes),, $LOCALIZE[16102]] - $INFO[ListItem.Property(UnWatchedEpisodes), , $LOCALIZE[16101]])[/COLOR]</label>
          <align>left</align>
          <aligny>center</aligny>
          <font>Font_Neon_24</font>
          <scroll>true</scroll>
        </control>
        <control type="label">
          <description>Aired txt</description>
          <left>0</left>
          <top>170</top>
          <width>140</width>
          <height>25</height>
          <label>$LOCALIZE[20416]:</label>
          <align>right</align>
          <aligny>center</aligny>
          <font>Font_Neon_24</font>
          <textcolor>mainblue</textcolor>
        </control>
        <control type="label">
          <description>Aired Value</description>
          <left>150</left>
          <top>170</top>
          <width>440</width>
          <height>25</height>
          <label fallback="416">$INFO[listitem.premiered]</label>
          <align>left</align>
          <aligny>center</aligny>
          <font>Font_Neon_24</font>
          <scroll>true</scroll>
        </control>
        <control type="label">
          <description>Genre txt</description>
          <left>0</left>
          <top>195</top>
          <width>140</width>
          <height>25</height>
          <label>$LOCALIZE[515]:</label>
          <align>right</align>
          <aligny>center</aligny>
          <font>Font_Neon_24</font>
          <textcolor>mainblue</textcolor>
        </control>
        <control type="label">
          <description>Genre Value</description>
          <left>150</left>
          <top>195</top>
          <width>440</width>
          <height>25</height>
          <label fallback="416">$INFO[listitem.Genre]</label>
          <align>left</align>
          <aligny>center</aligny>
          <font>Font_Neon_24</font>
          <scroll>true</scroll>
        </control>
        <control type="image">
          <left>0</left>
          <top>232</top>
          <width>550</width>
          <height>4</height>
          <texture>separator.png</texture>
        </control>
        <control type="textbox">
          <description>Description Value for TVShows</description>
          <left>0</left>
          <top>252</top>
          <width>600</width>
          <height>158</height>
          <font>Font_Neon_18</font>
          <align>justify</align>
          <textcolor>white</textcolor>
          <label>$INFO[ListItem.Plot]</label>
          <autoscroll time="2000" delay="3000" repeat="5000">Skin.HasSetting(AutoScroll)</autoscroll>
        </control>
      </control>
      <control type="group">
        <left>80</left>
        <top>170</top>
        <visible>Container.Content(TVShows) + Skin.HasSetting(tvposters)</visible>
        <control type="group">
          <left>15</left>
          <camera x="640" y="200" />
          <animation effect="rotatey" center="90" start="-30" end="-30" time="0" condition="true">Conditional</animation>
          <control type="image">
            <left>0</left>
            <top>0</top>
            <width>260</width>
            <height>480</height>
            <aspectratio aligny="bottom">stretch</aspectratio>
            <fadetime>IconCrossfadeTime</fadetime>
            <texture background="true">$INFO[ListItem.Icon]</texture>
            <bordertexture border="8">ThumbShadow.png</bordertexture>
            <bordersize>8</bordersize>
          </control>
          <control type="image">
            <left>8</left>
            <top>8</top>
            <width>180</width>
            <height>350</height>
            <aspectratio>stretch</aspectratio>
            <texture>GlassOverlay.png</texture>
            <colordiffuse>AAFFFFFF</colordiffuse>
          </control>
          <control type="image">
            <left>8</left>
            <top>472</top>
            <width>244</width>
            <height>464</height>
            <aspectratio aligny="top">stretch</aspectratio>
            <fadetime>IconCrossfadeTime</fadetime>
            <texture background="true" flipy="true" diffuse="diffuse_mirror2.png">$INFO[ListItem.Icon]</texture>
          </control>
        </control>
        <control type="label">
          <description>Episodes Count</description>
          <left>320</left>
          <top>320</top>
          <width>250</width>
          <height>25</height>
          <label>$INFO[ListItem.Episode,, $LOCALIZE[20453]]</label>
          <align>left</align>
          <aligny>center</aligny>
          <font>Font_Neon_24</font>
          <textcolor>white</textcolor>
          <shadowcolor>black</shadowcolor>
        </control>
        <control type="label">
          <description>Watched Count</description>
          <left>320</left>
          <top>380</top>
          <width>250</width>
          <height>25</height>
          <label>$INFO[ListItem.Property(WatchedEpisodes),, $LOCALIZE[16102]]</label>
          <align>left</align>
          <aligny>center</aligny>
          <font>Font_Neon_24</font>
          <textcolor>grey2</textcolor>
          <shadowcolor>black</shadowcolor>
        </control>
        <control type="label">
          <description>UnWatched Count</description>
          <left>320</left>
          <top>400</top>
          <width>250</width>
          <height>25</height>
          <label>$INFO[ListItem.Property(UnWatchedEpisodes),, $LOCALIZE[16101]]</label>
          <align>left</align>
          <aligny>center</aligny>
          <font>Font_Neon_24</font>
          <textcolor>grey2</textcolor>
          <shadowcolor>black</shadowcolor>
        </control>
      </control>
      <control type="group">
        <left>80</left>
        <top>170</top>
        <visible>Container.Content(Seasons)</visible>
        <control type="group">
          <left>15</left>
          <camera x="640" y="200" />
          <animation effect="rotatey" center="90" start="-30" end="-30" time="0" condition="true">Conditional</animation>
          <control type="image">
            <left>0</left>
            <top>0</top>
            <width>260</width>
            <height>480</height>
            <aspectratio aligny="bottom">stretch</aspectratio>
            <fadetime>IconCrossfadeTime</fadetime>
            <texture background="true">$INFO[ListItem.Icon]</texture>
            <bordertexture border="8">ThumbShadow.png</bordertexture>
            <bordersize>8</bordersize>
          </control>
          <control type="image">
            <left>8</left>
            <top>8</top>
            <width>180</width>
            <height>350</height>
            <aspectratio>stretch</aspectratio>
            <texture>GlassOverlay.png</texture>
            <colordiffuse>AAFFFFFF</colordiffuse>
          </control>
          <control type="image">
            <left>8</left>
            <top>472</top>
            <width>244</width>
            <height>464</height>
            <aspectratio aligny="top">stretch</aspectratio>
            <fadetime>IconCrossfadeTime</fadetime>
            <texture background="true" flipy="true" diffuse="diffuse_mirror2.png">$INFO[ListItem.Icon]</texture>
          </control>
        </control>
        <control type="label">
          <description>Main Label txt</description>
          <left>320</left>
          <top>260</top>
          <width>250</width>
          <height>25</height>
          <label>$INFO[ListItem.Label]</label>
          <align>left</align>
          <aligny>center</aligny>
          <font>Font_Neon_30</font>
          <textcolor>white</textcolor>
          <shadowcolor>black</shadowcolor>
        </control>
        <control type="label">
          <description>Episodes Count</description>
          <left>320</left>
          <top>320</top>
          <width>250</width>
          <height>25</height>
          <label>$INFO[ListItem.Episode,, $LOCALIZE[20453]]</label>
          <align>left</align>
          <aligny>center</aligny>
          <font>Font_Neon_24</font>
          <textcolor>white</textcolor>
          <shadowcolor>black</shadowcolor>
        </control>
        <control type="label">
          <description>Watched Count</description>
          <left>320</left>
          <top>380</top>
          <width>250</width>
          <height>25</height>
          <label>$INFO[ListItem.Property(WatchedEpisodes),, $LOCALIZE[16102]]</label>
          <align>left</align>
          <aligny>center</aligny>
          <font>Font_Neon_24</font>
          <textcolor>grey2</textcolor>
          <shadowcolor>black</shadowcolor>
        </control>
        <control type="label">
          <description>UnWatched Count</description>
          <left>320</left>
          <top>400</top>
          <width>250</width>
          <height>25</height>
          <label>$INFO[ListItem.Property(UnWatchedEpisodes),, $LOCALIZE[16101]]</label>
          <align>left</align>
          <aligny>center</aligny>
          <font>Font_Neon_24</font>
          <textcolor>grey2</textcolor>
          <shadowcolor>black</shadowcolor>
        </control>
      </control>
      <control type="group">
        <left>50</left>
        <top>250</top>
        <visible>Container.Content(Episodes)</visible>
        <control type="image">
          <left>0</left>
          <top>0</top>
          <width>600</width>
          <height>210</height>
          <aspectratio aligny="bottom">keep</aspectratio>
          <fadetime>IconCrossfadeTime</fadetime>
          <texture background="true">$INFO[ListItem.Icon]</texture>
          <bordertexture border="8">ThumbShadow.png</bordertexture>
          <bordersize>8</bordersize>
        </control>
        <control type="image">
          <left>8</left>
          <top>202</top>
          <width>600</width>
          <height>194</height>
          <aspectratio aligny="top">keep</aspectratio>
          <fadetime>IconCrossfadeTime</fadetime>
          <texture background="true" flipy="true" diffuse="diffuse_mirror2.png">$INFO[ListItem.Icon]</texture>
        </control>
        <control type="grouplist">
          <description>Media Codec Flagging Images</description>
          <left>0</left>
          <top>210</top>
          <width>600</width>
          <align>center</align>
          <itemgap>0</itemgap>
          <orientation>horizontal</orientation>
          <include>StudioFlags</include>
          <include>VideoTypeHackFlaggingConditions</include>
          <include>VideoCodecFlaggingConditions</include>
          <include>AspectCodecFlaggingConditions</include>
          <include>AudioCodecFlaggingConditions</include>
          <include>AudioChannelsFlaggingConditions</include>
        </control>
        <control type="label">
          <description>INFO txt</description>
          <left>0</left>
          <top>245</top>
          <width>600</width>
          <height>25</height>
          <label>$INFO[ListItem.Season,[COLOR=mainblue] $LOCALIZE[20373] :[/COLOR] ] $INFO[ListItem.episode,[COLOR=mainblue] $LOCALIZE[20359] :[/COLOR] ] $INFO[ListItem.premiered,[COLOR=mainblue] $LOCALIZE[31322] :[/COLOR] ]</label>
          <align>center</align>
          <font>Font_Neon_24</font>
          <textcolor>white</textcolor>
          <shadowcolor>black</shadowcolor>
          <wrapmultiline>true</wrapmultiline>
        </control>
        <control type="image">
          <left>0</left>
          <top>275</top>
          <width>600</width>
          <height>4</height>
          <texture>separator.png</texture>
        </control>
        <control type="textbox">
          <description>Description Value for TVShows</description>
          <left>0</left>
          <top>282</top>
          <width>600</width>
          <height>138</height>
          <font>Font_Neon_18</font>
          <align>justify</align>
          <textcolor>white</textcolor>
          <label>$INFO[ListItem.Plot]</label>
          <autoscroll time="2000" delay="3000" repeat="5000">Skin.HasSetting(AutoScroll)</autoscroll>
        </control>
      </control>
      <control type="group">
        <left>40</left>
        <top>170</top>
        <visible>Container.Content(Movies)</visible>
        <control type="group">
          <left>15</left>
          <camera x="640" y="200" />
          <animation effect="rotatey" center="50" start="-30" end="-30" time="0" condition="true">Conditional</animation>
          <control type="image">
            <left>0</left>
            <top>0</top>
            <width>260</width>
            <height>480</height>
            <aspectratio aligny="bottom">stretch</aspectratio>
            <fadetime>IconCrossfadeTime</fadetime>
            <texture background="true">$INFO[ListItem.Icon]</texture>
            <bordertexture border="8">ThumbShadow.png</bordertexture>
            <bordersize>8</bordersize>
          </control>
          <control type="image">
            <left>8</left>
            <top>8</top>
            <width>180</width>
            <height>350</height>
            <aspectratio>stretch</aspectratio>
            <texture>GlassOverlay.png</texture>
            <colordiffuse>AAFFFFFF</colordiffuse>
          </control>
          <control type="image">
            <left>8</left>
            <top>472</top>
            <width>244</width>
            <height>464</height>
            <aspectratio aligny="top">stretch</aspectratio>
            <fadetime>IconCrossfadeTime</fadetime>
            <texture background="true" flipy="true" diffuse="diffuse_mirror2.png">$INFO[ListItem.Icon]</texture>
          </control>
        </control>
        <control type="grouplist">
          <description>Media Codec Flagging Images</description>
          <left>0</left>
          <top>480</top>
          <width>590</width>
          <align>center</align>
          <itemgap>0</itemgap>
          <orientation>horizontal</orientation>
          <include>StudioFlags</include>
          <include>VideoTypeHackFlaggingConditions</include>
          <include>VideoCodecFlaggingConditions</include>
          <include>AspectCodecFlaggingConditions</include>
          <include>AudioCodecFlaggingConditions</include>
          <include>AudioChannelsFlaggingConditions</include>
        </control>
        <control type="textbox">
          <description>Description Value for Movie</description>
          <left>320</left>
          <top>82</top>
          <width>270</width>
          <height>368</height>
          <font>Font_Neon_18</font>
          <align>justify</align>
          <textcolor>white</textcolor>
          <label>$INFO[ListItem.Plot]</label>
          <autoscroll time="2000" delay="3000" repeat="5000">Skin.HasSetting(AutoScroll)</autoscroll>
        </control>
      </control>
      <control type="group">
        <left>200</left>
        <top>170</top>
        <visible>Control.IsVisible(503) + ![Window.IsActive(musicfiles) | Container.Content(movies) | Container.Content(Genres) | Container.Content(tvshows) | Container.Content(seasons) | Container.Content(episodes) | Container.Content(albums) | Container.Content(songs) | [Window.IsActive(musiclibrary) + Skin.HasSetting(music_files_fanart)]]</visible>
        <control type="group">
          <left>15</left>
          <control type="image">
            <left>0</left>
            <top>0</top>
            <width>260</width>
            <height>480</height>
            <aspectratio aligny="bottom">keep</aspectratio>
            <fadetime>IconCrossfadeTime</fadetime>
            <texture background="true">$INFO[ListItem.Icon]</texture>
            <bordertexture border="8">ThumbShadow.png</bordertexture>
            <bordersize>8</bordersize>
          </control>
          <control type="image">
            <left>8</left>
            <top>472</top>
            <width>244</width>
            <height>464</height>
            <aspectratio aligny="top">stretch</aspectratio>
            <fadetime>IconCrossfadeTime</fadetime>
            <texture background="true" flipy="true" diffuse="diffuse_mirror2.png">$INFO[ListItem.Icon]</texture>
          </control>
        </control>
        <control type="textbox">
          <description>Description Value for Movie</description>
          <left>320</left>
          <top>82</top>
          <width>270</width>
          <height>368</height>
          <font>Font_Neon_18</font>
          <align>justify</align>
          <textcolor>white</textcolor>
          <label>$INFO[ListItem.Plot]</label>
          <autoscroll time="2000" delay="3000" repeat="5000">Skin.HasSetting(AutoScroll)</autoscroll>
        </control>
      </control>
      <control type="group">
        <visible>Control.IsVisible(503) + [Window.IsVisible(MusicFiles) | Window.IsVisible(MusicPlaylist) |  Container.Content(Songs) | Container.Content(Albums)]</visible>
        <control type="image">
          <left>0</left>
          <top>300</top>
          <width>400</width>
          <height>300</height>
          <aspectratio aligny="bottom">keep</aspectratio>
          <fadetime>IconCrossfadeTime</fadetime>
          <texture background="true">$INFO[ListItem.Icon]</texture>
          <bordertexture border="8">ThumbShadow.png</bordertexture>
          <bordersize>8</bordersize>
        </control>
        <control type="image">
          <left>0</left>
          <top>590</top>
          <width>400</width>
          <height>100</height>
          <aspectratio>stretch</aspectratio>
          <texture>GlassTitleBar.png</texture>
          <colordiffuse>AAFFFFFF</colordiffuse>
        </control>
        <control type="image">
          <left>8</left>
          <top>592</top>
          <width>384</width>
          <height>284</height>
          <aspectratio aligny="top">keep</aspectratio>
          <fadetime>IconCrossfadeTime</fadetime>
          <texture background="true" flipy="true" diffuse="diffuse_mirror2.png">$INFO[ListItem.Icon]</texture>
        </control>
        <control type="label">
          <left>365</left>
          <top>330</top>
          <width>280</width>
          <height>25</height>
          <label>$INFO[ListItem.Artist]</label>
          <scroll>true</scroll>
          <align>center</align>
          <aligny>center</aligny>
          <font>Font_Neon_35</font>
          <textcolor>mainblue</textcolor>
          <shadowcolor>black</shadowcolor>
        </control>
        <control type="label">
          <left>365</left>
          <top>380</top>
          <width>280</width>
          <height>25</height>
          <label>$INFO[ListItem.Album]</label>
          <wrapmultiline>true</wrapmultiline>
          <align>center</align>
          <aligny>center</aligny>
          <font>Font_Neon_22</font>
          <textcolor>grey2</textcolor>
          <shadowcolor>black</shadowcolor>
        </control>
        <control type="label">
          <left>365</left>
          <top>430</top>
          <width>280</width>
          <height>25</height>
          <label>$INFO[ListItem.Title]</label>
          <scroll>true</scroll>
          <align>center</align>
          <font>Font_Neon_22</font>
          <textcolor>white</textcolor>
          <shadowcolor>black</shadowcolor>
          <wrapmultiline>true</wrapmultiline>
          <visible>!Container.Content(Albums)</visible>
        </control>
        <control type="label">
          <left>365</left>
          <top>430</top>
          <width>280</width>
          <height>25</height>
          <label>$INFO[ListItem.Genre]</label>
          <scroll>true</scroll>
          <align>center</align>
          <font>Font_Neon_22</font>
          <textcolor>white</textcolor>
          <shadowcolor>black</shadowcolor>
          <wrapmultiline>true</wrapmultiline>
          <visible>Container.Content(Albums)</visible>
        </control>
        <control type="label">
          <description>Trackno txt</description>
          <left>365</left>
          <top>490</top>
          <width>280</width>
          <height>25</height>
          <label>$INFO[listitem.TrackNumber,[COLOR=mainblue]$LOCALIZE[31724]: [/COLOR]]</label>
          <align>center</align>
          <aligny>center</aligny>
          <font>Font_Neon_22</font>
          <textcolor>white</textcolor>
          <visible>!Container.Content(Albums)</visible>
        </control>
        <control type="label">
          <description>Year txt</description>
          <left>365</left>
          <top>520</top>
          <width>280</width>
          <height>25</height>
          <label>$INFO[listitem.Year,[COLOR=mainblue]$LOCALIZE[345]: [/COLOR]]</label>
          <align>center</align>
          <aligny>center</aligny>
          <font>Font_Neon_22</font>
          <textcolor>white</textcolor>
        </control>
        <control type="image">
          <description>Rating value</description>
          <left>430</left>
          <top>550</top>
          <width>150</width>
          <height>30</height>
          <texture>LeftRating/$INFO[ListItem.StarRating]</texture>
        </control>
      </control>
    </control>
  </include>
</includes>