<?xml version="1.0" encoding="UTF-8"?>
<includes>
  <include name="PosterWrapView">
    <control type="group">
      <visible>Control.IsVisible(501)</visible>
      <include>VisibleFadeEffect</include>
      <left>0</left>
      <top>80</top>
      <control type="image">
        <left>240</left>
        <top>420</top>
        <width>800</width>
        <height>70</height>
        <aspectratio>stretch</aspectratio>
        <texture>GlassTitleBar.png</texture>
      </control>
      <control type="wraplist" id="501">
        <visible>Container.Content(Movies) | Container.Content(Seasons) | [Container.Content(TVShows) + Skin.HasSetting(TVPosters)] | Window.IsVisible(VideoFiles)</visible>
        <visible>!Container.Content(LiveTV)</visible>
        <left>-123</left>
        <top>0</top>
        <width>1526</width>
        <height>460</height>
        <onleft>57</onleft>
        <onright>57</onright>
        <onup>2</onup>
        <ondown>60</ondown>
        <viewtype label="31028">bigwrap</viewtype>
        <pagecontrol>60</pagecontrol>
        <scrolltime>200</scrolltime>
        <focusposition>3</focusposition>
        <orientation>horizontal</orientation>
        <preloaditems>4</preloaditems>
        <itemlayout height="310" width="218">
          <control type="image">
            <left>2</left>
            <top>40</top>
            <width>214</width>
            <height>310</height>
            <aspectratio>stretch</aspectratio>
            <bordertexture border="5">button-nofocus.png</bordertexture>
            <bordersize>4</bordersize>
            <texture background="true">$INFO[ListItem.Icon]</texture>
          </control>
          <control type="image">
            <left>175</left>
            <top>310</top>
            <width>35</width>
            <height>35</height>
            <aspectratio>keep</aspectratio>
            <texture>dialogs/movies/$INFO[ListItem.Overlay]</texture>
            <visible>Window.IsVisible(Videos) + [[Container.Content(Movies) | Container.Content(MusicVideos) | Container.Content(Files)] + !Skin.HasSetting(DisableMovieOverlays)]
            | [[Container.Content(TVShows) | Container.Content(Episodes) | Container.Content(Seasons)] + !Skin.HasSetting(DisableTvOverlays)]</visible>
          </control>
        </itemlayout>
        <focusedlayout height="310" width="218">
          <control type="image">
            <left>-2</left>
            <top>36</top>
            <width>222</width>
            <height>318</height>
            <aspectratio>stretch</aspectratio>
            <bordertexture border="8">ThumbBorder.png</bordertexture>
            <bordersize>8</bordersize>
            <texture background="true">$INFO[ListItem.Icon]</texture>
            <animation reversible="false" effect="zoom" start="-2,36,222,318" end="-28,0,284,390" time="200">focus</animation>
            <animation reversible="false" effect="zoom" end="-2,36,222,318" start="-28,0,284,390" time="200">unfocus</animation>
          </control>
          <control type="image">
            <left>6</left>
            <top>44</top>
            <width>170</width>
            <height>180</height>
            <aspectratio>stretch</aspectratio>
            <texture>GlassOverlay.png</texture>
            <animation reversible="false" effect="zoom" start="6,44,170,180" end="-24,4,240,250" time="200">focus</animation>
            <animation reversible="false" effect="zoom" end="6,44,170,180" start="-24,4,240,250" time="200">unfocus</animation>
          </control>
          <control type="image">
            <left>175</left>
            <top>310</top>
            <width>35</width>
            <height>35</height>
            <aspectratio>keep</aspectratio>
            <texture>dialogs/movies/$INFO[ListItem.Overlay]</texture>
            <visible>Window.IsVisible(Videos) + [[Container.Content(Movies) | Container.Content(MusicVideos) | Container.Content(Files)] + !Skin.HasSetting(DisableMovieOverlays)]
            | [[Container.Content(TVShows) | Container.Content(Episodes) | Container.Content(Seasons)] + !Skin.HasSetting(DisableTvOverlays)]</visible>
            <animation type="focus">
              <effect type="fade" start="0" end="100" time="200" />
              <effect type="slide" start="0,0" end="40,40" time="200" />
            </animation>
            <animation type="unfocus">
              <effect type="fade" start="100" end="0" time="200" />
              <effect type="slide" end="0,0" start="40,40" time="200" />
            </animation>
          </control>
        </focusedlayout>
      </control>
      <control type="scrollbar" id="60">
        <left>200</left>
        <top>390</top>
        <width>880</width>
        <height>25</height>
        <texturesliderbackground border="14,0,14,0">ScrollBarH.png</texturesliderbackground>
        <texturesliderbar border="14,0,14,0">ScrollBarH_bar.png</texturesliderbar>
        <texturesliderbarfocus border="14,0,14,0" colordiffuse="mainblue">ScrollBarH_bar_focus.png</texturesliderbarfocus>
        <textureslidernib>ScrollBarNib.png</textureslidernib>
        <textureslidernibfocus>ScrollBarNib.png</textureslidernibfocus>
        <onup>501</onup>
        <ondown>9000</ondown>
        <showonepage>false</showonepage>
        <orientation>horizontal</orientation>
        <visible>Control.IsVisible(501)</visible>
      </control>
    </control>
    <control type="group">
      <visible>Control.IsVisible(501) + Window.IsVisible(VideoFiles)</visible>
      <control type="label">
        <left>30</left>
        <top>530</top>
        <width>1220</width>
        <height>35</height>
        <font>Font_Neon_30</font>
        <textcolor>white</textcolor>
        <shadowcolor>black</shadowcolor>
        <scroll>true</scroll>
        <align>center</align>
        <aligny>center</aligny>
        <label>$INFO[ListItem.Label]</label>
      </control>
      <control type="label">
        <left>0</left>
        <top>580</top>
        <width>1280</width>
        <height>35</height>
        <font>font30</font>
        <textcolor>white</textcolor>
        <shadowcolor>black</shadowcolor>
        <scroll>true</scroll>
        <align>center</align>
        <aligny>center</aligny>
        <label>$INFO[ListItem.Label2]</label>
      </control>
    </control>
    <control type="group">
      <visible>[Control.IsVisible(501) + !Window.IsVisible(VideoFiles)] + Container.Content(Movies)</visible>
      <control type="label">
        <left>30</left>
        <top>510</top>
        <width>1220</width>
        <height>35</height>
        <font>Font_Neon_30</font>
        <textcolor>white</textcolor>
        <shadowcolor>black</shadowcolor>
        <scroll>true</scroll>
        <align>center</align>
        <aligny>center</aligny>
        <label>$INFO[ListItem.Label]</label>
      </control>
      <control type="label">
        <left>0</left>
        <top>550</top>
        <width>1280</width>
        <height>35</height>
        <font>font30</font>
        <textcolor>white</textcolor>
        <shadowcolor>black</shadowcolor>
        <scroll>true</scroll>
        <align>center</align>
        <aligny>center</aligny>
        <label>$INFO[ListItem.Year]</label>
      </control>
      <control type="image">
        <description>Rating value</description>
        <left>580</left>
        <top>590</top>
        <width>120</width>
        <height>24</height>
        <texture>CenterRating/$INFO[ListItem.StarRating]</texture>
      </control>
      <control type="grouplist">
        <description>Media Codec Flagging Images</description>
        <left>0</left>
        <top>620</top>
        <width>1280</width>
        <align>center</align>
        <itemgap>0</itemgap>
        <orientation>horizontal</orientation>
        <include>StudioFlags</include>
        <include>VideoTypeHackFlaggingConditions</include>
        <include>VideoCodecFlaggingConditions</include>
        <include>AspectCodecFlaggingConditions</include>
        <include>AudioCodecFlaggingConditions</include>
        <include>AudioChannelsFlaggingConditions</include>
      </control>
      <control type="label">
        <left>0</left>
        <top>650</top>
        <width>1280</width>
        <height>35</height>
        <font>Font_Neon_20</font>
        <textcolor>white</textcolor>
        <shadowcolor>black</shadowcolor>
        <scroll>true</scroll>
        <align>center</align>
        <aligny>center</aligny>
        <label>$INFO[ListItem.Duration,$LOCALIZE[2050] , $LOCALIZE[12391]]</label>
      </control>
    </control>
    <control type="group">
      <visible>[Control.IsVisible(501) + !Window.IsVisible(VideoFiles)] + Container.Content(Seasons)</visible>
      <control type="label">
        <left>30</left>
        <top>530</top>
        <width>1220</width>
        <height>35</height>
        <font>Font_Neon_30</font>
        <textcolor>white</textcolor>
        <scroll>true</scroll>
        <align>center</align>
        <aligny>center</aligny>
        <label>$INFO[ListItem.Label]</label>
      </control>
      <control type="label">
        <left>0</left>
        <top>570</top>
        <width>1280</width>
        <height>35</height>
        <font>font30</font>
        <textcolor>white</textcolor>
        <scroll>true</scroll>
        <align>center</align>
        <aligny>center</aligny>
        <label>$INFO[ListItem.TVShowTitle]</label>
      </control>
      <control type="label">
        <left>0</left>
        <top>610</top>
        <width>1280</width>
        <height>35</height>
        <font>Font_Neon_20</font>
        <textcolor>white</textcolor>
        <scroll>true</scroll>
        <align>center</align>
        <aligny>center</aligny>
        <label>$INFO[ListItem.Episode,, $LOCALIZE[20453]]</label>
      </control>
      <control type="label">
        <left>0</left>
        <top>640</top>
        <width>1280</width>
        <height>35</height>
        <font>Font_Neon_16</font>
        <textcolor>white</textcolor>
        <scroll>true</scroll>
        <align>center</align>
        <aligny>center</aligny>
        <label>($INFO[ListItem.Property(WatchedEpisodes),, $LOCALIZE[16102]] - $INFO[ListItem.Property(UnWatchedEpisodes), , $LOCALIZE[16101]])</label>
      </control>
    </control>
    <control type="group">
      <visible>[Control.IsVisible(501) + !Window.IsVisible(VideoFiles)] + Container.Content(TVShows)</visible>
      <control type="label">
        <left>30</left>
        <top>530</top>
        <width>1220</width>
        <height>35</height>
        <font>Font_Neon_30</font>
        <textcolor>white</textcolor>
        <scroll>true</scroll>
        <align>center</align>
        <aligny>center</aligny>
        <label>$INFO[ListItem.Label]</label>
      </control>
      <control type="label">
        <left>0</left>
        <top>570</top>
        <width>1280</width>
        <height>35</height>
        <font>font30</font>
        <textcolor>white</textcolor>
        <scroll>true</scroll>
        <align>center</align>
        <aligny>center</aligny>
        <label>$INFO[ListItem.Genre]</label>
      </control>
      <control type="label">
        <left>0</left>
        <top>610</top>
        <width>1280</width>
        <height>35</height>
        <font>Font_Neon_20</font>
        <textcolor>white</textcolor>
        <scroll>true</scroll>
        <align>center</align>
        <aligny>center</aligny>
        <label>$INFO[ListItem.Episode,, $LOCALIZE[20453]]</label>
      </control>
      <control type="label">
        <left>0</left>
        <top>640</top>
        <width>1280</width>
        <height>35</height>
        <font>Font_Neon_16</font>
        <textcolor>white</textcolor>
        <scroll>true</scroll>
        <align>center</align>
        <aligny>center</aligny>
        <label>($INFO[ListItem.Property(WatchedEpisodes),, $LOCALIZE[16102]] - $INFO[ListItem.Property(UnWatchedEpisodes), , $LOCALIZE[16101]])</label>
      </control>
    </control>
  </include>
  <include name="PosterWrapView2_Fanart">
    <control type="group">
      <include>ContentPanelBackgrounds</include>
      <visible>Control.IsVisible(508)</visible>
    </control>
    <control type="group">
      <visible>Control.IsVisible(508)</visible>
      <include>VisibleFadeEffect</include>
      <left>0</left>
      <top>445</top>
      <control type="fixedlist" id="508">
        <visible>Container.Content(Movies) | [Container.Content(TVShows) + Skin.HasSetting(TVPosters)]</visible>
        <left>-20</left>
        <top>0</top>
        <width>1320</width>
        <height>250</height>
        <onleft>508</onleft>
        <onright>508</onright>
        <onup>7000</onup>
        <ondown>2</ondown>
        <viewtype label="Poster Wrap">wrap</viewtype>
        <pagecontrol>60</pagecontrol>
        <scrolltime>200</scrolltime>
        <focusposition>5</focusposition>
        <movement>3</movement>
        <orientation>horizontal</orientation>
        <preloaditems>4</preloaditems>
        <itemlayout height="200" width="120">
          <control type="image">
            <left>2</left>
            <top>20</top>
            <width>120</width>
            <height>160</height>
            <aspectratio>stretch</aspectratio>
            <bordertexture border="5">button-nofocus.png</bordertexture>
            <bordersize>4</bordersize>
            <fadetime>200</fadetime>
            <texture background="true">$INFO[ListItem.Icon]</texture>
          </control>
          <control type="image">
            <left>6</left>
            <top>24</top>
            <width>112</width>
            <height>152</height>
            <aspectratio>stretch</aspectratio>
            <texture>black-back.png</texture>
            <colordiffuse>AAFFFFFF</colordiffuse>
          </control>
          <control type="image">
            <left>2</left>
            <top>180</top>
            <width>120</width>
            <height>160</height>
            <aspectratio>stretch</aspectratio>
            <bordertexture border="5" diffuse="diffuse_mirror2.png">button-nofocus.png</bordertexture>
            <bordersize>4</bordersize>
            <fadetime>200</fadetime>
            <texture background="true" flipy="true" diffuse="diffuse_mirror2.png">$INFO[ListItem.Icon]</texture>
          </control>
          <control type="image">
            <left>90</left>
            <top>150</top>
            <width>35</width>
            <height>35</height>
            <aspectratio>keep</aspectratio>
            <texture>dialogs/movies/$INFO[ListItem.Overlay]</texture>
            <visible>Window.IsVisible(Videos) + [[Container.Content(Movies) | Container.Content(MusicVideos) | Container.Content(Files)] + !Skin.HasSetting(DisableMovieOverlays)]
            | [[Container.Content(TVShows) | Container.Content(Episodes) | Container.Content(Seasons)] + !Skin.HasSetting(DisableTvOverlays)]</visible>
          </control>
        </itemlayout>
        <focusedlayout height="310" width="120">
          <control type="image">
            <left>-2</left>
            <top>16</top>
            <width>128</width>
            <height>168</height>
            <aspectratio>stretch</aspectratio>
            <bordertexture border="8">ThumbBorder.png</bordertexture>
            <bordersize>8</bordersize>
            <fadetime>200</fadetime>
            <texture background="true">$INFO[ListItem.Icon]</texture>
            <animation reversible="false" effect="zoom" start="-2,16,128,168" end="-12,-10,148,198" time="200">focus</animation>
            <animation reversible="false" effect="zoom" end="-2,16,128,168" start="-12,-10,148,198" time="200">unfocus</animation>
          </control>
          <control type="image">
            <left>90</left>
            <top>150</top>
            <width>35</width>
            <height>35</height>
            <aspectratio>keep</aspectratio>
            <texture>dialogs/movies/$INFO[ListItem.Overlay]</texture>
            <visible>Window.IsVisible(Videos) + [[Container.Content(Movies) | Container.Content(MusicVideos) | Container.Content(Files)] + !Skin.HasSetting(DisableMovieOverlays)]
            | [[Container.Content(TVShows) | Container.Content(Episodes) | Container.Content(Seasons)] + !Skin.HasSetting(DisableTvOverlays)]</visible>
            <animation type="focus">
              <effect type="fade" start="0" end="100" time="200" />
              <effect type="slide" start="0,0" end="10,5" time="200" />
            </animation>
            <animation type="unfocus">
              <effect type="fade" start="100" end="0" time="200" />
              <effect type="slide" end="0,0" start="10,5" time="200" />
            </animation>
          </control>
        </focusedlayout>
      </control>
      <control type="grouplist">
        <description>Media Codec Flagging Images</description>
        <left>15</left>
        <top>215</top>
        <width>290</width>
        <align>right</align>
        <itemgap>0</itemgap>
        <orientation>horizontal</orientation>
        <include>VideoCodecFlaggingConditions</include>
        <include>VideoTypeHackFlaggingConditions</include>
        <visible>!Skin.HasSetting(No_Media_Flags) + !Control.IsActive(5088)</visible>
      </control>
      <control type="grouplist">
        <description>Media Codec Flagging Images</description>
        <right>15</right>
        <top>215</top>
        <width>290</width>
        <align>left</align>
        <itemgap>0</itemgap>
        <orientation>horizontal</orientation>
        <include>AudioCodecFlaggingConditions</include>
        <include>StudioFlags</include>
        <visible>!Skin.HasSetting(No_Media_Flags) + !Control.IsActive(5088)</visible>
      </control>
      <control type="label">
        <left>40</left>
        <top>188</top>
        <width>1200</width>
        <height>30</height>
        <font>Font_Neon_24</font>
        <textcolor>white</textcolor>
        <shadowcolor>black</shadowcolor>
        <scroll>true</scroll>
        <align>center</align>
        <aligny>center</aligny>
        <label>$INFO[ListItem.Label]</label>
      </control>
      <control type="scrollbar" id="60">
        <left>310</left>
        <top>220</top>
        <width>660</width>
        <height>25</height>
        <texturesliderbackground border="14,0,14,0">ScrollBarH.png</texturesliderbackground>
        <texturesliderbar border="14,0,14,0">ScrollBarH_bar.png</texturesliderbar>
        <texturesliderbarfocus border="14,0,14,0" colordiffuse="mainblue">ScrollBarH_bar_focus.png</texturesliderbarfocus>
        <textureslidernib>ScrollBarNib.png</textureslidernib>
        <textureslidernibfocus>ScrollBarNib.png</textureslidernibfocus>
        <onup>508</onup>
        <ondown>2</ondown>
        <showonepage>false</showonepage>
        <orientation>horizontal</orientation>
        <visible>Control.IsVisible(508)</visible>
      </control>
    </control>
    <control type="group" id="5088">
      <left>180</left>
      <top>30</top>
      <visible>Control.IsVisible(508) + !Skin.HasSetting(View508HideInfo) + !Window.IsVisible(VideoFiles) + ![ListItem.IsFolder + Container.Content(Movies)]</visible>
      <animation effect="slide" start="0,0" end="0,-500" time="200" delay="600" condition="Player.HasVideo">Conditional</animation>
      <include>VisibleFadeEffect</include>
      <control type="image">
        <left>0</left>
        <top>0</top>
        <width>920</width>
        <height>410</height>
        <texture border="20">ContentPanel.png</texture>
      </control>
      <control type="group">
        <left>40</left>
        <top>20</top>
        <visible>Container.Content(Movies)</visible>
        <control type="label">
          <left>0</left>
          <top>0</top>
          <width>400</width>
          <height>30</height>
          <font>Font_Neon_20</font>
          <textcolor>white</textcolor>
          <shadowcolor>black</shadowcolor>
          <scroll>true</scroll>
          <align>left</align>
          <aligny>center</aligny>
          <label>31308</label>
        </control>
        <control type="fadelabel">
          <left>0</left>
          <top>30</top>
          <width>400</width>
          <height>30</height>
          <font>Font_Neon_20</font>
          <textcolor>white</textcolor>
          <shadowcolor>black</shadowcolor>
          <scroll>true</scroll>
          <align>left</align>
          <aligny>center</aligny>
          <label>$INFO[ListItem.Genre]</label>
          <scrollout>false</scrollout>
          <pauseatend>2000</pauseatend>
        </control>
        <control type="fadelabel">
          <left>0</left>
          <top>55</top>
          <width>400</width>
          <height>30</height>
          <font>Font_Neon_20</font>
          <textcolor>white</textcolor>
          <shadowcolor>black</shadowcolor>
          <scroll>true</scroll>
          <align>left</align>
          <aligny>center</aligny>
          <label>$INFO[ListItem.Year]</label>
          <scrollout>false</scrollout>
          <pauseatend>2000</pauseatend>
        </control>
        <control type="fadelabel">
          <left>0</left>
          <top>80</top>
          <width>400</width>
          <height>30</height>
          <font>Font_Neon_20</font>
          <textcolor>white</textcolor>
          <shadowcolor>black</shadowcolor>
          <scroll>true</scroll>
          <align>left</align>
          <aligny>center</aligny>
          <label>$INFO[ListItem.Duration,, $LOCALIZE[12391]]</label>
          <scrollout>false</scrollout>
          <pauseatend>2000</pauseatend>
        </control>
        <control type="fadelabel">
          <left>0</left>
          <top>105</top>
          <width>400</width>
          <height>30</height>
          <font>Font_Neon_20</font>
          <textcolor>white</textcolor>
          <shadowcolor>black</shadowcolor>
          <scroll>true</scroll>
          <align>left</align>
          <aligny>center</aligny>
          <label>$LOCALIZE[563] : $INFO[ListItem.RatingAndVotes]</label>
          <scrollout>false</scrollout>
          <pauseatend>2000</pauseatend>
        </control>
      </control>
      <control type="group">
        <left>480</left>
        <top>20</top>
        <visible>Container.Content(Movies)</visible>
        <control type="label">
          <left>0</left>
          <top>0</top>
          <width>400</width>
          <height>30</height>
          <font>Font_Neon_20</font>
          <textcolor>white</textcolor>
          <shadowcolor>black</shadowcolor>
          <scroll>true</scroll>
          <align>left</align>
          <aligny>center</aligny>
          <label>20339</label>
        </control>
        <control type="label">
          <left>0</left>
          <top>30</top>
          <width>400</width>
          <height>30</height>
          <font>Font_Neon_20</font>
          <textcolor>white</textcolor>
          <shadowcolor>black</shadowcolor>
          <scroll>true</scroll>
          <align>left</align>
          <aligny>center</aligny>
          <label>$INFO[ListItem.Director]</label>
        </control>
        <control type="label">
          <left>0</left>
          <top>75</top>
          <width>400</width>
          <height>30</height>
          <font>Font_Neon_20</font>
          <textcolor>white</textcolor>
          <shadowcolor>black</shadowcolor>
          <scroll>true</scroll>
          <align>left</align>
          <aligny>center</aligny>
          <label>20417</label>
        </control>
        <control type="label">
          <left>0</left>
          <top>105</top>
          <width>400</width>
          <height>30</height>
          <font>Font_Neon_20</font>
          <textcolor>white</textcolor>
          <shadowcolor>black</shadowcolor>
          <scroll>true</scroll>
          <align>left</align>
          <label>$INFO[ListItem.Writer]</label>
        </control>
      </control>
      <control type="group">
        <left>40</left>
        <top>20</top>
        <visible>Container.Content(TVShows)</visible>
        <control type="label">
          <left>0</left>
          <top>0</top>
          <width>400</width>
          <height>30</height>
          <font>Font_Neon_20</font>
          <textcolor>white</textcolor>
          <shadowcolor>black</shadowcolor>
          <scroll>true</scroll>
          <align>left</align>
          <aligny>center</aligny>
          <label>20351</label>
        </control>
        <control type="fadelabel">
          <left>0</left>
          <top>30</top>
          <width>400</width>
          <height>30</height>
          <font>Font_Neon_20</font>
          <textcolor>white</textcolor>
          <shadowcolor>black</shadowcolor>
          <scroll>true</scroll>
          <align>left</align>
          <aligny>center</aligny>
          <label>$INFO[ListItem.Genre]</label>
          <scrollout>false</scrollout>
          <pauseatend>2000</pauseatend>
        </control>
        <control type="fadelabel">
          <left>0</left>
          <top>55</top>
          <width>400</width>
          <height>30</height>
          <font>Font_Neon_20</font>
          <textcolor>white</textcolor>
          <shadowcolor>black</shadowcolor>
          <scroll>true</scroll>
          <align>left</align>
          <aligny>center</aligny>
          <label>$INFO[ListItem.Year]</label>
          <scrollout>false</scrollout>
          <pauseatend>2000</pauseatend>
        </control>
        <control type="fadelabel">
          <left>0</left>
          <top>80</top>
          <width>400</width>
          <height>30</height>
          <font>Font_Neon_20</font>
          <textcolor>white</textcolor>
          <shadowcolor>black</shadowcolor>
          <scroll>true</scroll>
          <align>left</align>
          <aligny>center</aligny>
          <label>$LOCALIZE[563] : $INFO[ListItem.RatingAndVotes]</label>
          <scrollout>false</scrollout>
          <pauseatend>2000</pauseatend>
        </control>
      </control>
      <control type="group">
        <left>480</left>
        <top>20</top>
        <visible>Container.Content(TVShows)</visible>
        <control type="label">
          <left>0</left>
          <top>0</top>
          <width>400</width>
          <height>30</height>
          <font>Font_Neon_20</font>
          <textcolor>white</textcolor>
          <shadowcolor>black</shadowcolor>
          <scroll>true</scroll>
          <align>left</align>
          <aligny>center</aligny>
          <label>20360</label>
        </control>
        <control type="label">
          <left>0</left>
          <top>30</top>
          <width>400</width>
          <height>30</height>
          <font>Font_Neon_20</font>
          <textcolor>white</textcolor>
          <shadowcolor>black</shadowcolor>
          <scroll>true</scroll>
          <align>left</align>
          <aligny>center</aligny>
          <label>$LOCALIZE[20161] : $INFO[ListItem.Episode]</label>
        </control>
        <control type="label">
          <left>0</left>
          <top>55</top>
          <width>400</width>
          <height>30</height>
          <font>Font_Neon_20</font>
          <textcolor>white</textcolor>
          <shadowcolor>black</shadowcolor>
          <scroll>true</scroll>
          <align>left</align>
          <aligny>center</aligny>
          <label>$LOCALIZE[16102] : $INFO[ListItem.Property(WatchedEpisodes)]</label>
        </control>
        <control type="label">
          <left>0</left>
          <top>80</top>
          <width>400</width>
          <height>30</height>
          <font>Font_Neon_20</font>
          <textcolor>white</textcolor>
          <shadowcolor>black</shadowcolor>
          <scroll>true</scroll>
          <align>left</align>
          <aligny>center</aligny>
          <label>$LOCALIZE[16101] : $INFO[ListItem.Property(UnWatchedEpisodes)]</label>
        </control>
      </control>
      <control type="group">
        <left>40</left>
        <top>180</top>
        <control type="label">
          <left>0</left>
          <top>0</top>
          <width>400</width>
          <height>30</height>
          <font>Font_Neon_20</font>
          <textcolor>white</textcolor>
          <shadowcolor>black</shadowcolor>
          <scroll>true</scroll>
          <align>left</align>
          <aligny>center</aligny>
          <label>207</label>
        </control>
        <control type="textbox">
          <description>Description Value The Movie</description>
          <left>0</left>
          <top>32</top>
          <width>850</width>
          <height>118</height>
          <font>Font_Neon_16</font>
          <align>justify</align>
          <textcolor>white</textcolor>
          <label>$INFO[ListItem.Plot]</label>
          <autoscroll time="2000" delay="3000" repeat="5000">Skin.HasSetting(AutoScroll)</autoscroll>
        </control>
      </control>
      <control type="grouplist">
        <description>Media Codec Flagging Images</description>
        <left>40</left>
        <top>350</top>
        <width>800</width>
        <align>left</align>
        <itemgap>0</itemgap>
        <orientation>horizontal</orientation>
        <include>StudioFlags</include>
        <include>VideoTypeHackFlaggingConditions</include>
        <include>VideoCodecFlaggingConditions</include>
        <include>AspectCodecFlaggingConditions</include>
        <include>AudioCodecFlaggingConditions</include>
        <include>AudioChannelsFlaggingConditions</include>
      </control>
      <control type="grouplist">
        <description>MPAA Rating Flagging Images</description>
        <left>80</left>
        <top>350</top>
        <width>800</width>
        <align>right</align>
        <itemgap>0</itemgap>
        <orientation>horizontal</orientation>
        <include>VideoMPAAFlaggingConditions</include>
      </control>
    </control>
  </include>
  <include name="MediaListView2">
    <control type="group">
      <visible>Control.IsVisible(504)</visible>
      <include>VisibleFadeEffect</include>
      <control type="list" id="504">
        <left>660</left>
        <top>60</top>
        <width>580</width>
        <height>601</height>
        <onleft>2</onleft>
        <onright>60</onright>
        <onup>504</onup>
        <ondown>504</ondown>
        <viewtype label="$LOCALIZE[31137]">list</viewtype>
        <pagecontrol>60</pagecontrol>
        <scrolltime>200</scrolltime>
        <visible>[Container.Content(TVShows) |Container.Content(Videos) | Container.Content(Movies) | Container.Content(Seasons) | Container.Content(Episodes)] | [Control.IsVisible(504) + ![Window.IsActive(musicfiles) | Container.Content(movies) | Container.Content(Genres) | Container.Content(tvshows) | Container.Content(seasons) | Container.Content(episodes) | Container.Content(albums) | Container.Content(songs)] | [Window.IsActive(musiclibrary) + Skin.HasSetting(music_files_fanart)]]</visible>
        <itemlayout height="40" width="580">
          <control type="image">
            <left>0</left>
            <top>0</top>
            <width>580</width>
            <height>41</height>
            <texture border="0,2,0,2">MenuItemNF.png</texture>
          </control>
          <control type="label">
            <left>15</left>
            <top>0</top>
            <width>520</width>
            <height>40</height>
            <font>Font_Neon_20</font>
            <textcolor>grey2</textcolor>
            <selectedcolor>selected</selectedcolor>
            <align>left</align>
            <aligny>center</aligny>
            <label>$INFO[ListItem.Label]</label>
          </control>
          <control type="label">
            <left>535</left>
            <top>0</top>
            <width>500</width>
            <height>40</height>
            <font>Font_Neon_16</font>
            <textcolor>grey2</textcolor>
            <selectedcolor>selected</selectedcolor>
            <align>right</align>
            <aligny>center</aligny>
            <label>$INFO[ListItem.Label2]</label>
          </control>
          <control type="image">
            <left>545</left>
            <top>14</top>
            <width>20</width>
            <height>16</height>
            <texture>dialogs/movies/$INFO[ListItem.Overlay]</texture>
            <visible>Window.IsVisible(Videos) + [[Container.Content(Movies) | Container.Content(MusicVideos) | Container.Content(Files)] + !Skin.HasSetting(DisableMovieOverlays)]
            | [[Container.Content(TVShows) | Container.Content(Episodes) | Container.Content(Seasons)] + !Skin.HasSetting(DisableTvOverlays)]</visible>
          </control>
        </itemlayout>
        <focusedlayout height="40" width="580">
          <control type="image">
            <left>0</left>
            <top>0</top>
            <width>580</width>
            <height>41</height>
            <texture border="0,2,0,2">MenuItemNF.png</texture>
            <visible>!Control.HasFocus(504)</visible>
            <include>VisibleFadeEffect</include>
          </control>
          <control type="image">
            <left>0</left>
            <top>0</top>
            <width>580</width>
            <height>41</height>
            <texture>MenuItemFOR.png</texture>
            <visible>Control.HasFocus(504)</visible>
            <include>VisibleFadeEffect</include>
          </control>
          <control type="image">
            <left>370</left>
            <top>5</top>
            <width>200</width>
            <height>31</height>
            <texture border="0,0,14,0">MediaItemDetailBG.png</texture>
            <visible>Control.HasFocus(504) + !IsEmpty(ListItem.Label2)</visible>
          </control>
          <control type="label">
            <left>15</left>
            <top>0</top>
            <width>520</width>
            <height>40</height>
            <font>Font_Neon_20</font>
            <textcolor>white</textcolor>
            <selectedcolor>selected</selectedcolor>
            <align>left</align>
            <aligny>center</aligny>
            <label>$INFO[ListItem.Label]</label>
          </control>
          <control type="label">
            <left>535</left>
            <top>0</top>
            <width>500</width>
            <height>40</height>
            <font>Font_Neon_16</font>
            <textcolor>grey2</textcolor>
            <selectedcolor>selected</selectedcolor>
            <align>right</align>
            <aligny>center</aligny>
            <label>$INFO[ListItem.Label2]</label>
          </control>
          <control type="image">
            <left>545</left>
            <top>14</top>
            <width>20</width>
            <height>16</height>
            <texture>dialogs/movies/$INFO[ListItem.Overlay]</texture>
            <visible>Window.IsVisible(Videos) + [[Container.Content(Movies) | Container.Content(MusicVideos) | Container.Content(Files)] + !Skin.HasSetting(DisableMovieOverlays)]
            | [[Container.Content(TVShows) | Container.Content(Episodes) | Container.Content(Seasons)] + !Skin.HasSetting(DisableTvOverlays)]</visible>
          </control>
        </focusedlayout>
      </control>
      <control type="group">
        <left>50</left>
        <top>60</top>
        <visible>Control.IsVisible(504)</visible>
        <control type="scrollbar" id="60">
          <left>1180</left>
          <top>0</top>
          <width>25</width>
          <height>600</height>
          <texturesliderbackground border="10,14,10,14">ScrollBarV.png</texturesliderbackground>
          <texturesliderbar border="10,14,10,14">ScrollBarV_bar.png</texturesliderbar>
          <texturesliderbarfocus border="10,14,10,14" colordiffuse="mainblue">ScrollBarV_bar_focus.png</texturesliderbarfocus>
          <textureslidernib>ScrollBarNib.png</textureslidernib>
          <textureslidernibfocus>ScrollBarNib.png</textureslidernibfocus>
          <onleft>504</onleft>
          <onright>2</onright>
          <showonepage>false</showonepage>
          <orientation>vertical</orientation>
          <visible>Control.IsVisible(504)</visible>
        </control>
      </control>
      <control type="group">
        <left>50</left>
        <top>60</top>
        <visible>[Control.IsVisible(504) + Container.Content(TVShows)] | </visible>
        <control type="label">
          <description>Show Title txt</description>
          <left>0</left>
          <top>0</top>
          <width>600</width>
          <height>15</height>
          <label>$INFO[ListItem.Label]</label>
          <align>center</align>
          <aligny>center</aligny>
          <font>Font_Neon_24</font>
          <textcolor>white</textcolor>
          <shadowcolor>black</shadowcolor>
          <wrapmultiline>true</wrapmultiline>
        </control>
        <control type="image">
          <left>0</left>
          <top>30</top>
          <width>600</width>
          <height>340</height>
          <aspectratio aligny="top">keep</aspectratio>
          <fadetime>IconCrossfadeTime</fadetime>
          <texture background="true" fallback="Fanart_Fallback_Small.jpg">$INFO[ListItem.Property(fanart_image)]</texture>
          <bordertexture border="8">ThumbShadow.png</bordertexture>
          <bordersize>8</bordersize>
        </control>
        <control type="image">
          <left>0</left>
          <top>30</top>
          <width>600</width>
          <height>140</height>
          <aspectratio aligny="bottom">keep</aspectratio>
          <fadetime>IconCrossfadeTime</fadetime>
          <texture background="true">$INFO[ListItem.Icon]</texture>
          <bordertexture border="8">ThumbShadow.png</bordertexture>
          <bordersize>8</bordersize>
          <visible>!Skin.HasSetting(TVPosters)</visible>
        </control>
        <control type="image">
          <left>8</left>
          <top>162</top>
          <width>584</width>
          <height>140</height>
          <aspectratio aligny="top">keep</aspectratio>
          <fadetime>IconCrossfadeTime</fadetime>
          <texture background="true" flipy="true" diffuse="diffuse_mirror2.png">$INFO[ListItem.Icon]</texture>
          <visible>!Skin.HasSetting(TVPosters)</visible>
        </control>
        <control type="image">
          <left>0</left>
          <top>30</top>
          <width>600</width>
          <height>400</height>
          <aspectratio aligny="bottom">keep</aspectratio>
          <fadetime>IconCrossfadeTime</fadetime>
          <texture background="true">$INFO[ListItem.Icon]</texture>
          <bordertexture border="8">ThumbShadow.png</bordertexture>
          <bordersize>8</bordersize>
          <visible>Skin.HasSetting(TVPosters)</visible>
        </control>
        <control type="image">
          <left>8</left>
          <top>422</top>
          <width>584</width>
          <height>380</height>
          <aspectratio aligny="top">keep</aspectratio>
          <fadetime>IconCrossfadeTime</fadetime>
          <texture background="true" flipy="true" diffuse="diffuse_mirror2.png">$INFO[ListItem.Icon]</texture>
          <visible>Skin.HasSetting(TVPosters)</visible>
        </control>
        <control type="group">
          <top>200</top>
          <control type="label">
            <description>Aired txt</description>
            <left>150</left>
            <top>170</top>
            <width>140</width>
            <height>25</height>
            <label>$LOCALIZE[31322]:</label>
            <align>right</align>
            <aligny>center</aligny>
            <font>Font_Neon_20</font>
            <textcolor>mainblue</textcolor>
          </control>
          <control type="label">
            <description>Aired Value</description>
            <left>160</left>
            <top>170</top>
            <width>440</width>
            <height>25</height>
            <label fallback="416">$INFO[listitem.premiered]</label>
            <align>left</align>
            <aligny>center</aligny>
            <font>Font_Neon_20</font>
            <scroll>true</scroll>
          </control>
          <control type="label">
            <description>Genre txt</description>
            <left>150</left>
            <top>195</top>
            <width>140</width>
            <height>25</height>
            <label>$LOCALIZE[515]:</label>
            <align>right</align>
            <aligny>center</aligny>
            <font>Font_Neon_20</font>
            <textcolor>mainblue</textcolor>
          </control>
          <control type="label">
            <description>Genre Value</description>
            <left>160</left>
            <top>195</top>
            <width>440</width>
            <height>25</height>
            <label fallback="416">$INFO[listitem.Genre]</label>
            <align>left</align>
            <aligny>center</aligny>
            <font>Font_Neon_20</font>
            <scroll>true</scroll>
          </control>
          <control type="image">
            <left>0</left>
            <top>232</top>
            <width>550</width>
            <height>4</height>
            <texture>separator.png</texture>
          </control>
          <control type="textbox">
            <description>Description Value for TVShows</description>
            <left>0</left>
            <top>252</top>
            <width>600</width>
            <height>158</height>
            <font>Font_Neon_16</font>
            <align>justify</align>
            <textcolor>white</textcolor>
            <label>$INFO[ListItem.Plot]</label>
            <autoscroll time="2000" delay="3000" repeat="5000">Skin.HasSetting(AutoScroll)</autoscroll>
          </control>
        </control>
        <control type="group">
          <top>30</top>
          <visible>!Skin.HasSetting(TVPosters)</visible>
          <control type="label">
            <description>Aired txt</description>
            <left>150</left>
            <top>170</top>
            <width>140</width>
            <height>25</height>
            <label>$LOCALIZE[31322]:</label>
            <align>right</align>
            <aligny>center</aligny>
            <font>Font_Neon_20</font>
            <textcolor>mainblue</textcolor>
          </control>
          <control type="label">
            <description>Aired Value</description>
            <left>160</left>
            <top>170</top>
            <width>440</width>
            <height>25</height>
            <label fallback="416">$INFO[listitem.premiered]</label>
            <align>left</align>
            <aligny>center</aligny>
            <font>Font_Neon_20</font>
            <scroll>true</scroll>
          </control>
          <control type="label">
            <description>Genre txt</description>
            <left>150</left>
            <top>195</top>
            <width>140</width>
            <height>25</height>
            <label>$LOCALIZE[515]:</label>
            <align>right</align>
            <aligny>center</aligny>
            <font>Font_Neon_20</font>
            <textcolor>mainblue</textcolor>
          </control>
          <control type="label">
            <description>Genre Value</description>
            <left>160</left>
            <top>195</top>
            <width>440</width>
            <height>25</height>
            <label fallback="416">$INFO[listitem.Genre]</label>
            <align>left</align>
            <aligny>center</aligny>
            <font>Font_Neon_20</font>
            <scroll>true</scroll>
          </control>
          <control type="label">
            <description>Episodes txt</description>
            <left>150</left>
            <top>220</top>
            <width>140</width>
            <height>25</height>
            <label>$LOCALIZE[20360]:</label>
            <align>right</align>
            <aligny>center</aligny>
            <font>Font_Neon_20</font>
            <textcolor>mainblue</textcolor>
          </control>
          <control type="label">
            <description>Episodes Value</description>
            <left>160</left>
            <top>220</top>
            <width>440</width>
            <height>25</height>
            <label fallback="416">$INFO[listitem.episode] [COLOR=grey] ($INFO[ListItem.Property(WatchedEpisodes),, $LOCALIZE[16102]] - $INFO[ListItem.Property(UnWatchedEpisodes), , $LOCALIZE[16101]])[/COLOR]</label>
            <align>left</align>
            <aligny>center</aligny>
            <font>Font_Neon_20</font>
            <scroll>true</scroll>
          </control>
          <control type="image">
            <left>0</left>
            <top>260</top>
            <width>550</width>
            <height>4</height>
            <texture>separator.png</texture>
          </control>
          <control type="textbox">
            <description>Description Value for TVShows</description>
            <left>0</left>
            <top>277</top>
            <width>600</width>
            <height>288</height>
            <font>Font_Neon_16</font>
            <align>justify</align>
            <textcolor>white</textcolor>
            <label>$INFO[ListItem.Plot]</label>
            <autoscroll time="2000" delay="3000" repeat="5000">Skin.HasSetting(AutoScroll)</autoscroll>
          </control>
        </control>
        <control type="group">
          <top>250</top>
          <visible>Skin.HasSetting(TVPosters)</visible>
          <control type="label">
            <description>Genre txt</description>
            <left>150</left>
            <top>195</top>
            <width>140</width>
            <height>25</height>
            <label>$LOCALIZE[515]:</label>
            <align>right</align>
            <aligny>center</aligny>
            <font>Font_Neon_20</font>
            <textcolor>mainblue</textcolor>
          </control>
          <control type="label">
            <description>Genre Value</description>
            <left>160</left>
            <top>195</top>
            <width>440</width>
            <height>25</height>
            <label fallback="416">$INFO[listitem.Genre]</label>
            <align>left</align>
            <aligny>center</aligny>
            <font>Font_Neon_20</font>
            <scroll>true</scroll>
          </control>
          <control type="label">
            <description>Episodes txt</description>
            <left>150</left>
            <top>220</top>
            <width>140</width>
            <height>25</height>
            <label>$LOCALIZE[20360]:</label>
            <align>right</align>
            <aligny>center</aligny>
            <font>Font_Neon_20</font>
            <textcolor>mainblue</textcolor>
          </control>
          <control type="label">
            <description>Episodes Value</description>
            <left>160</left>
            <top>220</top>
            <width>440</width>
            <height>25</height>
            <label fallback="416">$INFO[listitem.episode] [COLOR=grey] ($INFO[ListItem.Property(WatchedEpisodes),, $LOCALIZE[16102]] - $INFO[ListItem.Property(UnWatchedEpisodes), , $LOCALIZE[16101]])[/COLOR]</label>
            <align>left</align>
            <aligny>center</aligny>
            <font>Font_Neon_20</font>
            <scroll>true</scroll>
          </control>
          <control type="image">
            <left>0</left>
            <top>260</top>
            <width>550</width>
            <height>4</height>
            <texture>separator.png</texture>
          </control>
          <control type="textbox">
            <description>Description Value for TVShows</description>
            <left>0</left>
            <top>277</top>
            <width>600</width>
            <height>98</height>
            <font>Font_Neon_16</font>
            <align>justify</align>
            <textcolor>white</textcolor>
            <label>$INFO[ListItem.Plot]</label>
            <autoscroll time="2000" delay="3000" repeat="5000">Skin.HasSetting(AutoScroll)</autoscroll>
          </control>
        </control>
      </control>
      <control type="group">
        <left>50</left>
        <top>60</top>
        <visible>Control.IsVisible(504) + Container.Content(Movies)</visible>
        <control type="label">
          <description>Show Title txt</description>
          <left>0</left>
          <top>0</top>
          <width>600</width>
          <height>15</height>
          <label>$INFO[ListItem.Label]</label>
          <align>center</align>
          <aligny>center</aligny>
          <font>Font_Neon_24</font>
          <textcolor>white</textcolor>
          <shadowcolor>black</shadowcolor>
          <wrapmultiline>true</wrapmultiline>
        </control>
        <control type="image">
          <left>0</left>
          <top>30</top>
          <width>600</width>
          <height>340</height>
          <aspectratio aligny="top">keep</aspectratio>
          <fadetime>IconCrossfadeTime</fadetime>
          <texture background="true" fallback="Fanart_Fallback_Small.jpg">$INFO[ListItem.Property(fanart_image)]</texture>
          <bordertexture border="8">ThumbShadow.png</bordertexture>
          <bordersize>8</bordersize>
        </control>
        <control type="image">
          <left>0</left>
          <top>30</top>
          <width>600</width>
          <height>480</height>
          <aspectratio>keep</aspectratio>
          <fadetime>IconCrossfadeTime</fadetime>
          <texture background="true">$INFO[ListItem.Icon]</texture>
          <bordertexture border="8">ThumbShadow.png</bordertexture>
          <bordersize>8</bordersize>
        </control>
        <control type="image">
          <left>8</left>
          <top>502</top>
          <width>584</width>
          <height>464</height>
          <aspectratio aligny="top">keep</aspectratio>
          <fadetime>IconCrossfadeTime</fadetime>
          <texture background="true" flipy="true" diffuse="diffuse_mirror2.png">$INFO[ListItem.Icon]</texture>
        </control>
        <control type="group">
          <top>200</top>
          <control type="grouplist">
            <description>Media Codec Flagging Images</description>
            <left>0</left>
            <top>170</top>
            <width>600</width>
            <align>center</align>
            <itemgap>0</itemgap>
            <orientation>horizontal</orientation>
            <include>StudioFlags</include>
            <include>VideoTypeHackFlaggingConditions</include>
            <include>VideoCodecFlaggingConditions</include>
            <include>AspectCodecFlaggingConditions</include>
            <include>AudioCodecFlaggingConditions</include>
            <include>AudioChannelsFlaggingConditions</include>
          </control>
          <control type="image">
            <left>0</left>
            <top>205</top>
            <width>600</width>
            <height>4</height>
            <texture>separator.png</texture>
          </control>
          <control type="label">
            <description>Year txt</description>
            <left>150</left>
            <top>215</top>
            <width>140</width>
            <height>25</height>
            <label>$LOCALIZE[345]:</label>
            <align>right</align>
            <aligny>center</aligny>
            <font>Font_Neon_20</font>
            <textcolor>mainblue</textcolor>
          </control>
          <control type="label">
            <description>Year Value</description>
            <left>160</left>
            <top>215</top>
            <width>440</width>
            <height>25</height>
            <label fallback="416">$INFO[listitem.Year]</label>
            <align>left</align>
            <aligny>center</aligny>
            <font>Font_Neon_20</font>
            <scroll>true</scroll>
          </control>
          <control type="label">
            <description>Genre txt</description>
            <left>150</left>
            <top>240</top>
            <width>140</width>
            <height>25</height>
            <label>$LOCALIZE[515]:</label>
            <align>right</align>
            <aligny>center</aligny>
            <font>Font_Neon_20</font>
            <textcolor>mainblue</textcolor>
          </control>
          <control type="label">
            <description>Genre Value</description>
            <left>160</left>
            <top>240</top>
            <width>440</width>
            <height>25</height>
            <label fallback="416">$INFO[listitem.Genre]</label>
            <align>left</align>
            <aligny>center</aligny>
            <font>Font_Neon_20</font>
            <scroll>true</scroll>
          </control>
          <control type="image">
            <left>0</left>
            <top>275</top>
            <width>550</width>
            <height>4</height>
            <texture>separator.png</texture>
          </control>
          <control type="textbox">
            <description>Description Value for Movie</description>
            <left>0</left>
            <top>292</top>
            <width>600</width>
            <height>118</height>
            <font>Font_Neon_16</font>
            <align>justify</align>
            <textcolor>white</textcolor>
            <label>$INFO[ListItem.Plot]</label>
            <autoscroll time="2000" delay="3000" repeat="5000">Skin.HasSetting(AutoScroll)</autoscroll>
          </control>
        </control>
        <control type="group">
          <top>370</top>
          <control type="grouplist">
            <description>Media Codec Flagging Images</description>
            <left>0</left>
            <top>140</top>
            <width>600</width>
            <align>center</align>
            <itemgap>0</itemgap>
            <orientation>horizontal</orientation>
            <include>StudioFlags</include>
            <include>VideoTypeHackFlaggingConditions</include>
            <include>VideoCodecFlaggingConditions</include>
            <include>AspectCodecFlaggingConditions</include>
            <include>AudioCodecFlaggingConditions</include>
            <include>AudioChannelsFlaggingConditions</include>
          </control>
          <control type="image">
            <left>0</left>
            <top>175</top>
            <width>600</width>
            <height>4</height>
            <texture>separator.png</texture>
          </control>
          <control type="label">
            <description>Year txt</description>
            <left>150</left>
            <top>185</top>
            <width>140</width>
            <height>25</height>
            <label>$LOCALIZE[345]:</label>
            <align>right</align>
            <aligny>center</aligny>
            <font>Font_Neon_20</font>
            <textcolor>mainblue</textcolor>
          </control>
          <control type="label">
            <description>Year Value</description>
            <left>160</left>
            <top>185</top>
            <width>440</width>
            <height>25</height>
            <label fallback="416">$INFO[listitem.Year]</label>
            <align>left</align>
            <aligny>center</aligny>
            <font>Font_Neon_20</font>
            <scroll>true</scroll>
          </control>
          <control type="label">
            <description>Genre txt</description>
            <left>150</left>
            <top>210</top>
            <width>140</width>
            <height>25</height>
            <label>$LOCALIZE[515]:</label>
            <align>right</align>
            <aligny>center</aligny>
            <font>Font_Neon_20</font>
            <textcolor>mainblue</textcolor>
          </control>
          <control type="label">
            <description>Genre Value</description>
            <left>160</left>
            <top>210</top>
            <width>440</width>
            <height>25</height>
            <label fallback="416">$INFO[listitem.Genre]</label>
            <align>left</align>
            <aligny>center</aligny>
            <font>Font_Neon_20</font>
            <scroll>true</scroll>
          </control>
        </control>
      </control>
      <control type="group">
        <left>50</left>
        <top>60</top>
        <visible>Control.IsVisible(504) + Container.Content(Seasons)</visible>
        <control type="label">
          <description>Show Title txt</description>
          <left>0</left>
          <top>0</top>
          <width>600</width>
          <height>15</height>
          <label>$INFO[ListItem.TVShowTitle]</label>
          <align>center</align>
          <aligny>center</aligny>
          <font>Font_Neon_24</font>
          <textcolor>white</textcolor>
          <shadowcolor>black</shadowcolor>
          <wrapmultiline>true</wrapmultiline>
        </control>
        <control type="image">
          <left>0</left>
          <top>30</top>
          <width>600</width>
          <height>480</height>
          <aspectratio>keep</aspectratio>
          <fadetime>IconCrossfadeTime</fadetime>
          <texture background="true">$INFO[ListItem.Icon]</texture>
          <bordertexture border="8">ThumbShadow.png</bordertexture>
          <bordersize>8</bordersize>
        </control>
        <control type="image">
          <left>8</left>
          <top>502</top>
          <width>584</width>
          <height>464</height>
          <aspectratio aligny="top">keep</aspectratio>
          <fadetime>IconCrossfadeTime</fadetime>
          <texture background="true" flipy="true" diffuse="diffuse_mirror2.png">$INFO[ListItem.Icon]</texture>
        </control>
        <control type="label">
          <description>Season Title txt</description>
          <left>0</left>
          <top>530</top>
          <width>600</width>
          <height>15</height>
          <label>$INFO[ListItem.Label]</label>
          <align>center</align>
          <aligny>center</aligny>
          <font>Font_Neon_24</font>
          <textcolor>white</textcolor>
          <shadowcolor>black</shadowcolor>
          <wrapmultiline>true</wrapmultiline>
        </control>
        <control type="label">
          <description>Episode Count txt</description>
          <left>0</left>
          <top>560</top>
          <width>600</width>
          <height>15</height>
          <label>$INFO[ListItem.Episode] $LOCALIZE[20453]</label>
          <align>center</align>
          <aligny>center</aligny>
          <font>Font_Neon_25</font>
          <textcolor>white</textcolor>
          <shadowcolor>black</shadowcolor>
          <wrapmultiline>true</wrapmultiline>
        </control>
      </control>
      <control type="group">
        <left>50</left>
        <top>60</top>
        <visible>Control.IsVisible(504) + Container.Content(Episodes)</visible>
        <control type="label">
          <description>Episode txt</description>
          <left>0</left>
          <top>0</top>
          <width>600</width>
          <height>15</height>
          <label>$INFO[ListItem.Title]</label>
          <align>center</align>
          <aligny>center</aligny>
          <font>Font_Neon_24</font>
          <textcolor>white</textcolor>
          <shadowcolor>black</shadowcolor>
          <wrapmultiline>true</wrapmultiline>
        </control>
        <control type="image">
          <left>0</left>
          <top>40</top>
          <width>600</width>
          <height>320</height>
          <aspectratio aligny="bottom">keep</aspectratio>
          <fadetime>IconCrossfadeTime</fadetime>
          <texture background="true">$INFO[ListItem.Icon]</texture>
          <bordertexture background="true" border="8">ThumbShadow.png</bordertexture>
          <bordersize>8</bordersize>
        </control>
        <control type="image">
          <left>8</left>
          <top>352</top>
          <width>584</width>
          <height>304</height>
          <aspectratio aligny="top">keep</aspectratio>
          <fadetime>IconCrossfadeTime</fadetime>
          <texture background="true" flipy="true" diffuse="diffuse_mirror2.png">$INFO[ListItem.Icon]</texture>
        </control>
        <control type="group">
          <top>200</top>
          <control type="grouplist">
            <description>Media Codec Flagging Images</description>
            <left>0</left>
            <top>160</top>
            <width>600</width>
            <align>center</align>
            <itemgap>0</itemgap>
            <orientation>horizontal</orientation>
            <include>StudioFlags</include>
            <include>VideoTypeHackFlaggingConditions</include>
            <include>VideoCodecFlaggingConditions</include>
            <include>AspectCodecFlaggingConditions</include>
            <include>AudioCodecFlaggingConditions</include>
            <include>AudioChannelsFlaggingConditions</include>
          </control>
          <control type="image">
            <left>0</left>
            <top>200</top>
            <width>600</width>
            <height>4</height>
            <texture>separator.png</texture>
          </control>
          <control type="label">
            <description>Aired txt</description>
            <left>150</left>
            <top>210</top>
            <width>140</width>
            <height>25</height>
            <label>$LOCALIZE[31322]:</label>
            <align>right</align>
            <aligny>center</aligny>
            <font>Font_Neon_20</font>
            <textcolor>mainblue</textcolor>
          </control>
          <control type="label">
            <description>Aired Value</description>
            <left>160</left>
            <top>210</top>
            <width>440</width>
            <height>25</height>
            <label fallback="416">$INFO[listitem.premiered]</label>
            <align>left</align>
            <aligny>center</aligny>
            <font>Font_Neon_20</font>
            <scroll>true</scroll>
          </control>
          <control type="label">
            <description>Episode txt</description>
            <left>150</left>
            <top>235</top>
            <width>140</width>
            <height>25</height>
            <label>$LOCALIZE[20359]:</label>
            <align>right</align>
            <aligny>center</aligny>
            <font>Font_Neon_20</font>
            <textcolor>mainblue</textcolor>
          </control>
          <control type="label">
            <description>Genre Value</description>
            <left>160</left>
            <top>235</top>
            <width>440</width>
            <height>25</height>
            <label fallback="416">$INFO[listitem.Season,,x]$INFO[listitem.Episode]</label>
            <align>left</align>
            <aligny>center</aligny>
            <font>Font_Neon_20</font>
            <scroll>true</scroll>
          </control>
          <control type="image">
            <left>0</left>
            <top>272</top>
            <width>550</width>
            <height>4</height>
            <texture>separator.png</texture>
          </control>
          <control type="textbox">
            <description>Description Value for Episodes</description>
            <left>0</left>
            <top>292</top>
            <width>600</width>
            <height>118</height>
            <font>Font_Neon_16</font>
            <align>justify</align>
            <textcolor>white</textcolor>
            <label>$INFO[ListItem.Plot]</label>
            <autoscroll time="2000" delay="3000" repeat="5000">Skin.HasSetting(AutoScroll)</autoscroll>
          </control>
        </control>
      </control>
    </control>
  </include>
</includes>