<?xml version="1.0" encoding="UTF-8"?>
<includes>
  <include name="Viewtype_MusicLogo">
    <control type="image">
      <!-- 1st Background -->
      <visible>Control.IsVisible(599)</visible>
      <left>0</left>
      <top>371</top>
      <width>1280</width>
      <height>355</height>
      <!-- <texture>tv-landscape/landscape_fanart_back.png</texture> -->
      <colordiffuse>mainblue</colordiffuse>
      <texture>mainmenu/home_bottom_backthin.png</texture>
      <aspectratio>stretch</aspectratio>
      <include>Animation_Fade75</include>
    </control>
    <control type="image">
      <!-- 1st Background -->
      <visible>Control.IsVisible(599)</visible>
      <left>0</left>
      <top>371</top>
      <width>1280</width>
      <height>355</height>
      <texture>mainmenu/home_bottom_align.png</texture>
      <aspectratio>stretch</aspectratio>
      <include>Animation_Fade75</include>
    </control>
    <control type="image">
      <left>25</left>
      <top>615</top>
      <width>230</width>
      <height>89</height>
      <texture background="true" fallback="special://skin/backgrounds/fallback.png">$INFO[Skin.String(Music_Folder_Path)]$INFO[ListItem(-2).Artist]/logo.png</texture>
      <visible>Control.IsVisible(599)</visible>
    </control>
    <control type="image">
      <left>275</left>
      <top>615</top>
      <width>230</width>
      <height>89</height>
      <texture background="true" fallback="special://skin/backgrounds/fallback.png">$INFO[Skin.String(Music_Folder_Path)]$INFO[ListItem(-1).Artist]/logo.png</texture>
      <visible>Control.IsVisible(599)</visible>
    </control>
    <control type="image">
      <left>515</left>
      <top>615</top>
      <width>230</width>
      <height>89</height>
      <texture background="true" fallback="special://skin/backgrounds/fallback.png">$INFO[Skin.String(Music_Folder_Path)]$INFO[ListItem.Artist]/logo.png</texture>
      <visible>Control.IsVisible(599)</visible>
    </control>
    <control type="image">
      <left>775</left>
      <top>615</top>
      <width>230</width>
      <height>89</height>
      <texture background="true" fallback="special://skin/backgrounds/fallback.png">$INFO[Skin.String(Music_Folder_Path)]$INFO[ListItem(1).Artist]/logo.png</texture>
      <visible>Control.IsVisible(599)</visible>
    </control>
    <control type="image">
      <left>1025</left>
      <top>615</top>
      <width>230</width>
      <height>89</height>
      <texture background="true" fallback="special://skin/backgrounds/fallback.png">$INFO[Skin.String(Music_Folder_Path)]$INFO[ListItem(2).Artist]/logo.png</texture>
      <visible>Control.IsVisible(599)</visible>
    </control>
    <control type="wraplist" id="599">
      <left>0</left>
      <top>520</top>
      <height>185</height>
      <width>480</width>
      <onup>7000</onup>
      <ondown>68</ondown>
      <onleft>50</onleft>
      <onright>50</onright>
      <scrolltime>0</scrolltime>
      <viewtype label="Music Logo">list</viewtype>
      <orientation>horizontal</orientation>
      <focusposition>0</focusposition>
      <movement>0</movement>
      <pagecontrol>0</pagecontrol>
      <include>Animation_HiddenByInfo</include>
      <include>Animation_Viewtype_Files_LeftArea</include>
      <itemlayout width="1210" height="36"></itemlayout>
      <focusedlayout width="1210" height="36">
        <control type="label" id="222">
          <left>30</left>
          <top>20</top>
          <width>400</width>
          <height>46</height>
          <aligny>center</aligny>
          <font>Font_Bartowski_Episode_ContextMenu</font>
          <textcolor>ffffffff</textcolor>
          <label>$INFO[ListItem.Label]</label>
          <!--	<animation effect="slide" start="0,0" end="30,0" time="0" condition="[Container.Content(movies) | Container.Content(tvshows) | Container.Content(seasons)] + stringcompare(ListItem.Overlay,OverlayWatched.png) + [!Skin.HasSetting(DisableMovieOverlays) | !Skin.HasSetting(DisableTvOverlays)]">Conditional</animation> -->
          <visible>[!Window.IsActive(Programs) | Window.IsActive(musicplaylist)]</visible>
        </control>
      </focusedlayout>
    </control>
  </include>
</includes>