<?xml version="1.0" encoding="UTF-8"?>
<!--Alaska-->
<includes>
  <include name="Viewtype_Poster">
    <!-- Poster Wrap View -->
    <control type="image">
      <!-- Fanart -->
      <visible>Control.IsVisible(55) + !Skin.HasSetting(Poster_Fanart)</visible>
      <left>0</left>
      <top>0</top>
      <width>1280</width>
      <height>720</height>
      <texture>movie-poster/movie-back3.png</texture>
      <aspectratio>stretch</aspectratio>
    </control>
    <control type="image">
      <!-- Fanart -->
      <visible>Control.IsVisible(55) + Skin.HasSetting(Poster_Fanart)</visible>
      <left>0</left>
      <top>0</top>
      <width>1280</width>
      <height>720</height>
      <texture>movie-poster/3dbanner_fanart_last_overlay.png</texture>
      <aspectratio>stretch</aspectratio>
      <include>Animation_BackdropFade</include>
    </control>
    <control type="label">
      <!--Big Title-->
      <visible>Control.IsVisible(55) + ![Container.Content(tvshows) | Container.Content(seasons) | Container.Content(movies)]</visible>
      <animation effect="slide" start="0,0" end="0,-60" time="1000" delay="600" tween="cubic" easing="inout" condition="Control.IsVisible(55) + ![Container.Content(tvshows) | Container.Content(seasons) | Container.Content(episodes) | Container.Content(movies)]">Conditional</animation>
      <left>0</left>
      <top>235</top>
      <width>1280</width>
      <height>50</height>
      <align>center</align>
      <font>Font_Bartowski_BigMusic</font>
      <shadowcolor>678b8b8b</shadowcolor>
      <textcolor>678b8b8b</textcolor>
      <label>$INFO[ListItem.label]</label>
      <include>Animation_HiddenByInfo</include>
      <include>Animation_Bartowski_Context_Zoom</include>
    </control>
    <control type="label">
      <!--Big Title-->
      <visible>Control.IsVisible(55) + Container.Content(movies) + IsEmpty(ListItem.Title) + !Window.IsVisible(VideoFiles)</visible>
      <animation effect="slide" start="0,0" end="0,-60" time="1000" delay="600" tween="cubic" easing="inout" condition="Control.IsVisible(55) + Container.Content(movies) + IsEmpty(ListItem.Title)">Conditional</animation>
      <left>0</left>
      <top>235</top>
      <width>1280</width>
      <height>50</height>
      <align>center</align>
      <font>Font_Bartowski_BigMusic</font>
      <shadowcolor>678b8b8b</shadowcolor>
      <textcolor>678b8b8b</textcolor>
      <label>$LOCALIZE[31235]</label>
      <include>Animation_HiddenByInfo</include>
      <include>Animation_Bartowski_Context_Zoom</include>
    </control>
    <control type="fixedlist" id="55">
      <left>-30</left>
      <top>250</top>
      <height>615</height>
      <width>1900</width>
      <!-- 1400 -->
      <onleft>55</onleft>
      <onright>55</onright>
      <onup>65</onup>
      <include condition="!Skin.HasSetting(big_trailer)">ondown_small_trailer</include>
      <include condition="Skin.HasSetting(big_trailer)">ondown_big_trailer</include>
      <viewtype label="$LOCALIZE[31062]">list</viewtype>
      <orientation>horizontal</orientation>
      <include condition="!Skin.HasSetting(Poster_Fanart)">poster_focusposition_dark</include>
      <include condition="Skin.HasSetting(Poster_Fanart)">poster_focusposition_fanart</include>
      <scrolltime>400</scrolltime>
      <preloaditems>2</preloaditems>
      <pagecontrol>65</pagecontrol>
      <include>Animation_ZoomInZoomOut</include>
      <include>Animation_HiddenByInfo</include>
      <camera x="1340" y="380" />
      <animation effect="rotatey" center="50" start="12" end="10" time="0" condition="true">Conditional</animation>
      <animation effect="zoom" start="100" end="72" time="700" condition="Skin.HasSetting(Poster_Fanart)">Conditional</animation>
      <animation effect="slide" start="0,0" end="0,160" time="700" condition="Skin.HasSetting(Poster_Fanart)">Conditional</animation>
      <visible>!Skin.HasSetting(no_Poster) + ![Container.Content(episodes) | Container.Content(years)]</visible>
      <itemlayout width="176" height="245">
        <control type="group">
          <left>150</left>
          <top>0</top>
          <animation effect="fade" start="100" end="0" time="400" delay="2800" condition="Skin.HasSetting(PosterPlus) + Container.Content(movies) + !Skin.HasSetting(Poster_Fanart) + ![Container(55).OnNext | Container(55).OnPrevious]">Conditional</animation>
          <control type="image">
            <left>-2</left>
            <top>133</top>
            <width>28</width>
            <height>238</height>
            <texture>movie-poster/newcase.png</texture>
            <aspectratio scalediffuse="false">stretch</aspectratio>
          </control>
          <control type="image">
            <left>-2</left>
            <top>360</top>
            <width>36</width>
            <height>304</height>
            <texture>movie-poster/reflect_bottom2.png</texture>
            <colordiffuse>89FFFFFF</colordiffuse>
            <aspectratio scalediffuse="false">stretch</aspectratio>
          </control>
          <control type="image">
            <left>-149</left>
            <top>131</top>
            <width>162</width>
            <height>241</height>
            <texture>movie-poster/posterview_diffuse.png</texture>
          </control>
          <control type="image">
            <left>-149</left>
            <top>131</top>
            <width>162</width>
            <height>241</height>
            <texture background="true" diffuse="movie-poster/posterview_diffuse.png">$INFO[ListItem.Icon]</texture>
            <fadetime>200</fadetime>
            <aspectratio scalediffuse="false">stretch</aspectratio>
          </control>
          <control type="image">
            <left>-149</left>
            <top>131</top>
            <width>162</width>
            <height>241</height>
            <texture diffuse="movie-poster/posterview_diffuse.png" fallback="defaultmoviegenre.jpg">special://skin/media/extras/moviegenres/$INFO[ListItem.Label].jpg</texture>
            <fadetime>200</fadetime>
            <aspectratio scalediffuse="false">stretch</aspectratio>
            <visible>Container.Content(Genres)</visible>
          </control>
          <control type="image">
            <left>-150</left>
            <top>368</top>
            <width>162</width>
            <height>241</height>
            <texture flipy="true">movie-poster/posterview_diffuse_border.png</texture>
            <fadetime>200</fadetime>
            <colordiffuse>89FFFFFF</colordiffuse>
            <aspectratio scalediffuse="false">stretch</aspectratio>
            <animation effect="fade" start="0" end="30" time="0" condition="true">Conditional</animation>
          </control>
          <control type="image">
            <left>-150</left>
            <top>368</top>
            <width>162</width>
            <height>241</height>
            <texture background="true" flipy="true" diffuse="movie-poster/posterview_diffuse.png">$INFO[ListItem.Icon]</texture>
            <fadetime>200</fadetime>
            <colordiffuse>89FFFFFF</colordiffuse>
            <aspectratio scalediffuse="false">stretch</aspectratio>
            <visible>!Container.Content(Genres)</visible>
          </control>
          <control type="image">
            <left>-150</left>
            <top>368</top>
            <width>162</width>
            <height>241</height>
            <texture diffuse="movie-poster/posterview_diffuse.png" fallback="defaultmoviegenre.jpg">extras/moviegenres/$INFO[ListItem.Label].jpg</texture>
            <fadetime>200</fadetime>
            <colordiffuse>89FFFFFF</colordiffuse>
            <aspectratio scalediffuse="false">stretch</aspectratio>
            <visible>Container.Content(Genres)</visible>
          </control>
          <control type="image">
            <left>-46</left>
            <top>324</top>
            <width>70</width>
            <height>53</height>
            <texture>dialogs/movies/$INFO[ListItem.Overlay]</texture>
            <visible>!Skin.HasSetting(DisableMovieOverlays) + Container.Content(movies) + !IsEmpty(ListItem.Overlay)</visible>
          </control>
          <control type="image">
            <left>-46</left>
            <top>324</top>
            <width>70</width>
            <height>53</height>
            <texture>dialogs/movies/$INFO[ListItem.Overlay]</texture>
            <visible>!Skin.HasSetting(DisableTvOverlays) + !Container.Content(movies) + !IsEmpty(ListItem.Overlay)</visible>
          </control>
        </control>
      </itemlayout>
      <focusedlayout width="220" height="515">
        <control type="group">
          <left>140</left>
          <top>0</top>
          <animation effect="zoom" start="100" end="120" time="600" delay="2800" condition="Skin.HasSetting(PosterPlus) + Container.Content(movies) + !Skin.HasSetting(Poster_Fanart) + ![Container(55).OnNext | Container(55).OnPrevious]">Conditional</animation>
          <animation effect="slide" start="0,0" end="-280,-80" time="600" delay="2800" condition="Skin.HasSetting(PosterPlus) + Container.Content(movies) + !Skin.HasSetting(Poster_Fanart) + ![Container(55).OnNext | Container(55).OnPrevious]">Conditional</animation>
          <control type="image">
            <!-- zoom effect -->
            <left>44</left>
            <top>93</top>
            <width>36</width>
            <height>294</height>
            <texture>movie-poster/newcase.png</texture>
            <aspectratio scalediffuse="false">stretch</aspectratio>
            <animation type="Focus" reversible="false">
              <effect type="zoom" center="60,238" start="80" end="100" time="600" tween="back" easing="out" />
              <effect type="fade" start="0" end="100" time="600" />
              <effect type="zoom" center="60,238" start="100" end="145,155" time="600" delay="2000" tween="back" easing="out" />
              <effect type="slide" end="0,-60" time="600" delay="2000" />
              <effect type="rotatey" center="50" start="0" end="-9" time="600" delay="2000" />
              <effect type="fade" start="100" end="0" time="600" delay="2050" />
            </animation>
            <visible>Skin.HasSetting(Poster_Fanart)</visible>
          </control>
          <control type="image">
            <!-- no zoom effect -->
            <left>44</left>
            <top>93</top>
            <width>36</width>
            <height>294</height>
            <texture>movie-poster/newcase.png</texture>
            <aspectratio scalediffuse="false">stretch</aspectratio>
            <animation type="Focus" reversible="false">
              <effect type="zoom" center="60,238" start="80" end="100" time="600" tween="back" easing="out" />
              <effect type="fade" start="0" end="100" time="600" />
            </animation>
            <visible>!Skin.HasSetting(Poster_Fanart)</visible>
          </control>
          <control type="image">
            <!-- zoom effect -->
            <left>-148</left>
            <top>90</top>
            <width>211</width>
            <height>300</height>
            <texture>movie-poster/posterview_diffuse.png</texture>
            <fadetime>200</fadetime>
            <aspectratio scalediffuse="false">stretch</aspectratio>
            <animation type="Focus" reversible="false">
              <effect type="zoom" center="60,238" start="80" end="100" time="600" tween="back" easing="out" />
              <effect type="zoom" center="60,238" start="100" end="145,155" time="600" delay="2000" tween="back" easing="out" />
              <effect type="slide" end="0,-60" time="600" delay="2000" />
              <effect type="rotatey" center="50" start="0" end="-9" time="600" delay="2000" />
            </animation>
            <visible>Skin.HasSetting(Poster_Fanart)</visible>
          </control>
          <control type="image">
            <!-- zoom effect -->
            <left>-148</left>
            <top>90</top>
            <width>211</width>
            <height>300</height>
            <texture>movie-poster/posterview_diffuse.png</texture>
            <fadetime>200</fadetime>
            <aspectratio scalediffuse="false">stretch</aspectratio>
            <animation type="Focus" reversible="false">
              <effect type="zoom" center="60,238" start="80" end="100" time="600" tween="back" easing="out" />
            </animation>
            <visible>!Skin.HasSetting(Poster_Fanart)</visible>
          </control>
          <control type="image">
            <left>-148</left>
            <top>390</top>
            <width>211</width>
            <height>300</height>
            <texture flipy="true">movie-poster/posterview_diffuse.png</texture>
            <colordiffuse>ff000000</colordiffuse>
            <aspectratio scalediffuse="false">stretch</aspectratio>
            <animation type="Focus" reversible="false">
              <effect type="zoom" center="60,238" start="80" end="100" time="600" tween="back" easing="out" />
            </animation>
            <visible>!Skin.HasSetting(Poster_Fanart)</visible>
          </control>
          <control type="image">
            <left>-148</left>
            <top>390</top>
            <width>211</width>
            <height>300</height>
            <texture flipy="true">movie-poster/posterview_diffuse.png</texture>
            <colordiffuse>ff000000</colordiffuse>
            <aspectratio scalediffuse="false">stretch</aspectratio>
            <animation type="Focus" reversible="false">
              <effect type="zoom" center="60,238" start="80" end="100" time="600" tween="back" easing="out" />
              <effect type="zoom" center="60,238" start="100" end="145,155" time="600" delay="2000" tween="back" easing="out" />
              <effect type="slide" end="0,-60" time="600" delay="2000" />
              <effect type="rotatey" center="50" start="0" end="-9" time="600" delay="2000" />
            </animation>
            <visible>Skin.HasSetting(Poster_Fanart)</visible>
          </control>
          <control type="image">
            <left>-148</left>
            <top>90</top>
            <width>211</width>
            <height>300</height>
            <texture background="true" diffuse="movie-poster/posterview_diffuse.png">$INFO[ListItem.Icon]</texture>
            <fadetime>200</fadetime>
            <aspectratio scalediffuse="false">stretch</aspectratio>
            <animation type="Focus" reversible="false">
              <effect type="zoom" center="60,238" start="80" end="100" time="600" tween="back" easing="out" />
              <effect type="zoom" center="60,238" start="100" end="145,155" time="600" delay="2000" tween="back" easing="out" />
              <effect type="slide" end="0,-60" time="600" delay="2000" />
              <effect type="rotatey" center="50" start="0" end="-9" time="600" delay="2000" />
            </animation>
            <visible>!Container.Content(Genres) + Skin.HasSetting(Poster_Fanart)</visible>
          </control>
          <control type="image">
            <left>-148</left>
            <top>90</top>
            <width>211</width>
            <height>300</height>
            <texture background="true" diffuse="movie-poster/posterview_diffuse.png">$INFO[ListItem.Icon]</texture>
            <fadetime>200</fadetime>
            <aspectratio scalediffuse="false">stretch</aspectratio>
            <animation type="Focus" reversible="false">
              <effect type="zoom" center="60,238" start="80" end="100" time="600" tween="back" easing="out" />
            </animation>
            <visible>!Container.Content(Genres) + !Skin.HasSetting(Poster_Fanart)</visible>
          </control>
          <control type="image">
            <left>-148</left>
            <top>90</top>
            <width>211</width>
            <height>300</height>
            <texture diffuse="movie-poster/posterview_diffuse.png" fallback="defaultmoviegenre.jpg">extras/moviegenres/$INFO[ListItem.Label].jpg</texture>
            <fadetime>200</fadetime>
            <aspectratio scalediffuse="false">stretch</aspectratio>
            <animation type="Focus" reversible="false">
              <effect type="zoom" center="60,238" start="80" end="100" time="600" tween="back" easing="out" />
            </animation>
            <visible>Container.Content(Genres) + !Skin.HasSetting(Poster_Fanart)</visible>
          </control>
          <control type="image">
            <left>-148</left>
            <top>90</top>
            <width>211</width>
            <height>300</height>
            <texture diffuse="movie-poster/posterview_diffuse.png" fallback="defaultmoviegenre.jpg">extras/moviegenres/$INFO[ListItem.Label].jpg</texture>
            <fadetime>200</fadetime>
            <aspectratio scalediffuse="false">stretch</aspectratio>
            <animation type="Focus" reversible="false">
              <effect type="zoom" center="60,238" start="80" end="100" time="600" tween="back" easing="out" />
              <effect type="zoom" center="60,238" start="100" end="145,155" time="600" delay="2000" tween="back" easing="out" />
              <effect type="slide" end="0,-60" time="600" delay="2000" />
              <effect type="rotatey" center="50" start="0" end="-9" time="600" delay="2000" />
            </animation>
            <visible>Container.Content(Genres) + Skin.HasSetting(Poster_Fanart)</visible>
          </control>
          <!--<control type="image">
						<left>-148</left>
						<top>390</top>
						<width>211</width>
						<height>302</height>
						<texture>movie-poster/mask_border2.png</texture>
						<fadetime>200</fadetime>
						<aspectratio scalediffuse="false">stretch</aspectratio>
						<animation type="Focus" reversible="false">
							<effect type="zoom" center="60,238" start="51" end="100" time="600" tween="back" easing="out" />
							<effect type="fade" start="0" end="50" time="600" />
						</animation>
					</control>-->
          <control type="image">
            <left>-148</left>
            <top>386</top>
            <width>211</width>
            <height>300</height>
            <texture flipy="true">movie-poster/posterview_diffuse_border.png</texture>
            <fadetime>200</fadetime>
            <aspectratio scalediffuse="false">stretch</aspectratio>
            <animation type="Focus" reversible="false">
              <effect type="zoom" center="60,238" start="80" end="100" time="600" tween="back" easing="out" />
              <effect type="zoom" center="60,238" start="100" end="145,155" time="600" delay="2000" tween="back" easing="out" />
              <effect type="slide" end="0,-60" time="600" delay="2000" />
              <effect type="rotatey" center="50" start="0" end="-9" time="600" delay="2000" />
              <effect type="fade" start="0" end="30" time="600" />
            </animation>
            <visible>!Container.Content(Genres) + Skin.HasSetting(Poster_Fanart)</visible>
          </control>
          <control type="image">
            <left>-148</left>
            <top>386</top>
            <width>211</width>
            <height>300</height>
            <texture flipy="true">movie-poster/posterview_diffuse_border.png</texture>
            <fadetime>200</fadetime>
            <aspectratio scalediffuse="false">stretch</aspectratio>
            <animation type="Focus" reversible="false">
              <effect type="zoom" center="60,238" start="80" end="100" time="600" tween="back" easing="out" />
              <effect type="fade" start="0" end="30" time="600" />
            </animation>
            <visible>!Container.Content(Genres) + !Skin.HasSetting(Poster_Fanart)</visible>
          </control>
          <control type="image">
            <left>-148</left>
            <top>386</top>
            <width>211</width>
            <height>300</height>
            <texture background="true" flipy="true" diffuse="movie-poster/posterview_diffuse.png">$INFO[ListItem.Icon]</texture>
            <fadetime>200</fadetime>
            <aspectratio scalediffuse="false">stretch</aspectratio>
            <animation type="Focus" reversible="false">
              <effect type="zoom" center="60,238" start="80" end="100" time="600" tween="back" easing="out" />
              <effect type="zoom" center="60,238" start="100" end="145,155" time="600" delay="2000" tween="back" easing="out" />
              <effect type="slide" end="0,-60" time="600" delay="2000" />
              <effect type="rotatey" center="50" start="0" end="-9" time="600" delay="2000" />
              <effect type="fade" start="0" end="70" time="600" />
            </animation>
            <visible>!Container.Content(Genres) + Skin.HasSetting(Poster_Fanart)</visible>
          </control>
          <control type="image">
            <left>-148</left>
            <top>386</top>
            <width>211</width>
            <height>300</height>
            <texture background="true" flipy="true" diffuse="movie-poster/posterview_diffuse.png">$INFO[ListItem.Icon]</texture>
            <fadetime>200</fadetime>
            <aspectratio scalediffuse="false">stretch</aspectratio>
            <animation type="Focus" reversible="false">
              <effect type="zoom" center="60,238" start="80" end="100" time="600" tween="back" easing="out" />
              <effect type="fade" start="0" end="70" time="600" />
            </animation>
            <visible>!Container.Content(Genres) + !Skin.HasSetting(Poster_Fanart)</visible>
          </control>
          <control type="image">
            <left>-148</left>
            <top>390</top>
            <width>211</width>
            <height>300</height>
            <texture diffuse="movie-poster/posterview_diffuse.png" fallback="defaultmoviegenre.jpg">extras/moviegenres/$INFO[ListItem.Label].jpg</texture>
            <fadetime>200</fadetime>
            <aspectratio scalediffuse="false">stretch</aspectratio>
            <animation type="Focus" reversible="false">
              <effect type="zoom" center="60,238" start="80" end="100" time="600" tween="back" easing="out" />
              <effect type="fade" start="0" end="70" time="600" />
            </animation>
            <visible>Container.Content(Genres) + !Skin.HasSetting(Poster_Fanart)</visible>
          </control>
          <control type="image">
            <left>-148</left>
            <top>390</top>
            <width>211</width>
            <height>300</height>
            <texture diffuse="movie-poster/posterview_diffuse.png" fallback="defaultmoviegenre.jpg">extras/moviegenres/$INFO[ListItem.Label].jpg</texture>
            <fadetime>200</fadetime>
            <aspectratio scalediffuse="false">stretch</aspectratio>
            <animation type="Focus" reversible="false">
              <effect type="zoom" center="60,238" start="80" end="100" time="600" tween="back" easing="out" />
              <effect type="zoom" center="60,238" start="100" end="145,155" time="600" delay="2000" tween="back" easing="out" />
              <effect type="slide" end="0,-60" time="600" delay="2000" />
              <effect type="rotatey" center="50" start="0" end="-9" time="600" delay="2000" />
              <effect type="fade" start="0" end="70" time="600" />
            </animation>
            <visible>Container.Content(Genres) + Skin.HasSetting(Poster_Fanart)</visible>
          </control>
          <control type="image">
            <left>-9</left>
            <top>332</top>
            <width>86</width>
            <height>65</height>
            <texture>dialogs/movies/$INFO[ListItem.Overlay]</texture>
            <animation type="Focus" reversible="false">
              <effect type="zoom" center="60,238" start="80" end="100" time="600" tween="back" easing="out" />
              <effect type="zoom" center="60,238" start="100" end="145,155" time="600" delay="2000" tween="back" easing="out" />
              <effect type="slide" end="0,-60" time="600" delay="2000" />
              <effect type="rotatey" center="50" start="0" end="-9" time="600" delay="2000" />
              <effect type="fade" start="0" end="70" time="600" />
            </animation>
            <visible>!Skin.HasSetting(DisableMovieOverlays) + Skin.HasSetting(poster_fanart) + Container.Content(movies) + !IsEmpty(ListItem.Overlay)</visible>
          </control>
          <control type="image">
            <left>-9</left>
            <top>332</top>
            <width>86</width>
            <height>65</height>
            <texture>dialogs/movies/$INFO[ListItem.Overlay]</texture>
            <animation type="Focus" reversible="false">
              <effect type="zoom" center="60,238" start="80" end="100" time="600" tween="back" easing="out" />
              <effect type="fade" start="0" end="70" time="600" />
            </animation>
            <visible>!Skin.HasSetting(DisableMovieOverlays) + !Skin.HasSetting(poster_fanart) + Container.Content(movies) + !IsEmpty(ListItem.Overlay)</visible>
          </control>
          <control type="image">
            <left>-9</left>
            <top>332</top>
            <width>86</width>
            <height>65</height>
            <texture>dialogs/movies/$INFO[ListItem.Overlay]</texture>
            <animation type="Focus" reversible="false">
              <effect type="zoom" center="60,238" start="80" end="100" time="600" tween="back" easing="out" />
              <effect type="zoom" center="60,238" start="100" end="145,155" time="600" delay="2000" tween="back" easing="out" />
              <effect type="slide" end="0,-60" time="600" delay="2000" />
              <effect type="rotatey" center="50" start="0" end="-9" time="600" delay="2000" />
              <effect type="fade" start="0" end="70" time="600" />
            </animation>
            <visible>!Skin.HasSetting(DisableTvOverlays) + !Container.Content(movies) + !IsEmpty(ListItem.Overlay)+ Skin.HasSetting(Poster_Fanart)</visible>
          </control>
          <control type="image">
            <left>-9</left>
            <top>332</top>
            <width>86</width>
            <height>65</height>
            <texture>dialogs/movies/$INFO[ListItem.Overlay]</texture>
            <animation type="Focus" reversible="false">
              <effect type="zoom" center="60,238" start="80" end="100" time="600" tween="back" easing="out" />
              <effect type="fade" start="0" end="70" time="600" />
            </animation>
            <visible>!Skin.HasSetting(DisableTvOverlays) + !Container.Content(movies) + !IsEmpty(ListItem.Overlay)+ !Skin.HasSetting(Poster_Fanart)</visible>
          </control>
        </control>
      </focusedlayout>
    </control>
    <control type="image">
      <visible>Control.IsVisible(55) + !Skin.HasSetting(Poster_Fanart)</visible>
      <left>0</left>
      <top>0</top>
      <width>1280</width>
      <height>720</height>
      <texture>movie-poster/last-overlay.png</texture>
      <aspectratio>stretch</aspectratio>
    </control>
    <control type="image">
      <visible>Control.IsVisible(55) + Skin.HasSetting(Poster_Fanart) + !Skin.HasSetting(clean_poster)</visible>
      <left>0</left>
      <top>0</top>
      <width>1280</width>
      <height>160</height>
      <texture>movie-poster/Poster_Fanart_Title_Back.png</texture>
      <aspectratio>stretch</aspectratio>
    </control>
    <!-- Browser label and flags -->
    <control type="group">
      <visible>Control.IsVisible(55)</visible>
      <left>0</left>
      <top>0</top>
      <include>Animation_ZoomInZoomOut</include>
      <include>Animation_HiddenByInfo</include>
      <control type="textbox">
        <description>Plot Movie</description>
        <left>340</left>
        <top>422</top>
        <width>600</width>
        <height>234</height>
        <align>justify</align>
        <info>ListItem.Plot</info>
        <font>Font_Bartowski_Movies_Plot</font>
        <textcolor>ffffffff</textcolor>
        <animation effect="fade" start="0" end="100" time="400" delay="3000" condition="Control.IsVisible(55) + Skin.HasSetting(PosterPlus) + Container.Content(movies) + !Skin.HasSetting(Poster_Fanart) + ![Container(55).OnNext | Container(55).OnPrevious]">WindowOpen</animation>
        <animation effect="slide" start="1000,0" end="0,0" time="400" delay="3600" condition="Skin.HasSetting(PosterPlus) + Container.Content(movies) + !Skin.HasSetting(Poster_Fanart) + ![Container(55).OnNext | Container(55).OnPrevious]">Conditional</animation>
        <autoscroll time="3000" delay="5000" repeat="5000">Skin.HasSetting(autoscroll)</autoscroll>
        <visible>Control.IsVisible(55) + Skin.HasSetting(PosterPlus) + Container.Content(movies) + !Skin.HasSetting(Poster_Fanart)</visible>
      </control>
      <control type="label">
        <left>20</left>
        <top>30</top>
        <width>1200</width>
        <height>50</height>
        <aligny>center</aligny>
        <font>Font_Bartowski_Title_TVShow</font>
        <textcolor>mainblue</textcolor>
        <label>$INFO[ListItem.Label]</label>
        <visible>Container.Content(movies) + !Skin.HasSetting(clean_poster)</visible>
      </control>
      <control type="image" id="7015">
        <left>20</left>
        <top>30</top>
        <width>230</width>
        <height>89</height>
        <texture background="true">$INFO[ListItem.Art(clearlogo)]</texture>
        <fadetime>100</fadetime>
        <aspectratio scalediffuse="false">stretch</aspectratio>
        <include>Animation_HiddenByInfo</include>
        <visible>[Container.Content(tvshows) | Container.Content(seasons) | Container.Content(episodes)]</visible>
      </control>
      <control type="image" id="9015">
        <left>20</left>
        <top>30</top>
        <width>230</width>
        <height>89</height>
        <texture background="true">$INFO[ListItem.path]../logo.png</texture>
        <fadetime>100</fadetime>
        <aspectratio scalediffuse="false">stretch</aspectratio>
        <include>Animation_HiddenByInfo</include>
        <visible>[Container.Content(tvshows) | Container.Content(seasons) | Container.Content(episodes)]</visible>
      </control>
      <control type="label">
        <left>20</left>
        <top>30</top>
        <width>1200</width>
        <height>50</height>
        <aligny>center</aligny>
        <font>Font_Bartowski_Title_TVShow</font>
        <textcolor>mainblue</textcolor>
        <label>$INFO[ListItem.TVShowTitle]</label>
        <visible>[Container.Content(tvshows) | Container.Content(seasons) | Container.Content(episodes)] + IsEmpty(Control.GetLabel(7015)) + IsEmpty(Control.GetLabel(9015))</visible>
      </control>
      <control type="label">
        <left>20</left>
        <top>60</top>
        <width>604</width>
        <height>50</height>
        <aligny>center</aligny>
        <font>Font_RSS_Big</font>
        <textcolor>ffffffff</textcolor>
        <label>$INFO[ListItem.Duration] $LOCALIZE[12391]</label>
        <visible>Container.Content(movies) + !Skin.HasSetting(clean_poster) + ![Player.HasVideo | substring(container.folderpath,plugin://video/)] + !IsEmpty(ListItem.Duration)</visible>
      </control>
      <control type="label">
        <left>20</left>
        <top>60</top>
        <width>604</width>
        <height>50</height>
        <aligny>center</aligny>
        <font>Font_RSS_Big</font>
        <textcolor>ffffffff</textcolor>
        <label>$LOCALIZE[31005]</label>
        <visible>IsEmpty(ListItem.foldername) + !Skin.HasSetting(Poster_Fanart) + !Skin.HasSetting(clean_poster) + !substring(Container.Listitem.Label,..,left) + Container.Content(movies) + Window.IsActive(videolibrary)</visible>
      </control>
      <control type="label">
        <left>20</left>
        <top>85</top>
        <width>604</width>
        <height>50</height>
        <aligny>center</aligny>
        <font>Font_Neon_26</font>
        <textcolor>ffffffff</textcolor>
        <label>$INFO[ListItem.year]</label>
        <visible>Container.Content(movies) + !Skin.HasSetting(clean_poster) + ![Player.HasVideo | substring(container.folderpath,plugin://video/)]</visible>
      </control>
      <control type="group">
        <left>140</left>
        <top>118</top>
        <include>VideoMPAAFlaggingConditions</include>
        <animation effect="zoom" start="80" end="80" time="0" condition="true">Conditional</animation>
        <visible>Container.Content(movies) + !Skin.HasSetting(clean_poster) + ![Player.HasVideo | substring(container.folderpath,plugin://video/)]</visible>
      </control>
      <control type="group">
        <left>20</left>
        <top>120</top>
        <include>Poster_Next_Aired</include>
        <visible>!Skin.HasSetting(Poster_Fanart)</visible>
      </control>
      <control type="label">
        <!--Trailer Start-->
        <visible>Control.IsVisible(55) + Container.Content(movies) + !Skin.HasSetting(clean_poster) + !IsEmpty(ListItem.Trailer) + !Player.HasVideo</visible>
        <left>20</left>
        <top>108</top>
        <width>370</width>
        <height>50</height>
        <aligny>center</aligny>
        <font>Font_Neon_16</font>
        <textcolor>ffffffff</textcolor>
        <label>*$LOCALIZE[31237]*</label>
        <shadowcolor>black</shadowcolor>
        <include>Animation_ZoomInZoomOut</include>
        <animation effect="fade" start="0" end="100" time="400" delay="1000" condition="![Container(55).OnNext | Container(55).OnPrevious]">Conditional</animation>
      </control>
      <control type="label">
        <!--Trailer Stop-->
        <visible>Control.IsVisible(55) + Container.Content(movies) + Player.HasVideo + !Skin.HasSetting(clean_poster)</visible>
        <left>60</left>
        <top>65</top>
        <width>370</width>
        <height>50</height>
        <aligny>center</aligny>
        <font>Font_Neon_16</font>
        <textcolor>ffffffff</textcolor>
        <label>*$LOCALIZE[31238]*</label>
        <shadowcolor>black</shadowcolor>
        <include>Animation_ZoomInZoomOut</include>
      </control>
    </control>
    <control type="grouplist">
      <left>340</left>
      <top>260</top>
      <width>600</width>
      <include>Animation_ZoomInZoomOut</include>
      <include>Animation_HiddenByInfo</include>
      <animation effect="slide" start="0,600" end="0,0" time="400" delay="3400" condition="Container.Content(movies) + !Skin.HasSetting(Poster_Fanart) + ![Container(55).OnNext | Container(55).OnPrevious]">Conditional</animation>
      <visible>Control.IsVisible(55) + Skin.HasSetting(PosterPlus) + !IsEmpty(ListItem.Title) + Container.Content(movies) + !Skin.HasSetting(Poster_Fanart)</visible>
      <control type="label">
        <width>600</width>
        <height>20</height>
        <aligny>center</aligny>
        <font>Font_Bartowski_Showcase_Right_Under</font>
        <textcolor>ffffffff</textcolor>
        <label>[COLOR=mainblue]$LOCALIZE[20339][/COLOR] - $INFO[ListItem.Director]</label>
        <animation effect="fade" start="0" end="100" time="400" delay="3000" condition="Skin.HasSetting(PosterPlus) + Container.Content(movies) + !Skin.HasSetting(Poster_Fanart) + ![Container(55).OnNext | Container(55).OnPrevious]">WindowOpen</animation>
      </control>
      <control type="label">
        <width>600</width>
        <height>20</height>
        <aligny>center</aligny>
        <font>Font_Bartowski_Showcase_Right_Under</font>
        <textcolor>ffffffff</textcolor>
        <label>[COLOR=mainblue]$LOCALIZE[20417][/COLOR] - $INFO[ListItem.Writer]</label>
        <animation effect="fade" start="0" end="100" time="400" delay="3000" condition="Skin.HasSetting(PosterPlus) + Container.Content(movies) + !Skin.HasSetting(Poster_Fanart) + ![Container(55).OnNext | Container(55).OnPrevious]">WindowOpen</animation>
      </control>
      <control type="label">
        <width>600</width>
        <height>20</height>
        <aligny>center</aligny>
        <font>Font_Bartowski_Showcase_Right_Under</font>
        <textcolor>ffffffff</textcolor>
        <label>[COLOR=mainblue]$LOCALIZE[515][/COLOR] - $INFO[ListItem.Genre]</label>
        <animation effect="fade" start="0" end="100" time="400" delay="3000" condition="Skin.HasSetting(PosterPlus) + Container.Content(movies) + !Skin.HasSetting(Poster_Fanart) + ![Container(55).OnNext | Container(55).OnPrevious]">WindowOpen</animation>
      </control>
      <control type="label">
        <width>600</width>
        <height>20</height>
        <aligny>center</aligny>
        <font>Font_Bartowski_Showcase_Right_Under</font>
        <textcolor>ffffffff</textcolor>
        <label>[COLOR=mainblue]$LOCALIZE[572][/COLOR] - $INFO[ListItem.Studio]</label>
        <animation effect="fade" start="0" end="100" time="400" delay="3000" condition="Skin.HasSetting(PosterPlus) + Container.Content(movies) + !Skin.HasSetting(Poster_Fanart) + ![Container(55).OnNext | Container(55).OnPrevious]">WindowOpen</animation>
      </control>
      <control type="label">
        <width>600</width>
        <height>20</height>
        <aligny>center</aligny>
        <font>Font_Bartowski_Showcase_Right_Under</font>
        <textcolor>ffffffff</textcolor>
        <label>[COLOR=mainblue]$LOCALIZE[563][/COLOR] - $INFO[ListItem.Rating]</label>
        <animation effect="fade" start="0" end="100" time="400" delay="3000" condition="Skin.HasSetting(PosterPlus) + Container.Content(movies) + !Skin.HasSetting(Poster_Fanart) + ![Container(55).OnNext | Container(55).OnPrevious]">WindowOpen</animation>
      </control>
    </control>
    <control type="group">
      <left>20</left>
      <top>90</top>
      <include>Animation_ZoomInZoomOut</include>
      <include>Animation_HiddenByInfo</include>
      <animation effect="slide" start="0,0" end="0,-40" time="0" tween="cubic" easing="inout" condition="IsEmpty(Control.GetLabel(7015))">Conditional</animation>
      <visible>Control.IsVisible(55) + !IsEmpty(ListItem.Title) + [Container.Content(tvshows) | Container.Content(seasons)] + !Skin.HasSetting(Poster_Fanart) + !Player.HasVideo</visible>
      <control type="label">
        <visible>Container.Content(seasons)</visible>
        <left>0</left>
        <top>30</top>
        <width>230</width>
        <height>89</height>
        <font>Font_Neon_26</font>
        <textcolor>white</textcolor>
        <align>center</align>
        <label>$INFO[ListItem.Label]</label>
      </control>
      <control type="label">
        <visible>Container.Content(tvshows)</visible>
        <left>0</left>
        <top>30</top>
        <width>630</width>
        <height>89</height>
        <font>Font_TVShow</font>
        <label>[COLOR=ListTrackF]$LOCALIZE[515][/COLOR] [COLOR=white]$INFO[ListItem.Genre][/COLOR]</label>
      </control>
      <control type="label">
        <visible>![Container.Content(seasons) | Container.Content(episodes)]</visible>
        <left>0</left>
        <top>60</top>
        <width>630</width>
        <height>89</height>
        <font>Font_TVShow</font>
        <label>[COLOR=ListTrackF]$LOCALIZE[31231][/COLOR] [COLOR=white]$INFO[ListItem.Date][/COLOR]</label>
      </control>
      <control type="label">
        <visible>![Container.Content(seasons) | Container.Content(episodes)]</visible>
        <left>0</left>
        <top>90</top>
        <width>630</width>
        <height>89</height>
        <font>Font_TVShow</font>
        <label>[COLOR=ListTrackF]$LOCALIZE[368][/COLOR] [COLOR=white]$INFO[ListItem.Rating][/COLOR]      [COLOR=ListTrackF]$LOCALIZE[31226][/COLOR] [COLOR=white]$INFO[ListItem.mpaa][/COLOR]</label>
      </control>
    </control>
    <control type="group">
      <visible>Control.IsVisible(55) + substring(container.folderpath,plugin://video/Apple Movie) + !IsEmpty(ListItem.Title)</visible>
      <left>20</left>
      <top>50</top>
      <control type="label">
        <left>0</left>
        <top>0</top>
        <width>630</width>
        <height>89</height>
        <font>Font_TVShow</font>
        <label>[COLOR=ListTrackF]$LOCALIZE[515][/COLOR] [COLOR=white]$INFO[ListItem.Genre][/COLOR]</label>
        <include>Animation_HiddenByInfo</include>
      </control>
      <control type="label">
        <left>0</left>
        <top>30</top>
        <width>630</width>
        <height>89</height>
        <font>Font_TVShow</font>
        <label>[COLOR=ListTrackF]$LOCALIZE[172][/COLOR] [COLOR=white]$INFO[ListItem.Property(releasedate)][/COLOR]</label>
        <include>Animation_HiddenByInfo</include>
      </control>
      <control type="label">
        <left>0</left>
        <top>60</top>
        <width>630</width>
        <height>89</height>
        <font>Font_TVShow</font>
        <label>[COLOR=ListTrackF]$LOCALIZE[31226][/COLOR] [COLOR=white]$INFO[ListItem.mpaa][/COLOR]</label>
        <include>Animation_HiddenByInfo</include>
      </control>
    </control>
    <control type="grouplist">
      <visible>Control.IsVisible(55) + Container.Content(movies) + !Skin.HasSetting(clean_poster) + !Skin.HasSetting(no_media_flags) + !Control.IsVisible(65)</visible>
      <description>Media Codec Flagging Images</description>
      <left>20</left>
      <top>680</top>
      <width>1280</width>
      <align>left</align>
      <itemgap>0</itemgap>
      <orientation>horizontal</orientation>
      <include>StudioFlags</include>
      <include>VideoTypeHackFlaggingConditions</include>
      <include>VideoCodecFlaggingConditions</include>
      <include>AspectCodecFlaggingConditions</include>
      <include>AudioCodecFlaggingConditions</include>
      <include>AudioChannelsFlaggingConditions</include>
      <include>Animation_HiddenByInfo</include>
      <include>Animation_ZoomInZoomOut</include>
    </control>
    <control type="image">
      <left>0</left>
      <top>528</top>
      <width>1280</width>
      <height>192</height>
      <texture>common/scrollbar_back.png</texture>
      <visible>Control.IsVisible(55) + Control.HasFocus(65)</visible>
    </control>
    <control type="scrollbar" id="65">
      <include>Animation_ZoomInZoomOut</include>
      <left>100</left>
      <top>900</top>
      <width>1080</width>
      <height>25</height>
      <visible allowhiddenfocus="true">Control.IsVisible(55) + Control.HasFocus(65)</visible>
      <texturesliderbackground>osd/osd_progress_back1.png</texturesliderbackground>
      <textureslidernibfocus>ScrollBarV_Nib_Focus.png</textureslidernibfocus>
      <onup>7000</onup>
      <ondown>55</ondown>
      <showonepage>true</showonepage>
      <orientation>horizontal</orientation>
      <include>Animation_CommonFade</include>
      <animation effect="slide" start="0,0" end="0,-220" time="400" tween="cubic" easing="inout" condition="Control.HasFocus(65)">Conditional</animation>
    </control>
  </include>
</includes>