<?xml version="1.0" encoding="UTF-8"?>
<includes>
  <include name="Viewtype_Panel">
    <control type="group">
      <visible>Control.IsVisible(56)</visible>
      <control type="image">
        <left>0</left>
        <top>0</top>
        <width>1280</width>
        <height>720</height>
        <texture>panel/last-overlay.png</texture>
      </control>
      <control type="image">
        <!-- 1st overlay -->
        <visible>Container.Content(movies) | Container.Content(tvshows)</visible>
        <left>0</left>
        <top>0</top>
        <width>1280</width>
        <height>720</height>
        <texture>panel/panel-back.png</texture>
      </control>
      <control type="image">
        <visible>[Container.Content(movies) | Container.Content(tvshows)] + !Player.HasVideo + !SubString(ListItem.Icon,DefaultFolderBack.png,Left)</visible>
        <left>0</left>
        <top>0</top>
        <width>570</width>
        <height>318</height>
        <texture background="true" diffuse="Showcase/showcase-diffuse.png" fallback="special://skin/backgrounds/movies.jpg">$INFO[Container(56).listitem.property(fanart_image)]</texture>
        <fadetime>400</fadetime>
        <aspectratio>stretch</aspectratio>
        <include>Animation_Viewtype_Panel_Fanart</include>
      </control>
    </control>
    <control type="panel" id="56">
      <visible>!Skin.HasSetting(no_Panel) + [Container.Content(Movies) | [Container.Content(tvshows) + Skin.HasSetting(TVPosters)]] + !substring(container.folderpath,plugin://plugin.video.apple.movie.trailers.lite) + !Container.Content(Genres)</visible>
      <left>520</left>
      <top>12</top>
      <width>800</width>
      <height>704</height>
      <scrolltime>300</scrolltime>
      <orientation>vertical</orientation>
      <viewtype label="$LOCALIZE[31051]">List</viewtype>
      <onleft>7000</onleft>
      <onright>66</onright>
      <onup>56</onup>
      <ondown>56</ondown>
      <preloaditems>2</preloaditems>
      <pagecontrol>66</pagecontrol>
      <include>Animation_Viewtype_Panel_FocusArea</include>
      <itemlayout width="230" height="350" condition="!Skin.HasSetting(panelview_more_posters)">
        <control type="group">
          <left>60</left>
          <top>16</top>
          <control type="image">
            <left>1</left>
            <top>0</top>
            <width>215</width>
            <height>320</height>
            <texture>postermatteNF.png</texture>
          </control>
          <control type="image">
            <left>1</left>
            <top>0</top>
            <width>215</width>
            <height>320</height>
            <texture background="true" diffuse="postermatteNF.png">$INFO[ListItem.Icon]</texture>
            <fadetime>200</fadetime>
            <aspectratio scalediffuse="false">stretch</aspectratio>
            <visible>!Container.Content(Genres)</visible>
          </control>
          <control type="image">
            <left>1</left>
            <top>0</top>
            <width>215</width>
            <height>320</height>
            <texture>postermatteNF.png</texture>
            <colordiffuse>89000000</colordiffuse>
          </control>
          <control type="image">
            <left>1</left>
            <top>0</top>
            <width>215</width>
            <height>320</height>
            <texture background="true" diffuse="postermatteNF.png" fallback="defaultmoviegenre.jpg">extras\moviegenres\$INFO[ListItem.Label].jpg</texture>
            <fadetime>200</fadetime>
            <colordiffuse>89FFFFFF</colordiffuse>
            <aspectratio scalediffuse="false">stretch</aspectratio>
            <visible>Container.Content(Genres)</visible>
          </control>
          <control type="image">
            <left>-12</left>
            <top>-13</top>
            <width>240</width>
            <height>346</height>
            <texture>posterframeF.png</texture>
            <colordiffuse>39FFFFFF</colordiffuse>
          </control>
          <control type="image">
            <left>0</left>
            <top>-1</top>
            <width>216</width>
            <height>322</height>
            <texture>posterframeNF.png</texture>
          </control>
          <control type="image">
            <left>146</left>
            <top>264</top>
            <width>100</width>
            <height>76</height>
            <texture>dialogs/movies/$INFO[ListItem.Overlay]</texture>
            <colordiffuse>mainblue</colordiffuse>
            <animation effect="fade" start="60" end="60" time="0" condition="true">Conditional</animation>
            <visible>!Skin.HasSetting(DisableMovieOverlays) + Container.Content(movies) + !IsEmpty(ListItem.Overlay)</visible>
          </control>
          <control type="image">
            <left>146</left>
            <top>264</top>
            <width>100</width>
            <height>76</height>
            <texture>dialogs/movies/$INFO[ListItem.Overlay]</texture>
            <colordiffuse>mainblue</colordiffuse>
            <animation effect="fade" start="60" end="60" time="0" condition="true">Conditional</animation>
            <visible>!Skin.HasSetting(DisableMovieOverlays) + !Container.Content(movies) + !IsEmpty(ListItem.Overlay)</visible>
          </control>
        </control>
      </itemlayout>
      <itemlayout width="116" height="176" condition="Skin.HasSetting(panelview_more_posters)">
        <control type="group">
          <left>60</left>
          <top>0</top>
          <control type="image">
            <left>1</left>
            <top>0</top>
            <width>112</width>
            <height>170</height>
            <texture>postermatteNF.png</texture>
            <colordiffuse>black</colordiffuse>
          </control>
          <control type="image">
            <left>1</left>
            <top>0</top>
            <width>112</width>
            <height>170</height>
            <texture background="true" diffuse="postermatteNF.png">$INFO[ListItem.Icon]</texture>
            <fadetime>200</fadetime>
            <aspectratio scalediffuse="false">stretch</aspectratio>
            <animation effect="fade" start="40" end="40" time="0" condition="true">Conditional</animation>
          </control>
          <control type="image">
            <left>0</left>
            <top>-1</top>
            <width>112</width>
            <height>170</height>
            <texture>posterframeNF.png</texture>
          </control>
          <control type="image">
            <left>-6</left>
            <top>-7</top>
            <width>126</width>
            <height>184</height>
            <texture>posterframeF.png</texture>
            <colordiffuse>39FFFFFF</colordiffuse>
          </control>
          <control type="image">
            <left>62</left>
            <top>130</top>
            <width>70</width>
            <height>53</height>
            <texture>dialogs/movies/$INFO[ListItem.Overlay]</texture>
            <colordiffuse>mainblue</colordiffuse>
            <animation effect="fade" start="60" end="60" time="0" condition="true">Conditional</animation>
            <visible>Container.Content(Movies) + !Skin.HasSetting(DisableMovieOverlays) + !IsEmpty(ListItem.Overlay)</visible>
          </control>
          <control type="image">
            <left>62</left>
            <top>134</top>
            <width>70</width>
            <height>53</height>
            <texture>dialogs/movies/$INFO[ListItem.Overlay]</texture>
            <colordiffuse>mainblue</colordiffuse>
            <animation effect="fade" start="60" end="60" time="0" condition="true">Conditional</animation>
            <visible>Container.Content(tvshows) + !Skin.HasSetting(DisableTvOverlays) + !IsEmpty(ListItem.Overlay)</visible>
          </control>
        </control>
      </itemlayout>
      <focusedlayout width="300" height="184" condition="!Skin.HasSetting(panelview_more_posters)">
        <control type="group">
          <left>60</left>
          <top>16</top>
          <animation type="Focus" reversible="false">
            <effect type="zoom" center="auto" start="100" end="110" time="300" tween="back" easing="out" />
          </animation>
          <control type="image">
            <left>1</left>
            <top>0</top>
            <width>215</width>
            <height>320</height>
            <texture>postermatteNF.png</texture>
          </control>
          <control type="image">
            <left>1</left>
            <top>0</top>
            <width>215</width>
            <height>320</height>
            <texture background="true" diffuse="postermatteNF.png">$INFO[ListItem.Icon]</texture>
            <fadetime>200</fadetime>
            <aspectratio scalediffuse="false">stretch</aspectratio>
            <visible>!Container.Content(Genres)</visible>
          </control>
          <control type="image">
            <left>1</left>
            <top>0</top>
            <width>215</width>
            <height>320</height>
            <texture background="true" diffuse="postermatteNF.png" fallback="defaultmoviegenre.jpg">extras\moviegenres\$INFO[ListItem.Label].jpg</texture>
            <fadetime>200</fadetime>
            <colordiffuse>89FFFFFF</colordiffuse>
            <aspectratio scalediffuse="false">stretch</aspectratio>
            <visible>Container.Content(Genres)</visible>
          </control>
          <control type="image">
            <left>144</left>
            <top>266</top>
            <width>100</width>
            <height>76</height>
            <texture>dialogs/movies/$INFO[ListItem.Overlay]</texture>
            <colordiffuse>mainblue</colordiffuse>
            <visible>!Skin.HasSetting(DisableMovieOverlays) + Container.Content(movies) + !IsEmpty(ListItem.Overlay)</visible>
          </control>
          <control type="image">
            <left>144</left>
            <top>266</top>
            <width>100</width>
            <height>76</height>
            <texture>dialogs/movies/$INFO[ListItem.Overlay]</texture>
            <colordiffuse>mainblue</colordiffuse>
            <visible>!Skin.HasSetting(DisableMovieOverlays) + !Container.Content(movies) + !IsEmpty(ListItem.Overlay)</visible>
          </control>
          <control type="image">
            <left>-12</left>
            <top>-13</top>
            <width>240</width>
            <height>346</height>
            <texture>posterframeF.png</texture>
          </control>
          <control type="image">
            <left>0</left>
            <top>-1</top>
            <width>216</width>
            <height>322</height>
            <texture>posterframeNF.png</texture>
          </control>
        </control>
      </focusedlayout>
      <focusedlayout width="116" height="176" condition="Skin.HasSetting(panelview_more_posters)">
        <control type="group">
          <left>57</left>
          <top>0</top>
          <animation type="Focus" reversible="false">
            <effect type="zoom" center="auto" start="80" end="110" time="400" tween="back" easing="out" />
          </animation>
          <!--<control type="image">
							<left>-90</left>
							<top>38</top>
							<width>392</width>
							<height>500</height>
							<texture>panel/panel_poster_back.png</texture>
						</control>-->
          <control type="image">
            <left>1</left>
            <top>0</top>
            <width>112</width>
            <height>170</height>
            <texture>postermatteNF.png</texture>
          </control>
          <control type="image">
            <left>1</left>
            <top>0</top>
            <width>112</width>
            <height>170</height>
            <texture background="true" diffuse="postermatteNF.png">$INFO[ListItem.Icon]</texture>
            <fadetime>200</fadetime>
            <aspectratio scalediffuse="false">stretch</aspectratio>
          </control>
          <control type="image">
            <left>62</left>
            <top>130</top>
            <width>70</width>
            <height>53</height>
            <texture>dialogs/movies/$INFO[ListItem.Overlay]</texture>
            <colordiffuse>mainblue</colordiffuse>
            <visible>Container.Content(Movies) + !Skin.HasSetting(DisableMovieOverlays) + !IsEmpty(ListItem.Overlay)</visible>
          </control>
          <control type="image">
            <left>62</left>
            <top>130</top>
            <width>70</width>
            <height>53</height>
            <texture>dialogs/movies/$INFO[ListItem.Overlay]</texture>
            <colordiffuse>mainblue</colordiffuse>
            <visible>Container.Content(tvshows) + !Skin.HasSetting(DisableTvOverlays) + !IsEmpty(ListItem.Overlay)</visible>
          </control>
          <control type="image">
            <left>-6</left>
            <top>-7</top>
            <width>126</width>
            <height>184</height>
            <texture>posterframeF.png</texture>
          </control>
        </control>
      </focusedlayout>
    </control>
    <control type="group">
      <visible>Control.IsVisible(56)</visible>
      <control type="group">
        <include>Animation_Viewtype_Panel_Title</include>
        <control type="label">
          <!--Movie title-->
          <visible>Container.Content(movies)</visible>
          <left>15</left>
          <top>320</top>
          <width>555</width>
          <height>50</height>
          <align>center</align>
          <font>Font_Neon_30</font>
          <textcolor>mainblue</textcolor>
          <label>$INFO[ListItem.Label]</label>
        </control>
        <control type="image" id="7017">
          <visible>Container.Content(tvshows)</visible>
          <left>160</left>
          <top>300</top>
          <width>230</width>
          <height>89</height>
          <texture background="true">$INFO[ListItem.Art(clearlogo)]</texture>
          <fadetime>100</fadetime>
          <aspectratio scalediffuse="false">stretch</aspectratio>
        </control>
        <control type="label">
          <visible>Container.Content(tvshows) + IsEmpty(Control.GetLabel(7017))</visible>
          <left>15</left>
          <top>320</top>
          <width>555</width>
          <height>50</height>
          <align>center</align>
          <font>LiberationSans_Regular_30</font>
          <textcolor>mainblue</textcolor>
          <label>$INFO[ListItem.Label]</label>
        </control>
        <control type="label">
          <visible>Container.Content(tvshows) + IsEmpty(Control.GetLabel(7017))</visible>
          <left>15</left>
          <top>358</top>
          <width>555</width>
          <height>50</height>
          <align>center</align>
          <font>Font_Neon_20</font>
          <textcolor>white</textcolor>
          <label>$INFO[ListItem.Genre]</label>
        </control>
        <control type="label">
          <left>15</left>
          <top>356</top>
          <width>555</width>
          <height>50</height>
          <align>center</align>
          <font>Font_Neon_20</font>
          <textcolor>white</textcolor>
          <label>31508</label>
          <visible>Container.Content(movies) + IsEmpty(ListItem.foldername) + !substring(Container.Listitem.Label,..,left) + !Container.Content(genres) + Window.IsActive(videolibrary)</visible>
        </control>
        <control type="label">
          <left>15</left>
          <top>356</top>
          <width>555</width>
          <height>50</height>
          <align>center</align>
          <font>Font_Neon_20</font>
          <textcolor>white</textcolor>
          <label>$INFO[ListItem.Year] / $INFO[ListItem.Duration] $LOCALIZE[12391]</label>
          <visible>Container.Content(movies) + !SubString(ListItem.Icon,DefaultFolderBack.png,Left) + !IsEmpty(ListItem.Duration) + !SubString(ListItem.Duration,min)</visible>
        </control>
        <control type="label">
          <left>15</left>
          <top>356</top>
          <width>555</width>
          <height>50</height>
          <align>center</align>
          <font>Font_Neon_20</font>
          <textcolor>white</textcolor>
          <label>$INFO[ListItem.Year] / $INFO[ListItem.Duration]</label>
          <visible>Container.Content(movies) + !SubString(ListItem.Icon,DefaultFolderBack.png,Left) + !IsEmpty(ListItem.Duration) + SubString(ListItem.Duration,min)</visible>
        </control>
      </control>
      <control type="group">
        <control type="textbox">
          <visible>[Container.Content(movies) | Container.Content(tvshows)] + ![Player.HasAudio + !SubString(Window(videolibrary).Property(tvtunesIsAlive),True)]</visible>
          <left>15</left>
          <top>392</top>
          <width>540</width>
          <height>274</height>
          <font>Font_Neon_18</font>
          <textcolor>white</textcolor>
          <label>$INFO[ListItem.Plot]</label>
          <align>justify</align>
          <autoscroll time="3000" delay="5000" repeat="5000">Skin.HasSetting(autoscroll)</autoscroll>
          <include>Animation_Viewtype_Panel_BottomArea</include>
        </control>
        <control type="textbox">
          <visible>[Container.Content(movies) | Container.Content(tvshows)] + [Player.HasAudio + !SubString(Window(videolibrary).Property(tvtunesIsAlive),True)]</visible>
          <left>15</left>
          <top>392</top>
          <width>540</width>
          <height>168</height>
          <font>Font_Neon_18</font>
          <textcolor>white</textcolor>
          <label>$INFO[ListItem.Plot]</label>
          <autoscroll time="3000" delay="5000" repeat="5000">Skin.HasSetting(autoscroll)</autoscroll>
          <include>Animation_Viewtype_Panel_BottomArea</include>
        </control>
        <control type="grouplist">
          <visible>[Container.Content(movies) + !SubString(Window(videolibrary).Property(tvtunesIsAlive),True)] + !Skin.HasSetting(no_media_flags)</visible>
          <description>Media Codec Flagging Images</description>
          <left>20</left>
          <top>674</top>
          <width>540</width>
          <align>center</align>
          <itemgap>0</itemgap>
          <orientation>horizontal</orientation>
          <include>Animation_ZoomInZoomOut</include>
        </control>
        <control type="grouplist">
          <visible>[Container.Content(movies) + !SubString(Window(videolibrary).Property(tvtunesIsAlive),True)] + !Skin.HasSetting(no_media_flags)</visible>
          <description>Media Codec Flagging Images</description>
          <left>20</left>
          <top>674</top>
          <width>540</width>
          <align>center</align>
          <itemgap>0</itemgap>
          <orientation>horizontal</orientation>
          <include>StudioFlags</include>
          <include>VideoTypeHackFlaggingConditions</include>
          <include>VideoCodecFlaggingConditions</include>
          <include>AspectCodecFlaggingConditions</include>
          <include>AudioCodecFlaggingConditions</include>
          <include>AudioChannelsFlaggingConditions</include>
          <include>Animation_ZoomInZoomOut</include>
        </control>
      </control>
      <control type="scrollbar" id="66">
        <include>Animation_ZoomInZoomOut</include>
        <left>1280</left>
        <top>100</top>
        <width>25</width>
        <height>460</height>
        <visible allowhiddenfocus="true">Control.HasFocus(66)</visible>
        <texturesliderbackground border="0,14,0,14">ScrollBarV.png</texturesliderbackground>
        <textureslidernibfocus>ScrollBarV_Nib_Focus1.png</textureslidernibfocus>
        <onleft>56</onleft>
        <showonepage>false</showonepage>
        <orientation>vertical</orientation>
        <include>Animation_CommonFade</include>
        <animation effect="slide" start="0,0" end="-40,0" time="400" tween="cubic" easing="inout" condition="Control.HasFocus(66)">Conditional</animation>
      </control>
    </control>
  </include>
</includes>