<?xml version="1.0" encoding="UTF-8"?>
<!--Alaska-->
<includes>
  <include name="Viewtype_3dbanner">
    <!-- Poster Wrap View -->
    <control type="image">
      <!-- Fanart -->
      <visible>Control.IsVisible(593)</visible>
      <left>0</left>
      <top>0</top>
      <width>1280</width>
      <height>720</height>
      <texture>movie-poster/movie-back3.png</texture>
      <aspectratio>stretch</aspectratio>
      <include>Animation_BackdropFade</include>
      <visible>!Skin.HasSetting(3dbanner_fanart)</visible>
    </control>
    <control type="image">
      <!-- Fanart -->
      <visible>Control.IsVisible(593)</visible>
      <left>0</left>
      <top>0</top>
      <width>1280</width>
      <height>720</height>
      <texture>movie-poster/3dbanner_fanart2.png</texture>
      <aspectratio>stretch</aspectratio>
      <include>Animation_BackdropFade</include>
      <visible>Skin.HasSetting(3dbanner_fanart)</visible>
    </control>
    <control type="fixedlist" id="593">
      <left>-100</left>
      <top>210</top>
      <height>715</height>
      <width>1600</width>
      <onleft>593</onleft>
      <onright>593</onright>
      <onup>7000</onup>
      <ondown>5930</ondown>
      <pagecontrol>5930</pagecontrol>
      <viewtype label="$LOCALIZE[31250]">list</viewtype>
      <orientation>horizontal</orientation>
      <focusposition>2</focusposition>
      <scrolltime>400</scrolltime>
      <preloaditems>2</preloaditems>
      <include>Animation_Viewtype_3dLand_FocusArea</include>
      <include>Animation_HiddenByInfo</include>
      <camera x="1340" y="380" />
      <animation effect="rotatey" center="50" start="12" end="12" time="0" condition="true">Conditional</animation>
      <visible>!Skin.HasSetting(no_3dbanner) + Container.Content(tvshows) + Skin.HasSetting(TVBanners)</visible>
      <itemlayout width="316" height="245">
        <control type="group">
          <left>150</left>
          <top>60</top>
          <control type="image">
            <left>140</left>
            <top>221</top>
            <width>24</width>
            <height>78</height>
            <texture>movie-poster/banner_case.png</texture>
            <aspectratio scalediffuse="false">stretch</aspectratio>
          </control>
          <control type="image">
            <left>142</left>
            <top>296</top>
            <width>32</width>
            <height>100</height>
            <texture>movie-poster/reflect_bottom2.png</texture>
            <colordiffuse>89FFFFFF</colordiffuse>
            <aspectratio scalediffuse="false">stretch</aspectratio>
          </control>
          <control type="image">
            <left>-150</left>
            <top>220</top>
            <width>304</width>
            <height>80</height>
            <texture>movie-poster/xper_test.png</texture>
            <colordiffuse>BackgroundColor</colordiffuse>
          </control>
          <control type="image" id="7888">
            <left>-150</left>
            <top>220</top>
            <width>304</width>
            <height>80</height>
            <texture background="true" diffuse="movie-poster/xper_test.png">$VAR[BannerThumb]</texture>
            <fadetime>200</fadetime>
            <aspectratio scalediffuse="false">stretch</aspectratio>
          </control>
          <!--	<control type="image">
						<left>-150</left>
						<top>220</top>
						<width>304</width>
						<height>80</height>
						<texture background="true" diffuse="movie-poster/xper_test.png">$INFO[ListItem.Icon]</texture>
						<fadetime>200</fadetime>
						<aspectratio scalediffuse="false">stretch</aspectratio>
						<visible>IsEmpty(Control.GetLabel(7888))</visible>
					</control> -->
          <control type="image">
            <left>-150</left>
            <top>298</top>
            <width>304</width>
            <height>80</height>
            <texture background="true" flipy="true" diffuse="movie-poster/xper_test.png">$VAR[BannerThumb]</texture>
            <fadetime>200</fadetime>
            <colordiffuse>89FFFFFF</colordiffuse>
            <aspectratio scalediffuse="false">stretch</aspectratio>
          </control>
          <!--	<control type="image">
						<left>-150</left>
						<top>298</top>
						<width>304</width>
						<height>80</height>
						<texture background="true" flipy="true" diffuse="movie-poster/xper_test.png">$INFO[ListItem.Icon]</texture>
						<fadetime>200</fadetime>
						<colordiffuse>89FFFFFF</colordiffuse>
						<aspectratio scalediffuse="false">stretch</aspectratio>
						<visible>IsEmpty(Control.GetLabel(7888))</visible>
					</control>  -->
          <control type="image">
            <left>110</left>
            <top>265</top>
            <width>40</width>
            <height>40</height>
            <texture>dialogs/movies/$INFO[ListItem.Overlay]</texture>
            <visible>!Skin.HasSetting(DisableTvOverlays) + !IsEmpty(ListItem.Overlay)</visible>
          </control>
        </control>
      </itemlayout>
      <focusedlayout width="390" height="515">
        <control type="group">
          <left>124</left>
          <top>60</top>
          <control type="image">
            <left>270</left>
            <top>205</top>
            <width>32</width>
            <height>107</height>
            <texture>movie-poster/banner_case.png</texture>
            <aspectratio scalediffuse="false">stretch</aspectratio>
            <animation type="Focus" reversible="false">
              <effect type="zoom" center="60,238" start="80" end="100" time="600" tween="back" easing="out" />
              <effect type="fade" start="0" end="100" time="600" />
            </animation>
          </control>
          <control type="image">
            <left>266</left>
            <top>306</top>
            <width>56</width>
            <height>304</height>
            <texture>movie-poster/test2.png</texture>
            <aspectratio scalediffuse="false">stretch</aspectratio>
            <animation type="Focus" reversible="false">
              <effect type="zoom" center="60,238" start="80" end="100" time="600" tween="back" easing="out" />
              <effect type="fade" start="0" end="800" time="800" />
            </animation>
          </control>
          <control type="image">
            <left>-150</left>
            <top>204</top>
            <width>440</width>
            <height>110</height>
            <texture>movie-poster/xper_test.png</texture>
            <aspectratio scalediffuse="false">stretch</aspectratio>
            <animation type="Focus" reversible="false">
              <effect type="zoom" center="60,238" start="80" end="100" time="600" tween="back" easing="out" />
            </animation>
          </control>
          <control type="image">
            <left>-148</left>
            <top>314</top>
            <width>432</width>
            <height>226</height>
            <texture>movie-poster/mask_border2_3d1.png</texture>
            <fadetime>200</fadetime>
            <aspectratio scalediffuse="false">stretch</aspectratio>
            <animation type="Focus" reversible="false">
              <effect type="zoom" center="60,238" start="80" end="100" time="600" tween="back" easing="out" />
              <effect type="fade" start="0" end="50" time="600" />
            </animation>
          </control>
          <control type="image">
            <left>-148</left>
            <top>310</top>
            <width>436</width>
            <height>110</height>
            <texture flipy="true">movie-poster/xper_test.png</texture>
            <colordiffuse>ff000000</colordiffuse>
            <fadetime>200</fadetime>
            <aspectratio scalediffuse="false">stretch</aspectratio>
            <animation type="Focus" reversible="false">
              <effect type="zoom" center="60,238" start="80" end="100" time="600" tween="back" easing="out" />
              <effect type="fade" start="0" end="100" time="600" />
            </animation>
          </control>
          <control type="image" id="7889">
            <left>-150</left>
            <top>312</top>
            <width>440</width>
            <height>110</height>
            <texture background="true" flipy="true" diffuse="movie-poster/xper_test.png">$VAR[BannerThumb]</texture>
            <fadetime>200</fadetime>
            <aspectratio scalediffuse="false">stretch</aspectratio>
            <animation type="Focus" reversible="false">
              <effect type="zoom" center="60,238" start="80" end="100" time="600" tween="back" easing="out" />
              <effect type="fade" start="0" end="70" time="600" />
            </animation>
          </control>
          <!--	<control type="image">
						<left>-150</left>
						<top>312</top>
						<width>440</width>
						<height>110</height>
						<texture background="true" flipy="true" diffuse="movie-poster/xper_test.png">$INFO[ListItem.Icon]</texture>
						<fadetime>200</fadetime>
						<aspectratio scalediffuse="false">stretch</aspectratio>
						<animation type="Focus" reversible="false">
							<effect type="zoom" center="60,238" start="80" end="100" time="600" tween="back" easing="out" />
							<effect type="fade" start="0" end="70" time="600" />
						</animation>
						<visible>IsEmpty(Control.GetLabel(7889))</visible>
					</control>  -->
          <control type="image" id="7890">
            <left>-150</left>
            <top>204</top>
            <width>440</width>
            <height>110</height>
            <texture background="true" diffuse="movie-poster/xper_test.png">$VAR[BannerThumb]</texture>
            <fadetime>200</fadetime>
            <aspectratio scalediffuse="false">stretch</aspectratio>
            <animation type="Focus" reversible="false">
              <effect type="zoom" center="60,238" start="80" end="100" time="600" tween="back" easing="out" />
            </animation>
          </control>
          <!--	<control type="image">
						<left>-150</left>
						<top>204</top>
						<width>440</width>
						<height>110</height>
						<texture background="true" diffuse="movie-poster/xper_test.png">$INFO[ListItem.Icon]</texture>
						<fadetime>200</fadetime>
						<aspectratio scalediffuse="false">stretch</aspectratio>
						<animation type="Focus" reversible="false">
							<effect type="zoom" center="60,238" start="80" end="100" time="600" tween="back" easing="out" />
						</animation>
						<visible>IsEmpty(Control.GetLabel(7890))</visible>
					</control> -->
          <control type="image">
            <left>225</left>
            <top>260</top>
            <width>60</width>
            <height>60</height>
            <texture>dialogs/movies/$INFO[ListItem.Overlay]</texture>
            <animation type="Focus" reversible="false">
              <effect type="zoom" center="60,238" start="80" end="100" time="600" tween="back" easing="out" />
            </animation>
            <visible>!Skin.HasSetting(DisableTvOverlays) + !IsEmpty(ListItem.Overlay)</visible>
          </control>
        </control>
      </focusedlayout>
    </control>
    <control type="image">
      <visible>Control.IsVisible(593)</visible>
      <left>0</left>
      <top>0</top>
      <width>1280</width>
      <height>720</height>
      <texture>movie-poster/banner_last_overlay.png</texture>
      <aspectratio>stretch</aspectratio>
      <include>Animation_BackdropFade</include>
      <visible>!Skin.HasSetting(3dbanner_fanart)</visible>
    </control>
    <control type="image">
      <visible>Control.IsVisible(593)</visible>
      <left>0</left>
      <top>0</top>
      <width>1280</width>
      <height>720</height>
      <texture>movie-poster/3dbanner_fanart_last_overlay.png</texture>
      <aspectratio>stretch</aspectratio>
      <include>Animation_BackdropFade</include>
      <visible>Skin.HasSetting(3dbanner_fanart)</visible>
    </control>
    <!-- Browser label and flags -->
    <control type="group">
      <visible>Control.IsVisible(593) + !Skin.HasSetting(3dbanner_fanart)</visible>
      <left>0</left>
      <top>30</top>
      <include>Animation_HiddenByInfo</include>
      <control type="image" id="7198">
        <left>20</left>
        <top>0</top>
        <width>230</width>
        <height>89</height>
        <texture background="true">$INFO[ListItem.Art(clearlogo)]</texture>
        <fadetime>100</fadetime>
        <aspectratio scalediffuse="false">stretch</aspectratio>
        <include>Animation_Viewtype_3dland_Lefttop</include>
        <visible></visible>
      </control>
      <control type="label">
        <left>20</left>
        <top>0</top>
        <width>1200</width>
        <height>50</height>
        <aligny>center</aligny>
        <font>Font_Neon_50</font>
        <textcolor>mainblue</textcolor>
        <label>$INFO[ListItem.TVShowTitle]</label>
        <include>Animation_Viewtype_3dland_Lefttop</include>
        <visible>IsEmpty(Control.GetLabel(7198))</visible>
      </control>
    </control>
    <control type="group">
      <visible>Control.IsVisible(593) + [Container.Content(episodes) | Window.IsActive(videoplaylist)] + !IsEmpty(ListItem.Title) + !Skin.HasSetting(3dbanner_fanart)</visible>
      <include>Animation_Viewtype_3dland_Leftplot</include>
      <left>0</left>
      <top>240</top>
      <control type="label">
        <left>20</left>
        <top>55</top>
        <width>604</width>
        <height>50</height>
        <aligny>center</aligny>
        <font>Font_TVShow</font>
        <textcolor>ffffffff</textcolor>
        <label>$LOCALIZE[20373] $INFO[ListItem.Season]/$LOCALIZE[20359] $INFO[ListItem.Episode]</label>
      </control>
      <control type="label">
        <left>20</left>
        <top>76</top>
        <width>604</width>
        <height>50</height>
        <aligny>center</aligny>
        <font>Font_TVShow</font>
        <textcolor>ffffffff</textcolor>
        <label>$LOCALIZE[31231]: $INFO[ListItem.Date]</label>
      </control>
    </control>
    <control type="group">
      <visible>Control.IsVisible(593) + !Window.IsActive(videoplaylist) + !IsEmpty(ListItem.Title) + !Skin.HasSetting(3dbanner_fanart)</visible>
      <left>20</left>
      <top>120</top>
      <include>Animation_Viewtype_3dland_Lefttop</include>
      <include>Animation_HiddenByInfo</include>
      <animation effect="slide" start="0,0" end="0,-40" time="0" condition="IsEmpty(Control.GetLabel(7198))">Conditional</animation>
      <control type="label">
        <visible>Container.Content(seasons) + IsEmpty(Control.GetLabel(7198))</visible>
        <left>0</left>
        <top>-4</top>
        <width>630</width>
        <height>89</height>
        <font>Font_Neon_26</font>
        <textcolor>white</textcolor>
        <label>$LOCALIZE[20373] $INFO[ListItem.season]</label>
      </control>
      <control type="label">
        <visible>![Container.Content(seasons) | Container.Content(episodes)]</visible>
        <left>0</left>
        <top>0</top>
        <width>630</width>
        <height>89</height>
        <font>Font_TVShow</font>
        <label>[COLOR=ListTrackF]$LOCALIZE[515][/COLOR] [COLOR=white]$INFO[ListItem.Genre][/COLOR]</label>
      </control>
      <control type="label">
        <visible>![Container.Content(seasons) | Container.Content(episodes)]</visible>
        <left>0</left>
        <top>30</top>
        <width>630</width>
        <height>89</height>
        <font>Font_TVShow</font>
        <label>[COLOR=ListTrackF]$LOCALIZE[31231][/COLOR] [COLOR=white]$INFO[ListItem.Date][/COLOR]</label>
      </control>
      <control type="label">
        <visible>![Container.Content(seasons) | Container.Content(episodes)]</visible>
        <left>0</left>
        <top>60</top>
        <width>630</width>
        <height>89</height>
        <font>Font_TVShow</font>
        <label>[COLOR=ListTrackF]$LOCALIZE[368][/COLOR] [COLOR=white]$INFO[ListItem.Rating][/COLOR]      [COLOR=ListTrackF]$LOCALIZE[31226][/COLOR] [COLOR=white]$INFO[ListItem.mpaa][/COLOR]</label>
      </control>
      <include>Poster_Next_Aired</include>
    </control>
    <control type="scrollbar" id="5930">
      <include>Animation_ZoomInZoomOut</include>
      <left>100</left>
      <top>900</top>
      <width>1080</width>
      <height>25</height>
      <visible allowhiddenfocus="true">Control.IsVisible(593) + Control.HasFocus(5930)</visible>
      <texturesliderbackground>osd/osd_progress_back1.png</texturesliderbackground>
      <textureslidernibfocus>ScrollBarV_Nib_Focus.png</textureslidernibfocus>
      <onup>593</onup>
      <ondown>593</ondown>
      <showonepage>true</showonepage>
      <orientation>horizontal</orientation>
      <include>Animation_CommonFade</include>
      <animation effect="slide" start="0,0" end="0,-220" time="400" tween="cubic" easing="inout" condition="Control.HasFocus(593)">Conditional</animation>
    </control>
  </include>
</includes>