<?xml version="1.0" encoding="UTF-8"?>
<includes>
  <include name="Viewtype_SlimFiles">
    <control type="image">
      <include>Dimensions_Fullscreen</include>
      <texture>slimfiles_bg.png</texture>
      <visible>Control.IsVisible(598) + !Window.IsActive(musiclibrary) + !Skin.HasSetting(Files_Fanart)</visible>
    </control>
    <control type="image">
      <left>0</left>
      <top>515</top>
      <height>200</height>
      <width>480</width>
      <colordiffuse>mainblue</colordiffuse>
      <texture>dialog.png</texture>
      <include>Animation_HiddenByInfo</include>
      <include>Animation_Viewtype_Files_LeftArea</include>
      <visible>Control.IsVisible(598) + Window.IsActive(musiclibrary) + !Skin.HasSetting(music_files_fanart)</visible>
    </control>
    <control type="image">
      <include>Dimensions_Fullscreen</include>
      <texture>list/files_fanart_background.png</texture>
      <visible>Control.IsVisible(598) + Container.Content(movies) + Skin.HasSetting(Files_Fanart)</visible>
    </control>
    <control type="image">
      <left>0</left>
      <top>515</top>
      <height>200</height>
      <width>480</width>
      <colordiffuse>mainblue</colordiffuse>
      <texture>dialog.png</texture>
      <visible>Control.IsVisible(598) + Window.IsActive(musiclibrary) + Skin.HasSetting(music_files_fanart)</visible>
      <include>Animation_HiddenByInfo</include>
      <include>Animation_Viewtype_Files_LeftArea</include>
    </control>
    <control type="fixedlist" id="598">
      <left>0</left>
      <top>520</top>
      <height>185</height>
      <width>480</width>
      <onup>598</onup>
      <ondown>598</ondown>
      <onleft>7000</onleft>
      <onright>65</onright>
      <scrolltime>0</scrolltime>
      <viewtype label="$LOCALIZE[31134]">list</viewtype>
      <orientation>vertical</orientation>
      <focusposition>2</focusposition>
      <movement>2</movement>
      <pagecontrol>65</pagecontrol>
      <include>Animation_HiddenByInfo</include>
      <include>Animation_Viewtype_Files_LeftArea</include>
      <itemlayout width="1210" height="36">
        <control type="label">
          <left>50</left>
          <top>0</top>
          <width>400</width>
          <height>46</height>
          <aligny>center</aligny>
          <font>Font_Bartowski_Episode_ContextMenu</font>
          <textcolor>Text-Filemode</textcolor>
          <selectedcolor>mainblue</selectedcolor>
          <label>$INFO[ListItem.label]</label>
          <visible>![Window.IsActive(Programs) | Window.IsActive(musicplaylist)]</visible>
        </control>
        <control type="label">
          <left>20</left>
          <top>0</top>
          <width>400</width>
          <height>46</height>
          <aligny>center</aligny>
          <font>Font_Bartowski_Episode_ContextMenu</font>
          <textcolor>Text-Filemode</textcolor>
          <selectedcolor>mainblue</selectedcolor>
          <label>$INFO[ListItem.Label]$INFO[ListItem.Label2, - ]</label>
          <visible>Window.IsActive(Programs) | Window.IsActive(musicplaylist)</visible>
        </control>
        <control type="image">
          <left>0</left>
          <top>38</top>
          <width>480</width>
          <height>4</height>
          <aspectratio>stretch</aspectratio>
          <texture>common/separator.png</texture>
          <visible>Control.IsVisible(598) + Container.Content(movies) + !Skin.HasSetting(Files_Fanart)</visible>
        </control>
        <control type="image">
          <left>0</left>
          <top>38</top>
          <width>480</width>
          <height>4</height>
          <aspectratio>stretch</aspectratio>
          <texture>common/separator.png</texture>
          <visible>Control.IsVisible(598) + Window.IsActive(musiclibrary) + !Skin.HasSetting(music_files_fanart)</visible>
        </control>
        <control type="image">
          <left>0</left>
          <top>38</top>
          <width>880</width>
          <height>4</height>
          <aspectratio>stretch</aspectratio>
          <texture>common/separator.png</texture>
          <visible>Control.IsVisible(598) + ![Container.Content(movies) | Window.IsActive(musiclibrary)]</visible>
        </control>
        <control type="image">
          <left>24</left>
          <top>11</top>
          <width>22</width>
          <height>25</height>
          <texture>dialogs/movies/$INFO[ListItem.Overlay]</texture>
          <aspectratio scalediffuse="false">stretch</aspectratio>
          <animation effect="fade" start="60" end="60" time="0" condition="true">Conditional</animation>
          <visible>!Skin.HasSetting(DisableTvOverlays) + [Container.Content(tvshows) | Container.Content(seasons) | Container.Content(episodes)]</visible>
        </control>
        <control type="image">
          <left>24</left>
          <top>11</top>
          <width>22</width>
          <height>25</height>
          <texture>dialogs/movies/$INFO[ListItem.Overlay]</texture>
          <aspectratio scalediffuse="false">stretch</aspectratio>
          <visible>!Skin.HasSetting(DisableMovieOverlays) + Container.Content(movies) + !IsEmpty(ListItem.Overlay)</visible>
        </control>
      </itemlayout>
      <focusedlayout width="1210" height="36">
        <control type="image">
          <left>0</left>
          <top>38</top>
          <width>480</width>
          <height>4</height>
          <aspectratio>stretch</aspectratio>
          <texture>common/separator.png</texture>
          <visible>Control.IsVisible(598) + Container.Content(movies) + !Skin.HasSetting(Files_Fanart)</visible>
        </control>
        <control type="image">
          <left>0</left>
          <top>38</top>
          <width>450</width>
          <height>4</height>
          <aspectratio>stretch</aspectratio>
          <texture>common/separator.png</texture>
          <visible>Control.IsVisible(598) + Window.IsActive(musiclibrary) + !Skin.HasSetting(music_files_fanart)</visible>
        </control>
        <control type="image">
          <left>0</left>
          <top>38</top>
          <width>480</width>
          <height>4</height>
          <aspectratio>stretch</aspectratio>
          <texture>common/separator.png</texture>
          <visible>Control.IsVisible(598) + ![Container.Content(movies) | Window.IsActive(musiclibrary)]</visible>
        </control>
        <control type="label" id="222">
          <left>50</left>
          <top>0</top>
          <width>400</width>
          <height>46</height>
          <aligny>center</aligny>
          <font>Font_Bartowski_Episode_ContextMenu</font>
          <textcolor>mainblue</textcolor>
          <label>$INFO[ListItem.Label]</label>
          <visible>[!Window.IsActive(Programs) | Window.IsActive(musicplaylist)]</visible>
        </control>
        <control type="label">
          <left>50</left>
          <top>0</top>
          <width>400</width>
          <height>46</height>
          <aligny>center</aligny>
          <font>Font_Bartowski_Episode_ContextMenu</font>
          <textcolor>ffffffff</textcolor>
          <selectedcolor>mainblue</selectedcolor>
          <label>$INFO[ListItem.Label]$INFO[ListItem.Label2, - ]</label>
          <visible>Window.IsActive(Programs) | Window.IsActive(musicplaylist)</visible>
        </control>
        <control type="image">
          <left>24</left>
          <top>11</top>
          <width>22</width>
          <height>25</height>
          <texture>dialogs/movies/$INFO[ListItem.Overlay]</texture>
          <aspectratio scalediffuse="false">stretch</aspectratio>
          <visible>!Skin.HasSetting(DisableTvOverlays) + !IsEmpty(ListItem.Overlay) + [Container.Content(tvshows) | Container.Content(seasons) | Container.Content(episodes)]</visible>
        </control>
        <control type="image">
          <left>24</left>
          <top>11</top>
          <width>22</width>
          <height>25</height>
          <texture>dialogs/movies/$INFO[ListItem.Overlay]</texture>
          <aspectratio scalediffuse="false">stretch</aspectratio>
          <visible>!Skin.HasSetting(DisableMovieOverlays) + Container.Content(movies) + !IsEmpty(ListItem.Overlay)</visible>
        </control>
      </focusedlayout>
    </control>
    <control type="group">
      <include>Animation_Viewtype_Files_RightArea</include>
      <include>Animation_HiddenByInfo</include>
      <visible>Container.Content(movies) + Control.IsVisible(598) + !Skin.HasSetting(Files_Fanart)</visible>
      <control type="image">
        <left>1100</left>
        <top>447</top>
        <width>175</width>
        <height>263</height>
        <texture background="true">$INFO[ListItem.Icon]</texture>
        <visible>!Skin.HasSetting(HideVideoCase)</visible>
      </control>
      <control type="image">
        <left>1100</left>
        <top>447</top>
        <width>175</width>
        <height>263</height>
        <texture background="true">$INFO[ListItem.Icon]</texture>
        <bordertexture border="5">button-nofocus.png</bordertexture>
        <bordersize>5</bordersize>
        <fadetime>100</fadetime>
        <visible>Skin.HasSetting(HideVideoCase)</visible>
      </control>
      <control type="image">
        <left>1092</left>
        <top>420</top>
        <width>200</width>
        <height>310</height>
        <texture>case-bluray.png</texture>
        <visible>[stringcompare(ListItem.VideoResolution,720) | stringcompare(ListItem.VideoResolution,1080)] + !Skin.HasSetting(HideVideoCase)</visible>
      </control>
      <control type="image">
        <left>1092</left>
        <top>420</top>
        <width>200</width>
        <height>310</height>
        <texture>case-cd.png</texture>
        <visible>![stringcompare(ListItem.VideoResolution,720) | stringcompare(ListItem.VideoResolution,1080)] + !Skin.HasSetting(HideVideoCase)</visible>
      </control>
      <control type="image">
        <left>1100</left>
        <top>450</top>
        <width>175</width>
        <height>263</height>
        <aspectratio align="right" aligny="bottom">stretch</aspectratio>
        <texture background="true">$INFO[ListItem(-1).Icon]</texture>
        <bordertexture border="5">button-nofocus.png</bordertexture>
        <bordersize>5</bordersize>
        <fadetime>100</fadetime>
        <animation type="Hidden">
          <effect type="fade" time="400" start="100" end="0" />
        </animation>
        <visible>Container(598).OnNext + Skin.HasSetting(HideVideoCase)</visible>
      </control>
      <control type="image">
        <left>1100</left>
        <top>450</top>
        <width>175</width>
        <height>263</height>
        <aspectratio align="right" aligny="bottom">stretch</aspectratio>
        <texture background="true">$INFO[ListItem(-1).Icon]</texture>
        <fadetime>100</fadetime>
        <animation type="Hidden">
          <effect type="fade" time="400" start="100" end="0" />
        </animation>
        <visible>Container(598).OnNext + !Skin.HasSetting(HideVideoCase)</visible>
      </control>
      <control type="image">
        <left>1100</left>
        <top>450</top>
        <width>175</width>
        <height>263</height>
        <aspectratio align="right" aligny="bottom">stretch</aspectratio>
        <texture background="true">$INFO[ListItem(1).Icon]</texture>
        <fadetime>100</fadetime>
        <animation type="Hidden">
          <effect type="fade" time="400" start="100" end="0" />
        </animation>
        <visible>Container(598).OnPrevious + !Skin.HasSetting(HideVideoCase)</visible>
      </control>
      <control type="image">
        <left>1100</left>
        <top>450</top>
        <width>175</width>
        <height>263</height>
        <aspectratio align="right" aligny="bottom">stretch</aspectratio>
        <texture background="true">$INFO[ListItem(1).Icon]</texture>
        <bordertexture border="5">button-nofocus.png</bordertexture>
        <bordersize>5</bordersize>
        <fadetime>100</fadetime>
        <animation type="Hidden">
          <effect type="fade" time="400" start="100" end="0" />
        </animation>
        <visible>Container(598).OnPrevious + Skin.HasSetting(HideVideoCase)</visible>
      </control>
    </control>
    <control type="grouplist">
      <visible>Control.IsVisible(598) + Container.Content(movies) + !Window.IsActive(videofiles) + !Skin.HasSetting(no_media_flags) + !Skin.HasSetting(Files_Fanart)</visible>
      <description>Media Codec Flagging Images</description>
      <left>660</left>
      <top>680</top>
      <width>420</width>
      <align>right</align>
      <itemgap>0</itemgap>
      <orientation>horizontal</orientation>
      <include>StudioFlags</include>
      <include>VideoTypeHackFlaggingConditions</include>
      <include>VideoCodecFlaggingConditions</include>
      <include>AspectCodecFlaggingConditions</include>
      <include>AudioCodecFlaggingConditions</include>
      <include>AudioChannelsFlaggingConditions</include>
      <include>Animation_HiddenByInfo</include>
      <include>Animation_Viewtype_Wall_Fags</include>
    </control>
    <control type="group">
      <include>Animation_Viewtype_Files_RightArea</include>
      <include>Animation_HiddenByInfo</include>
      <visible>Container.Content(Genres) + Control.IsVisible(598) + Window.IsActive(videolibrary) + !Skin.HasSetting(Files_Fanart)</visible>
      <control type="image">
        <left>826</left>
        <top>26</top>
        <width>434</width>
        <height>670</height>
        <aspectratio align="right" aligny="bottom">stretch</aspectratio>
        <texture background="true" fallback="defaultmoviegenre.jpg">extras/moviegenres/$INFO[ListItem.Label].jpg</texture>
        <bordertexture border="5">button-nofocus.png</bordertexture>
        <bordersize>5</bordersize>
        <fadetime>100</fadetime>
      </control>
      <control type="image">
        <left>826</left>
        <top>26</top>
        <width>434</width>
        <height>670</height>
        <aspectratio align="right" aligny="bottom">stretch</aspectratio>
        <texture background="true" fallback="defaultmoviegenre.jpg">extras/moviegenres/$INFO[ListItem(-1).Label].jpg</texture>
        <bordertexture border="5">button-nofocus.png</bordertexture>
        <bordersize>5</bordersize>
        <fadetime>100</fadetime>
        <animation type="Hidden">
          <effect type="fade" time="400" start="100" end="0" />
        </animation>
        <visible>Container(598).OnNext</visible>
      </control>
      <control type="image">
        <left>826</left>
        <top>26</top>
        <width>434</width>
        <height>670</height>
        <aspectratio align="right" aligny="bottom">stretch</aspectratio>
        <texture background="true" fallback="defaultmoviegenre.jpg">extras/moviegenres/$INFO[ListItem(1).Label].jpg</texture>
        <bordertexture border="5">button-nofocus.png</bordertexture>
        <bordersize>5</bordersize>
        <fadetime>100</fadetime>
        <animation type="Hidden">
          <effect type="fade" time="400" start="100" end="0" />
        </animation>
        <visible>Container(598).OnPrevious</visible>
      </control>
    </control>
    <control type="group">
      <left>930</left>
      <top>370</top>
      <include>Animation_HiddenByInfo</include>
      <visible>Control.IsVisible(598) + Container.Content(genres) + Window.IsActive(musiclibrary)</visible>
      <include>Animation_Viewtype_Files_RightArea</include>
      <control type="image">
        <left>0</left>
        <top>0</top>
        <width>340</width>
        <height>340</height>
        <texture background="true" diffuse="music/musicwallmatte.png" fallback="extras/musicgenres/default.jpg">extras/musicgenres/$INFO[ListItem.Label].jpg</texture>
        <fadetime>400</fadetime>
      </control>
      <control type="image">
        <left>-30</left>
        <top>-30</top>
        <width>400</width>
        <height>400</height>
        <texture>music/musicwallframeF.png</texture>
      </control>
      <control type="image">
        <left>0</left>
        <top>0</top>
        <width>340</width>
        <height>340</height>
        <texture background="true" diffuse="music/musicwallmatte.png" fallback="extras/musicgenres/default.jpg">extras/musicgenres/$INFO[ListItem(-1).Label].jpg</texture>
        <animation type="Hidden">
          <effect type="fade" time="400" center="240,200" start="100" end="0" />
        </animation>
        <visible>Container(598).OnNext + !Container.Content(songs)</visible>
      </control>
      <control type="image">
        <left>0</left>
        <top>0</top>
        <width>340</width>
        <height>340</height>
        <texture background="true" diffuse="music/musicwallmatte.png" fallback="extras/musicgenres/default.jpg">extras/musicgenres/$INFO[ListItem(1).Label].jpg</texture>
        <animation type="Hidden">
          <effect type="fade" time="400" center="240,200" start="100" end="0" />
        </animation>
        <visible>Container(598).OnPrevious + !Container.Content(songs)</visible>
      </control>
    </control>
    <control type="group">
      <include>Animation_HiddenByInfo</include>
      <visible>Control.IsVisible(598) + !IsEmpty(ListItem.Title) + [Container.Content(tvshows) | Container.Content(seasons)]</visible>
      <include>Animation_Viewtype_Files_RightArea</include>
      <control type="image">
        <left>1000</left> 
        <top>390</top>
        <width>250</width>
        <height>300</height>
        <aspectratio align="right" aligny="bottom">keep</aspectratio>
        <texture background="true">$INFO[ListItem.Icon]</texture>
        <bordertexture border="5">button-nofocus.png</bordertexture>
        <bordersize>5</bordersize>
        <fadetime>100</fadetime>
      </control>
      <control type="image">
		<left>1000</left>
		<top>390</top>
		<width>250</width>
		<height>300</height>
		<aspectratio align="right" aligny="bottom">keep</aspectratio>
        <texture background="true">$INFO[ListItem(-1).Icon]</texture>
        <bordertexture border="5">button-nofocus.png</bordertexture>
        <bordersize>5</bordersize>
        <animation type="Hidden">
           <effect type="fade" time="400" start="100" end="0" />
        </animation>
        <visible>Container(598).OnNext + !IsEmpty(ListItem.Title)</visible>
      </control>
      <control type="image">
		<left>1000</left>
		<top>390</top>
		<width>250</width>
		<height>300</height>
        <aspectratio align="right" aligny="bottom">keep</aspectratio>
        <texture background="true">$INFO[ListItem(1).Icon]</texture>
        <bordertexture border="5">button-nofocus.png</bordertexture>
        <bordersize>5</bordersize>
        <animation type="Hidden">
           <effect type="fade" time="400" start="100" end="0" />
        </animation>
        <visible>Container(598).OnPrevious + !IsEmpty(ListItem.Title)</visible>
      </control>
    </control>
    <control type="group">
      <include>Animation_HiddenByInfo</include>
      <visible>Control.IsVisible(598) + ![Window.IsActive(musicfiles) | Container.Content(movies) | Container.Content(Genres) | Container.Content(tvshows) | Container.Content(seasons) | Container.Content(episodes) | Container.Content(albums) | Container.Content(songs) | [Window.IsActive(musiclibrary) + Skin.HasSetting(music_files_fanart)]]</visible>
      <include>Animation_Viewtype_Files_RightArea</include>
      <control type="image">
        <left>770</left>
        <top>370</top>
        <width>500</width>
        <height>350</height>
        <aspectratio align="right" aligny="bottom">keep</aspectratio>
        <texture background="true">$INFO[ListItem.Icon]</texture>
        <bordertexture border="5">button-nofocus.png</bordertexture>
        <bordersize>5</bordersize>
        <fadetime>100</fadetime>
        <visible>!Skin.HasSetting(MusicLogo)</visible>
      </control>
      <control type="image">
        <left>1020</left>
        <top>600</top>
        <width>230</width>
        <height>89</height>
        <aspectratio align="right" aligny="bottom">keep</aspectratio>
        <texture background="true" fallback="special://skin/backgrounds/fallback.png">$INFO[Skin.String(Music_Folder_Path)]$INFO[ListItem.Artist]/logo.png</texture>
        <fadetime>100</fadetime>
        <visible>Skin.HasSetting(MusicLogo)</visible>
      </control>
      <control type="image">
        <left>770</left>
        <top>360</top>
        <width>500</width>
        <height>360</height>
        <aspectratio align="right" aligny="bottom">keep</aspectratio>
        <texture background="true">$INFO[ListItem(-1).Icon]</texture>
        <bordertexture border="5">button-nofocus.png</bordertexture>
        <bordersize>5</bordersize>
        <animation type="Hidden">
          <effect type="zoom" time="400" center="1200,660" start="100" end="180" tween="cubic" easing="in" />
          <effect type="fade" time="400" start="100" end="0" />
        </animation>
        <visible>Container(598).OnNext + !Skin.HasSetting(MusicLogo)</visible>
      </control>
      <control type="image">
        <left>1020</left>
        <top>600</top>
        <width>230</width>
        <height>89</height>
        <aspectratio align="right" aligny="bottom">keep</aspectratio>
        <texture background="true" fallback="special://skin/backgrounds/fallback.png">$INFO[Skin.String(Music_Folder_Path)]$INFO[ListItem(-1).Artist]/logo.png</texture>
        <visible>Container(598).OnNext + Skin.HasSetting(MusicLogo)</visible>
      </control>
      <control type="image">
        <left>770</left>
        <top>360</top>
        <width>500</width>
        <height>360</height>
        <aspectratio align="right" aligny="bottom">keep</aspectratio>
        <texture background="true">$INFO[ListItem(1).Icon]</texture>
        <bordertexture border="5">button-nofocus.png</bordertexture>
        <bordersize>5</bordersize>
        <animation type="Hidden">
          <effect type="fade" time="400" start="100" end="0" />
        </animation>
        <visible>Container(598).OnNext + !Skin.HasSetting(MusicLogo)</visible>
      </control>
      <control type="image">
        <left>1020</left>
        <top>600</top>
        <width>230</width>
        <height>89</height>
        <aspectratio align="right" aligny="bottom">keep</aspectratio>
        <texture background="true" fallback="special://skin/backgrounds/fallback.png">$INFO[Skin.String(Music_Folder_Path)]$INFO[ListItem(1).Artist]/logo.png</texture>
        <visible>Container(598).OnNext + Skin.HasSetting(MusicLogo)</visible>
      </control>
    </control>
    <control type="group">
      <include>Animation_HiddenByInfo</include>
      <visible>Control.IsVisible(598) + Window.IsActive(musicfiles)</visible>
      <include>Animation_Viewtype_Files_RightArea</include>
      <control type="image">
        <left>770</left>
        <top>370</top>
        <width>500</width>
        <height>350</height>
        <aspectratio align="right" aligny="bottom">keep</aspectratio>
        <texture background="true">$INFO[ListItem.Icon]</texture>
        <bordertexture border="5">button-nofocus.png</bordertexture>
        <bordersize>5</bordersize>
        <fadetime>100</fadetime>
        <visible>!Skin.HasSetting(MusicLogo)</visible>
      </control>
      <control type="image">
        <left>770</left>
        <top>370</top>
        <width>400</width>
        <height>155</height>
        <aspectratio align="right" aligny="bottom">keep</aspectratio>
        <texture background="true" fallback="special://skin/backgrounds/fallback.png">$INFO[Skin.String(Music_Folder_Path)]$INFO[ListItem.Artist]/logo.png</texture>
        <bordersize>5</bordersize>
        <fadetime>100</fadetime>
        <visible>Skin.HasSetting(MusicLogo)</visible>
      </control>
      <control type="image">
        <left>770</left>
        <top>370</top>
        <width>500</width>
        <height>350</height>
        <aspectratio align="right" aligny="bottom">keep</aspectratio>
        <texture background="true">$INFO[ListItem(-1).Icon]</texture>
        <bordertexture border="5">button-nofocus.png</bordertexture>
        <bordersize>5</bordersize>
        <animation type="Hidden">
          <effect type="zoom" time="400" center="auto" start="100" end="180" tween="cubic" easing="in" />
          <effect type="fade" time="400" start="100" end="0" />
        </animation>
        <visible>Container(598).OnNext</visible>
      </control>
      <control type="image">
        <left>770</left>
        <top>370</top>
        <width>500</width>
        <height>350</height>
        <aspectratio align="right" aligny="bottom">keep</aspectratio>
        <texture background="true">$INFO[ListItem(1).Icon]</texture>
        <bordertexture border="5">button-nofocus.png</bordertexture>
        <bordersize>5</bordersize>
        <animation type="Hidden">
          <effect type="zoom" time="400" center="auto" start="100" end="180" tween="cubic" easing="in" />
          <effect type="fade" time="400" start="100" end="0" />
        </animation>
        <visible>Container(598).OnPrevious</visible>
      </control>
    </control>
    <control type="group">
      <left>930</left>
      <top>370</top>
      <include>Animation_HiddenByInfo</include>
      <visible>Control.IsVisible(598) + !Skin.HasSetting(music_files_fanart) + [Container.Content(albums) | Container.Content(songs)]</visible>
      <include>Animation_Viewtype_Files_RightArea</include>
      <control type="image">
        <left>0</left>
        <top>0</top>
        <width>340</width>
        <height>340</height>
        <texture background="true" diffuse="music/musicwallmatte.png">$INFO[ListItem.Icon]</texture>
        <fadetime>400</fadetime>
      </control>
      <control type="image">
        <left>-30</left>
        <top>-30</top>
        <width>400</width>
        <height>400</height>
        <texture>music/musicwallframeF.png</texture>
      </control>
      <control type="image">
        <left>0</left>
        <top>0</top>
        <width>340</width>
        <height>340</height>
        <texture background="true" diffuse="music/musicwallmatte.png">$INFO[ListItem(-1).Icon]</texture>
        <animation type="Hidden">
          <effect type="fade" time="400" center="240,200" start="100" end="0" />
        </animation>
        <visible>Container(598).OnNext + !Container.Content(songs)</visible>
      </control>
      <control type="image">
        <left>0</left>
        <top>0</top>
        <width>340</width>
        <height>340</height>
        <texture background="true" diffuse="music/musicwallmatte.png">$INFO[ListItem(1).Icon]</texture>
        <animation type="Hidden">
          <effect type="fade" time="400" center="240,200" start="100" end="0" />
        </animation>
        <visible>Container(598).OnPrevious + !Container.Content(songs)</visible>
      </control>
    </control>
    <control type="group">
      <left>-6</left>
      <top>26</top>
      <include>Animation_HiddenByInfo</include>
      <visible>Control.IsVisible(598) + Container.Content(episodes)</visible>
      <include>Animation_Viewtype_Files_RightArea</include>
      <control type="image">
        <left>854</left>
        <top>454</top>
        <width>400</width>
        <height>224</height>
        <texture background="true" diffuse="tv-landscape/landscapematteFO.png">$INFO[ListItem.Icon]</texture>
        <fadetime>400</fadetime>
      </control>
      <control type="image">
        <left>838</left>
        <top>440</top>
        <width>430</width>
        <height>252</height>
        <texture>tv-landscape/landscapeframeFO.png</texture>
      </control>
      <control type="image">
        <left>854</left>
        <top>454</top>
        <width>400</width>
        <height>224</height>
        <texture background="true" diffuse="tv-landscape/landscapematteFO.png">$INFO[ListItem(-1).Icon]</texture>
        <animation type="Hidden">
          <effect type="fade" time="400" center="1040,600" start="100" end="0" />
        </animation>
        <visible>Container(598).OnNext</visible>
      </control>
      <control type="image">
        <left>854</left>
        <top>454</top>
        <width>400</width>
        <height>224</height>
        <texture background="true" diffuse="tv-landscape/landscapematteFO.png">$INFO[ListItem(1).Icon]</texture>
        <animation type="Hidden">
          <effect type="fade" time="400" center="1040,600" start="100" end="0" />
        </animation>
        <visible>Container(598).OnPrevious</visible>
      </control>
    </control>
    <control type="image" id="7019">
      <visible>Control.IsVisible(598) + [Container.Content(tvshows) | Container.Content(seasons) | Container.Content(episodes)]</visible>
      <left>975</left>
      <top>30</top>
      <width>230</width>
      <height>89</height>
      <texture background="true">$INFO[ListItem.Art(clearlogo)]</texture>
      <fadetime>100</fadetime>
      <aspectratio scalediffuse="false">stretch</aspectratio>
      <include>Animation_HiddenByInfo</include>
      <include>Animation_Viewtype_Files_RightArea</include>
    </control>
    <control type="image" id="9019">
      <visible>Control.IsVisible(598) + Container.Content(episodes)</visible>
      <left>930</left>
      <top>30</top>
      <width>230</width>
      <height>89</height>
      <texture background="true">$INFO[ListItem.path]../logo.png</texture>
      <fadetime>100</fadetime>
      <aspectratio scalediffuse="false">stretch</aspectratio>
      <include>Animation_HiddenByInfo</include>
      <include>Animation_Viewtype_Files_RightArea</include>
    </control>
    <control type="label">
      <left>790</left>
      <top>20</top>
      <width>470</width>
      <height>50</height>
      <align>center</align>
      <font>Font_Bartowski_TV_Title</font>
      <textcolor>mainblue</textcolor>
      <label>$INFO[ListItem.TVShowtitle]</label>
      <include>Animation_Viewtype_Files_RightArea</include>
      <visible>Control.IsVisible(598) + [Container.Content(tvshows) | Container.Content(seasons) | Container.Content(episodes)] + IsEmpty(Control.GetLabel(7019)) + IsEmpty(Control.GetLabel(9019))</visible>
    </control>
    <control type="group">
      <visible>Control.IsVisible(598) + !Window.IsActive(videoplaylist) + !IsEmpty(ListItem.Title)</visible>
      <left>775</left>
      <top>96</top>
      <include>Animation_Viewtype_Wall_UnderInfo</include>
      <include>Animation_HiddenByInfo</include>
      <animation effect="slide" start="0,0" end="0,-40" time="0" condition="IsEmpty(Control.GetLabel(7019))">Conditional</animation>
    </control>
    <control type="group">
      <left>60</left>
      <top>0</top>
      <include>Animation_HiddenByInfo</include>
      <include>Animation_Viewtype_Files_RightArea</include>
      <visible>Control.IsVisible(598) + !IsEmpty(ListItem.Title)</visible>
    </control>
    <control type="grouplist">
      <visible>Container.Content(episodes) + Control.IsVisible(598) + !Skin.HasSetting(no_media_flags)</visible>
      <description>Media Codec Flagging Images</description>
      <left>445</left>
      <top>680</top>
      <width>380</width>
      <align>center</align>
      <itemgap>0</itemgap>
      <orientation>horizontal</orientation>
      <include>VideoCodecFlaggingConditions</include>
      <include>AudioCodecFlaggingConditions</include>
      <include>AspectCodecFlaggingConditions</include>
      <include>VideoTypeHackFlaggingConditions</include>
      <include>Animation_HiddenByInfo</include>
      <include>Animation_Viewtype_Wall_Fags</include>
    </control>
    <control type="scrollbar" id="65">
      <include>Animation_ZoomInZoomOut</include>
      <left>1280</left>
      <top>100</top>
      <width>25</width>
      <height>460</height>
      <visible allowhiddenfocus="true">Control.IsVisible(598) + Control.HasFocus(65)</visible>
      <texturesliderbackground border="0,14,0,14">ScrollBarV.png</texturesliderbackground>
      <textureslidernibfocus>ScrollBarV_Nib_Focus.png</textureslidernibfocus>
      <onleft>598</onleft>
      <onright>598</onright>
      <showonepage>true</showonepage>
      <orientation>vertical</orientation>
      <include>Animation_CommonFade</include>
      <animation effect="slide" start="0,0" end="-500,0" time="400" tween="cubic" easing="inout" condition="Control.HasFocus(65) + ![Container.Content(tvshows) | Container.Content(seasons) | Container.Content(episodes)]">Conditional</animation>
      <animation effect="slide" start="0,0" end="-530,0" time="400" tween="cubic" easing="inout" condition="Control.HasFocus(65) + [Container.Content(tvshows) | Container.Content(seasons) | Container.Content(episodes)]">Conditional</animation>
    </control>
  </include>
</includes>
