<?xml version="1.0" encoding="UTF-8"?>
<!--Alaska-->
<includes>
  <include name="Viewtype_Newest_Episodes">
    <control type="group">
      <visible>Control.IsVisible(596)</visible>
      <control type="image">
        <left>0</left>
        <top>0</top>
        <width>1280</width>
        <height>720</height>
        <texture>tv-episodes/epi-background.png</texture>
        <aspectratio>stretch</aspectratio>
      </control>
    </control>
    <control type="fixedlist" id="596">
      <viewtype label="$LOCALIZE[31144]">list</viewtype>
      <left>-20</left>
      <top>35</top>
      <width>1300</width>
      <height>680</height>
      <pagecontrol>61</pagecontrol>
      <scrolltime>0</scrolltime>
      <orientation>vertical</orientation>
      <onup>596</onup>
      <ondown>596</ondown>
      <onleft>7000</onleft>
      <onright>7000</onright>
      <focusposition>2</focusposition>
      <movement>0</movement>
      <include>Animation_ZoomInZoomOut</include>
      <include>Animation_HiddenByInfo</include>
      <visible>Container.Content(episodes)</visible>
      <itemlayout width="633" height="172">
        <control type="group">
          <left>20</left>
          <top>0</top>
          <control type="image">
            <left>0</left>
            <top>0</top>
            <width>284</width>
            <height>160</height>
            <texture diffuse="episodematte.png">$INFO[ListItem.Icon]</texture>
            <aspectratio scalediffuse="false">stretch</aspectratio>
            <!-- <animation effect="fade" start="50" end="50" time="0" condition="true">conditional</animation> -->
          </control>
          <control type="image">
            <left>-10</left>
            <top>-10</top>
            <width>306</width>
            <height>180</height>
            <colordiffuse>black</colordiffuse>
            <texture>tv-landscape/landscapeframeFO.png</texture>
            <!--	<animation effect="fade" start="50" end="50" time="0" condition="true">conditional</animation> -->
          </control>
          <!--	<control type="image">
							<left>10</left>
							<top>120</top>
							<width>90</width>
							<height>35</height>
							<texture>$INFO[ListItem.Art(clearlogo)]</texture>
							<fadetime>300</fadetime>
							<aspectratio scalediffuse="false">stretch</aspectratio>
						</control>
						<control type="image">
							<left>10</left>
							<top>120</top>
							<width>90</width>
							<height>35</height>
							<texture>$INFO[ListItem.path]../logo.png</texture>
							<fadetime>300</fadetime>
							<aspectratio scalediffuse="false">stretch</aspectratio>
						</control> -->
          <control type="image">
            <left>240</left>
            <top>0</top>
            <width>40</width>
            <height>40</height>
            <texture>dialogs/movies/$INFO[ListItem.Overlay]</texture>
            <visible>!Skin.HasSetting(DisableTvOverlays) + !IsEmpty(ListItem.Overlay)</visible>
          </control>
          <control type="image">
            <left>170</left>
            <top>110</top>
            <width>110</width>
            <height>43</height>
            <aspectratio>keep</aspectratio>
            <texture>$INFO[ListItem.path]../logo.png</texture>
            <fadetime>300</fadetime>
            <aspectratio scalediffuse="false">stretch</aspectratio>
          </control>
          <control type="image">
            <left>170</left>
            <top>110</top>
            <width>110</width>
            <height>43</height>
            <aspectratio>keep</aspectratio>
            <texture>$INFO[ListItem.Art(clearlogo)]</texture>
            <fadetime>300</fadetime>
            <aspectratio scalediffuse="false">stretch</aspectratio>
          </control>
          <control type="label">
            <description>Episode Title</description>
            <left>300</left>
            <top>6</top>
            <width>460</width>
            <height>50</height>
            <aligny>center</aligny>
            <font>Font_Neon_30</font>
            <textcolor>mainblue</textcolor>
            <label>$INFO[ListItem.Title]</label>
            <!--	<animation effect="fade" start="50" end="50" time="0" condition="true">conditional</animation> -->
          </control>
          <control type="label">
            <description>Episode Info</description>
            <left>300</left>
            <top>28</top>
            <width>460</width>
            <height>50</height>
            <aligny>center</aligny>
            <font>Font_EpisodePlot2</font>
            <textcolor>ListTrackF</textcolor>
            <label>$LOCALIZE[20373] $INFO[ListItem.Season]/$LOCALIZE[20359] $INFO[ListItem.Episode] - Aired $INFO[ListItem.Date]</label>
            <visible>!IsEmpty(ListItem.Title)</visible>
          </control>
          <control type="textbox">
            <!-- Plot and TV -->
            <description>Episode Plot</description>
            <left>300</left>
            <top>62</top>
            <width>960</width>
            <height>102</height>
            <align>justify</align>
            <info>ListItem.Plot</info>
            <font>Font_Bartowski_Movies_Plot</font>
            <textcolor>ffffffff</textcolor>
            <!--	<animation effect="fade" start="50" end="50" time="0" condition="true">conditional</animation> -->
            <autoscroll time="3000" delay="5000" repeat="5000">Skin.HasSetting(autoscroll)</autoscroll>
          </control>
        </control>
      </itemlayout>
      <focusedlayout width="633" height="172">
        <control type="group">
          <left>20</left>
          <top>0</top>
          <control type="image">
            <left>0</left>
            <top>-5</top>
            <width>1280</width>
            <height>170</height>
            <texture>black-back.png</texture>
          </control>
          <control type="image">
            <left>0</left>
            <top>0</top>
            <width>284</width>
            <height>160</height>
            <texture diffuse="episodematte.png">$INFO[ListItem.Icon]</texture>
            <aspectratio scalediffuse="false">stretch</aspectratio>
            <animation type="Focus" reversible="false">
              <effect type="zoom" center="127,70" start="50" end="100" time="200" tween="cubic" easing="out" />
              <effect type="fade" start="0" end="100" time="200" />
            </animation>
          </control>
          <control type="image">
            <left>-10</left>
            <top>-10</top>
            <width>306</width>
            <height>180</height>
            <colordiffuse>mainblue</colordiffuse>
            <texture>tv-landscape/landscapeframeFO.png</texture>
            <animation type="Focus" reversible="false">
              <effect type="zoom" center="127,70" start="50" end="100" time="200" tween="cubic" easing="out" />
              <effect type="fade" start="0" end="100" time="200" />
            </animation>
          </control>
          <!--	<control type="image">
							<left>10</left>
							<top>115</top>
							<width>90</width>
							<height>35</height>
							<texture background="true">$INFO[ListItem.Art(clearlogo)]</texture>
							<fadetime>300</fadetime>
							<aspectratio scalediffuse="false">stretch</aspectratio>
						</control>
						<control type="image">
							<left>10</left>
							<top>115</top>
							<width>90</width>
							<height>35</height>
							<texture background="true">$INFO[ListItem.path]../logo.png</texture>
							<fadetime>300</fadetime>
							<aspectratio scalediffuse="false">stretch</aspectratio>
						</control> -->
          <control type="image">
            <left>245</left>
            <top>0</top>
            <width>40</width>
            <height>40</height>
            <texture>dialogs/movies/$INFO[ListItem.Overlay]</texture>
            <visible>!Skin.HasSetting(DisableTvOverlays) + !IsEmpty(ListItem.Overlay)</visible>
          </control>
          <control type="image">
            <left>170</left>
            <top>110</top>
            <width>110</width>
            <height>43</height>
            <texture background="true">$INFO[ListItem.path]../logo.png</texture>
            <fadetime>300</fadetime>
            <aspectratio scalediffuse="false">stretch</aspectratio>
            <animation type="Focus" reversible="false">
              <effect type="zoom" center="127,70" start="50" end="100" time="200" tween="cubic" easing="out" />
              <effect type="fade" start="0" end="100" time="200" />
            </animation>
          </control>
          <control type="image">
            <left>170</left>
            <top>110</top>
            <width>110</width>
            <height>43</height>
            <texture background="true">$INFO[ListItem.Art(clearlogo)]</texture>
            <fadetime>300</fadetime>
            <aspectratio scalediffuse="false">stretch</aspectratio>
            <animation type="Focus" reversible="false">
              <effect type="zoom" center="127,70" start="50" end="100" time="200" tween="cubic" easing="out" />
              <effect type="fade" start="0" end="100" time="200" />
            </animation>
          </control>
          <control type="label">
            <description>Episode Title</description>
            <left>300</left>
            <top>-10</top>
            <width>460</width>
            <height>50</height>
            <aligny>center</aligny>
            <font>Font_Neon_35</font>
            <textcolor>mainblue</textcolor>
            <label>$INFO[ListItem.Title]</label>
          </control>
          <control type="label">
            <description>Season and Air Date</description>
            <left>300</left>
            <top>20</top>
            <width>460</width>
            <height>50</height>
            <aligny>center</aligny>
            <font>Font_Neon_20</font>
            <textcolor>ListTrackF</textcolor>
            <label>$LOCALIZE[20373] $INFO[ListItem.Season]/$LOCALIZE[20359] $INFO[ListItem.Episode] - Aired $INFO[ListItem.Date]</label>
            <visible>!IsEmpty(ListItem.Title)</visible>
          </control>
          <control type="textbox">
            <!-- Plot and TV -->
            <left>300</left>
            <top>62</top>
            <width>960</width>
            <height>102</height>
            <align>justify</align>
            <info>ListItem.Plot</info>
            <font>Font_Bartowski_Movies_Plot</font>
            <textcolor>ffffffff</textcolor>
            <autoscroll time="3000" delay="5000" repeat="5000">Skin.HasSetting(autoscroll)</autoscroll>
          </control>
        </control>
      </focusedlayout>
    </control>
    <control type="grouplist">
      <include>Animation_CommonFade</include>
      <visible>Control.IsVisible(596)</visible>
      <description>Media Codec Flagging Images</description>
      <left>850</left>
      <top>385</top>
      <width>390</width>
      <align>right</align>
      <itemgap>0</itemgap>
      <orientation>horizontal</orientation>
      <include>VideoCodecFlaggingConditions</include>
      <include>AudioCodecFlaggingConditions</include>
      <include>AspectCodecFlaggingConditions</include>
      <!-- <include>VideoTypeHackFlaggingConditions</include> -->
      <include>StudioFlags</include>
    </control>
  </include>
</includes>