<?xml version="1.0" encoding="UTF-8"?>
<includes>
  <include name="Viewtype_Multiplex">
    <control type="group">
      <visible>Control.IsVisible(588)</visible>
      <control type="image">
        <left>0</left>
        <top>0</top>
        <width>1280</width>
        <height>720</height>
        <texture>music/music_backdrop3.png</texture>
        <include>Animation_BackdropFade</include>
      </control>
      <control type="label">
        <visible>SubString(ListItem.Icon,DefaultFolderBack.png,Left)</visible>
        <animation effect="slide" start="0,0" end="0,-70" time="1000" delay="600" tween="cubic" easing="inout" condition="Control.IsVisible(588) + Container.Content(movies) + Skin.HasSetting(MultiPlexFanart)">Conditional</animation>
        <animation effect="slide" start="0,0" end="0,-110" time="1000" delay="600" tween="cubic" easing="inout" condition="Control.IsVisible(588) + Container.Content(movies)">Conditional</animation>
        <left>0</left>
        <top>370</top>
        <width>1280</width>
        <height>50</height>
        <align>center</align>
        <font>Font_Bartowski_BigMusic</font>
        <shadowcolor>678b8b8b</shadowcolor>
        <textcolor>678b8b8b</textcolor>
        <label>$LOCALIZE[31235]</label>
        <include>Animation_Bartowski_Context_Zoom</include>
      </control>
      <control type="label">
        <visible>Skin.HasSetting(MultiPlexFanart) + Skin.HasSetting(showcase_fanart_title)</visible>
        <animation effect="slide" start="0,0" end="0,-70" time="1000" delay="600" tween="cubic" easing="inout" condition="Control.IsVisible(588) + Container.Content(movies) + Skin.HasSetting(MultiPlexFanart)">Conditional</animation>
        <animation effect="slide" start="0,0" end="0,-110" time="1000" delay="600" tween="cubic" easing="inout" condition="Control.IsVisible(588) + Container.Content(movies)">Conditional</animation>
        <left>0</left>
        <top>470</top>
        <width>1280</width>
        <height>50</height>
        <align>center</align>
        <font>Font_Bartowski_BigMusic</font>
        <shadowcolor>678b8b8b</shadowcolor>
        <textcolor>678b8b8b</textcolor>
        <label>$INFO[ListItem.label]</label>
        <include>Animation_Bartowski_Context_Zoom</include>
      </control>
    </control>
    <control type="group">
      <left>0</left>
      <top>85</top>
      <width>1280</width>
      <height>381</height>
      <visible>Skin.HasSetting(MultiPlexFanart) + Control.IsVisible(588)</visible>
      <animation effect="fade" start="0" end="100" time="2000" delay="0">WindowOpen</animation>
      <animation effect="fade" end="0" time="200">WindowClose</animation>
      <animation effect="fade" start="0" end="100" time="400">VisibleChange</animation>
      <control type="image">
        <left>0</left>
        <top>-85</top>
        <width>1280</width>
        <height>720</height>
        <texture>mod/bg.png</texture>
        <visible>!Container(588).OnNext + !Container(588).OnPrevious</visible>
        <animation effect="fade" start="0" end="100" time="500" delay="1500">Visible</animation>
      </control>
      <control type="label">
        <left>190</left>
        <top>-90</top>
        <width>940</width>
        <height>150</height>
        <align>center</align>
        <aligny>center</aligny>
        <font>Font_Neon_26</font>
        <shadowcolor>ff000000</shadowcolor>
        <info>Container(588).ListItem.Tagline</info>
        <wrapmultiline>true</wrapmultiline>
        <textcolor>d0FFFFFF</textcolor>
        <visible>!Container(588).OnNext + !Container(588).OnPrevious</visible>
        <animation effect="fade" start="0" end="100" time="500" delay="1500">Visible</animation>
      </control>
      <control type="group">
        <visible>!Container(588).OnNext + !Container(588).OnPrevious</visible>
        <animation effect="fade" start="0" end="100" time="500" delay="1500">Visible</animation>
        <control type="image">
          <left>39</left>
          <top>-34</top>
          <visible />
          <width>313</width>
          <height>490</height>
          <fadetime>400</fadetime>
          <animation effect="rotatey" center="0" start="45" end="-45" time="0" condition="true">Conditional</animation>
          <texture flipy="true">tv-episodes/context-back1.png</texture>
        </control>
        <control type="textbox">
          <visible>Skin.HasSetting(extrathumbs)</visible>
          <left>45</left>
          <top>152</top>
          <width>300</width>
          <height>193</height>
          <animation effect="rotatey" center="0" start="50" end="-45" time="0" condition="true">Conditional</animation>
          <font>Font_Neon_20</font>
          <textcolor>FFFFFFFF</textcolor>
          <label>$INFO[Container(588).ListItem.PlotOutline]</label>
          <autoscroll delay="10000" time="2000" repeat="10000">Skin.HasSetting(autoscroll)</autoscroll>
        </control>
        <control type="multiimage">
          <visible>!Skin.HasSetting(extrathumbs)</visible>
          <left>40</left>
          <top>150</top>
          <width>310</width>
          <height>195</height>
          <fadetime>2000</fadetime>
          <timeperimage>5000</timeperimage>
          <randomize>true</randomize>
          <animation effect="rotatey" center="0" start="50" end="-45" time="0" condition="true">Conditional</animation>
          <imagepath diffuse="mod/list_episodeicon_mask.png" background="true">$INFO[Container(588).ListItem.Path,,extrathumbs]</imagepath>
        </control>
        <control type="image">
          <left>40</left>
          <top>-34</top>
          <visible />
          <width>310</width>
          <height>485</height>
          <fadetime>400</fadetime>
          <animation effect="rotatey" center="0" start="45" end="-45" time="0" condition="true">Conditional</animation>
          <texture>mod/list_movieicon_glass.png</texture>
          <bordertexture border="-20">mod/list_movieicon_frame2.png</bordertexture>
        </control>
        <control type="group">
          <left>45</left>
          <top>-40</top>
          <animation effect="rotatey" center="0" start="-30" end="-45" time="0" condition="true">Conditional</animation>
          <control type="grouplist">
            <description>Media Codec Flagging Images</description>
            <left>-10</left>
            <top>446</top>
            <width>310</width>
            <height>54</height>
            <align>center</align>
            <itemgap>0</itemgap>
            <orientation>horizontal</orientation>
            <include>VideoCodecFlaggingConditions</include>
            <include>AudioCodecFlaggingConditions</include>
            <include>AudioChannelsFlaggingConditions</include>
          </control>
          <control type="grouplist">
            <description>Media Codec Flagging Images</description>
            <left>-10</left>
            <top>484</top>
            <width>310</width>
            <height>54</height>
            <align>center</align>
            <itemgap>0</itemgap>
            <orientation>horizontal</orientation>
            <include>VideoCodecFlaggingConditionsFlip</include>
            <include>AudioCodecFlaggingConditionsFlip</include>
          </control>
          <control type="grouplist">
            <description>Media Codec Flagging Images</description>
            <left>-10</left>
            <top>390</top>
            <width>310</width>
            <height>54</height>
            <align>center</align>
            <itemgap>0</itemgap>
            <orientation>horizontal</orientation>
            <include>VideoTypeHackFlaggingConditions</include>
            <include>StudioFlags</include>
            <include>VideoMPAAFlaggingConditions</include>
            <include>AspectCodecFlaggingConditions</include>
          </control>
          <control type="group">
            <top>22</top>
            <control type="label">
              <font>Font_Neon_16</font>
              <textcolor>FFFFFAA6</textcolor>
              <label>$LOCALIZE[31022]:</label>
            </control>
            <control type="label">
              <left>0</left>
              <top>17</top>
              <width>200</width>
              <scroll>true</scroll>
              <font>Font_Neon_19</font>
              <textcolor>FFFFFFFF</textcolor>
              <label>[UPPERCASE]$INFO[Container(588).ListItem.Director][/UPPERCASE]</label>
            </control>
          </control>
          <control type="group">
            <top>70</top>
            <control type="label">
              <font>Font_Neon_16</font>
              <textcolor>FFFFFAA6</textcolor>
              <label>$LOCALIZE[345]:</label>
            </control>
            <control type="label">
              <left>0</left>
              <top>17</top>
              <width>150</width>
              <font>Font_Neon_19</font>
              <textcolor>FFFFFFFF</textcolor>
              <label>[UPPERCASE]$INFO[Container(588).ListItem.Year][/UPPERCASE] | [UPPERCASE]$INFO[Container(588).ListItem.Duration][/UPPERCASE] min</label>
            </control>
          </control>
          <control type="group">
            <top>22</top>
            <left>200</left>
            <control type="label">
              <font>Font_Neon_16</font>
              <textcolor>FFFFFAA6</textcolor>
              <label>$LOCALIZE[515]:</label>
            </control>
            <control type="textbox">
              <left>0</left>
              <top>19</top>
              <width>88</width>
              <height>124</height>
              <autoscroll delay="35000" time="2000" repeat="20000">Skin.HasSetting(autoscroll)</autoscroll>
              <font>Font_Neon_19</font>
              <textcolor>FFFFFFFF</textcolor>
              <label>[UPPERCASE]$INFO[Container(588).ListItem.Genre][/UPPERCASE]</label>
            </control>
          </control>
          <control type="group">
            <top>120</top>
            <left>0</left>
            <control type="label">
              <left>0</left>
              <top>0</top>
              <width>180</width>
              <height>13</height>
              <font>Font_Neon_16</font>
              <textcolor>FFFFFAA6</textcolor>
              <label>$LOCALIZE[31008]:</label>
            </control>
            <control type="label">
              <left>0</left>
              <top>17</top>
              <width>180</width>
              <height>13</height>
              <font>Font_Neon_19</font>
              <textcolor>FFFFFFFF</textcolor>
              <label>[UPPERCASE]$INFO[Container(588).ListItem.RatingAndVotes][/UPPERCASE]</label>
            </control>
            <control type="image">
              <description>IMDB rating</description>
              <left>0</left>
              <top>40</top>
              <width>76</width>
              <height>18</height>
              <info>ListItem.StarRating</info>
              <colordiffuse>FFffff00</colordiffuse>
              <include>Animation_CommonFade</include>
            </control>
          </control>
        </control>
      </control>
      <control type="group">
        <left>982</left>
        <top>24</top>
        <camera x="840" y="180" />
        <visible>!Container(588).OnNext + !Container(588).OnPrevious</visible>
        <animation effect="fade" start="0" end="100" time="500" delay="1500">Visible</animation>
        <control type="largeimage">
          <width>240</width>
          <height>360</height>
          <fadetime>400</fadetime>
          <animation effect="rotatey" center="0" start="50" end="45" time="0" condition="true">Conditional</animation>
          <texture diffuse="mod/list_movieicon_mask.png">$INFO[Container(588).ListItem(0).Icon]</texture>
          <bordertexture border="-13">mod/list_movieicon_frame.png</bordertexture>
        </control>
        <control type="largeimage">
          <top>364</top>
          <width>240</width>
          <height>360</height>
          <fadetime>400</fadetime>
          <animation effect="rotatey" center="0" start="45" end="45" time="0" condition="true">Conditional</animation>
          <texture flipy="true" diffuse="mod/list_episodeicon_flipmask.png">$INFO[ListItem(0).Icon]</texture>
        </control>
        <control type="image">
          <width>240</width>
          <height>360</height>
          <fadetime>400</fadetime>
          <animation effect="rotatey" center="0" start="45" end="45" time="0" condition="true">Conditional</animation>
          <texture>mod/list_movieicon_glass.png</texture>
          <bordertexture border="-12">mod/list_movieicon_frame2.png</bordertexture>
        </control>
      </control>
      <control type="group">
        <left>350</left>
        <top>20</top>
        <visible>!Container(588).OnNext + !Container(588).OnPrevious</visible>
        <animation effect="fade" start="0" end="100" time="500" delay="1500">Visible</animation>
        <control type="textbox">
          <visible>!Skin.HasSetting(extrathumbs)</visible>
          <left>0</left>
          <top>2</top>
          <width>630</width>
          <height>338</height>
          <label>$INFO[ListItem.Plot]</label>
          <autoscroll delay="35000" time="2000" repeat="20000">Skin.HasSetting(autoscroll)</autoscroll>
          <font>Font_Neon_20</font>
          <align>center</align>
          <textcolor>FFFFFFFF</textcolor>
          <animation effect="fade" start="100" end="0" time="1000" condition="Player.HasVideo">Conditional</animation>
        </control>
        <control type="textbox">
          <visible>!Skin.HasSetting(extrathumbs) + IsEmpty(ListItem.Plot)</visible>
          <left>0</left>
          <top>2</top>
          <width>640</width>
          <height>338</height>
          <label>$INFO[ListItem.PlotOutline]</label>
          <autoscroll delay="35000" time="2000" repeat="20000">Skin.HasSetting(autoscroll)</autoscroll>
          <font>Font_Neon_20</font>
          <align>center</align>
          <textcolor>FFFFFFFF</textcolor>
          <animation effect="fade" start="100" end="0" time="1000" condition="Player.HasVideo">Conditional</animation>
        </control>
        <control type="multiimage">
          <visible>Skin.HasSetting(extrathumbs)</visible>
          <width>640</width>
          <height>360</height>
          <fadetime>500</fadetime>
          <timeperimage>3000</timeperimage>
          <animation effect="fade" start="100" end="0" time="1000" condition="Player.HasVideo">Conditional</animation>
          <imagepath diffuse="mod/list_episodeicon_mask.png" background="true">$INFO[Container(588).ListItem.Path,,extrathumbs]</imagepath>
        </control>
        <control type="multiimage">
          <visible>Skin.HasSetting(extrathumbs)</visible>
          <top>362</top>
          <width>640</width>
          <height>360</height>
          <fadetime>500</fadetime>
          <timeperimage>3000</timeperimage>
          <animation effect="fade" start="100" end="0" time="1000" condition="Player.HasVideo">Conditional</animation>
          <imagepath flipy="true" diffuse="mod/list_episodeicon_flipmask.png" background="true">$INFO[Container(588).ListItem.Path,,extrathumbs]</imagepath>
        </control>
        <control type="image">
          <visible>Skin.HasSetting(extrathumbs)</visible>
          <width>640</width>
          <height>360</height>
          <fadetime>400</fadetime>
          <texture>mod/list_musicicon_glass.png</texture>
          <animation effect="fade" start="100" end="0" time="1000" condition="Player.HasVideo">Conditional</animation>
        </control>
      </control>
      <control type="group">
        <left>394</left>
        <top>366</top>
        <visible>!Container(588).OnNext + !Container(588).OnPrevious</visible>
        <animation effect="fade" start="0" end="100" time="500" delay="1500">Visible</animation>
        <control type="image">
          <left>114</left>
          <top>4</top>
          <align>center</align>
          <width>262</width>
          <height>28</height>
          <texture>mod/progress_back.png</texture>
          <animation effect="fade" start="20" time="800" condition="!IsEmpty(ListItem.Year)">Conditional</animation>
          <visible>!IsEmpty(ListItem.Trailer) + !Player.HasVideo</visible>
        </control>
        <control type="label">
          <left>2</left>
          <top>9</top>
          <align>center</align>
          <width>486</width>
          <height>271</height>
          <font>Font_Neon_14</font>
          <textcolor>mainblue</textcolor>
          <label>$LOCALIZE[31237]</label>
          <animation effect="fade" start="20" time="800" condition="!IsEmpty(ListItem.Year)">Conditional</animation>
          <visible>!IsEmpty(ListItem.Trailer) + !Player.HasVideo</visible>
        </control>
      </control>
      <control type="label">
        <left>320</left>
        <top>372</top>
        <align>center</align>
        <width>640</width>
        <height>271</height>
        <font>Font_Neon_14</font>
        <label>$LOCALIZE[31274]:    $INFO[VideoPlayer.Title]</label>
        <visible>Player.HasVideo</visible>
        <textcolor>FFFFFFFF</textcolor>
        <animation effect="fade" start="0" end="100" time="400" delay="1000">Visible</animation>
      </control>
      <control type="label">
        <left>40</left>
        <top>385</top>
        <width>1200</width>
        <height>71</height>
        <scroll>true</scroll>
        <aligny>center</aligny>
        <align>center</align>
        <font>Font_Neon_45</font>
        <textcolor>mainblue</textcolor>
        <shadowcolor>ff000000</shadowcolor>
        <label>$INFO[Container(588).ListItem.Label]</label>
      </control>
    </control>
    <control type="group">
      <visible>Control.IsVisible(588)</visible>
      <control type="group">
        <visible>!SubString(ListItem.Icon,DefaultFolderBack.png,Left) + Skin.HasSetting(extrathumbs) + !Skin.HasSetting(MultiPlexFanart)</visible>
        <include>Animation_Viewtype_Showcase_RightArea</include>
        <control type="label">
          <left>40</left>
          <top>475</top>
          <width>1200</width>
          <height>71</height>
          <scroll>true</scroll>
          <aligny>center</aligny>
          <align>center</align>
          <font>Font_Neon_45</font>
          <textcolor>mainblue</textcolor>
          <shadowcolor>ff000000</shadowcolor>
          <label>$INFO[Container(588).ListItem.Label]</label>
        </control>
        <control type="image">
          <left>1010</left>
          <top>50</top>
          <width>261</width>
          <height>147</height>
          <aspectratio>stretch</aspectratio>
          <texture background="true" diffuse="tv-landscape/landscapematteFO.png">$INFO[ListItem.Path,,extrathumbs/thumb1.jpg]</texture>
          <fadetime>200</fadetime>
        </control>
        <control type="image">
          <left>998</left>
          <top>40</top>
          <width>284</width>
          <height>166</height>
          <colordiffuse>black</colordiffuse>
          <texture>tv-landscape/landscapeframeFO.png</texture>
        </control>
        <control type="image">
          <left>1010</left>
          <top>220</top>
          <width>261</width>
          <height>147</height>
          <aspectratio>stretch</aspectratio>
          <texture background="true" diffuse="tv-landscape/landscapematteFO.png">$INFO[ListItem.Path,,extrathumbs/thumb2.jpg]</texture>
          <fadetime>200</fadetime>
        </control>
        <control type="image">
          <left>998</left>
          <top>210</top>
          <width>284</width>
          <height>166</height>
          <colordiffuse>black</colordiffuse>
          <texture>tv-landscape/landscapeframeFO.png</texture>
        </control>
        <control type="image">
          <left>1010</left>
          <top>390</top>
          <width>261</width>
          <height>147</height>
          <aspectratio>stretch</aspectratio>
          <texture background="true" diffuse="tv-landscape/landscapematteFO.png">$INFO[ListItem.Path,,extrathumbs/thumb3.jpg]</texture>
          <fadetime>200</fadetime>
        </control>
        <control type="image">
          <left>998</left>
          <top>380</top>
          <width>284</width>
          <height>166</height>
          <colordiffuse>black</colordiffuse>
          <texture>tv-landscape/landscapeframeFO.png</texture>
        </control>
      </control>
      <control type="grouplist">
        <visible>!Skin.HasSetting(no_media_flags) + !Skin.HasSetting(MultiPlexFanart)</visible>
        <description>Media Codec Flagging Images</description>
        <left>0</left>
        <top>470</top>
        <width>1280</width>
        <align>right</align>
        <itemgap>0</itemgap>
        <orientation>horizontal</orientation>
        <include>StudioFlags</include>
        <include>VideoTypeHackFlaggingConditions</include>
        <include>VideoCodecFlaggingConditions</include>
        <include>AspectCodecFlaggingConditions</include>
        <include>AudioCodecFlaggingConditions</include>
        <include>AudioChannelsFlaggingConditions</include>
        <include>Animation_Viewtype_Showcase_RightFlags</include>
      </control>
    </control>
    <control type="wraplist" id="588">
      <left>65</left>
      <top>534</top>
      <height>169</height>
      <width>1150</width>
      <onleft>50</onleft>
      <onright>50</onright>
      <onup>65</onup>
      <include condition="!Skin.HasSetting(big_trailer)">ondown_small_trailer</include>
      <include condition="Skin.HasSetting(big_trailer)">ondown_big_trailer</include>
      <viewtype label="$LOCALIZE[31132]">list</viewtype>
      <orientation>horizontal</orientation>
      <focusposition>5</focusposition>
      <scrolltime>200</scrolltime>
      <preloaditems>2</preloaditems>
      <pagecontrol>65</pagecontrol>
      <include>Animation_Viewtype_Showcase_FocusArea</include>
      <visible>!Skin.HasSetting(no_Showcase) + [Container.Content(movies) | substring(container.folderpath,plugin://plugin.video.apple.movie.trailers.lite)]</visible>
      <itemlayout width="106" height="129">
        <control type="image">
          <include>MultiplexIconDimensionsWrap</include>
          <texture diffuse="mod/wall_movie_mask.png" background="true">defaultvideobig.png</texture>
          <aspectratio scalediffuse="false">scale</aspectratio>
          <info>ListItem.Icon</info>
          <!--	<animation effect="slide" start="0,0" end="0,20" time="0" tween="cubic" easing="inout" condition="Control.IsVisible(588) + Container.Content(movies) + Skin.HasSetting(MultiPlexFanart)">Conditional</animation> -->
        </control>
        <control type="image">
          <include>MultiplexIconDimensionsWrap</include>
          <bordertexture border="-3">mod/wall_movie_nfborder.png</bordertexture>
          <texture>mod/wall_nfoverlay.png</texture>
          <!--	<animation effect="slide" start="0,0" end="0,20" time="0" tween="cubic" easing="inout" condition="Control.IsVisible(588) + Container.Content(movies) + Skin.HasSetting(MultiPlexFanart)">Conditional</animation> -->
        </control>
        <control type="image">
          <left>55</left>
          <top>0</top>
          <width>45</width>
          <height>45</height>
          <aspectratio>keep</aspectratio>
          <texture>dialogs/movies/$INFO[ListItem.Overlay]</texture>
          <visible>Window.IsVisible(Videos) + [[Container.Content(Movies) | Container.Content(MusicVideos) | Container.Content(Files)] + !Skin.HasSetting(DisableMovieOverlays)]
          | [[Container.Content(TVShows) | Container.Content(Episodes) | Container.Content(Seasons)] + !Skin.HasSetting(DisableTvOverlays)]</visible>
        </control>
      </itemlayout>
      <focusedlayout width="106" height="129">
        <!--	<animation effect="slide" start="0,0" end="0,30" time="0" tween="cubic" easing="inout" condition="Control.IsVisible(588) + Container.Content(movies) + Skin.HasSetting(MultiPlexFanart)">Conditional</animation> -->
        <control type="image">
          <include>MultiplexIconDimensionsWrap</include>
          <texture diffuse="mod/wall_movie_mask.png" background="true">defaultvideobig.png</texture>
          <aspectratio scalediffuse="false">scale</aspectratio>
          <info>ListItem.Icon</info>
          <animation effect="zoom" center="45,75" start="100" end="120" time="400" easing="out" tween="cubic" reversible="false">Focus</animation>
        </control>
        <control type="image">
          <include>MultiplexIconDimensionsWrap</include>
          <bordertexture border="-2">mod/wall_movie_nfborder.png</bordertexture>
          <texture>mod/wall_movie_nfoverlay.png</texture>
          <animation type="focus" reversible="false">
            <effect type="fade" start="100" end="0" time="200" reversible="false" />
            <effect type="zoom" center="45,75" start="100" end="120" time="400" easing="out" tween="cubic" reversible="false" />
          </animation>
        </control>
        <control type="image">
          <include>MultiplexIconDimensionsWrap</include>
          <bordertexture border="-10">mod/wall_movie_fborder.png</bordertexture>
          <texture>mod/blank.png</texture>
          <animation type="focus" reversible="false">
            <effect type="fade" start="0" end="100" time="400" reversible="false" />
            <effect type="zoom" center="45,75" start="100" end="120" time="400" easing="out" tween="cubic" reversible="false" />
          </animation>
          <visible>!Container(588).Column(12)</visible>
        </control>
        <control type="image">
          <left>55</left>
          <top>-13</top>
          <width>55</width>
          <height>55</height>
          <aspectratio>keep</aspectratio>
          <texture>dialogs/movies/$INFO[ListItem.Overlay]</texture>
          <visible>Window.IsVisible(Videos) + [[Container.Content(Movies) | Container.Content(MusicVideos) | Container.Content(Files)] + !Skin.HasSetting(DisableMovieOverlays)]
          | [[Container.Content(TVShows) | Container.Content(Episodes) | Container.Content(Seasons)] + !Skin.HasSetting(DisableTvOverlays)]</visible>
          <animation type="focus">
            <effect type="fade" start="0" end="100" time="200" />
            <effect type="slide" start="0,0" end="10,5" time="200" />
          </animation>
          <animation type="unfocus">
            <effect type="fade" start="100" end="0" time="200" />
            <effect type="slide" end="0,0" start="10,5" time="200" />
          </animation>
        </control>        
      </focusedlayout>
    </control>
    <control type="scrollbar" id="65">
      <include>Animation_ZoomInZoomOut</include>
      <left>100</left>
      <top>900</top>
      <width>1080</width>
      <height>25</height>
      <visible allowhiddenfocus="true">Control.IsVisible(588) + Control.HasFocus(65)</visible>
      <texturesliderbackground>osd/osd_progress_back1.png</texturesliderbackground>
      <textureslidernibfocus>ScrollBarV_Nib_Focus.png</textureslidernibfocus>
      <onup>7000</onup>
      <ondown>588</ondown>
      <showonepage>true</showonepage>
      <orientation>horizontal</orientation>
      <include>Animation_CommonFade</include>
      <animation effect="slide" start="0,0" end="0,-210" time="400" tween="cubic" easing="inout" condition="Control.HasFocus(65)">Conditional</animation>
    </control>
  </include>
</includes>