<?xml version="1.0" encoding="UTF-8"?>
<includes>
  <include name="PVRGuideViewTimeline">
    <control type="group">
      <description>TV Guide Timeline</description>
      <visible>Control.IsVisible(10)</visible>
      <include>VisibleFadeEffect</include>
      <control type="image">
        <description>separator image</description>
        <left>80</left>
        <top>101</top>
        <width>1100</width>
        <height>1</height>
        <colordiffuse>mainblue</colordiffuse>
        <texture>separator2.png</texture>
      </control>
      <control type="epggrid" id="10">
        <viewtype label="19032">list</viewtype>
        <description>EPG Grid</description>
        <left>80</left>
        <top>71</top>
        <width>1135</width>
        <height>419</height>
        <pagecontrol>10</pagecontrol>
        <scrolltime>350</scrolltime>
        <timeblocks>40</timeblocks>
        <rulerunit>6</rulerunit>
        <progresstexture border="0,48,18,14">PVR-EpgProgressIndicator.png</progresstexture>
        <onleft>7000</onleft>
        <onright>7000</onright>
        <onup>10</onup>
        <ondown>10</ondown>
        <onback>7000</onback> 
        <rulerlayout height="35" width="40">
          <control type="label" id="2">
            <left>10</left>
            <top>0</top>
            <width>34</width>
            <height>29</height>
            <font>Font_Neon_18</font>
            <aligny>center</aligny>
            <selectedcolor>selected</selectedcolor>
            <align>left</align>
            <label>$INFO[ListItem.Label]</label>
          </control>
        </rulerlayout>
        <channellayout height="48" width="280">
          <control type="image">
            <left>0</left>
            <top>0</top>
            <width>270</width>
            <height>48</height>
            <colordiffuse>mainblue</colordiffuse>
            <texture border="2">MenuItemNF.png</texture>
            <include>VisibleFadeEffect</include>
          </control>
          <control type="label">
            <left>5</left>
            <top>5</top>
            <width>40</width>
            <height>35</height>
            <font>Font_Neon_18</font>
            <align>left</align>
            <aligny>center</aligny>
            <textcolor>grey</textcolor>
            <selectedcolor>grey</selectedcolor>
            <info>ListItem.ChannelNumber</info>
          </control>
          <control type="image">
            <left>45</left>
            <top>4</top>
            <width>45</width>
            <height>44</height>
            <texture>$INFO[ListItem.Icon]</texture>
            <aspectratio>keep</aspectratio>
          </control>
          <control type="label" id="1">
            <left>94</left>
            <top>0</top>
            <width>160</width>
            <height>48</height>
            <font>special12</font>
            <aligny>center</aligny>
            <selectedcolor>selected</selectedcolor>
            <align>left</align>
            <label>$INFO[ListItem.ChannelName]</label>
          </control>
        </channellayout>
        <focusedchannellayout height="48" width="280">
          <control type="image">
            <left>0</left>
            <top>0</top>
            <width>270</width>
            <height>48</height>
            <colordiffuse>mainblue</colordiffuse>
            <texture border="2">MenuItemNF.png</texture>
            <visible>!Control.HasFocus(10)</visible>
            <include>VisibleFadeEffect</include>
          </control>
          <control type="image">
            <left>0</left>
            <top>0</top>
            <width>270</width>
            <height>48</height>
            <colordiffuse>mainblue</colordiffuse>
            <texture>MenuItemFO.png</texture>
            <visible>Control.HasFocus(10)</visible>
            <include>VisibleFadeEffect</include>
          </control>
          <control type="label">
            <left>5</left>
            <top>5</top>
            <width>40</width>
            <height>35</height>
            <font>Font_Neon_18</font>
            <align>left</align>
            <aligny>center</aligny>
            <textcolor>grey</textcolor>
            <selectedcolor>grey</selectedcolor>
            <info>ListItem.ChannelNumber</info>
          </control>
          <control type="image">
            <left>45</left>
            <top>4</top>
            <width>45</width>
            <height>44</height>
            <texture>$INFO[ListItem.Icon]</texture>
            <aspectratio>keep</aspectratio>
          </control>
          <control type="label" id="1">
            <left>94</left>
            <top>0</top>
            <width>160</width>
            <height>48</height>
            <font>special12</font>
            <aligny>center</aligny>
            <selectedcolor>selected</selectedcolor>
            <align>left</align>
            <label>$INFO[ListItem.ChannelName]</label>
          </control>
        </focusedchannellayout>
        <itemlayout height="48" width="40">
          <control type="image" id="2">
            <width>40</width>
            <height>48</height>
            <left>0</left>
            <top>0</top>
            <aspectratio>stretch</aspectratio>
            <texture border="3">epg-genres/$INFO[ListItem.Property(GenreType)].png</texture>
          </control>
          <control type="label" id="1">
            <left>6</left>
            <top>3</top>
            <width>30</width>
            <height>25</height>
            <font>Font_Neon_18</font>
            <aligny>center</aligny>
            <selectedcolor>selected</selectedcolor>
            <align>left</align>
            <info>ListItem.Label</info>
          </control>
          <control type="image">
            <left>6</left>
            <top>28</top>
            <width>24</width>
            <height>16</height>
            <texture>PVR-IsRecording.png</texture>
            <visible>ListItem.IsRecording</visible>
          </control>
          <control type="image">
            <left>6</left>
            <top>28</top>
            <width>16</width>
            <height>16</height>
            <texture>PVR-HasTimer.png</texture>
            <visible>ListItem.HasTimer + !ListItem.IsRecording</visible>
          </control>
        </itemlayout>
        <focusedlayout height="48" width="40">
          <control type="image" id="14">
            <width>40</width>
            <height>48</height>
            <left>0</left>
            <top>0</top>
            <texture border="5">folder-focus.png</texture>
          </control>
          <control type="image" id="2">
            <width>40</width>
            <height>48</height>
            <left>0</left>
            <top>0</top>
            <aspectratio>stretch</aspectratio>
            <texture border="3">epg-genres/$INFO[ListItem.Property(GenreType)].png</texture>
          </control>
          <control type="label" id="1">
            <left>6</left>
            <top>3</top>
            <width>30</width>
            <height>25</height>
            <font>Font_Neon_18</font>
            <aligny>center</aligny>
            <selectedcolor>selected</selectedcolor>
            <align>left</align>
            <info>ListItem.Label</info>
          </control>
          <control type="image">
            <left>6</left>
            <top>28</top>
            <width>24</width>
            <height>16</height>
            <texture>PVR-IsRecording.png</texture>
            <visible>ListItem.IsRecording</visible>
          </control>
          <control type="image">
            <left>6</left>
            <top>28</top>
            <width>16</width>
            <height>16</height>
            <texture>PVR-HasTimer.png</texture>
            <visible>ListItem.HasTimer + !ListItem.IsRecording</visible>
          </control>
        </focusedlayout>
      </control>
      <control type="group">
        <visible>!IsEmpty(ListItem.Label)</visible>
        <left>80</left>
        <top>508</top>
        <control type="image">
          <left>62</left>
          <top>6</top>
          <width>130</width>
          <height>130</height>
          <texture background="true">$INFO[ListItem.Icon]</texture>
          <aspectratio align="center" aligny="top">keep</aspectratio>
        </control>
        <control type="label">
          <left>280</left>
          <top>0</top>
          <width>840</width>
          <height>20</height>
          <label>[B]$INFO[ListItem.Label][/B]</label>
          <font>Font_Neon_20</font>
          <textcolor>white</textcolor>
        </control>
        <control type="label">
          <left>280</left>
          <top>25</top>
          <width>840</width>
          <height>20</height>
          <label>$INFO[ListItem.StartTime]$INFO[ListItem.EndTime, - ]$INFO[ListItem.Genre, • ]</label>
          <font>Font_Neon_18</font>
          <textcolor>grey</textcolor>
        </control>
        <control type="textbox">
          <description>Plot value</description>
          <left>280</left>
          <top>57</top>
          <width>840</width>
          <height>63</height>
          <font>Font_Neon_18</font>
          <align>justify</align>
          <textcolor>grey</textcolor>
          <autoscroll delay="10000" time="3000" repeat="6000">true</autoscroll>
          <label>$INFO[ListItem.Plot]</label>
        </control>
      </control>
    </control>
  </include>

  <include name="PVRGuideViewChannel">
    <control type="group">
      <description>TV Guide Channel</description>
      <visible>Control.IsVisible(13)</visible>
      <include>VisibleFadeEffect</include>
      <control type="group">
        <left>80</left>
        <top>60</top>
        <control type="label">
          <description>Date Time label</description>
          <left>0</left>
          <top>20</top>
          <width>300</width>
          <height>20</height>
          <font>font13_title</font>
          <textcolor>white</textcolor>
          <shadowcolor>black</shadowcolor>
          <align>center</align>
          <aligny>center</aligny>
          <label>21820</label>
        </control>
        <control type="label">
          <description>Title</description>
          <left>300</left>
          <top>20</top>
          <width>600</width>
          <height>20</height>
          <font>font13_title</font>
          <textcolor>white</textcolor>
          <shadowcolor>black</shadowcolor>
          <align>center</align>
          <aligny>center</aligny>
          <label>369</label>
        </control>
        <control type="label">
          <description>Status header label</description>
          <left>960</left>
          <top>20</top>
          <width>140</width>
          <height>20</height>
          <font>font13_title</font>
          <textcolor>white</textcolor>
          <shadowcolor>black</shadowcolor>
          <align>center</align>
          <aligny>center</aligny>
          <label>126</label>
        </control>
        <control type="image">
          <description>separator image</description>
          <left>0</left>
          <top>50</top>
          <width>1100</width>
          <height>1</height>
          <colordiffuse>mainblue</colordiffuse>
          <texture>separator2.png</texture>
        </control>
        <control type="list" id="13">
          <viewtype label="19029">list</viewtype>
          <left>0</left>
          <top>60</top>
          <width>1100</width>
          <height>500</height>
          <onup>13</onup>
          <ondown>13</ondown>
          <onleft>7000</onleft>
          <onright>75</onright>
          <pagecontrol>75</pagecontrol>
          <scrolltime>200</scrolltime>
          <itemlayout height="40">
            <control type="image">
              <left>0</left>
              <top>0</top>
              <width>1100</width>
              <height>41</height>
              <colordiffuse>mainblue</colordiffuse>
              <texture border="5">MenuItemNF.png</texture>
            </control>
            <control type="image">
              <left>0</left>
              <top>0</top>
              <width>300</width>
              <height>40</height>
              <colordiffuse>33FFFFFF</colordiffuse>
              <texture border="5">StackFO.png</texture>
            </control>
            <control type="image">
              <left>960</left>
              <top>0</top>
              <width>140</width>
              <height>40</height>
              <colordiffuse>33FFFFFF</colordiffuse>
              <texture border="5">StackFO.png</texture>
            </control>
            <control type="label">
              <left>10</left>
              <top>0</top>
              <width>280</width>
              <height>40</height>
              <font>Font_Neon_18</font>
              <align>center</align>
              <aligny>center</aligny>
              <textcolor>grey2</textcolor>
              <selectedcolor>selected</selectedcolor>
              <info>ListItem.Date</info>
            </control>
            <control type="label">
              <left>310</left>
              <top>0</top>
              <width>640</width>
              <height>40</height>
              <font>Font_Neon_20</font>
              <align>left</align>
              <aligny>center</aligny>
              <textcolor>grey2</textcolor>
              <selectedcolor>selected</selectedcolor>
              <info>ListItem.Label</info>
            </control>
            <control type="image">
              <left>970</left>
              <top>10</top>
              <width>30</width>
              <height>20</height>
              <texture>PVR-IsRecording.png</texture>
              <visible>ListItem.IsRecording</visible>
            </control>
            <control type="label">
              <left>1005</left>
              <top>0</top>
              <width>80</width>
              <height>40</height>
              <font>font10</font>
              <align>left</align>
              <aligny>center</aligny>
              <textcolor>grey2</textcolor>
              <selectedcolor>selected</selectedcolor>
              <label>19043</label>
              <visible>ListItem.IsRecording</visible>
            </control>
            <control type="image">
              <left>970</left>
              <top>10</top>
              <width>20</width>
              <height>20</height>
              <texture>PVR-HasTimer.png</texture>
              <visible>ListItem.HasTimer + !ListItem.IsRecording</visible>
            </control>
            <control type="label">
              <left>1000</left>
              <top>0</top>
              <width>80</width>
              <height>40</height>
              <font>font10</font>
              <align>left</align>
              <aligny>center</aligny>
              <textcolor>grey2</textcolor>
              <selectedcolor>selected</selectedcolor>
              <label>31510</label>
              <visible>ListItem.HasTimer</visible>
            </control>
          </itemlayout>
          <focusedlayout height="100">
            <control type="image">
              <left>0</left>
              <top>1</top>
              <width>1100</width>
              <height>98</height>
              <colordiffuse>AAFFFFFF</colordiffuse>
              <texture border="5">black-back2.png</texture>
            </control>
            <control type="image">
              <left>0</left>
              <top>0</top>
              <width>1100</width>
              <height>101</height>
              <colordiffuse>mainblue</colordiffuse>
              <texture border="5">MenuItemNF.png</texture>
            </control>
            <control type="image">
              <left>0</left>
              <top>0</top>
              <width>300</width>
              <height>40</height>
              <colordiffuse>AAFFFFFF</colordiffuse>
              <texture border="5">StackFO.png</texture>
              <visible>!Control.HasFocus(13)</visible>
            </control>
            <control type="image">
              <left>960</left>
              <top>0</top>
              <width>140</width>
              <height>40</height>
              <colordiffuse>AAFFFFFF</colordiffuse>
              <texture border="5">StackFO.png</texture>
              <visible>!Control.HasFocus(13)</visible>
            </control>
            <control type="image">
              <left>0</left>
              <top>0</top>
              <width>300</width>
              <height>40</height>
              <colordiffuse>88FFFFFF</colordiffuse>
              <texture border="5">StackFO.png</texture>
              <visible>Control.HasFocus(13)</visible>
            </control>
            <control type="image">
              <left>960</left>
              <top>0</top>
              <width>140</width>
              <height>40</height>
              <colordiffuse>88FFFFFF</colordiffuse>
              <texture border="5">StackFO.png</texture>
              <visible>Control.HasFocus(13)</visible>
            </control>
            <control type="label">
              <left>10</left>
              <top>0</top>
              <width>280</width>
              <height>40</height>
              <font>Font_Neon_18</font>
              <align>center</align>
              <aligny>center</aligny>
              <textcolor>white</textcolor>
              <selectedcolor>selected</selectedcolor>
              <info>ListItem.Date</info>
            </control>
            <control type="label">
              <left>310</left>
              <top>0</top>
              <width>640</width>
              <height>40</height>
              <font>Font_Neon_20</font>
              <align>left</align>
              <aligny>center</aligny>
              <textcolor>white</textcolor>
              <selectedcolor>selected</selectedcolor>
              <info>ListItem.Label</info>
            </control>
            <control type="textbox">
              <description>Plot Value for TVShow</description>
              <left>50</left>
              <top>42</top>
              <width>1000</width>
              <height>58</height>
              <font>Font_Neon_18</font>
              <align>justify</align>
              <textcolor>grey2</textcolor>
              <shadowcolor>black</shadowcolor>
              <pagecontrol>-</pagecontrol>
              <label>$INFO[ListItem.Plot]</label>
            </control>
            <control type="image">
              <left>970</left>
              <top>10</top>
              <width>30</width>
              <height>20</height>
              <texture>PVR-IsRecording.png</texture>
              <visible>ListItem.IsRecording</visible>
            </control>
            <control type="label">
              <left>1005</left>
              <top>0</top>
              <width>80</width>
              <height>40</height>
              <font>font10</font>
              <align>left</align>
              <aligny>center</aligny>
              <textcolor>grey2</textcolor>
              <selectedcolor>selected</selectedcolor>
              <label>19043</label>
              <visible>ListItem.IsRecording</visible>
            </control>
            <control type="image">
              <left>970</left>
              <top>10</top>
              <width>20</width>
              <height>20</height>
              <texture>PVR-HasTimer.png</texture>
              <visible>ListItem.HasTimer + !ListItem.IsRecording</visible>
            </control>
            <control type="label">
              <left>1000</left>
              <top>0</top>
              <width>80</width>
              <height>40</height>
              <font>font10</font>
              <align>left</align>
              <aligny>center</aligny>
              <textcolor>grey2</textcolor>
              <selectedcolor>selected</selectedcolor>
              <label>31510</label>
              <visible>ListItem.HasTimer</visible>
            </control>
          </focusedlayout>
        </control>
        <control type="scrollbar" id="75">
          <left>1105</left>
          <top>60</top>
          <width>25</width>
          <height>500</height>
          <texturesliderbackground border="0,14,0,14">ScrollBarV.png</texturesliderbackground>
          <texturesliderbar border="0,14,0,14">ScrollBarV_bar.png</texturesliderbar>
          <texturesliderbarfocus border="0,14,0,14" colordiffuse="mainblue">ScrollBarV_bar_focus.png</texturesliderbarfocus>
          <textureslidernib>ScrollBarNib.png</textureslidernib>
          <textureslidernibfocus>ScrollBarNib.png</textureslidernibfocus>
          <onleft>13</onleft>
          <onright>13</onright>
          <showonepage>false</showonepage>
          <orientation>vertical</orientation>
        </control>
      </control>
      <control type="label">
        <animation effect="slide" start="0,0" end="-90,0" time="0" condition="system.getbool(input.enablemouse)">Conditional</animation>
        <description>Page Count Label</description>
        <right>40</right>
        <top>53r</top>
        <width>500</width>
        <height>20</height>
        <font>Font_Neon_18</font>
        <textcolor>grey</textcolor>
        <scroll>false</scroll>
        <align>right</align>
        <aligny>center</aligny>
        <label>([COLOR=mainblue]$INFO[Container(13).NumItems][/COLOR]) $LOCALIZE[31025] - $LOCALIZE[31024] ([COLOR=mainblue]$INFO[Container(13).CurrentPage]/$INFO[Container(13).NumPages][/COLOR])</label>
      </control>
    </control>
  </include>

  <include name="PVRGuideViewNow">
    <control type="group">
      <description>TV Guide Now</description>
      <visible>Control.IsVisible(11)</visible>
      <include>VisibleFadeEffect</include>
      <control type="group">
        <left>80</left>
        <top>60</top>
        <control type="label">
          <description>Time label</description>
          <left>0</left>
          <top>20</top>
          <width>100</width>
          <height>20</height>
          <font>font13_title</font>
          <textcolor>white</textcolor>
          <shadowcolor>black</shadowcolor>
          <align>center</align>
          <aligny>center</aligny>
          <label>555</label>
        </control>
        <control type="label">
          <description>Channel label</description>
          <left>100</left>
          <top>20</top>
          <width>250</width>
          <height>20</height>
          <font>font13_title</font>
          <textcolor>white</textcolor>
          <shadowcolor>black</shadowcolor>
          <align>center</align>
          <aligny>center</aligny>
          <label>19148</label>
        </control>
        <control type="label">
          <description>Title</description>
          <left>350</left>
          <top>20</top>
          <width>550</width>
          <height>20</height>
          <font>font13_title</font>
          <textcolor>white</textcolor>
          <shadowcolor>black</shadowcolor>
          <align>center</align>
          <aligny>center</aligny>
          <label>369</label>
        </control>
        <control type="label">
          <description>Status header label</description>
          <left>960</left>
          <top>20</top>
          <width>140</width>
          <height>20</height>
          <font>font13_title</font>
          <textcolor>white</textcolor>
          <shadowcolor>black</shadowcolor>
          <align>center</align>
          <aligny>center</aligny>
          <label>126</label>
        </control>
        <control type="image">
          <description>separator image</description>
          <left>0</left>
          <top>50</top>
          <width>1100</width>
          <height>1</height>
          <colordiffuse>mainblue</colordiffuse>
          <texture>separator2.png</texture>
        </control>
        <control type="list" id="11">
          <viewtype label="19030">list</viewtype>
          <left>0</left>
          <top>60</top>
          <width>1100</width>
          <height>500</height>
          <onup>11</onup>
          <ondown>11</ondown>
          <onleft>7000</onleft>
          <onright>76</onright>
          <pagecontrol>76</pagecontrol>
          <scrolltime>200</scrolltime>
          <itemlayout height="40">
            <control type="image">
              <left>0</left>
              <top>0</top>
              <width>1100</width>
              <height>41</height>
              <colordiffuse>mainblue</colordiffuse>
              <texture border="5">MenuItemNF.png</texture>
            </control>
            <control type="image">
              <left>100</left>
              <top>0</top>
              <width>250</width>
              <height>40</height>
              <colordiffuse>33FFFFFF</colordiffuse>
              <texture border="5">StackFO.png</texture>
            </control>
            <control type="image">
              <left>960</left>
              <top>0</top>
              <width>140</width>
              <height>40</height>
              <colordiffuse>33FFFFFF</colordiffuse>
              <texture border="5">StackFO.png</texture>
            </control>
            <control type="label">
              <left>0</left>
              <top>0</top>
              <width>100</width>
              <height>40</height>
              <font>Font_Neon_18</font>
              <align>center</align>
              <aligny>center</aligny>
              <textcolor>grey2</textcolor>
              <selectedcolor>selected</selectedcolor>
              <info>ListItem.StartTime</info>
            </control>
            <control type="image">
              <left>110</left>
              <top>5</top>
              <width>30</width>
              <height>30</height>
              <info>ListItem.Icon</info>
            </control>
            <control type="label">
              <left>150</left>
              <top>0</top>
              <width>190</width>
              <height>35</height>
              <font>Font_Neon_18</font>
              <align>left</align>
              <aligny>center</aligny>
              <textcolor>grey2</textcolor>
              <selectedcolor>selected</selectedcolor>
              <info>ListItem.ChannelName</info>
            </control>
            <control type="label">
              <left>360</left>
              <top>0</top>
              <width>590</width>
              <height>35</height>
              <font>Font_Neon_20</font>
              <align>left</align>
              <aligny>center</aligny>
              <textcolor>grey2</textcolor>
              <selectedcolor>selected</selectedcolor>
              <info>ListItem.Label</info>
            </control>
            <control type="image">
              <left>970</left>
              <top>10</top>
              <width>30</width>
              <height>20</height>
              <texture>PVR-IsRecording.png</texture>
              <visible>ListItem.IsRecording</visible>
            </control>
            <control type="label">
              <left>1005</left>
              <top>0</top>
              <width>80</width>
              <height>40</height>
              <font>font10</font>
              <align>left</align>
              <aligny>center</aligny>
              <textcolor>grey2</textcolor>
              <selectedcolor>selected</selectedcolor>
              <label>19043</label>
              <visible>ListItem.IsRecording</visible>
            </control>
            <control type="image">
              <left>970</left>
              <top>10</top>
              <width>20</width>
              <height>20</height>
              <texture>PVR-HasTimer.png</texture>
              <visible>ListItem.HasTimer + !ListItem.IsRecording</visible>
            </control>
            <control type="label">
              <left>1000</left>
              <top>0</top>
              <width>80</width>
              <height>40</height>
              <font>font10</font>
              <align>left</align>
              <aligny>center</aligny>
              <textcolor>grey2</textcolor>
              <selectedcolor>selected</selectedcolor>
              <label>31510</label>
              <visible>ListItem.HasTimer</visible>
            </control>
          </itemlayout>
          <focusedlayout height="100">
            <control type="image">
              <left>0</left>
              <top>1</top>
              <width>1100</width>
              <height>98</height>
              <colordiffuse>AAFFFFFF</colordiffuse>
              <texture border="5">black-back2.png</texture>
            </control>
            <control type="image">
              <left>0</left>
              <top>0</top>
              <width>1100</width>
              <height>100</height>
              <colordiffuse>mainblue</colordiffuse>
              <texture border="5">MenuItemNF.png</texture>
            </control>
            <control type="image">
              <left>100</left>
              <top>0</top>
              <width>250</width>
              <height>40</height>
              <colordiffuse>AAFFFFFF</colordiffuse>
              <texture border="5">StackFO.png</texture>
              <visible>!Control.HasFocus(11)</visible>
            </control>
            <control type="image">
              <left>960</left>
              <top>0</top>
              <width>140</width>
              <height>40</height>
              <colordiffuse>AAFFFFFF</colordiffuse>
              <texture border="5">StackFO.png</texture>
              <visible>!Control.HasFocus(11)</visible>
            </control>
            <control type="image">
              <left>100</left>
              <top>0</top>
              <width>250</width>
              <height>40</height>
              <colordiffuse>88FFFFFF</colordiffuse>
              <texture border="5">StackFO.png</texture>
              <visible>Control.HasFocus(11)</visible>
            </control>
            <control type="image">
              <left>960</left>
              <top>0</top>
              <width>140</width>
              <height>40</height>
              <colordiffuse>88FFFFFF</colordiffuse>
              <texture border="5">StackFO.png</texture>
              <visible>Control.HasFocus(11)</visible>
            </control>
            <control type="label">
              <left>0</left>
              <top>0</top>
              <width>100</width>
              <height>40</height>
              <font>Font_Neon_18</font>
              <align>center</align>
              <aligny>center</aligny>
              <textcolor>white</textcolor>
              <selectedcolor>selected</selectedcolor>
              <info>ListItem.StartTime</info>
            </control>
            <control type="image">
              <left>110</left>
              <top>5</top>
              <width>30</width>
              <height>30</height>
              <info>ListItem.Icon</info>
            </control>
            <control type="label">
              <left>150</left>
              <top>0</top>
              <width>190</width>
              <height>35</height>
              <font>Font_Neon_18</font>
              <align>left</align>
              <aligny>center</aligny>
              <textcolor>white</textcolor>
              <selectedcolor>selected</selectedcolor>
              <info>ListItem.ChannelName</info>
            </control>
            <control type="label">
              <left>360</left>
              <top>0</top>
              <width>590</width>
              <height>35</height>
              <font>Font_Neon_20</font>
              <align>left</align>
              <aligny>center</aligny>
              <textcolor>white</textcolor>
              <selectedcolor>selected</selectedcolor>
              <info>ListItem.Label</info>
            </control>
            <control type="textbox">
              <description>Plot Value for TVShow</description>
              <left>50</left>
              <top>42</top>
              <width>1000</width>
              <height>58</height>
              <font>Font_Neon_18</font>
              <align>justify</align>
              <textcolor>grey2</textcolor>
              <shadowcolor>black</shadowcolor>
              <pagecontrol>-</pagecontrol>
              <label>$INFO[ListItem.Plot]</label>
            </control>
            <control type="image">
              <left>970</left>
              <top>10</top>
              <width>30</width>
              <height>20</height>
              <texture>PVR-IsRecording.png</texture>
              <visible>ListItem.IsRecording</visible>
            </control>
            <control type="label">
              <left>1005</left>
              <top>0</top>
              <width>80</width>
              <height>40</height>
              <font>font10</font>
              <align>left</align>
              <aligny>center</aligny>
              <textcolor>grey2</textcolor>
              <selectedcolor>selected</selectedcolor>
              <label>19043</label>
              <visible>ListItem.IsRecording</visible>
            </control>
            <control type="image">
              <left>970</left>
              <top>10</top>
              <width>20</width>
              <height>20</height>
              <texture>PVR-HasTimer.png</texture>
              <visible>ListItem.HasTimer + !ListItem.IsRecording</visible>
            </control>
            <control type="label">
              <left>1000</left>
              <top>0</top>
              <width>80</width>
              <height>40</height>
              <font>font10</font>
              <align>left</align>
              <aligny>center</aligny>
              <textcolor>grey2</textcolor>
              <selectedcolor>selected</selectedcolor>
              <label>31510</label>
              <visible>ListItem.HasTimer</visible>
            </control>
          </focusedlayout>
        </control>
        <control type="scrollbar" id="76">
          <left>1105</left>
          <top>60</top>
          <width>25</width>
          <height>500</height>
          <texturesliderbackground border="0,14,0,14">ScrollBarV.png</texturesliderbackground>
          <texturesliderbar border="0,14,0,14">ScrollBarV_bar.png</texturesliderbar>
          <texturesliderbarfocus border="0,14,0,14" colordiffuse="mainblue">ScrollBarV_bar_focus.png</texturesliderbarfocus>
          <textureslidernib>ScrollBarNib.png</textureslidernib>
          <textureslidernibfocus>ScrollBarNib.png</textureslidernibfocus>
          <onleft>11</onleft>
          <onright>11</onright>
          <showonepage>false</showonepage>
          <orientation>vertical</orientation>
        </control>
      </control>
      <control type="label">
        <animation effect="slide" start="0,0" end="-90,0" time="0" condition="system.getbool(input.enablemouse)">Conditional</animation>
        <description>Page Count Label</description>
        <right>40</right>
        <top>53r</top>
        <width>500</width>
        <height>20</height>
        <font>Font_Neon_18</font>
        <textcolor>grey</textcolor>
        <scroll>false</scroll>
        <align>right</align>
        <aligny>center</aligny>
        <label>([COLOR=mainblue]$INFO[Container(11).NumItems][/COLOR]) $LOCALIZE[31025] - $LOCALIZE[31024] ([COLOR=mainblue]$INFO[Container(11).CurrentPage]/$INFO[Container(11).NumPages][/COLOR])</label>
      </control>
    </control>
  </include>
  
  <include name="PVRGuideViewNext">
    <control type="group">
      <description>TV Guide Now</description>
      <visible>Control.IsVisible(12)</visible>
      <include>VisibleFadeEffect</include>
      <control type="group">
        <left>80</left>
        <top>60</top>
        <control type="label">
          <description>Time label</description>
          <left>0</left>
          <top>20</top>
          <width>100</width>
          <height>20</height>
          <font>font13_title</font>
          <textcolor>white</textcolor>
          <shadowcolor>black</shadowcolor>
          <align>center</align>
          <aligny>center</aligny>
          <label>555</label>
        </control>
        <control type="label">
          <description>Channel label</description>
          <left>100</left>
          <top>20</top>
          <width>250</width>
          <height>20</height>
          <font>font13_title</font>
          <textcolor>white</textcolor>
          <shadowcolor>black</shadowcolor>
          <align>center</align>
          <aligny>center</aligny>
          <label>19148</label>
        </control>
        <control type="label">
          <description>Title</description>
          <left>350</left>
          <top>20</top>
          <width>550</width>
          <height>20</height>
          <font>font13_title</font>
          <textcolor>white</textcolor>
          <shadowcolor>black</shadowcolor>
          <align>center</align>
          <aligny>center</aligny>
          <label>369</label>
        </control>
        <control type="label">
          <description>Status header label</description>
          <left>960</left>
          <top>20</top>
          <width>140</width>
          <height>20</height>
          <font>font13_title</font>
          <textcolor>white</textcolor>
          <shadowcolor>black</shadowcolor>
          <align>center</align>
          <aligny>center</aligny>
          <label>126</label>
        </control>
        <control type="image">
          <description>separator image</description>
          <left>0</left>
          <top>50</top>
          <width>1100</width>
          <height>1</height>
          <colordiffuse>mainblue</colordiffuse>
          <texture>separator2.png</texture>
        </control>
        <control type="list" id="12">
          <viewtype label="19031">list</viewtype>
          <left>0</left>
          <top>60</top>
          <width>1100</width>
          <height>500</height>
          <onup>12</onup>
          <ondown>12</ondown>
          <onleft>7000</onleft>
          <onright>76</onright>
          <pagecontrol>76</pagecontrol>
          <scrolltime>200</scrolltime>
          <itemlayout height="40">
            <control type="image">
              <left>0</left>
              <top>0</top>
              <width>1100</width>
              <height>41</height>
              <colordiffuse>mainblue</colordiffuse>
              <texture border="5">MenuItemNF.png</texture>
            </control>
            <control type="image">
              <left>100</left>
              <top>0</top>
              <width>250</width>
              <height>40</height>
              <colordiffuse>33FFFFFF</colordiffuse>
              <texture border="5">StackFO.png</texture>
            </control>
            <control type="image">
              <left>960</left>
              <top>0</top>
              <width>140</width>
              <height>40</height>
              <colordiffuse>33FFFFFF</colordiffuse>
              <texture border="5">StackFO.png</texture>
            </control>
            <control type="label">
              <left>0</left>
              <top>0</top>
              <width>100</width>
              <height>40</height>
              <font>Font_Neon_18</font>
              <align>center</align>
              <aligny>center</aligny>
              <textcolor>grey2</textcolor>
              <selectedcolor>selected</selectedcolor>
              <info>ListItem.StartTime</info>
            </control>
            <control type="image">
              <left>110</left>
              <top>5</top>
              <width>30</width>
              <height>30</height>
              <info>ListItem.Icon</info>
            </control>
            <control type="label">
              <left>150</left>
              <top>0</top>
              <width>190</width>
              <height>35</height>
              <font>Font_Neon_18</font>
              <align>left</align>
              <aligny>center</aligny>
              <textcolor>grey2</textcolor>
              <selectedcolor>selected</selectedcolor>
              <info>ListItem.ChannelName</info>
            </control>
            <control type="label">
              <left>360</left>
              <top>0</top>
              <width>590</width>
              <height>35</height>
              <font>Font_Neon_20</font>
              <align>left</align>
              <aligny>center</aligny>
              <textcolor>grey2</textcolor>
              <selectedcolor>selected</selectedcolor>
              <info>ListItem.Label</info>
            </control>
            <control type="image">
              <left>970</left>
              <top>10</top>
              <width>30</width>
              <height>20</height>
              <texture>PVR-IsRecording.png</texture>
              <visible>ListItem.IsRecording</visible>
            </control>
            <control type="label">
              <left>1005</left>
              <top>0</top>
              <width>80</width>
              <height>40</height>
              <font>font10</font>
              <align>left</align>
              <aligny>center</aligny>
              <textcolor>grey2</textcolor>
              <selectedcolor>selected</selectedcolor>
              <label>19043</label>
              <visible>ListItem.IsRecording</visible>
            </control>
            <control type="image">
              <left>970</left>
              <top>10</top>
              <width>20</width>
              <height>20</height>
              <texture>PVR-HasTimer.png</texture>
              <visible>ListItem.HasTimer + !ListItem.IsRecording</visible>
            </control>
            <control type="label">
              <left>1000</left>
              <top>0</top>
              <width>80</width>
              <height>40</height>
              <font>font10</font>
              <align>left</align>
              <aligny>center</aligny>
              <textcolor>grey2</textcolor>
              <selectedcolor>selected</selectedcolor>
              <label>31510</label>
              <visible>ListItem.HasTimer</visible>
            </control>
          </itemlayout>
          <focusedlayout height="100">
            <control type="image">
              <left>0</left>
              <top>1</top>
              <width>1100</width>
              <height>98</height>
              <colordiffuse>AAFFFFFF</colordiffuse>
              <texture border="5">black-back2.png</texture>
            </control>
            <control type="image">
              <left>0</left>
              <top>0</top>
              <width>1100</width>
              <height>100</height>
              <colordiffuse>mainblue</colordiffuse>
              <texture border="5">MenuItemNF.png</texture>
            </control>
            <control type="image">
              <left>100</left>
              <top>0</top>
              <width>250</width>
              <height>40</height>
              <colordiffuse>AAFFFFFF</colordiffuse>
              <texture border="5">StackFO.png</texture>
              <visible>!Control.HasFocus(12)</visible>
            </control>
            <control type="image">
              <left>960</left>
              <top>0</top>
              <width>140</width>
              <height>40</height>
              <colordiffuse>AAFFFFFF</colordiffuse>
              <texture border="5">StackFO.png</texture>
              <visible>!Control.HasFocus(12)</visible>
            </control>
            <control type="image">
              <left>100</left>
              <top>0</top>
              <width>250</width>
              <height>40</height>
              <colordiffuse>88FFFFFF</colordiffuse>
              <texture border="5">StackFO.png</texture>
              <visible>Control.HasFocus(12)</visible>
            </control>
            <control type="image">
              <left>960</left>
              <top>0</top>
              <width>140</width>
              <height>40</height>
              <colordiffuse>88FFFFFF</colordiffuse>
              <texture border="5">StackFO.png</texture>
              <visible>Control.HasFocus(12)</visible>
            </control>
            <control type="label">
              <left>0</left>
              <top>0</top>
              <width>100</width>
              <height>40</height>
              <font>Font_Neon_18</font>
              <align>center</align>
              <aligny>center</aligny>
              <textcolor>white</textcolor>
              <selectedcolor>selected</selectedcolor>
              <info>ListItem.StartTime</info>
            </control>
            <control type="image">
              <left>110</left>
              <top>5</top>
              <width>30</width>
              <height>30</height>
              <info>ListItem.Icon</info>
            </control>
            <control type="label">
              <left>150</left>
              <top>0</top>
              <width>190</width>
              <height>35</height>
              <font>Font_Neon_18</font>
              <align>left</align>
              <aligny>center</aligny>
              <textcolor>white</textcolor>
              <selectedcolor>selected</selectedcolor>
              <info>ListItem.ChannelName</info>
            </control>
            <control type="label">
              <left>360</left>
              <top>0</top>
              <width>590</width>
              <height>35</height>
              <font>Font_Neon_20</font>
              <align>left</align>
              <aligny>center</aligny>
              <textcolor>white</textcolor>
              <selectedcolor>selected</selectedcolor>
              <info>ListItem.Label</info>
            </control>
            <control type="textbox">
              <description>Plot Value for TVShow</description>
              <left>50</left>
              <top>42</top>
              <width>1000</width>
              <height>58</height>
              <font>Font_Neon_18</font>
              <align>justify</align>
              <textcolor>grey2</textcolor>
              <shadowcolor>black</shadowcolor>
              <pagecontrol>-</pagecontrol>
              <label>$INFO[ListItem.Plot]</label>
            </control>
            <control type="image">
              <left>970</left>
              <top>10</top>
              <width>30</width>
              <height>20</height>
              <texture>PVR-IsRecording.png</texture>
              <visible>ListItem.IsRecording</visible>
            </control>
            <control type="label">
              <left>1005</left>
              <top>0</top>
              <width>80</width>
              <height>40</height>
              <font>font10</font>
              <align>left</align>
              <aligny>center</aligny>
              <textcolor>grey2</textcolor>
              <selectedcolor>selected</selectedcolor>
              <label>19043</label>
              <visible>ListItem.IsRecording</visible>
            </control>
            <control type="image">
              <left>970</left>
              <top>10</top>
              <width>20</width>
              <height>20</height>
              <texture>PVR-HasTimer.png</texture>
              <visible>ListItem.HasTimer + !ListItem.IsRecording</visible>
            </control>
            <control type="label">
              <left>1000</left>
              <top>0</top>
              <width>80</width>
              <height>40</height>
              <font>font10</font>
              <align>left</align>
              <aligny>center</aligny>
              <textcolor>grey2</textcolor>
              <selectedcolor>selected</selectedcolor>
              <label>31510</label>
              <visible>ListItem.HasTimer</visible>
            </control>
          </focusedlayout>
        </control>
        <control type="scrollbar" id="76">
          <left>1105</left>
          <top>60</top>
          <width>25</width>
          <height>500</height>
          <texturesliderbackground border="0,14,0,14">ScrollBarV.png</texturesliderbackground>
          <texturesliderbar border="0,14,0,14">ScrollBarV_bar.png</texturesliderbar>
          <texturesliderbarfocus border="0,14,0,14" colordiffuse="mainblue">ScrollBarV_bar_focus.png</texturesliderbarfocus>
          <textureslidernib>ScrollBarNib.png</textureslidernib>
          <textureslidernibfocus>ScrollBarNib.png</textureslidernibfocus>
          <onleft>12</onleft>
          <onright>12</onright>
          <showonepage>false</showonepage>
          <orientation>vertical</orientation>
        </control>
      </control>
      <control type="label">
        <animation effect="slide" start="0,0" end="-90,0" time="0" condition="system.getbool(input.enablemouse)">Conditional</animation>
        <description>Page Count Label</description>
        <right>40</right>
        <top>53r</top>
        <width>500</width>
        <height>20</height>
        <font>Font_Neon_18</font>
        <textcolor>grey</textcolor>
        <scroll>false</scroll>
        <align>right</align>
        <aligny>center</aligny>
        <label>([COLOR=mainblue]$INFO[Container(12).NumItems][/COLOR]) $LOCALIZE[31025] - $LOCALIZE[31024] ([COLOR=mainblue]$INFO[Container(12).CurrentPage]/$INFO[Container(12).NumPages][/COLOR])</label>
      </control>
    </control>
  </include>
</includes>
