<?xml version="1.0" encoding="UTF-8"?>
<!--Alaska-->
<includes>
  <include name="Viewtype_3DLandscape">
    <control type="group">
      <include>Animation_BackdropFade</include>
      <visible>Control.IsVisible(599)</visible>
      <control type="image">
        <visible>!Skin.HasSetting(3dLandscape_Fanart)</visible>
        <left>0</left>
        <top>0</top>
        <width>1280</width>
        <height>720</height>
        <texture>movie-poster/movie-back3.png</texture>
        <aspectratio>stretch</aspectratio>
      </control>
      <control type="image">
        <!-- Fanart -->
        <visible>Skin.HasSetting(3dLandscape_Fanart)</visible>
        <left>0</left>
        <top>0</top>
        <width>1280</width>
        <height>720</height>
        <texture>movie-poster/3dlandscape_fanart.png</texture>
        <aspectratio>stretch</aspectratio>
      </control>
    </control>
    <control type="fixedlist" id="599">
      <left>-100</left>
      <top>250</top>
      <height>715</height>
      <width>1500</width>
      <onleft>599</onleft>
      <onright>599</onright>
      <onup>7000</onup>
      <ondown>63</ondown>
      <pagecontrol>63</pagecontrol>
      <viewtype label="$LOCALIZE[31053]">list</viewtype>
      <orientation>horizontal</orientation>
      <focusposition>2</focusposition>
      <scrolltime>400</scrolltime>
      <preloaditems>2</preloaditems>
      <include>Animation_Viewtype_3dLand_FocusArea</include>
      <camera x="1340" y="380" />
      <animation effect="rotatey" center="50" start="10" end="10" time="0" condition="true">Conditional</animation>
      <visible>!Skin.HasSetting(no_3DLandscape) + [[Skin.HasSetting(landscape_jpg) + Container.Content(tvshows)] | [Skin.HasSetting(landscape_thumbs) + [Container.Content(tvshows) | Container.Content(seasons)]]] | Container.Content(episodes) | Window.IsActive(Programs) | substring(container.folderpath,plugin://)</visible>
      <itemlayout width="316" height="245">
        <control type="group">
          <left>150</left>
          <top>60</top>
          <control type="image">
            <left>137</left>
            <top>132</top>
            <width>28</width>
            <height>168</height>
            <texture>movie-poster/newcase.png</texture>
            <aspectratio scalediffuse="false">stretch</aspectratio>
          </control>
          <control type="image">
            <left>136</left>
            <top>290</top>
            <width>36</width>
            <height>304</height>
            <texture>movie-poster/reflect_bottom2.png</texture>
            <colordiffuse>89FFFFFF</colordiffuse>
            <aspectratio scalediffuse="false">stretch</aspectratio>
          </control>
          <control type="image">
            <left>-150</left>
            <top>130</top>
            <width>304</width>
            <height>170</height>
            <texture background="true" diffuse="movie-poster/xper_test.png">$INFO[ListItem.Icon]</texture>
            <fadetime>200</fadetime>
            <aspectratio scalediffuse="false">stretch</aspectratio>
            <visible>!Skin.HasSetting(landscape_jpg) + [Container.Content(tvshows) | Container.Content(seasons)] | Container.Content(episodes) | Window.IsActive(videoplaylist) | Window.IsActive(Programs) | substring(container.folderpath,plugin://)</visible>
          </control>
          <control type="image">
            <left>-150</left>
            <top>130</top>
            <width>304</width>
            <height>172</height>
            <texture background="true" diffuse="movie-poster/xper_test.png">$INFO[ListItem.path]landscape.jpg</texture>
            <fadetime>200</fadetime>
            <aspectratio scalediffuse="false">stretch</aspectratio>
            <visible>Skin.HasSetting(landscape_jpg) + !Container.Content(episodes)</visible>
          </control>
          <control type="image">
            <left>-150</left>
            <top>127</top>
            <width>302</width>
            <height>174</height>
            <texture>list/3d_back_overlay1.png</texture>
            <fadetime>200</fadetime>
            <aspectratio scalediffuse="false">stretch</aspectratio>
            <visible>!SubString(ListItem.Icon,DefaultFolderBack.png,Left) + [Container.Content(episodes) | Window.IsActive(videoplaylist)]</visible>
          </control>
          <control type="label">
            <!-- Episode Description -->
            <left>5</left>
            <top>273</top>
            <width>300</width>
            <height>50</height>
            <align>center</align>
            <font>Font_Neon_18</font>
            <textcolor>white</textcolor>
            <label>$INFO[ListItem.Label]</label>
            <animation effect="fade" start="60" end="60" time="0" condition="stringcompare(ListItem.Overlay,OverlayWatched.png)">Conditional</animation>
            <visible>!SubString(ListItem.Icon,DefaultFolderBack.png,Left) + [Container.Content(episodes) | Window.IsActive(videoplaylist)]</visible>
          </control>
          <control type="label">
            <!-- Episode Description -->
            <left>5</left>
            <top>330</top>
            <width>294</width>
            <height>50</height>
            <align>center</align>
            <font>Font_Neon_18</font>
            <textcolor>white</textcolor>
            <label>$INFO[ListItem.Label]</label>
            <animation effect="rotatex" start="180" end="180" center="330" time="0" condition="true">Conditional</animation>
            <visible>!SubString(ListItem.Icon,DefaultFolderBack.png,Left) + [Container.Content(episodes) | Window.IsActive(videoplaylist)]</visible>
          </control>
          <control type="image">
            <left>-150</left>
            <top>298</top>
            <width>304</width>
            <height>172</height>
            <texture background="true" flipy="true" diffuse="movie-poster/xper_test.png">$INFO[ListItem.Icon]</texture>
            <fadetime>200</fadetime>
            <colordiffuse>89FFFFFF</colordiffuse>
            <aspectratio scalediffuse="false">stretch</aspectratio>
            <visible>!Skin.HasSetting(landscape_jpg) + [Container.Content(tvshows) | Container.Content(seasons)] | Container.Content(episodes) | Window.IsActive(videoplaylist) | Window.IsActive(Programs) | substring(container.folderpath,plugin://)</visible>
          </control>
          <control type="image">
            <left>-150</left>
            <top>298</top>
            <width>304</width>
            <height>172</height>
            <texture background="true" flipy="true" diffuse="movie-poster/xper_test.png">$INFO[ListItem.path]landscape.jpg</texture>
            <fadetime>200</fadetime>
            <colordiffuse>89FFFFFF</colordiffuse>
            <aspectratio scalediffuse="false">stretch</aspectratio>
            <visible>Skin.HasSetting(landscape_jpg) + !Container.Content(episodes)</visible>
          </control>
          <control type="image">
            <left>95</left>
            <top>264</top>
            <width>45</width>
            <height>45</height>
            <texture>dialogs/movies/$INFO[ListItem.Overlay]</texture>
            <visible>!Skin.HasSetting(DisableTvOverlays) + !IsEmpty(ListItem.Overlay)</visible>
          </control>
          <control type="image">
            <left>-150</left>
            <top>298</top>
            <width>304</width>
            <height>172</height>
            <texture flipy="true">list/3d_back_overlay1.png</texture>
            <fadetime>200</fadetime>
            <aspectratio scalediffuse="false">stretch</aspectratio>
            <visible>!SubString(ListItem.Icon,DefaultFolderBack.png,Left) + [Container.Content(episodes) | Window.IsActive(videoplaylist)]</visible>
          </control>
        </control>
      </itemlayout>
      <focusedlayout width="360" height="515">
        <control type="group">
          <left>124</left>
          <top>60</top>
          <control type="image">
            <left>-186</left>
            <top>60</top>
            <width>500</width>
            <height>305</height>
            <texture>movie-poster/3d_side_shadow.png</texture>
            <aspectratio scalediffuse="false">stretch</aspectratio>
            <animation type="Focus" reversible="false">
              <effect type="fade" start="0" end="80" time="600" delay="100" />
            </animation>
          </control>
          <control type="image">
            <left>236</left>
            <top>93</top>
            <width>38</width>
            <height>223</height>
            <texture>movie-poster/newcase.png</texture>
            <aspectratio scalediffuse="false">stretch</aspectratio>
            <animation type="Focus" reversible="false">
              <effect type="zoom" center="60,238" start="80" end="100" time="600" tween="back" easing="out" />
              <effect type="fade" start="0" end="100" time="600" />
            </animation>
          </control>
          <control type="image">
            <left>-148</left>
            <top>310</top>
            <width>400</width>
            <height>224</height>
            <texture flipy="true">movie-poster/xper_test.png</texture>
            <colordiffuse>ff000000</colordiffuse>
            <fadetime>200</fadetime>
            <aspectratio scalediffuse="false">stretch</aspectratio>
            <animation type="Focus" reversible="false">
              <effect type="zoom" center="60,238" start="80" end="100" time="600" tween="back" easing="out" />
              <effect type="fade" start="0" end="100" time="600" />
            </animation>
          </control>
          <control type="image">
            <left>-150</left>
            <top>312</top>
            <width>407</width>
            <height>224</height>
            <texture background="true" flipy="true" diffuse="movie-poster/xper_test.png">$INFO[ListItem.Icon]</texture>
            <fadetime>200</fadetime>
            <aspectratio scalediffuse="false">stretch</aspectratio>
            <animation type="Focus" reversible="false">
              <effect type="zoom" center="60,238" start="80" end="100" time="600" tween="back" easing="out" />
              <effect type="fade" start="0" end="70" time="600" />
            </animation>
            <visible>!Skin.HasSetting(landscape_jpg) + [Container.Content(tvshows) | Container.Content(seasons)] | Container.Content(episodes) | Window.IsActive(videoplaylist) | Window.IsActive(Programs) | substring(container.folderpath,plugin://)</visible>
          </control>
          <control type="image">
            <left>-150</left>
            <top>312</top>
            <width>405</width>
            <height>224</height>
            <texture background="true" flipy="true" diffuse="movie-poster/xper_test.png">$INFO[ListItem.path]landscape.jpg</texture>
            <fadetime>200</fadetime>
            <aspectratio scalediffuse="false">stretch</aspectratio>
            <animation type="Focus" reversible="false">
              <effect type="zoom" center="60,238" start="80" end="100" time="600" tween="back" easing="out" />
              <effect type="fade" start="0" end="70" time="600" />
            </animation>
            <visible>Skin.HasSetting(landscape_jpg) + !Container.Content(episodes)</visible>
          </control>
          <control type="image">
            <left>-150</left>
            <top>90</top>
            <width>405</width>
            <height>226</height>
            <texture background="true" diffuse="movie-poster/xper_test.png">$INFO[ListItem.Icon]</texture>
            <fadetime>200</fadetime>
            <aspectratio scalediffuse="false">stretch</aspectratio>
            <animation type="Focus" reversible="false">
              <effect type="zoom" center="60,238" start="80" end="100" time="600" tween="back" easing="out" />
            </animation>
            <visible>!Skin.HasSetting(landscape_jpg) + [Container.Content(tvshows) | Container.Content(seasons)] | Container.Content(episodes) | Window.IsActive(videoplaylist) | Window.IsActive(Programs) | substring(container.folderpath,plugin://)</visible>
          </control>
          <control type="image">
            <left>-150</left>
            <top>86</top>
            <width>407</width>
            <height>232</height>
            <texture background="true" diffuse="movie-poster/xper_test.png">$INFO[ListItem.path]landscape.jpg</texture>
            <fadetime>200</fadetime>
            <aspectratio scalediffuse="false">stretch</aspectratio>
            <animation type="Focus" reversible="false">
              <effect type="zoom" center="60,238" start="80" end="100" time="600" tween="back" easing="out" />
            </animation>
            <visible>Skin.HasSetting(landscape_jpg) + !Container.Content(episodes)</visible>
          </control>
          <!--<control type="image">
						<visible>ControlGroup(28374).HasFocus() + Container.Content(episodes) + Skin.HasSetting(3dLandscape_Fanart)</visible>
						<left>-150</left>
						<top>86</top>
						<width>407</width>
						<height>232</height>
						<texture>movie-poster/xper_test.png</texture>
						<colordiffuse>plotdiffuse</colordiffuse>
						<aspectratio scalediffuse="false">stretch</aspectratio>
						<animation type="Focus" reversible="false">
							<effect type="zoom" center="60,238" start="80" end="100" time="600" tween="back" easing="out" />
							<effect type="fade" start="0" end="100" time="400" delay="2800" />
						</animation>
					</control>-->
          <control type="image">
            <left>-147</left>
            <top>81</top>
            <width>401</width>
            <height>232</height>
            <texture>list/3d_back_overlay1.png</texture>
            <fadetime>200</fadetime>
            <aspectratio scalediffuse="false">stretch</aspectratio>
            <animation type="Focus" reversible="false">
              <effect type="zoom" center="60,238" start="80" end="100" time="600" tween="back" easing="out" />
            </animation>
            <visible>!SubString(ListItem.Icon,DefaultFolderBack.png,Left) + [Container.Content(episodes) | Window.IsActive(videoplaylist)]</visible>
          </control>
          <control type="image">
            <left>195</left>
            <top>263</top>
            <width>60</width>
            <height>60</height>
            <texture>dialogs/movies/$INFO[ListItem.Overlay]</texture>
            <animation type="Focus" reversible="false">
              <effect type="zoom" center="60,238" start="80" end="100" time="600" tween="back" easing="out" />
            </animation>
            <visible>!Skin.HasSetting(DisableTvOverlays) + !IsEmpty(ListItem.Overlay)</visible>
          </control>
          <control type="label">
            <!-- Episode Description -->
            <left>56</left>
            <top>282</top>
            <width>392</width>
            <height>50</height>
            <align>center</align>
            <font>Font_Neon_22</font>
            <textcolor>white</textcolor>
            <label>$INFO[ListItem.Label]</label>
            <animation effect="fade" start="60" end="60" time="0" condition="stringcompare(ListItem.Overlay,OverlayWatched.png)">Conditional</animation>
            <animation type="Focus" reversible="false">
              <effect type="zoom" center="60,238" start="80" end="100" time="600" tween="back" easing="out" />
            </animation>
            <visible>!SubString(ListItem.Icon,DefaultFolderBack.png,Left) + [Container.Content(episodes) | Window.IsActive(videoplaylist)]</visible>
          </control>
          <control type="label">
            <!-- Episode Description -->
            <left>56</left>
            <top>350</top>
            <width>392</width>
            <height>50</height>
            <align>center</align>
            <font>Font_Neon_22</font>
            <textcolor>white</textcolor>
            <label>$INFO[ListItem.Label]</label>
            <animation effect="rotatex" start="180" end="180" center="350" time="0" condition="true">Conditional</animation>
            <animation type="Focus" reversible="false">
              <effect type="fade" center="60,238" start="0" end="100" time="300" delay="300" tween="back" easing="out" />
            </animation>
            <visible>!SubString(ListItem.Icon,DefaultFolderBack.png,Left) + [Container.Content(episodes) | Window.IsActive(videoplaylist)]</visible>
          </control>
          <control type="image">
            <left>-150</left>
            <top>312</top>
            <width>407</width>
            <height>224</height>
            <texture flipy="true">list/3d_back_overlay1.png</texture>
            <fadetime>200</fadetime>
            <aspectratio scalediffuse="false">stretch</aspectratio>
            <animation type="Focus" reversible="false">
              <effect type="zoom" center="60,238" start="80" end="100" time="600" tween="back" easing="out" />
            </animation>
            <visible>!SubString(ListItem.Icon,DefaultFolderBack.png,Left) + [Container.Content(episodes) | Window.IsActive(videoplaylist)]</visible>
          </control>
        </control>
      </focusedlayout>
    </control>
    <!--<control type="group" id="28374">
		<control type="button" id="38374">
			<onleft>599</onleft>
			<onright>599</onright>
			<onup>7000</onup>
			<ondown>599</ondown>
			<label></label>
			<visible allowhiddenfocus="true">ControlGroup(28374).HasFocus() + Skin.HasSetting(3dLandscape_Fanart) + Container.Content(episodes)</visible>
		</control>
	</control>-->
    <control type="group">
      <visible>Control.IsVisible(599)</visible>
      <control type="image">
        <visible>!Skin.HasSetting(3dLandscape_Fanart)</visible>
        <left>0</left>
        <top>0</top>
        <width>1280</width>
        <height>720</height>
        <texture>movie-poster/last-overlay.png</texture>
        <aspectratio>stretch</aspectratio>
      </control>
      <!-- Browser label and flags -->
      <control type="group">
        <left>0</left>
        <top>30</top>
        <include>Animation_Viewtype_3dland_Lefttop</include>
        <control type="image">
          <visible>Skin.HasSetting(3dLandscape_Fanart)</visible>
          <left>0</left>
          <top>0</top>
          <width>1280</width>
          <height>160</height>
          <texture>movie-poster/Poster_Fanart_Title_Back.png</texture>
          <aspectratio>stretch</aspectratio>
        </control>
        <control type="image" id="7018">
          <left>20</left>
          <top>0</top>
          <width>230</width>
          <height>89</height>
          <texture background="true">$INFO[ListItem.Art(clearlogo)]</texture>
          <fadetime>100</fadetime>
          <aspectratio scalediffuse="false">stretch</aspectratio>
        </control>
        <control type="image" id="9018">
          <left>20</left>
          <top>0</top>
          <width>230</width>
          <height>89</height>
          <texture background="true">$INFO[ListItem.path]../logo.png</texture>
          <fadetime>100</fadetime>
          <aspectratio scalediffuse="false">stretch</aspectratio>
          <visible>Container.Content(episodes)</visible>
        </control>
        <control type="label">
          <left>20</left>
          <top>0</top>
          <width>1200</width>
          <height>50</height>
          <aligny>center</aligny>
          <font>Font_Neon_40</font>
          <textcolor>mainblue</textcolor>
          <label>$INFO[ListItem.TVShowTitle]</label>
          <visible>[Container.Content(episodes) + IsEmpty(Control.GetLabel(7018)) + IsEmpty(Control.GetLabel(9018))] | [[Container.Content(tvshows) | Container.Content(seasons)] + IsEmpty(Control.GetLabel(7018))]</visible>
        </control>
        <control type="label">
          <visible>Container.Content(seasons)</visible>
          <left>20</left>
          <top>90</top>
          <width>230</width>
          <height>89</height>
          <align>center</align>
          <font>Font_Neon_22</font>
          <textcolor>white</textcolor>
          <label>$INFO[ListItem.Label]</label>
          <animation effect="slide" start="0,0" end="0,-40" time="0" condition="IsEmpty(Control.GetLabel(7018))">Conditional</animation>
        </control>
      </control>
      <control type="group">
        <left>10</left>
        <top>30</top>
        <include>Animation_Viewtype_3dland_Lefttop</include>
        <visible>[Window.IsActive(Programs) + substring(container.folderpath,plugin://plugin.program.advanced.launcher)] | substring(container.folderpath,plugin://)</visible>
        <control type="label">
          <left>0</left>
          <top>0</top>
          <width>1200</width>
          <height>50</height>
          <aligny>center</aligny>
          <font>Font_Neon_34</font>
          <textcolor>mainblue</textcolor>
          <label>$INFO[ListItem.Label]</label>
        </control>
        <control type="label">
          <left>0</left>
          <top>40</top>
          <width>630</width>
          <height>89</height>
          <font>Font_Neon_22</font>
          <label>[COLOR=ListTrackF]$LOCALIZE[515][/COLOR] [COLOR=white]$INFO[ListItem.Genre][/COLOR]</label>
        </control>
        <control type="label">
          <left>0</left>
          <top>64</top>
          <width>630</width>
          <height>89</height>
          <font>Font_Neon_22</font>
          <label>[COLOR=ListTrackF]$LOCALIZE[345][/COLOR] [COLOR=white]$INFO[ListItem.Year][/COLOR]</label>
          <visible>!IsEmpty(ListItem.Year)</visible>
        </control>
        <control type="textbox">
          <description>Plot Movie</description>
          <left>20</left>
          <top>92</top>
          <width>600</width>
          <height>232</height>
          <align>justify</align>
          <info>ListItem.Plot</info>
          <font>Font_Neon_20</font>
          <textcolor>white</textcolor>
          <autoscroll time="3000" delay="5000" repeat="5000">Skin.HasSetting(autoscroll)</autoscroll>
          <animation effect="slide" start="0,0" end="0,-26" time="0" condition="IsEmpty(ListItem.Year)">Conditional</animation>
          <animation effect="slide" start="0,0" end="0,-52" time="0" condition="IsEmpty(ListItem.genre) + IsEmpty(ListItem.Year)">Conditional</animation>
          <visible>Skin.HasSetting(launcher_plot)</visible>
        </control>
      </control>
      <control type="group">
        <left>0</left>
        <top>60</top>
        <!-- 240 -->
        <include>Animation_Viewtype_3dland_Lefttop</include>
        <visible>!Skin.HasSetting(3dLandscape_Fanart) + [Container.Content(episodes) | Window.IsActive(videoplaylist)] + !SubString(ListItem.Icon,DefaultFolderBack.png,Left)</visible>
        <control type="label">
          <left>20</left>
          <top>55</top>
          <width>604</width>
          <height>50</height>
          <aligny>center</aligny>
          <font>Font_Neon_22</font>
          <textcolor>white</textcolor>
          <label>$LOCALIZE[20373] $INFO[ListItem.Season]/$LOCALIZE[20359] $INFO[ListItem.Episode]</label>
          <animation effect="slide" start="0,0" end="0,-50" time="0" condition="IsEmpty(Control.GetLabel(7018)) + IsEmpty(Control.GetLabel(9018))">Conditional</animation>
        </control>
        <control type="label">
          <left>20</left>
          <top>76</top>
          <width>604</width>
          <height>50</height>
          <aligny>center</aligny>
          <font>Font_Neon_22</font>
          <textcolor>white</textcolor>
          <label>$LOCALIZE[31231]: $INFO[ListItem.Date]</label>
          <animation effect="slide" start="0,0" end="0,-50" time="0" condition="IsEmpty(Control.GetLabel(7018)) + IsEmpty(Control.GetLabel(9018))">Conditional</animation>
        </control>
        <control type="textbox">
          <description>Plot Movie</description>
          <left>20</left>
          <top>122</top>
          <width>600</width>
          <height>232</height>
          <align>justify</align>
          <info>ListItem.Plot</info>
          <font>Font_Neon_20</font>
          <textcolor>white</textcolor>
          <autoscroll time="3000" delay="5000" repeat="5000">Skin.HasSetting(autoscroll)</autoscroll>
        </control>
      </control>
      <control type="group">
        <visible>!Skin.HasSetting(3dLandscape_Fanart) + !Window.IsActive(videoplaylist) + !SubString(ListItem.Icon,DefaultFolderBack.png,Left)</visible>
        <left>20</left>
        <top>120</top>
        <include>Animation_Viewtype_3dland_Lefttop</include>
        <animation effect="slide" start="0,0" end="0,-40" time="0" condition="IsEmpty(Control.GetLabel(7018))">Conditional</animation>
        <control type="label">
          <visible>Container.Content(seasons) + IsEmpty(Control.GetLabel(7018)) + IsEmpty(Control.GetLabel(9018))</visible>
          <left>0</left>
          <top>-4</top>
          <width>630</width>
          <height>89</height>
          <font>Font_Neon_20</font>
          <textcolor>white</textcolor>
          <label>$LOCALIZE[20373] $INFO[ListItem.season]</label>
        </control>
        <control type="label">
          <visible>Container.Content(tvshows)</visible>
          <left>0</left>
          <top>0</top>
          <width>630</width>
          <height>89</height>
          <font>Font_Neon_22</font>
          <label>[COLOR=ListTrackF]$LOCALIZE[515][/COLOR] [COLOR=white]$INFO[ListItem.Genre][/COLOR]</label>
        </control>
        <control type="label">
          <visible>Container.Content(tvshows)</visible>
          <left>0</left>
          <top>30</top>
          <width>630</width>
          <height>89</height>
          <font>Font_Neon_22</font>
          <label>[COLOR=ListTrackF]$LOCALIZE[31231][/COLOR] [COLOR=white]$INFO[ListItem.Date][/COLOR]</label>
        </control>
        <control type="label">
          <visible>Container.Content(tvshows)</visible>
          <left>0</left>
          <top>60</top>
          <width>630</width>
          <height>89</height>
          <font>Font_Neon_22</font>
          <label>[COLOR=ListTrackF]$LOCALIZE[368][/COLOR] [COLOR=white]$INFO[ListItem.Rating][/COLOR]      [COLOR=ListTrackF]$LOCALIZE[31226][/COLOR] [COLOR=white]$INFO[ListItem.mpaa][/COLOR]</label>
        </control>
        <include>Poster_Next_Aired</include>
      </control>
      <control type="grouplist">
        <visible>!Skin.HasSetting(3dLandscape_Fanart) + !Skin.HasSetting(no_media_flags)</visible>
        <description>Media Codec Flagging Images</description>
        <left>20</left>
        <top>674</top>
        <width>1280</width>
        <align>left</align>
        <itemgap>0</itemgap>
        <orientation>horizontal</orientation>
        <include>Animation_ZoomInZoomOut</include>
      </control>
      <control type="grouplist">
        <visible>!Skin.HasSetting(3dLandscape_Fanart) + !Skin.HasSetting(no_media_flags)</visible>
        <description>Media Codec Flagging Images</description>
        <left>20</left>
        <top>674</top>
        <width>1280</width>
        <align>left</align>
        <itemgap>0</itemgap>
        <orientation>horizontal</orientation>
        <include>Animation_ZoomInZoomOut</include>
      </control>
    </control>
    <control type="scrollbar" id="63">
      <include>Animation_ZoomInZoomOut</include>
      <left>100</left>
      <top>900</top>
      <width>1080</width>
      <height>25</height>
      <visible allowhiddenfocus="true">Control.IsVisible(599) + Control.HasFocus(63)</visible>
      <texturesliderbackground>osd/osd_progress_back1.png</texturesliderbackground>
      <textureslidernibfocus>ScrollBarV_Nib_Focus1.png</textureslidernibfocus>
      <onup>599</onup>
      <ondown>599</ondown>
      <showonepage>true</showonepage>
      <orientation>horizontal</orientation>
      <include>Animation_CommonFade</include>
      <animation effect="slide" start="0,0" end="0,-220" time="400" tween="cubic" easing="inout" condition="Control.HasFocus(63)">Conditional</animation>
    </control>
  </include>
</includes>