<?xml version="1.0" encoding="UTF-8"?>
<window>
  <defaultcontrol>5</defaultcontrol>
  <coordinates>
    <system>1</system>
    <left>240</left>
    <top>60</top>
  </coordinates>
  <include>dialogeffect</include>
  <controls>
    <control type="group">
      <control type="image">
        <description>background image</description>
        <left>0</left>
        <top>0</top>
        <width>800</width>
        <height>600</height>
        <colordiffuse>mainblue</colordiffuse>
        <texture border="20">DialogBackwht.png</texture>
      </control>
      <control type="image">
        <description>background image</description>
        <left>0</left>
        <top>0</top>
        <width>800</width>
        <height>600</height>
        <colordiffuse>mainblue</colordiffuse>
        <texture border="20">DialogBack.png</texture>
      </control>
      <control type="image">
        <description>Dialog Header image</description>
        <left>40</left>
        <top>10</top>
        <width>720</width>
        <height>90</height>
        <colordiffuse>mainblue</colordiffuse>
        <texture>GlassTitleBar.png</texture>
      </control>
      <control type="label" id="2">
        <description>header label</description>
        <left>40</left>
        <top>15</top>
        <width>720</width>
        <height>30</height>
        <font>Font_Bartowski_Episode_ContextMenu</font>
        <label>-</label>
        <align>center</align>
        <aligny>center</aligny>
        <textcolor>white</textcolor>
        <shadowcolor>black</shadowcolor>
      </control>
      <control type="button">
        <description>Close Window button</description>
        <left>710</left>
        <top>9</top>
        <width>64</width>
        <height>32</height>
        <label>-</label>
        <font>-</font>
        <onclick>PreviousMenu</onclick>
        <colordiffuse>mainblue</colordiffuse>
        <texturefocus>DialogCloseButton-focus.png</texturefocus>
        <texturenofocus>DialogCloseButton.png</texturenofocus>
        <onleft>5</onleft>
        <onright>5</onright>
        <onup>5</onup>
        <ondown>5</ondown>
        <visible>system.getbool(input.enablemouse)</visible>
      </control>
      <control type="label" id="4">
        <description>No Settings Label</description>
        <left>20</left>
        <top>180</top>
        <width>760</width>
        <align>center</align>
        <label>13389</label>
        <font>Font_Neon_20</font>
      </control>
      <control type="list" id="5">
        <left>10</left>
        <top>60</top>
        <width>760</width>
        <height>481</height>
        <onleft>60</onleft>
        <onright>60</onright>
        <onup>5</onup>
        <ondown>5</ondown>
        <pagecontrol>60</pagecontrol>
        <scrolltime>200</scrolltime>
        <itemlayout height="30" width="760">
          <control type="image">
            <left>0</left>
            <top>0</top>
            <width>755</width>
            <height>31</height>
            <texture border="5">MenuItemNF.png</texture>
          </control>
          <control type="label">
            <left>30</left>
            <top>0</top>
            <width>710</width>
            <height>30</height>
            <font>Font_Neon_20</font>
            <textcolor>grey2</textcolor>
            <selectedcolor>white</selectedcolor>
            <align>left</align>
            <aligny>center</aligny>
            <label>$INFO[ListItem.Label]</label>
          </control>
        </itemlayout>
        <focusedlayout height="30" width="760">
          <control type="image">
            <left>0</left>
            <top>0</top>
            <width>755</width>
            <height>31</height>
            <texture border="5">MenuItemNF.png</texture>
            <visible>!Control.HasFocus(5)</visible>
            <include>VisibleFadeEffect</include>
          </control>
          <control type="image">
            <left>0</left>
            <top>0</top>
            <width>755</width>
            <height>30</height>
            <colordiffuse>mainblue</colordiffuse>
            <texture>MenuItemFO.png</texture>
            <visible>Control.HasFocus(5)</visible>
            <include>VisibleFadeEffect</include>
          </control>
          <control type="label">
            <left>30</left>
            <top>0</top>
            <width>710</width>
            <height>30</height>
            <font>Font_Neon_20</font>
            <textcolor>white</textcolor>
            <selectedcolor>white</selectedcolor>
            <align>left</align>
            <aligny>center</aligny>
            <label>$INFO[ListItem.Label]</label>
          </control>
        </focusedlayout>
      </control>
      <control type="scrollbar" id="60">
        <left>760</left>
        <top>50</top>
        <width>25</width>
        <height>502</height>
        <texturesliderbackground border="0,14,0,14">ScrollBarV.png</texturesliderbackground>
        <texturesliderbar border="0,14,0,14">ScrollBarV_bar.png</texturesliderbar>
        <texturesliderbarfocus border="0,14,0,14" colordiffuse="mainblue">ScrollBarV_bar_focus.png</texturesliderbarfocus>
        <textureslidernib>ScrollBarNib.png</textureslidernib>
        <textureslidernibfocus>ScrollBarNib.png</textureslidernibfocus>
        <onleft>5</onleft>
        <onright>5</onright>
        <ondown>60</ondown>
        <onup>60</onup>
        <showonepage>false</showonepage>
        <orientation>vertical</orientation>
      </control>
      <control type="label">
        <description>number of files/pages in list text label</description>
        <left>460</left>
        <top>548</top>
        <width>300</width>
        <height>35</height>
        <font>Font_Neon_18</font>
        <align>right</align>
        <aligny>center</aligny>
        <scroll>true</scroll>
        <textcolor>grey</textcolor>
        <label>([COLOR=mainblue]$INFO[Container(5).NumItems][/COLOR]) $LOCALIZE[31025] - $LOCALIZE[31024] ([COLOR=mainblue]$INFO[Container(5).CurrentPage]/$INFO[Container(5).NumPages][/COLOR])</label>
      </control>
    </control>
  </controls>
</window>