<colors>
	
	<color name="white">FFFFFFFF</color>
	<color name="grey">FFb4b4b4</color>
	<color name="grey2">88FFFFFF</color>
	<color name="grey3">33FFFFFF</color>
	<color name="black">FF000000</color>
	<color name="blue">FF0055be</color>
	<color name="selected">FFEB9E17</color>
	<color name="dialogheader">DDced8da</color>
<!--	<color name="mainblue">FF04B4AE</color> --> <!-- Original -->
	<color name="mainblue">FF307D7E</color>
	<color name="green1">FF01DF01</color>
	<color name="clearblack">89000000</color>
	
	<!-- mainblue Colours -->

	<color name="BackgroundColor">ccFFFFFF</color>
	<color name="BackgroundFilterColor">dd727272</color>
	<color name="BackgroundFilterColor1">dd000000</color>
	<color name="ButtonFilterColor">FF67FFFF</color>
	<color name="plotdiffuse">bb000000</color>
	<!-- Home 1 Colours -->

	<color name="HomeFrameColor">FFE0E0E0</color>
	<color name="HomeFrameDiffuseColor">FFFFFFFF</color>
	<color name="MainMenuLabel">bb383737</color>

	<!-- Home 2 & 3 Colour -->
	
	<color name="MainMenu">193c3c3c</color>

	<!-- Background Test Colours
	
	<color name="BackgroundColor">ee000025</color>
	<color name="BackgroundFilterColor">44009ACD</color>
	<color name="BackgroundColor">dd000025</color>
	<color name="BackgroundFilterColor">cc151579</color>
	<color name="BackgroundColor">bb4aff46</color>
	<color name="BackgroundFilterColor">dd024d00</color>
	-->

	<!-- Global Colours -->

	<color name="Time">FF686868</color>
	<color name="TimeAMPM">77686868</color>
	<color name="Date">FF686868</color>
	<color name="RSSBody">FF686868</color>
	<color name="RSSHighlight">FF686868</color>
	<color name="RSSHeadline">FF686868</color>
	<color name="RSSTitle">FF474747</color>
	<color name="NowPlayingArtist">FF686868</color>
	<color name="NowPlayingAlbum">FF454545</color>
	<color name="NowPlayingTrack">FF454545</color>
	<color name="MediaMenu">77686868</color>
	<color name="TextFocused">FF454545</color>
	<color name="Text">FFa1a1a1</color>
	<color name="Text-Filemode">67a1a1a1</color>
	<color name="TextDisabled">FF4F0A04</color>
	<color name="TextSelected">FFb8b8b8</color>

	<color name="MainBlack">FF000000</color>
	<color name="ContextHighlight">ff13b6a5</color>

	<!-- Flags -->

	<color name="FlagDiffuse">CC474747</color>
	<color name="FlagText">abFFFFFF</color>
	<color name="FlagText2">CC474747</color>
	<color name="StarDiffuse">FF727272</color>

	<!-- OSD -->

	<color name="OSDPlayingArtist">FF3c3c3c</color>
	<color name="OSDPlayingTrack">FF474747</color>
	<color name="OSDPlayingAlbum">77686868</color>
	<color name="OSDPlayingPN">FF686868</color>
	<color name="OSDDetails">FF686868</color>
	<color name="OSDTime">B9202020</color>
	<color name="OSDProgress">55686868</color>
	<color name="OSDProgressBar">bbFFFFFF</color>
	<color name="OSDStatusBackground">11FFFFFF</color>
	<color name="OSDStatus">33FFFFFF</color>
	<color name="OSDPlayingDuration">FF474747</color>

	<!-- Window menu colours -->

	<color name="MenuValue">FFa1a1a1</color>
	<color name="MenuValueFO">FF454545</color>	

	<!-- Poster view colours -->

	<color name="PosterTitle">FF474747</color>
	<color name="EpisodeLabelF">FF474747</color>	
	<color name="EpisodePlot">DD202020</color>	
	<color name="EpisodeNumber">FF474747</color>		

	<!-- Info dialog colours -->

	<color name="InfoTitle">B9202020</color>
	<color name="InfoPlot">DD202020</color>
	<color name="InfoYear">B9202020</color>	
	<color name="InfoGenre">DD202020</color>		
	<color name="InfoDetails">DD202020</color>
	<color name="MovieInfoLines">dd727272</color>
	<color name="OSDrating">B9202020</color>

	<!-- Progress dialogs -->

	<color name="ProgressDialog">77686868</color>
	<color name="SettingsHeading">ab474747</color>	
	<color name="SettingsDetail">ab474747</color>		

	<!-- List & File colours -->

	<color name="ListTrackNF">FF686868</color>
	<color name="ListTitleNF">FF474747</color>
	<color name="ListTrackF">FF686868</color>
	<color name="ListTitleF">FF474747</color>
	<color name="FileTitleNF">ab474747</color>	

	<!-- Poster colours -->

	<color name="WallIconDiffuse">48FFFFFF</color>
	<color name="IconDiffuse">89FFFFFF</color>
	<color name="WatchedIconDiffuseNF">68c30000</color>
	<color name="WatchedIconDiffuseFO">FFc30000</color>

	<!-- Fanart colours -->

	<color name="FanartTitle">FF474747</color>
	<color name="FanartText">DD202020</color>

	<!-- Dialogs -->

	<color name="DialogLargeLabel">dc777777</color>
	<color name="DialogLargeLabelAccent">CCdadada</color>

	<!-- Favorites -->

	<color name="FavListPanel">eeFFFFFF</color>
	<color name="FavListItem">FF929191</color>
	<color name="FavListItemSelected">FF800000</color>
	<color name="FavListItemFocusedSelected">CCCCCCCC</color>

	<!-- Filemanager -->

	<color name="FM_ListTitle">dc777777</color>
	<color name="FM_ListTitleAccent">CCdadada</color>
	<color name="FM_ListSelected">dc990000</color>
	<color name="FM_ListFocused">FFFFFFFF</color>
	<color name="FM_ListFocusedAccent">00CCCCCC</color>
	<color name="FM_ListUnfocused">dc777777</color>
	<color name="FM_ListFocusSelected">CCcccccc</color>
	<color name="FM_Focusbar">ff777777</color>
	
	<color name="white">FFFFFFFF</color>
	<color name="grey">FFb4b4b4</color>
	<color name="grey2">88FFFFFF</color>
	<color name="grey3">33FFFFFF</color>
	<color name="black">FF000000</color>
	<color name="blue">FF0084ff</color>
	<color name="selected">FFEB9E17</color>
	<color name="dialogheader">DDced8da</color>

    <color name="high">FFC61F26</color>
    <color name="low">FF0055be</color>
    <color name="red">FFC61F26</color>
    <color name="green">FF00FF00</color>
    <color name="yellow">FFFFFF00</color>
    <color name="orange">FFFEAF33</color>
    <color name="default">FFFFFFFF</color>
    <color name="rss_headline">FF0055be</color>

</colors>