<?xml version="1.0" encoding="UTF-8"?>
<addon
  id="skin.neon"
  version="5.0.1"
  name="Neon"
  provider-name="kib, bumpaneer">
  <requires>
    <import addon="xbmc.gui" version="5.8.0"/>
    <import addon="service.skin.widgets" version="0.0.29"/>
    <import addon="script.favourites" version="6.0.1"/>
    <import addon="script.artwork.downloader" version="12.0.29"/>
  </requires>
  <extension 
    point="xbmc.gui.skin"
    effectslowdown="1"
    debugging="false">
    <res width="1280" height="720" aspect="16:9" default="true" folder="720p" />
  </extension>
  <extension point="xbmc.addon.metadata">
    <summary lang="de">Neon skin by stoli - Night meets Aeon meets Confluence</summary>
    <summary lang="en">Neon skin by stoli - Night meets Aeon meets Confluence</summary>
    <summary lang="en_NZ">Neon skin by stoli - Night meets Aeon meets Confluence</summary>
    <summary lang="en_US">Neon skin by stoli - Night meets Aeon meets Confluence</summary>
    <summary lang="fr">Neon skin by stoli - Night meets Aeon meets Confluence</summary>
    <summary lang="fr_CA">Habillage Néon par stoli - Night rencontre Aeon rencontre Confluence</summary>
    <summary lang="gl">Tema Neon por stoli - Night meets Aeon meets Confluence</summary>
    <summary lang="he">המעטפת Neon של stoli - שילוב של המעטפות Night, Aeon ו־Confluence</summary>
    <summary lang="ko">stoli의 Neon 스킨 - Night, Aeon, Confluence가 만났다</summary>
    <summary lang="lt">Neon teminė išvaizda, suklurta stoli - Night sutinka Aeon sutinka Confluence</summary>
    <summary lang="nl">Neon skin door stoli - Night ontmoet Aeon ontmoet Confluence</summary>
    <summary lang="no">Neon skin by stoli - Night meets Aeon meets Confluence</summary>
    <summary lang="pl">Skóra Neo autorstwa stoli</summary>
    <summary lang="pt_BR">Skin Neon por stoli - um mistuar das skins Night, Aeon e Confluence</summary>
    <description lang="en">Neon started as the excellent Night skin by mcborzu, inspiration from djh_ and liberal amounts of knowledge, code and graphics from Jezz_x's work on Confluence - all rolled into one by stoli.</description>
    <description lang="en_NZ">Neon started as the excellent Night skin by mcborzu, inspiration from djh_ and liberal amounts of knowledge, code and graphics from Jezz_x's work on Confluence - all rolled into one by stoli.</description>
    <description lang="en_US">Neon started as the excellent Night skin by mcborzu, inspiration from djh_ and liberal amounts of knowledge, code and graphics from Jezz_x's work on Confluence - all rolled into one by stoli.</description>
    <description lang="fr_CA">Néon à commencé par l'excellent habillage Night par mcborzu, une inspiration de djh_ et une quantité de connaissances, de code de graphiques du travail de Jezz_x sur Confluence - mis ensemble par stoli.</description>
    <description lang="lt">Neon prasidėjo kaip puiki Night teminė išvaizda, kurią sukūrė mcborzu, įkvėpta djh_ ir liberalaus kiekio žinių, kodo ir grafikos iš Jezz_x darbo ties Confluence - viskas sujungta kartu pagal stoli.</description>
    <description lang="nl">Neon begon als de geweldige Night skin door mcborzu, inspiratie van djh_ en grote hoeveelheden kennis, code en afbeeldingen van Jezz_x' werk aan Confluence - dit alles in elkaar gerold tot een geheel door stoli.</description>
    <description lang="pt_BR">Neon started as the excellent Night skin by mcborzu, inspiration from djh_ and liberal amounts of knowledge, code and graphics from Jezz_x's work on Confluence - all rolled into one by stoli.</description>
    <disclaimer lang="de">Mehr Informationen über das Skin findest du in den Kodi Foren.</disclaimer>
    <disclaimer lang="en">More info on the skin can be found at the Kodi Forums.</disclaimer>
    <disclaimer lang="en_NZ">More info on the skin can be found at the Kodi Forums.</disclaimer>
    <disclaimer lang="en_US">More info on the skin can be found at the Kodi Forums.</disclaimer>
    <disclaimer lang="fr">Plus d'infos sur ce thème sur les forums Kodi.</disclaimer>
    <disclaimer lang="fr_CA">Des infos supplémentaires sur l'habillage peuvent être trouvées dans les forums Kodi.</disclaimer>
    <disclaimer lang="gl">Pódese atopar máis información do tema nos foros de Kodi.</disclaimer>
    <disclaimer lang="ko">Kodi 포럼에서 스킨에 대한 더 많은 정보를 찾을 수 있습니다.</disclaimer>
    <disclaimer lang="lt">Daugiau informacijos apie teminę išvaizdą galite rasti Kodi forumuose.</disclaimer>
    <disclaimer lang="nl">Meer info over de skin kan worden gevonden op de Kodi forums.</disclaimer>
    <disclaimer lang="no">Du kan finne mer info i Kodi forumene.</disclaimer>
    <disclaimer lang="pl">Więcej informacji o skórze dostępne na forum Kodi.</disclaimer>
    <disclaimer lang="pt_BR">Mais informação sobre a skinm pode ser encontrada nos Fóruns Kodi.</disclaimer>
    <platform>all</platform>
    <license>GNU GENERAL PUBLIC LICENSE. Version 2, June 1991</license>
    <forum>http://forum.xbmc.org/forumdisplay.php?fid=139</forum>
    <source>https://github.com/kibje/skin.neon/tree/Helix</source>
    <email></email>
  </extension>
</addon>
