<template>

	<submenu include="submenu">
	
		<controls>
		
			<!--sub menus-->
			<control type="fixedlist" id="9901">
				<skinshortcuts>visibility</skinshortcuts>
				<left>150</left>
				<top>107</top>
				<width>1620</width>
				<height>60</height>
				<onup>9000</onup>
				<ondown>9002</ondown>
				<itemgap>0</itemgap>
				<focusposition>2</focusposition>
				<movement>3</movement>
				<orientation>Horizontal</orientation>
				<animation effect="slide" start="0,0" end="0,-97" time="200" tween="quadratic" easing="out">Hidden</animation>
				<animation effect="slide" start="0,0" end="135,0" time="0" condition="StringCompare(Container(9901).NumItems,1)">conditional</animation>
				<animation effect="slide" start="0,0" end="135,0" time="0" condition="StringCompare(Container(9901).NumItems,3)">conditional</animation>
				<animation effect="slide" start="0,0" end="135,0" time="0" condition="StringCompare(Container(9901).NumItems,5)">conditional</animation>
				<animation effect="slide" start="0,-97" end="0,00" delay="250" time="200" tween="quadratic">Visible</animation>
				
				<itemlayout width="270" height="60">
				
					<control type="image">
						<height>60</height>
						<width>270</width>
						<texture colordiffuse="tertiary">backgrounds/white.png</texture>
					</control>
					
					<control type="label">
						<height>60</height>
						<width>270</width>
						<align>center</align>
						<aligny>center</aligny>
						<font>button</font>
						<textcolor>text.primary</textcolor>
						<info>ListItem.Label</info>
					</control>
				
				</itemlayout>
				
				<focusedlayout width="270" height="60">
				
					<control type="image">
						<height>60</height>
						<width>270</width>
						<texture colordiffuse="$VAR[Colour.500]">backgrounds/white.png</texture>
						<visible>Control.HasFocus(9901)</visible>
					</control>
					
					<control type="label">
						<height>60</height>
						<width>270</width>
						<align>center</align>
						<aligny>center</aligny>
						<font>button</font>
						<textcolor>white</textcolor>
						<info>ListItem.Label</info>
						<visible>Control.HasFocus(9901)</visible>
					</control>
					
					<control type="image">
						<height>60</height>
						<width>270</width>
						<texture colordiffuse="tertiary">backgrounds/white.png</texture>
						<visible>!Control.HasFocus(9901)</visible>
					</control>
					
					<control type="label">
						<height>60</height>
						<width>270</width>
						<align>center</align>
						<aligny>center</aligny>
						<font>button</font>
						<textcolor>text.primary</textcolor>
						<info>ListItem.Label</info>
						<visible>!Control.HasFocus(9901)</visible>
					</control>
				
				</focusedlayout>
				
				<content>
				
					<skinshortcuts>items</skinshortcuts>
					
				</content>
				
			</control>
			
		</controls>
		
	</submenu>
	
</template>