<?xml version="1.0" encoding="UTF-8"?>

<window>

	<defaultcontrol>1</defaultcontrol>
	
	<visible>[Player.Seeking | Player.DisplayAfterSeek | Player.Paused | Player.Forwarding | Player.Rewinding] + Window.IsVisible(FullscreenVideo)</visible>
	<visible>![Window.IsVisible(SliderDialog) | Window.IsVisible(OSDVideoSettings) | Window.IsVisible(OSDAudioSettings) | Window.IsVisible(VideoBookmarks) | Window.IsVisible(PVROSDChannels) | Window.IsVisible(PVROSDGuide) | Window.IsVisible(SubtitleSearch)]</visible>
	
	<controls>
		
		<!--channel-->
		<control type="group" id="1">
			<visible>VideoPlayer.Content(LiveTV)</visible>
			
			<!--channel bg-->
			<control type="image" id="1">
				<left>64</left>
				<top>60</top>
				<width>500</width>
				<height>45</height>
				<texture colordiffuse="tertiary">backgrounds/white.png</texture>
			</control>
			
			<!--channel strip-->
			<control type="image" id="1">
				<left>60</left>
				<top>60</top>
				<width>4</width>
				<height>45</height>
				<texture colordiffuse="$VAR[Colour.500]">backgrounds/white.png</texture>
			</control>
			
			<!--channel labels-->
			<control type="grouplist" id="1">
				<left>73</left>
				<top>60</top>
				<width>1500</width>
				<height>45</height>
				<orientation>horizontal</orientation>
				<align>left</align>
				<itemgap>8</itemgap>
				
				<control type="label" id="1">
					<width min="0" max="482">auto</width>
					<include>WindowTitleCommons</include>
					<label>$INFO[VideoPlayer.ChannelNumberLabel]. $INFO[VideoPlayer.ChannelName]</label>
				</control>
				
			</control>
					
			<!--channel group bg-->
			<control type="image" id="1">
				<left>64</left>
				<top>110</top>
				<width>400</width>
				<height>34</height>
				<texture colordiffuse="tertiary">backgrounds/white.png</texture>
			</control>
		
			<!--channel group strip-->
			<control type="image" id="1">
				<left>60</left>
				<top>110</top>
				<width>4</width>
				<height>34</height>
				<texture colordiffuse="$VAR[Colour.500]">backgrounds/white.png</texture>
			</control>
		
			<!--channel group label-->
			<control type="label" id="1">
				<left>73</left>
				<top>110</top>
				<width>400</width>
				<height>34</height>
				<align>left</align>
				<aligny>center</aligny>
				<font>breadcrumb.secondary</font>
				<textcolor>text.primary</textcolor>
				<label>$INFO[VideoPlayer.ChannelGroup,$LOCALIZE[31509]: ]</label>
			</control>
			
		</control>

		<!--time-->
		<control type="group" id="1">
			<animation effect="slide" start="0,0" end="-50,0" time="100" condition="Window.IsVisible(Mutebug)">conditional</animation>
				
			<!--time background (12 hour)-->
			<control type="image" id="1">
				<left>214r</left>
				<top>60</top>
				<width>150</width>
				<height>45</height>
				<texture colordiffuse="tertiary">backgrounds/white.png</texture>
				<visible>SubString(System.Time,am) | SubString(System.Time,pm)</visible>
			</control>
					
			<!--time background (24 hour)-->
			<control type="image" id="1">
				<left>174r</left>
				<top>60</top>
				<width>110</width>
				<height>45</height>
				<texture colordiffuse="tertiary">backgrounds/white.png</texture>
				<visible>!SubString(System.Time,am) + !SubString(System.Time,pm)</visible>
			</control>
		
			<!--time background strip-->
			<control type="image" id="1">
				<left>64r</left>
				<top>60</top>
				<width>4</width>
				<height>45</height>
				<texture colordiffuse="$VAR[Colour.500]">backgrounds/white.png</texture>
			</control>
		
			<!--time-->
			<control type="label" id="1">
				<right>71</right>
				<top>60</top>
				<width>300</width>
				<height>45</height>
				<align>right</align>
				<aligny>center</aligny>
				<font>breadcrumb</font>
				<textcolor>text.primary</textcolor>
				<label>$INFO[System.Time(hh:mm)]$INFO[System.Time(xx), ,]</label>
			</control>
			
			<!--finish background-->
			<control type="image" id="1">
				<left>369r</left>
				<top>110</top>
				<width>305</width>
				<height>34</height>
				<texture colordiffuse="tertiary">backgrounds/white.png</texture>
			</control>
		
			<!--finish time background strip-->
			<control type="image" id="1">
				<left>64r</left>
				<top>110</top>
				<width>4</width>
				<height>34</height>
				<texture colordiffuse="$VAR[Colour.500]">backgrounds/white.png</texture>
			</control>
		
			<!--finish time-->
			<control type="label" id="1">
				<right>71</right>
				<top>110</top>
				<width>300</width>
				<height>34</height>
				<align>right</align>
				<aligny>center</aligny>
				<font>breadcrumb.secondary</font>
				<textcolor>text.primary</textcolor>
				<label>$LOCALIZE[31049]: $INFO[Player.FinishTime]</label>
			</control>
			
		</control>

		<!--bottom info-->
		<control type="group" id="1">
		<!--visible>!Player.ShowInfo</visible-->
			<animation effect="slide" start="0,0" end="0,100" time="200" condition="!Player.ShowInfo + !VideoPlayer.Content(Files)">Conditional</animation>
			<animation effect="slide" start="0,0" end="0,100" time="200" condition="VideoPlayer.Content(Files)">Conditional</animation>
			<animation effect="slide" start="0,0" end="-372,0" time="200" delay="100" condition="Skin.HasSetting(SubtitleSection)">Conditional</animation>
		
			<!--background-->
			<control type="image" id="1">
				<left>390</left>
				<top>697</top>
				<width>1140</width>
				<height>190</height>
				<texture colordiffuse="tertiary">backgrounds/np info bg.png</texture>
				<animation effect="zoom" start="390,697,1140,190" end="390,700,1140,290" time="200" condition="Player.ShowInfo + !VideoPlayer.Content(Files)">Conditional</animation>
			</control>
			
			<!--title bg-->
			<control type="image" id="1">
				<left>400</left>
				<top>377r</top>
				<width>1120</width>
				<height>70</height>
				<texture colordiffuse="$VAR[Colour.500]">backgrounds/white.png</texture>
			</control>
			
			<!--title shadow-->
			<control type="image" id="1">
				<left>400</left>
				<top>307r</top>
				<width>1120</width>
				<height>10</height>
				<texture>homeshadow.png</texture>
				<animation effect="fade" start="100" end="75" time="0" condition="true">Conditional</animation>
			</control>
			
			<!--info-->
			<control type="group" id="1">
				<top>377r</top>
			
				<!--title-->
				<control type="label" id="1"> <!--1-->
					<left>415</left>
					<top>3</top>
					<width>1090</width>
					<height>60</height>
					<font>menu.title</font>
					<align>left</align>
					<aligny>center</aligny>
					<textcolor>white</textcolor>
					<label>$INFO[Player.Title]</label>
					<scroll>true</scroll>
				</control>
					
				<!--recording image-->
				<control type="image" id="1">
					<top>70</top>
					<left>1470</left>
					<width>48</width>
					<height>48</height>
					<texture colordiffuse="red">PVR-IsRecording.png</texture>
					<visible>VideoPlayer.Content(LiveTV) + Player.Recording</visible>
				</control>
				
				<!--tagline-->
				<control type="label" id="1">
					<left>415</left>
					<top>75</top>
					<width>1090</width>
					<height>38</height>
					<align>left</align>
					<font>font12</font>
					<textcolor>$VAR[Colour.500]</textcolor>
					<label>$INFO[VideoPlayer.Tagline]</label>
					<visible>VideoPlayer.Content(Movies) + !IsEmpty(VideoPlayer.Tagline)</visible>
				</control>
				
				<!--genre-->
				<control type="label" id="1">
					<left>415</left>
					<top>75</top>
					<width>1090</width>
					<height>38</height>
					<align>left</align>
					<font>font12</font>
					<textcolor>$VAR[Colour.500]</textcolor>
					<label>$INFO[VideoPlayer.Genre]</label>
					<visible>VideoPlayer.Content(Movies) + IsEmpty(VideoPlayer.Tagline)</visible>
				</control>
				
				<!--tv show label-->
				<control type="label" id="1">
					<left>415</left>
					<top>75</top>
					<width>1090</width>
					<height>38</height>
					<align>left</align>
					<font>font12</font>
					<textcolor>$VAR[Colour.500]</textcolor>
					<label>$INFO[VideoPlayer.TVShowTitle] ($INFO[VideoPlayer.Season,,x]$INFO[VideoPlayer.Episode])</label>
					<visible>VideoPlayer.Content(Episodes)</visible>
				</control>
				
				<!--music video info-->
				<control type="label" id="1">
					<left>415</left>
					<top>75</top>
					<width>1090</width>
					<height>38</height>
					<align>left</align>
					<font>font12</font>
					<textcolor>$VAR[Colour.500]</textcolor>
					<label>$INFO[VideoPlayer.Artist] $INFO[VideoPlayer.Album, - ]</label>
					<visible>VideoPlayer.Content(MusicVideos)</visible>
				</control>
					
				<!--live tv info (not recording)-->
				<control type="label" id="1">
					<left>415</left>
					<top>75</top>
					<width>1090</width>
					<height>38</height>
					<align>left</align>
					<font>font12</font>
					<textcolor>$VAR[Colour.500]</textcolor>
					<label>$INFO[VideoPlayer.NextTitle,$LOCALIZE[19031]: ] ($INFO[VideoPlayer.NextStartTime] - $INFO[VideoPlayer.NextEndTime])</label>
					<visible>VideoPlayer.Content(LiveTV) + !Player.Recording</visible>
				</control>
				
				<!--live tv info (recording)-->
				<control type="label" id="1">
					<left>415</left>
					<top>75</top>
					<width>1060</width>
					<height>38</height>
					<align>left</align>
					<font>font12</font>
					<textcolor>$VAR[Colour.500]</textcolor>
					<label>$INFO[VideoPlayer.NextTitle,$LOCALIZE[19031]: ] ($INFO[VideoPlayer.NextStartTime] - $INFO[VideoPlayer.NextEndTime])</label>
					<visible>VideoPlayer.Content(LiveTV) + Player.Recording</visible>
				</control>
				
				<!--path-->
				<control type="label" id="1">
					<left>415</left>
					<top>75</top>
					<width>1090</width>
					<height>38</height>
					<align>left</align>
					<font>font12</font>
					<textcolor>$VAR[Colour.500]</textcolor>
					<label>$INFO[Player.FileNameAndPath]</label>
					<visible>VideoPlayer.Content(Files)</visible>
				</control>
				
			</control>
			
			<!--progress-->
			<control type="group" id="1">
				<top>250r</top>
				<visible>!VideoPlayer.Content(LiveTV) | [VideoPlayer.Content(LiveTV) + VideoPlayer.HasEpg]</visible>
				<animation effect="slide" start="0,0" end="0,100" time="200" condition="Player.ShowInfo">Conditional</animation>
				
				<!--cache-->
				<control type="progress" id="1">
					<left>415</left>
					<top>0</top>
					<width>1090</width>
					<height>7</height>
					<info>Player.ProgressCache</info>
					<midtexture colordiffuse="$VAR[Colour.400]">backgrounds/white.png</midtexture>
				</control>
				
				<!--progress-->
				<control type="progress" id="1">
					<left>415</left>
					<top>0</top>
					<width>1090</width>
					<height>7</height>
					<info>Player.Progress</info>
				</control>
						
				<!--current time-->
				<control type="label" id="1">
					<left>415</left>
					<top>-8</top>
					<width>150</width>
					<height>60</height>
					<font>breadcrumb.secondary</font>
					<align>left</align>
					<aligny>center</aligny>
					<label>$INFO[Player.Time(hh:mm:ss)]</label>
				</control>
						
				<!--chapter-->
				<control type="label" id="1">
					<visible>!VideoPlayer.Content(LiveTV)</visible>
					<left>415</left>
					<top>-8</top>
					<width>1080</width>
					<height>60</height>
					<font>breadcrumb.secondary</font>
					<align>center</align>
					<aligny>center</aligny>
					<label>$INFO[player.chapter,$LOCALIZE[21396]  ]$INFO[player.chaptercount, / ]</label>
					<visible>!Player.Paused + !Player.Caching + !Player.Seeking + !Player.DisplayAfterSeek + !Player.Forwarding + !Player.Rewinding</visible>
				</control>
						
				<!--chapter (paused)-->
				<control type="label" id="1">
					<visible>!VideoPlayer.Content(LiveTV)</visible>
					<left>415</left>
					<top>-8</top>
					<width>1080</width>
					<height>60</height>
					<font>breadcrumb.secondary</font>
					<align>center</align>
					<aligny>center</aligny>
					<label>$LOCALIZE[31043] • $INFO[player.chapter,$LOCALIZE[21396]  ]$INFO[player.chaptercount, / ]</label>
					<visible>[Player.Paused + !Player.Caching] + !Player.Seeking + !Player.DisplayAfterSeek</visible>
				</control>
						
				<!--chapter (caching)-->
				<control type="label" id="1">
					<visible>!VideoPlayer.Content(LiveTV)</visible>
					<left>415</left>
					<top>-8</top>
					<width>1080</width>
					<height>60</height>
					<font>breadcrumb.secondary</font>
					<align>center</align>
					<aligny>center</aligny>
					<label>$LOCALIZE[15107] $INFO[Player.CacheLevel]% • $INFO[player.chapter,$LOCALIZE[21396]  ]$INFO[player.chaptercount, / ]</label>
					<visible>[Player.Paused + Player.Caching] + !Player.Seeking</visible>
				</control>
						
				<!--chapter (seeking)-->
				<control type="label" id="1">
					<visible>!VideoPlayer.Content(LiveTV)</visible>
					<left>415</left>
					<top>-8</top>
					<width>1080</width>
					<height>60</height>
					<font>breadcrumb.secondary</font>
					<align>center</align>
					<aligny>center</aligny>
					<label>$LOCALIZE[31046] • $INFO[player.chapter,$LOCALIZE[21396]  ]$INFO[player.chaptercount, / ]</label>
					<visible>Player.Seeking</visible>
				</control>
						
				<!--chapter (final seek amount)-->
				<control type="label" id="1">
					<visible>!VideoPlayer.Content(LiveTV)</visible>
					<left>415</left>
					<top>-8</top>
					<width>1080</width>
					<height>60</height>
					<font>breadcrumb.secondary</font>
					<align>center</align>
					<aligny>center</aligny>
					<label>$LOCALIZE[31046] $INFO[Player.SeekOffset] • $INFO[player.chapter,$LOCALIZE[21396]  ]$INFO[player.chaptercount, / ]</label>
					<visible>Player.DisplayAfterSeek + ![player.forwarding | player.rewinding]</visible>
				</control>
						
				<!--chapter (fast forwarding)-->
				<control type="label" id="1">
					<visible>!VideoPlayer.Content(LiveTV)</visible>
					<left>415</left>
					<top>-8</top>
					<width>1080</width>
					<height>60</height>
					<font>breadcrumb.secondary</font>
					<align>center</align>
					<aligny>center</aligny>
					<label>$VAR[Forwarding] • $INFO[player.chapter,$LOCALIZE[21396]  ]$INFO[player.chaptercount, / ]</label>
					<visible>Player.Forwarding</visible>
				</control>
						
				<!--chapter (rewinding)-->
				<control type="label" id="1">
					<visible>!VideoPlayer.Content(LiveTV)</visible>
					<left>415</left>
					<top>-8</top>
					<width>1080</width>
					<height>60</height>
					<font>breadcrumb.secondary</font>
					<align>center</align>
					<aligny>center</aligny>
					<label>$VAR[Rewinding] • $INFO[player.chapter,$LOCALIZE[21396]  ]$INFO[player.chaptercount, / ]</label>
					<visible>Player.Rewinding</visible>
				</control>
						
				<!--end time-->
				<control type="label" id="1">
					<left>1355</left>
					<top>-8</top>
					<width>150</width>
					<height>60</height>
					<font>breadcrumb.secondary</font>
					<align>right</align>
					<aligny>center</aligny>
					<label>$INFO[Player.Duration(hh:mm:ss)]</label>
				</control>
					
				<!--live tv-->
				<control type="group">
					<visible>VideoPlayer.Content(LiveTV)</visible>
						
					<!--paused-->
					<control type="label" id="1">
						<left>415</left>
						<top>-8</top>
						<width>1080</width>
						<height>60</height>
						<font>breadcrumb.secondary</font>
						<align>center</align>
						<aligny>center</aligny>
						<label>$LOCALIZE[31043]</label>
						<visible>[Player.Paused + !Player.Caching] + !Player.Seeking + !Player.DisplayAfterSeek</visible>
					</control>
							
					<!--caching-->
					<control type="label" id="1">
						<left>415</left>
						<top>-8</top>
						<width>1080</width>
						<height>60</height>
						<font>breadcrumb.secondary</font>
						<align>center</align>
						<aligny>center</aligny>
						<label>$LOCALIZE[15107] $INFO[Player.CacheLevel]%</label>
						<visible>[Player.Paused + Player.Caching] + !Player.Seeking</visible>
					</control>
							
					<!--seeking-->
					<control type="label" id="1">
						<left>415</left>
						<top>-8</top>
						<width>1080</width>
						<height>60</height>
						<font>breadcrumb.secondary</font>
						<align>center</align>
						<aligny>center</aligny>
						<label>$LOCALIZE[31046]</label>
						<visible>Player.Seeking</visible>
					</control>
							
					<!--final seek amount-->
					<control type="label" id="1">
						<left>415</left>
						<top>-8</top>
						<width>1080</width>
						<height>60</height>
						<font>breadcrumb.secondary</font>
						<align>center</align>
						<aligny>center</aligny>
						<label>$LOCALIZE[31046] $INFO[Player.SeekOffset]</label>
						<visible>Player.DisplayAfterSeek + ![player.forwarding | player.rewinding]</visible>
					</control>
							
					<!--fast forwarding-->
					<control type="label" id="1">
						<left>415</left>
						<top>-8</top>
						<width>1080</width>
						<height>60</height>
						<font>breadcrumb.secondary</font>
						<align>center</align>
						<aligny>center</aligny>
						<label>$VAR[Forwarding]</label>
						<visible>Player.Forwarding</visible>
					</control>
							
					<!--rewinding-->
					<control type="label" id="1">
						<left>415</left>
						<top>-8</top>
						<width>1080</width>
						<height>60</height>
						<font>breadcrumb.secondary</font>
						<align>center</align>
						<aligny>center</aligny>
						<label>$VAR[Rewinding]</label>
						<visible>Player.Rewinding</visible>
					</control>
				
				</control>
				
			</control>
			
		</control>
		
		<control type="group" id="1">
			<animation effect="slide" start="0,0" end="-372,0" time="200" delay="100" condition="Skin.HasSetting(SubtitleSection)">Conditional</animation>
			<top>377r</top>
					
			<!--plot-->
			<control type="textbox" id="1">
				<left>415</left>
				<top>108</top>
				<width>1090</width>
				<height>110</height>
				<font>label</font>
				<align>left</align>
				<textcolor>text.primary</textcolor>
				<label>$INFO[VideoPlayer.Plot]</label>
				<autoscroll time="1500" delay="15000" repeat="10000">Skin.HasSetting(AutoScroll)</autoscroll>
				<visible>Player.ShowInfo</visible>
				<animation effect="fade" start="0" end="100" time="100" delay="200">Visible</animation>
				<animation effect="fade" start="100" end="0" time="100">Hidden</animation>
			</control>
			
		</control>
		
	</controls>
	
</window>