<?xml version="1.0" encoding="UTF-8"?>
<window>

	<allowoverlay>no</allowoverlay>
	
	<controls>
	
		<control type="image">
			<left>0</left>
			<top>0</top>
			<width>1920</width>
			<height>1080</height>
			<texture>black-back.png</texture>
			<animation effect="fade" time="300">WindowOpen</animation>
			<animation effect="fade" time="150">WindowClose</animation>
		</control>
	
		<!--main content-->
		<control type="group" id="100">
			<top>155</top>
			<left>-265</left>
			<animation effect="slide" start="0,950" end="0,0" time="400" tween="quadratic" easing="out">WindowOpen</animation>
			<animation effect="slide" start="0,0" end="0,950" time="400" tween="quadratic" easing="out">WindowClose</animation>
			
			<!--title bars and backgrounds-->
			<control type="group">
			
				<!--background glow-->
				<control type="image">
					<left>495</left>
					<top>-40</top>
					<width>1470</width>
					<height>1140</height>
					<texture>backgrounds/settings bg.png</texture>
				</control>
			
				<!--background-->
				<control type="image">
					<left>535</left>
					<top>0</top>
					<width>1390</width>
					<height>783</height>
					<texture colordiffuse="tertiary">backgrounds/white.png</texture>
				</control>
					
				<!--title background-->
				<control type="image">
					<left>535</left>
					<top>0</top>
					<width>1390</width>
					<height>115</height>
					<texture background="true" colordiffuse="$VAR[Colour.500]">backgrounds/white.png</texture>
				</control>
				
				<!--close window button-->
				<control type="button">
					<left>540</left>
					<top>0</top>
					<width>50</width>
					<height>25</height>
					<label>-</label>
					<font>-</font>
					<onclick>PreviousMenu</onclick>
					<texturefocus>DialogCloseButton-focus.png</texturefocus>
					<texturenofocus>DialogCloseButton.png</texturenofocus>
					<onleft>1</onleft>
					<onright>1</onright>
					<onup>1</onup>
					<ondown>1</ondown>
					<visible>system.getbool(input.enablemouse)</visible>
				</control>
				
			</control>
			
			<!--title-->
			<control type="label">
				<left>580</left>
				<top>25</top>
				<width>1545</width>
				<height>60</height>
				<font>info.title</font>
				<align>left</align>
				<aligny>center</aligny>
				<textcolor>white</textcolor>
				<label>$INFO[Container(9000).ListItem.Label]</label>
				<visible>Control.IsVisible(198)</visible>
			</control>
			
			<!--title searching-->
			<control type="label">
				<left>580</left>
				<top>25</top>
				<width>1545</width>
				<height>60</height>
				<font>info.title</font>
				<align>left</align>
				<aligny>center</aligny>
				<textcolor>white</textcolor>
				<label>$INFO[Control.GetLabel(190)] $INFO[Control.GetLabel(191)]</label>
				<visible>!Control.IsVisible(198)</visible>
			</control>
			
			<!-- Hide this Control off the screen because we use the label above instead -->
			<control type="label" id="190">
				<left>3000</left>
				<top>3000</top>
				<width>150</width>
				<height>0</height>
				<label>-</label>
				<font>-</font>
				<textcolor>-</textcolor>
			</control>
			
			<!-- Hide this Control off the screen because we use the label above instead -->
			<control type="label" id="191">
				<left>3000</left>
				<top>3000</top>
				<width>150</width>
				<height>0</height>
				<label>-</label>
				<font>-</font>
			</control>
					
			<!--side bar-->
			<control type="image">
				<left>535</left>
				<top>115</top>
				<width>375</width>
				<height>668</height>
				<texture background="true" colordiffuse="$VAR[Colour.900]">backgrounds/white.png</texture>
			</control>
		
			<!--side blade shadow-->
			<control type="image">
				<left>909</left>
				<top>115</top>
				<width>20</width>
				<height>668</height>
				<texture>sidebarshadow.png</texture>
				<animation effect="fade" start="100" end="75" time="0" condition="true">Conditional</animation>
			</control>
			
			<!--title shadow-->
			<control type="image">
				<left>535</left>
				<top>115</top>
				<width>1390</width>
				<height>20</height>
				<texture>homeshadow.png</texture>
				<animation effect="fade" start="100" end="75" time="0" condition="true">Conditional</animation>
			</control>
			
			<!--left buttons-->
			<control type="list" id="9000">
				<left>545</left>
				<top>125</top>
				<width>390</width>
				<height>645</height>
				<itemgap>5</itemgap>
				<onleft>60</onleft>
				<onright>101</onright>
				<onup>9000</onup>
				<ondown>9000</ondown>
				<pagecontrol>60</pagecontrol>
				<scrolltime>300</scrolltime>
				
				<itemlayout height="90" width="355">
					
					<control type="label">
						<left>15</left>
						<top>15</top>
						<width>325</width>
						<height>30</height>
						<font>button.bold</font>
						<textcolor>white</textcolor>
						<align>right</align>
						<aligny>center</aligny>
						<label>$INFO[ListItem.Label]</label>
					</control>
					
					<control type="label">
						<left>15</left>
						<top>45</top>
						<width>325</width>
						<height>30</height>
						<font>button</font>
						<textcolor>white</textcolor>
						<align>right</align>
						<aligny>center</aligny>
						<label>$INFO[ListItem.Label2]</label>
					</control>
					
				</itemlayout>
				
				<focusedlayout height="90" width="355">
				
					<control type="image">
						<left>0</left>
						<top>0</top>
						<width>355</width>
						<height>90</height>
						<texture colordiffuse="white">backgrounds/white.png</texture>
						<animation effect="fade" start="100" end="50" time="75" condition="!Control.HasFocus(9000) + !Control.IsVisible(199)">Conditional</animation>
					</control>
					
					<control type="label">
						<left>15</left>
						<top>15</top>
						<width>325</width>
						<height>30</height>
						<font>button.bold</font>
						<textcolor>$VAR[Colour.900]</textcolor>
						<align>right</align>
						<aligny>center</aligny>
						<label>$INFO[ListItem.Label]</label>
					</control>
					
					<control type="label">
						<left>15</left>
						<top>45</top>
						<width>325</width>
						<height>30</height>
						<font>button</font>
						<textcolor>$VAR[Colour.900]</textcolor>
						<align>right</align>
						<aligny>center</aligny>
						<label>$INFO[ListItem.Label2]</label>
					</control>
					
				</focusedlayout>
				
				<content>
				
					<item id="1">
						<label>$LOCALIZE[19069]</label>
						<label2>$LOCALIZE[31206] $INFO[Control.GetLabel(220)] $LOCALIZE[31025]</label2>
						<onclick>noop</onclick>
						<visible>Control.IsVisible(229)</visible>
					</item>
					
					<item id="2">
						<label>$LOCALIZE[342]</label>
						<label2>$LOCALIZE[31206] $INFO[Control.GetLabel(110)] $LOCALIZE[31025]</label2>
						<onclick>noop</onclick>
						<visible>Control.IsVisible(119)</visible>
					</item>
					
					<item id="3">
						<label>$LOCALIZE[344]</label>
						<label2>$LOCALIZE[31206] $INFO[Control.GetLabel(210)] $LOCALIZE[31025]</label2>
						<onclick>noop</onclick>
						<visible>Control.IsVisible(219)</visible>
					</item>
					
					<item id="4">
						<label>$LOCALIZE[20343]</label>
						<label2>$LOCALIZE[31206] $INFO[Control.GetLabel(120)] $LOCALIZE[31025]</label2>
						<onclick>noop</onclick>
						<visible>Control.IsVisible(129)</visible>
					</item>
					
					<item id="5">
						<label>$LOCALIZE[33054]</label>
						<label2>$LOCALIZE[31206] $INFO[Control.GetLabel(130)] $LOCALIZE[31025]</label2>
						<onclick>noop</onclick>
						<visible>Control.IsVisible(139)</visible>
					</item>
					
					<item id="6">
						<label>$LOCALIZE[20360]</label>
						<label2>$LOCALIZE[31206] $INFO[Control.GetLabel(140)] $LOCALIZE[31025]</label2>
						<onclick>noop</onclick>
						<visible>Control.IsVisible(149)</visible>
					</item>
					
					<item id="7">
						<label>$LOCALIZE[20389]</label>
						<label2>$LOCALIZE[31206] $INFO[Control.GetLabel(150)] $LOCALIZE[31025]</label2>
						<onclick>noop</onclick>
						<visible>Control.IsVisible(159)</visible>
					</item>
					
					<item id="8">
						<label>$LOCALIZE[133]</label>
						<label2>$LOCALIZE[31206] $INFO[Control.GetLabel(160)] $LOCALIZE[31025]</label2>
						<onclick>noop</onclick>
						<visible>Control.IsVisible(169)</visible>
					</item>
					
					<item id="9">
						<label>$LOCALIZE[132]</label>
						<label2>$LOCALIZE[31206] $INFO[Control.GetLabel(170)] $LOCALIZE[31025]</label2>
						<onclick>noop</onclick>
						<visible>Control.IsVisible(179)</visible>
					</item>
					
					<item id="10">
						<label>$LOCALIZE[134]</label>
						<label2>$LOCALIZE[31206] $INFO[Control.GetLabel(180)] $LOCALIZE[31025]</label2>
						<onclick>noop</onclick>
						<visible>Control.IsVisible(189)</visible>
					</item>
					
					<item id="11">
						<label>$INFO[Control.GetLabel(198)]</label>
						<label2>$LOCALIZE[31207]</label2>
						<onclick>Control.Setfocus(9000,0)</onclick>
						<onclick>SendClick(198)</onclick>
						<visible>Control.IsVisible(198)</visible>
					</item>
				</content>
					
			</control>
			
			<!--scrollbar-->
			<control type="scrollbar" id="60">
				<left>520</left>
				<top>115</top>
				<height>668</height>
				<onleft>9010</onleft>
				<onright>9000</onright>
			</control>
			
			<!--no results-->
			<control type="label" id="199">
				<left>920</left>
				<top>155</top>
				<width>995</width>
				<height>30</height>
				<label>[B]$LOCALIZE[284][/B]</label>
				<font>secondary.info</font>
				<align>center</align>
				<aligny>center</aligny>
			</control>
			
			<control type="button" id="198">
				<!-- Hide this button  off the screen because we use the list above to pass to it instead -->
				<left>3000</left>
				<top>3000</top>
				<width>15</width>
				<height>15</height>
				<label>-</label>
				<onup>101</onup>
				<ondown>101</ondown>
				<onleft>101</onleft>
				<onright>101</onright>
			</control>
			
			<control type="group" id="101">
				<left>920</left>
				<top>115</top>
				
				<!--epg data-->
				<control type="group" id="229">
					<left>0</left>
					<top>0</top>
					<width>995</width>
					<height>580</height>
					
					<control type="label" id="220">
						<!-- Hide this Control off the screen because we use the list above to pass to it instead -->
						<left>3000</left>
						<top>3000</top>
						<width>150</width>
						<height>0</height>
						<label>-</label>
						<font>-</font>
						<textcolor>-</textcolor>
					</control>
					
					<control type="panel" id="221">
						<visible>Container(9000).HasFocus(1)</visible>
						<include>VisibleFadeEffect</include>
						<left>0</left>
						<top>10</top>
						<width>995</width>
						<height>620</height>
						<onleft>9000</onleft>
						<onright>228</onright>
						<onup>221</onup>
						<ondown>221</ondown>
						<viewtype label="535">list</viewtype>
						<preloaditems>2</preloaditems>
						<pagecontrol>228</pagecontrol>
						
						<itemlayout width="995" height="155">
							
							<control type="image">
								<left>10</left>
								<top>10</top>
								<width>150</width>
								<height>135</height>
								<aspectratio>keep</aspectratio>
								<texture background="true">$INFO[ListItem.Icon]</texture>
								<visible>!StringCompare(ListItem.Icon,DefaultFolder.png)</visible>
							</control>
							
							<control type="image">
								<left>10</left>
								<top>10</top>
								<width>150</width>
								<height>135</height>
								<aspectratio>keep</aspectratio>
								<texture background="true" colordiffuse="$VAR[Colour.500]">$INFO[ListItem.Icon]</texture>
								<visible>StringCompare(ListItem.Icon,DefaultFolder.png)</visible>
							</control>
							
							<control type="label">
								<left>165</left>
								<top>15</top>
								<width>820</width>
								<height>22</height>
								<label>[B]$INFO[ListItem.Label][/B]</label>
								<font>secondary.info</font>
								<aligny>center</aligny>
							</control>
							
							<control type="label">
								<left>165</left>
								<top>45</top>
								<width>820</width>
								<height>22</height>
								<label>$INFO[ListItem.Property(ChannelNumber),,. ]$INFO[ListItem.Property(ChannelName)]</label>
								<textcolor>grey2</textcolor>
								<aligny>center</aligny>
							</control>
							
							<control type="textbox">
								<left>165</left>
								<top>70</top>
								<width>820</width>
								<height>75</height>
								<label>$INFO[ListItem.Property(Plot)]</label>
								<font>secondary.info.small</font>
							</control>
							
						</itemlayout>
						
						<focusedlayout width="995" height="155">
						
							<control type="image">
								<left>0</left>
								<top>0</top>
								<width>995</width>
								<height>155</height>
								<texture colordiffuse="$VAR[Colour.500]">backgrounds/white.png</texture>
							</control>
							
							<control type="image">
								<left>10</left>
								<top>10</top>
								<width>150</width>
								<height>135</height>
								<aspectratio>keep</aspectratio>
								<texture background="true">$INFO[ListItem.Icon]</texture>
							</control>
							
							<control type="label">
								<left>165</left>
								<top>15</top>
								<width>820</width>
								<height>22</height>
								<label>[B]$INFO[ListItem.Label][/B]</label>
								<font>secondary.info</font>
								<textcolor>white</textcolor>
								<aligny>center</aligny>
							</control>
							
							<control type="label">
								<left>165</left>
								<top>45</top>
								<width>820</width>
								<height>22</height>
								<label>$INFO[ListItem.Property(ChannelNumber),,. ]$INFO[ListItem.Property(ChannelName)]</label>
								<textcolor>grey</textcolor>
								<aligny>center</aligny>
							</control>
							
							<control type="textbox">
								<left>165</left>
								<top>70</top>
								<width>820</width>
								<height>75</height>
								<label>$INFO[ListItem.Property(Plot)]</label>
								<font>secondary.info.small</font>
								<textcolor>white</textcolor>
								<autoscroll delay="3000" time="2000" repeat="6000">true</autoscroll>
							</control>
							
						</focusedlayout>
						
					</control>
					
					<!--scrollbar-->
					<control type="scrollbar" id="228">
						<left>1015</left>
						<top>0</top>
						<height>668</height>
						<onleft>221</onleft>
						<onright>9000</onright>
						<visible>Container(9000).Hasfocus(1)</visible>
					</control>
					
					<control type="label">
						<description>number of files/pages in list text label</description>
						<left>250</left>
						<top>632</top>
						<width>745</width>
						<height>30</height>
						<font>secondary.info.small</font>
						<align>right</align>
						<aligny>center</aligny>
						<scroll>true</scroll>
						<label>([COLOR=$VAR[Colour.500]]$INFO[Container(221).NumItems][/COLOR]) $LOCALIZE[31025] - $LOCALIZE[31024] ([COLOR=$VAR[Colour.500]]$INFO[Container(221).CurrentPage]/$INFO[Container(221).NumPages][/COLOR])</label>
						<visible>Container(9000).Hasfocus(1)</visible>
					</control>
					
				</control>
				
				<!--movie data-->
				<control type="group" id="119">
					<left>0</left>
					<top>0</top>
					<width>1000</width>
					<height>620</height>
					
					<control type="label" id="110">
						<!-- Hide this Control off the screen because we use the list above to pass to it instead -->
						<left>3000</left>
						<top>3000</top>
						<width>150</width>
						<height>0</height>
						<label>-</label>
						<font>-</font>
						<textcolor>-</textcolor>
					</control>
					
					<control type="panel" id="111">
						<visible>Container(9000).HasFocus(2)</visible>
						<include>VisibleFadeEffect</include>
						<left>0</left>
						<top>10</top>
						<width>1000</width>
						<height>620</height>
						<onleft>9000</onleft>
						<onright>118</onright>
						<onup>111</onup>
						<ondown>111</ondown>
						<viewtype label="535">panel</viewtype>
						<preloaditems>2</preloaditems>
						<pagecontrol>118</pagecontrol>
						
						<itemlayout width="500" height="155">
							
							<control type="image">
								<left>5</left>
								<top>5</top>
								<width>100</width>
								<height>145</height>
								<aspectratio>keep</aspectratio>
								<texture background="true">$INFO[ListItem.Icon]</texture>
								<visible>!StringCompare(ListItem.Icon,DefaultVideo.png)</visible>
							</control>
							
							<control type="image">
								<left>5</left>
								<top>5</top>
								<width>100</width>
								<height>145</height>
								<aspectratio>keep</aspectratio>
								<texture background="true" colordiffuse="$VAR[Colour.500]">$INFO[ListItem.Icon]</texture>
								<visible>StringCompare(ListItem.Icon,DefaultVideo.png)</visible>
							</control>
							
							<control type="image">
								<left>65</left>
								<top>105</top>
								<width>45</width>
								<height>45</height>
								<texture>OverlayWatched.png</texture>
								<visible>IntegerGreaterThan(ListItem.Property(PlayCount),0)</visible>
								<aspectratio>keep</aspectratio>
							</control>
							
							<control type="label">
								<left>115</left>
								<top>15</top>
								<width>370</width>
								<height>18</height>
								<label>[B]$INFO[ListItem.Label][/B]</label>
								<font>secondary.info</font>
								<aligny>center</aligny>
							</control>
							
							<control type="label">
								<left>115</left>
								<top>45</top>
								<width>370</width>
								<height>22</height>
								<label>$INFO[ListItem.Property(Year),, - ]$INFO[ListItem.Property(Duration),, $LOCALIZE[12391]]</label>
								<textcolor>grey2</textcolor>
								<aligny>center</aligny>
								<visible>!SubString(ListItem.Property(Duration),min)</visible>
							</control>
							
							<control type="label">
								<left>115</left>
								<top>45</top>
								<width>370</width>
								<height>22</height>
								<label>$INFO[ListItem.Property(Year),, - ]$INFO[ListItem.Property(Duration)]</label>
								<textcolor>grey2</textcolor>
								<aligny>center</aligny>
								<visible>SubString(ListItem.Property(Duration),min)</visible>
							</control>
							
							<control type="textbox">
								<left>115</left>
								<top>70</top>
								<width>370</width>
								<height>75</height>
								<label>$INFO[ListItem.Property(Tagline)]</label>
								<font>secondary.info.small</font>
							</control>
							
							<control type="textbox">
								<left>115</left>
								<top>70</top>
								<width>370</width>
								<height>75</height>
								<label>$INFO[ListItem.Property(PlotOutline)]</label>
								<font>secondary.info.small</font>
								<visible>IsEmpty(ListItem.Property(TagLine))</visible>
							</control>
							
							<control type="textbox">
								<left>115</left>
								<top>70</top>
								<width>370</width>
								<height>75</height>
								<label>$INFO[ListItem.Property(Plot)]</label>
								<font>secondary.info.small</font>
								<visible>IsEmpty(ListItem.Property(TagLine)) + IsEmpty(ListItem.Property(PlotOutline))</visible>
							</control>
							
						</itemlayout>
						
						<focusedlayout width="500" height="155">
						
							<control type="image">
								<left>0</left>
								<top>0</top>
								<width>495</width>
								<height>155</height>
								<texture colordiffuse="$VAR[Colour.500]">backgrounds/white.png</texture>
							</control>
							
							<control type="image">
								<left>5</left>
								<top>5</top>
								<width>100</width>
								<height>145</height>
								<texture background="true">$INFO[ListItem.Icon]</texture>
								<aspectratio>keep</aspectratio>
							</control>
							
							<control type="image">
								<left>65</left>
								<top>105</top>
								<width>45</width>
								<height>45</height>
								<texture>OverlayWatched.png</texture>
								<visible>IntegerGreaterThan(ListItem.Property(PlayCount),0)</visible>
								<aspectratio>keep</aspectratio>
							</control>
							
							<control type="label">
								<left>115</left>
								<top>15</top>
								<width>370</width>
								<height>18</height>
								<label>[B]$INFO[ListItem.Label][/B]</label>
								<font>secondary.info</font>
								<textcolor>white</textcolor>
								<aligny>center</aligny>
							</control>
							
							<control type="label">
								<left>115</left>
								<top>45</top>
								<width>370</width>
								<height>22</height>
								<label>$INFO[ListItem.Property(Year),, - ]$INFO[ListItem.Property(Duration),, $LOCALIZE[12391]]</label>
								<textcolor>grey</textcolor>
								<aligny>center</aligny>
								<visible>!SubString(ListItem.Property(Duration),min)</visible>
							</control>
							
							<control type="label">
								<left>115</left>
								<top>45</top>
								<width>370</width>
								<height>22</height>
								<label>$INFO[ListItem.Property(Year),, - ]$INFO[ListItem.Property(Duration)]</label>
								<textcolor>grey</textcolor>
								<aligny>center</aligny>
								<visible>SubString(ListItem.Property(Duration),min)</visible>
							</control>
							
							<control type="textbox">
								<left>115</left>
								<top>70</top>
								<width>370</width>
								<height>75</height>
								<label>$INFO[ListItem.Property(Tagline)]</label>
								<font>secondary.info.small</font>
								<textcolor>white</textcolor>
								<autoscroll delay="3000" time="2000" repeat="6000">true</autoscroll>
							</control>
							
							<control type="textbox">
								<left>115</left>
								<top>70</top>
								<width>370</width>
								<height>75</height>
								<label>$INFO[ListItem.Property(PlotOutline)]</label>
								<font>secondary.info.small</font>
								<textcolor>white</textcolor>
								<visible>IsEmpty(ListItem.Property(TagLine))</visible>
								<autoscroll delay="3000" time="2000" repeat="6000">true</autoscroll>
							</control>
							
							<control type="textbox">
								<left>115</left>
								<top>70</top>
								<width>370</width>
								<height>75</height>
								<label>$INFO[ListItem.Property(Plot)]</label>
								<font>secondary.info.small</font>
								<textcolor>white</textcolor>
								<visible>IsEmpty(ListItem.Property(TagLine)) + IsEmpty(ListItem.Property(PlotOutline))</visible>
								<autoscroll delay="3000" time="2000" repeat="6000">true</autoscroll>
							</control>
							
						</focusedlayout>
						
					</control>
					
					<!--scrollbar-->
					<control type="scrollbar" id="118">
						<left>1015</left>
						<top>0</top>
						<height>668</height>
						<onleft>111</onleft>
						<onright>9000</onright>
						<visible>Container(9000).Hasfocus(2)</visible>
					</control>
					
					<control type="label">
						<description>number of files/pages in list text label</description>
						<left>250</left>
						<top>632</top>
						<width>745</width>
						<height>30</height>
						<font>secondary.info.small</font>
						<align>right</align>
						<aligny>center</aligny>
						<scroll>true</scroll>
						<label>([COLOR=$VAR[Colour.500]]$INFO[Container(111).NumItems][/COLOR]) $LOCALIZE[31025] - $LOCALIZE[31024] ([COLOR=$VAR[Colour.500]]$INFO[Container(111).CurrentPage]/$INFO[Container(111).NumPages][/COLOR])</label>
						<visible>Container(9000).Hasfocus(2)</visible>
					</control>
					
				</control>
				
				<!--actor data-->
				<control type="group" id="219">
					<left>0</left>
					<top>0</top>
					<width>1000</width>
					<height>620</height>
					
					<control type="label" id="210">
						<!-- Hide this Control off the screen because we use the list above to pass to it instead -->
						<left>3000</left>
						<top>3000</top>
						<width>150</width>
						<height>0</height>
						<label>-</label>
						<font>-</font>
						<textcolor>-</textcolor>
					</control>
					
					<control type="panel" id="211">
						<visible>Container(9000).HasFocus(3)</visible>
						<include>VisibleFadeEffect</include>
						<left>0</left>
						<top>10</top>
						<width>1000</width>
						<height>620</height>
						<onleft>9000</onleft>
						<onright>218</onright>
						<onup>211</onup>
						<ondown>211</ondown>
						<viewtype label="535">panel</viewtype>
						<preloaditems>2</preloaditems>
						<pagecontrol>218</pagecontrol>
						
						<itemlayout width="500" height="155">
							
							<control type="image">
								<left>5</left>
								<top>5</top>
								<width>100</width>
								<height>145</height>
								<aspectratio>keep</aspectratio>
								<texture background="true">$INFO[ListItem.Icon]</texture>
								<visible>!StringCompare(ListItem.Icon,DefaultVideo.png)</visible>
							</control>
							
							<control type="image">
								<left>5</left>
								<top>5</top>
								<width>100</width>
								<height>145</height>
								<aspectratio>keep</aspectratio>
								<texture background="true" colordiffuse="$VAR[Colour.500]">$INFO[ListItem.Icon]</texture>
								<visible>StringCompare(ListItem.Icon,DefaultVideo.png)</visible>
							</control>
							
							<control type="image">
								<left>65</left>
								<top>105</top>
								<width>45</width>
								<height>45</height>
								<texture>OverlayWatched.png</texture>
								<visible>IntegerGreaterThan(ListItem.Property(PlayCount),0)</visible>
								<aspectratio>keep</aspectratio>
							</control>
							
							<control type="label">
								<left>115</left>
								<top>15</top>
								<width>370</width>
								<height>18</height>
								<label>[B]$INFO[ListItem.Label][/B]</label>
								<font>secondary.info</font>
								<aligny>center</aligny>
							</control>
							
							<control type="label">
								<left>115</left>
								<top>45</top>
								<width>370</width>
								<height>22</height>
								<label>$INFO[ListItem.Property(Year),, - ]$INFO[ListItem.Property(Duration),, $LOCALIZE[12391]]</label>
								<textcolor>grey2</textcolor>
								<aligny>center</aligny>
								<visible>!SubString(ListItem.Property(Duration),min)</visible>
							</control>
							
							<control type="label">
								<left>115</left>
								<top>45</top>
								<width>370</width>
								<height>22</height>
								<label>$INFO[ListItem.Property(Year),, - ]$INFO[ListItem.Property(Duration)]</label>
								<textcolor>grey2</textcolor>
								<aligny>center</aligny>
								<visible>SubString(ListItem.Property(Duration),min)</visible>
							</control>
							
							<control type="textbox">
								<left>115</left>
								<top>70</top>
								<width>370</width>
								<height>75</height>
								<label>$INFO[ListItem.Property(Tagline)]</label>
								<font>secondary.info.small</font>
							</control>
							
							<control type="textbox">
								<left>115</left>
								<top>70</top>
								<width>370</width>
								<height>75</height>
								<label>$INFO[ListItem.Property(PlotOutline)]</label>
								<font>secondary.info.small</font>
								<visible>IsEmpty(ListItem.Property(TagLine))</visible>
							</control>
							
							<control type="textbox">
								<left>115</left>
								<top>70</top>
								<width>370</width>
								<height>75</height>
								<label>$INFO[ListItem.Property(Plot)]</label>
								<font>secondary.info.small</font>
								<visible>IsEmpty(ListItem.Property(TagLine)) + IsEmpty(ListItem.Property(PlotOutline))</visible>
							</control>
							
						</itemlayout>
						
						<focusedlayout width="500" height="155">
						
							<control type="image">
								<left>0</left>
								<top>0</top>
								<width>495</width>
								<height>155</height>
								<texture colordiffuse="$VAR[Colour.500]">backgrounds/white.png</texture>
							</control>
							
							<control type="image">
								<left>5</left>
								<top>5</top>
								<width>100</width>
								<height>145</height>
								<texture background="true">$INFO[ListItem.Icon]</texture>
								<aspectratio>keep</aspectratio>
							</control>
							
							<control type="image">
								<left>65</left>
								<top>105</top>
								<width>45</width>
								<height>45</height>
								<texture>OverlayWatched.png</texture>
								<visible>IntegerGreaterThan(ListItem.Property(PlayCount),0)</visible>
								<aspectratio>keep</aspectratio>
							</control>
							
							<control type="label">
								<left>115</left>
								<top>15</top>
								<width>370</width>
								<height>18</height>
								<label>[B]$INFO[ListItem.Label][/B]</label>
								<font>secondary.info</font>
								<textcolor>white</textcolor>
								<aligny>center</aligny>
							</control>
							
							<control type="label">
								<left>115</left>
								<top>45</top>
								<width>370</width>
								<height>22</height>
								<label>$INFO[ListItem.Property(Year),, - ]$INFO[ListItem.Property(Duration),, $LOCALIZE[12391]]</label>
								<textcolor>grey</textcolor>
								<aligny>center</aligny>
								<visible>!SubString(ListItem.Property(Duration),min)</visible>
							</control>
							
							<control type="label">
								<left>115</left>
								<top>45</top>
								<width>370</width>
								<height>22</height>
								<label>$INFO[ListItem.Property(Year),, - ]$INFO[ListItem.Property(Duration)]</label>
								<textcolor>grey</textcolor>
								<aligny>center</aligny>
								<visible>SubString(ListItem.Property(Duration),min)</visible>
							</control>
							
							<control type="textbox">
								<left>115</left>
								<top>70</top>
								<width>370</width>
								<height>75</height>
								<label>$INFO[ListItem.Property(Tagline)]</label>
								<font>secondary.info.small</font>
								<textcolor>white</textcolor>
								<autoscroll delay="3000" time="2000" repeat="6000">true</autoscroll>
							</control>
							
							<control type="textbox">
								<left>115</left>
								<top>70</top>
								<width>370</width>
								<height>75</height>
								<label>$INFO[ListItem.Property(PlotOutline)]</label>
								<font>secondary.info.small</font>
								<textcolor>white</textcolor>
								<visible>IsEmpty(ListItem.Property(TagLine))</visible>
								<autoscroll delay="3000" time="2000" repeat="6000">true</autoscroll>
							</control>
							
							<control type="textbox">
								<left>115</left>
								<top>70</top>
								<width>370</width>
								<height>75</height>
								<label>$INFO[ListItem.Property(Plot)]</label>
								<font>secondary.info.small</font>
								<textcolor>white</textcolor>
								<visible>IsEmpty(ListItem.Property(TagLine)) + IsEmpty(ListItem.Property(PlotOutline))</visible>
								<autoscroll delay="3000" time="2000" repeat="6000">true</autoscroll>
							</control>
							
						</focusedlayout>
						
					</control>
					
					<!--scrollbar-->
					<control type="scrollbar" id="218">
						<left>1015</left>
						<top>0</top>
						<height>668</height>
						<onleft>111</onleft>
						<onright>9000</onright>
						<visible>Container(9000).Hasfocus(3)</visible>
					</control>
					
					<control type="label">
						<description>number of files/pages in list text label</description>
						<left>250</left>
						<top>632</top>
						<width>745</width>
						<height>30</height>
						<font>secondary.info.small</font>
						<align>right</align>
						<aligny>center</aligny>
						<scroll>true</scroll>
						<label>([COLOR=$VAR[Colour.500]]$INFO[Container(211).NumItems][/COLOR]) $LOCALIZE[31025] - $LOCALIZE[31024] ([COLOR=$VAR[Colour.500]]$INFO[Container(211).CurrentPage]/$INFO[Container(211).NumPages][/COLOR])</label>
						<visible>Container(9000).Hasfocus(3)</visible>
					</control>
					
				</control>
				
				<!--tv data-->
				<control type="group" id="129">
					<left>0</left>
					<top>0</top>
					<width>1000</width>
					<height>620</height>
					
					<control type="label" id="120">
						<!-- Hide this Control off the screen because we use the list above to pass to it instead -->
						<left>3000</left>
						<top>3000</top>
						<width>150</width>
						<height>0</height>
						<label>-</label>
						<font>-</font>
						<textcolor>-</textcolor>
					</control>
					
					<control type="panel" id="121">
						<visible>Container(9000).HasFocus(4)</visible>
						<include>VisibleFadeEffect</include>
						<left>0</left>
						<top>10</top>
						<width>1000</width>
						<height>620</height>
						<onleft>9000</onleft>
						<onright>128</onright>
						<onup>121</onup>
						<ondown>121</ondown>
						<viewtype label="535">panel</viewtype>
						<preloaditems>2</preloaditems>
						<pagecontrol>128</pagecontrol>
						
						<itemlayout width="500" height="155">
							
							<control type="image">
								<left>5</left>
								<top>5</top>
								<width>100</width>
								<height>145</height>
								<aspectratio>keep</aspectratio>
								<texture background="true">$INFO[ListItem.Icon]</texture>
								<visible>!StringCompare(ListItem.Icon,DefaultVideo.png)</visible>
							</control>
							
							<control type="image">
								<left>5</left>
								<top>5</top>
								<width>100</width>
								<height>145</height>
								<aspectratio>keep</aspectratio>
								<texture background="true" colordiffuse="$VAR[Colour.500]">$INFO[ListItem.Icon]</texture>
								<visible>StringCompare(ListItem.Icon,DefaultVideo.png)</visible>
							</control>
							
							<control type="image">
								<left>65</left>
								<top>105</top>
								<width>45</width>
								<height>45</height>
								<texture>OverlayWatched.png</texture>
								<visible>IntegerGreaterThan(ListItem.Property(PlayCount),0)</visible>
								<aspectratio>keep</aspectratio>
							</control>
							
							<control type="label">
								<left>115</left>
								<top>15</top>
								<width>370</width>
								<height>18</height>
								<label>[B]$INFO[ListItem.Label][/B]</label>
								<font>secondary.info</font>
								<aligny>center</aligny>
							</control>
							
							<control type="label">
								<left>115</left>
								<top>45</top>
								<width>370</width>
								<height>22</height>
								<label>$INFO[ListItem.Property(Premiered)]</label>
								<textcolor>grey2</textcolor>
								<aligny>center</aligny>
							</control>
							
							<control type="textbox">
								<left>115</left>
								<top>70</top>
								<width>370</width>
								<height>75</height>
								<label>$INFO[ListItem.Property(Plot)]</label>
								<font>secondary.info.small</font>
							</control>
							
						</itemlayout>
						
						<focusedlayout width="500" height="155">
						
							<control type="image">
								<left>0</left>
								<top>0</top>
								<width>495</width>
								<height>155</height>
								<texture colordiffuse="$VAR[Colour.500]">backgrounds/white.png</texture>
							</control>
							
							<control type="image">
								<left>5</left>
								<top>5</top>
								<width>100</width>
								<height>145</height>
								<texture background="true">$INFO[ListItem.Icon]</texture>
								<aspectratio>keep</aspectratio>
							</control>
							
							<control type="image">
								<left>65</left>
								<top>105</top>
								<width>45</width>
								<height>45</height>
								<texture>OverlayWatched.png</texture>
								<visible>IntegerGreaterThan(ListItem.Property(PlayCount),0)</visible>
								<aspectratio>keep</aspectratio>
							</control>
							
							<control type="label">
								<left>115</left>
								<top>15</top>
								<width>370</width>
								<height>18</height>
								<label>[B]$INFO[ListItem.Label][/B]</label>
								<font>secondary.info</font>
								<textcolor>white</textcolor>
								<aligny>center</aligny>
							</control>
							
							<control type="label">
								<left>115</left>
								<top>45</top>
								<width>370</width>
								<height>22</height>
								<label>$INFO[ListItem.Property(Premiered)]</label>
								<textcolor>grey</textcolor>
								<aligny>center</aligny>
							</control>
							
							<control type="textbox">
								<left>115</left>
								<top>70</top>
								<width>370</width>
								<height>75</height>
								<label>$INFO[ListItem.Property(Plot)]</label>
								<font>secondary.info.small</font>
								<textcolor>white</textcolor>
								<autoscroll delay="3000" time="2000" repeat="6000">true</autoscroll>
							</control>
							
						</focusedlayout>
						
					</control>
					
					<!--scrollbar-->
					<control type="scrollbar" id="128">
						<left>1015</left>
						<top>0</top>
						<height>668</height>
						<onleft>121</onleft>
						<onright>9000</onright>
						<visible>Container(9000).Hasfocus(4)</visible>
					</control>
					
					<control type="label">
						<description>number of files/pages in list text label</description>
						<left>250</left>
						<top>632</top>
						<width>745</width>
						<height>30</height>
						<font>secondary.info.small</font>
						<align>right</align>
						<aligny>center</aligny>
						<scroll>true</scroll>
						<label>([COLOR=$VAR[Colour.500]]$INFO[Container(121).NumItems][/COLOR]) $LOCALIZE[31025] - $LOCALIZE[31024] ([COLOR=$VAR[Colour.500]]$INFO[Container(121).CurrentPage]/$INFO[Container(121).NumPages][/COLOR])</label>
						<visible>Container(9000).Hasfocus(4)</visible>
					</control>
					
				</control>
				
				<!--season data-->
				<control type="group" id="139">
					<left>0</left>
					<top>0</top>
					<width>1000</width>
					<height>620</height>
					
					<control type="label" id="130">
						<!-- Hide this Control off the screen because we use the list above to pass to it instead -->
						<left>3000</left>
						<top>3000</top>
						<width>150</width>
						<height>0</height>
						<label>-</label>
						<font>-</font>
						<textcolor>-</textcolor>
					</control>
					
					<control type="panel" id="131">
						<visible>Container(9000).HasFocus(5)</visible>
						<include>VisibleFadeEffect</include>
						<left>0</left>
						<top>10</top>
						<width>1000</width>
						<height>620</height>
						<onleft>9000</onleft>
						<onright>138</onright>
						<onup>131</onup>
						<ondown>131</ondown>
						<viewtype label="535">panel</viewtype>
						<preloaditems>2</preloaditems>
						<pagecontrol>138</pagecontrol>
						
						<itemlayout width="500" height="155">
							
							<control type="image">
								<left>5</left>
								<top>5</top>
								<width>100</width>
								<height>145</height>
								<aspectratio>keep</aspectratio>
								<texture background="true">$INFO[ListItem.Icon]</texture>
								<visible>!StringCompare(ListItem.Icon,DefaultVideo.png)</visible>
							</control>
							
							<control type="image">
								<left>5</left>
								<top>5</top>
								<width>100</width>
								<height>145</height>
								<aspectratio>keep</aspectratio>
								<texture background="true" colordiffuse="$VAR[Colour.500]">$INFO[ListItem.Icon]</texture>
								<visible>StringCompare(ListItem.Icon,DefaultVideo.png)</visible>
							</control>
							
							<control type="image">
								<left>65</left>
								<top>105</top>
								<width>45</width>
								<height>45</height>
								<texture>OverlayWatched.png</texture>
								<visible>IntegerGreaterThan(ListItem.Property(PlayCount),0)</visible>
								<aspectratio>keep</aspectratio>
							</control>
							
							<control type="label">
								<left>115</left>
								<top>15</top>
								<width>370</width>
								<height>18</height>
								<label>[B]$INFO[ListItem.Label][/B]</label>
								<font>secondary.info</font>
								<aligny>center</aligny>
							</control>
							
							<control type="label">
								<left>115</left>
								<top>45</top>
								<width>370</width>
								<height>22</height>
								<label>$INFO[ListItem.Property(TvShowTitle)]</label>
								<textcolor>grey2</textcolor>
								<aligny>center</aligny>
							</control>
							
						</itemlayout>
						
						<focusedlayout width="500" height="155">
						
							<control type="image">
								<left>0</left>
								<top>0</top>
								<width>495</width>
								<height>155</height>
								<texture colordiffuse="$VAR[Colour.500]">backgrounds/white.png</texture>
							</control>
							
							<control type="image">
								<left>5</left>
								<top>5</top>
								<width>100</width>
								<height>145</height>
								<texture background="true">$INFO[ListItem.Icon]</texture>
								<aspectratio>keep</aspectratio>
							</control>
							
							<control type="image">
								<left>65</left>
								<top>105</top>
								<width>45</width>
								<height>45</height>
								<texture>OverlayWatched.png</texture>
								<visible>IntegerGreaterThan(ListItem.Property(PlayCount),0)</visible>
								<aspectratio>keep</aspectratio>
							</control>
							
							<control type="label">
								<left>115</left>
								<top>15</top>
								<width>370</width>
								<height>18</height>
								<label>[B]$INFO[ListItem.Label][/B]</label>
								<font>secondary.info</font>
								<textcolor>white</textcolor>
								<aligny>center</aligny>
							</control>
							
							<control type="label">
								<left>115</left>
								<top>45</top>
								<width>370</width>
								<height>22</height>
								<label>$INFO[ListItem.Property(TvShowTitle)]</label>
								<textcolor>grey</textcolor>
								<aligny>center</aligny>
							</control>
							
						</focusedlayout>
						
					</control>
					
					<!--scrollbar-->
					<control type="scrollbar" id="138">
						<left>1015</left>
						<top>0</top>
						<height>668</height>
						<onleft>131</onleft>
						<onright>9000</onright>
						<visible>Container(9000).Hasfocus(5)</visible>
					</control>
					
					<control type="label">
						<description>number of files/pages in list text label</description>
						<left>250</left>
						<top>632</top>
						<width>745</width>
						<height>30</height>
						<font>secondary.info.small</font>
						<align>right</align>
						<aligny>center</aligny>
						<scroll>true</scroll>
						<label>([COLOR=$VAR[Colour.500]]$INFO[Container(131).NumItems][/COLOR]) $LOCALIZE[31025] - $LOCALIZE[31024] ([COLOR=$VAR[Colour.500]]$INFO[Container(131).CurrentPage]/$INFO[Container(131).NumPages][/COLOR])</label>
						<visible>Container(9000).Hasfocus(5)</visible>
					</control>
					
				</control>
				
				<!--episode data-->
				<control type="group" id="149">
					<left>0</left>
					<top>0</top>
					<width>995</width>
					<height>580</height>
					
					<control type="label" id="140">
						<!-- Hide this Control off the screen because we use the list above to pass to it instead -->
						<left>3000</left>
						<top>3000</top>
						<width>150</width>
						<height>0</height>
						<label>-</label>
						<font>-</font>
						<textcolor>-</textcolor>
					</control>
					
					<control type="panel" id="141">
						<visible>Container(9000).HasFocus(6)</visible>
						<include>VisibleFadeEffect</include>
						<left>0</left>
						<top>10</top>
						<width>995</width>
						<height>620</height>
						<onleft>9000</onleft>
						<onright>148</onright>
						<onup>141</onup>
						<ondown>141</ondown>
						<viewtype label="535">list</viewtype>
						<preloaditems>2</preloaditems>
						<pagecontrol>148</pagecontrol>
						
						<itemlayout width="995" height="155">
							
							<control type="image">
								<left>10</left>
								<top>10</top>
								<width>150</width>
								<height>135</height>
								<aspectratio>keep</aspectratio>
								<texture background="true">$INFO[ListItem.Icon]</texture>
								<visible>!StringCompare(ListItem.Icon,DefaultVideo.png)</visible>
							</control>
							
							<control type="image">
								<left>10</left>
								<top>10</top>
								<width>150</width>
								<height>135</height>
								<aspectratio>keep</aspectratio>
								<texture background="true" colordiffuse="$VAR[Colour.500]">$INFO[ListItem.Icon]</texture>
								<visible>StringCompare(ListItem.Icon,DefaultVideo.png)</visible>
							</control>
							
							<control type="image">
								<left>65</left>
								<top>105</top>
								<width>45</width>
								<height>45</height>
								<texture>OverlayWatched.png</texture>
								<visible>IntegerGreaterThan(ListItem.Property(PlayCount),0)</visible>
								<aspectratio>keep</aspectratio>
							</control>
							
							<control type="label">
								<left>165</left>
								<top>15</top>
								<width>820</width>
								<height>22</height>
								<label>[B]$INFO[ListItem.Label][/B]</label>
								<font>secondary.info</font>
								<aligny>center</aligny>
							</control>
							
							<control type="label">
								<left>165</left>
								<top>45</top>
								<width>820</width>
								<height>22</height>
								<label>$INFO[ListItem.Property(TvShowTitle)]</label>
								<textcolor>grey2</textcolor>
								<aligny>center</aligny>
							</control>
							
							<control type="textbox">
								<left>165</left>
								<top>70</top>
								<width>820</width>
								<height>75</height>
								<label>$INFO[ListItem.Property(Plot)]</label>
								<font>secondary.info.small</font>
							</control>
							
						</itemlayout>
						
						<focusedlayout width="995" height="155">
						
							<control type="image">
								<left>0</left>
								<top>0</top>
								<width>995</width>
								<height>155</height>
								<texture colordiffuse="$VAR[Colour.500]">backgrounds/white.png</texture>
							</control>
							
							<control type="image">
								<left>10</left>
								<top>10</top>
								<width>150</width>
								<height>135</height>
								<aspectratio>keep</aspectratio>
								<texture background="true">$INFO[ListItem.Icon]</texture>
							</control>
							
							<control type="image">
								<left>65</left>
								<top>105</top>
								<width>45</width>
								<height>45</height>
								<texture>OverlayWatched.png</texture>
								<visible>IntegerGreaterThan(ListItem.Property(PlayCount),0)</visible>
								<aspectratio>keep</aspectratio>
							</control>
							
							<control type="label">
								<left>165</left>
								<top>15</top>
								<width>820</width>
								<height>22</height>
								<label>[B]$INFO[ListItem.Label][/B]</label>
								<font>secondary.info</font>
								<textcolor>white</textcolor>
								<aligny>center</aligny>
							</control>
							
							<control type="label">
								<left>165</left>
								<top>45</top>
								<width>820</width>
								<height>22</height>
								<label>$INFO[ListItem.Property(TvShowTitle)]</label>
								<textcolor>grey</textcolor>
								<aligny>center</aligny>
							</control>
							
							<control type="textbox">
								<left>165</left>
								<top>70</top>
								<width>820</width>
								<height>75</height>
								<label>$INFO[ListItem.Property(Plot)]</label>
								<font>secondary.info.small</font>
								<textcolor>white</textcolor>
								<autoscroll delay="3000" time="2000" repeat="6000">true</autoscroll>
							</control>
							
						</focusedlayout>
						
					</control>
					
					<!--scrollbar-->
					<control type="scrollbar" id="148">
						<left>1015</left>
						<top>0</top>
						<height>668</height>
						<onleft>141</onleft>
						<onright>9000</onright>
						<visible>Container(9000).Hasfocus(6)</visible>
					</control>
					
					<control type="label">
						<description>number of files/pages in list text label</description>
						<left>250</left>
						<top>632</top>
						<width>745</width>
						<height>30</height>
						<font>secondary.info.small</font>
						<align>right</align>
						<aligny>center</aligny>
						<scroll>true</scroll>
						<label>([COLOR=$VAR[Colour.500]]$INFO[Container(141).NumItems][/COLOR]) $LOCALIZE[31025] - $LOCALIZE[31024] ([COLOR=$VAR[Colour.500]]$INFO[Container(141).CurrentPage]/$INFO[Container(141).NumPages][/COLOR])</label>
						<visible>Container(9000).Hasfocus(6)</visible>
					</control>
					
				</control>
				
				<!--music video data-->
				<control type="group" id="159">
					<left>0</left>
					<top>0</top>
					<width>1000</width>
					<height>620</height>
					
					<control type="label" id="150">
						<!-- Hide this Control off the screen because we use the list above to pass to it instead -->
						<left>3000</left>
						<top>3000</top>
						<width>150</width>
						<height>0</height>
						<label>-</label>
						<font>-</font>
						<textcolor>-</textcolor>
					</control>
					
					<control type="panel" id="151">
						<visible>Container(9000).HasFocus(7)</visible>
						<include>VisibleFadeEffect</include>
						<left>0</left>
						<top>10</top>
						<width>1000</width>
						<height>620</height>
						<onleft>9000</onleft>
						<onright>158</onright>
						<onup>151</onup>
						<ondown>151</ondown>
						<viewtype label="535">panel</viewtype>
						<preloaditems>2</preloaditems>
						<pagecontrol>158</pagecontrol>
						
						<itemlayout width="500" height="155">
							
							<control type="image">
								<left>5</left>
								<top>5</top>
								<width>100</width>
								<height>145</height>
								<aspectratio>keep</aspectratio>
								<texture background="true">$INFO[ListItem.Icon]</texture>
								<visible>!StringCompare(ListItem.Icon,DefaultMusicVideos.png)</visible>
							</control>
							
							<control type="image">
								<left>5</left>
								<top>5</top>
								<width>100</width>
								<height>145</height>
								<aspectratio>keep</aspectratio>
								<texture background="true" colordiffuse="$VAR[Colour.500]">$INFO[ListItem.Icon]</texture>
								<visible>StringCompare(ListItem.Icon,DefaultMusicVideos.png)</visible>
							</control>
							
							<control type="image">
								<left>65</left>
								<top>105</top>
								<width>45</width>
								<height>45</height>
								<texture>OverlayWatched.png</texture>
								<visible>IntegerGreaterThan(ListItem.Property(PlayCount),0)</visible>
								<aspectratio>keep</aspectratio>
							</control>
							
							<control type="label">
								<left>115</left>
								<top>15</top>
								<width>370</width>
								<height>18</height>
								<label>[B]$INFO[ListItem.Label][/B]</label>
								<font>secondary.info</font>
								<aligny>center</aligny>
							</control>
							
							<control type="label">
								<left>115</left>
								<top>45</top>
								<width>370</width>
								<height>22</height>
								<label>$INFO[ListItem.Property(Artist)]</label>
								<font>secondary.info</font>
								<aligny>center</aligny>
							</control>
							
							<control type="label">
								<left>115</left>
								<top>82</top>
								<width>370</width>
								<height>22</height>
								<label>$INFO[ListItem.Property(Year)]</label>
								<font>secondary.info</font>
								<textcolor>grey2</textcolor>
								<aligny>center</aligny>
							</control>
							
							<control type="label">
								<left>115</left>
								<top>112</top>
								<width>370</width>
								<height>22</height>
								<label>$INFO[ListItem.Property(Duration)]</label>
								<font>secondary.info</font>
								<textcolor>grey2</textcolor>
								<aligny>center</aligny>
							</control>
							
						</itemlayout>
						
						<focusedlayout width="500" height="155">
						
							<control type="image">
								<left>0</left>
								<top>0</top>
								<width>495</width>
								<height>155</height>
								<texture colordiffuse="$VAR[Colour.500]">backgrounds/white.png</texture>
							</control>
							
							<control type="image">
								<left>5</left>
								<top>5</top>
								<width>100</width>
								<height>145</height>
								<texture background="true">$INFO[ListItem.Icon]</texture>
								<aspectratio>keep</aspectratio>
							</control>
							
							<control type="image">
								<left>65</left>
								<top>105</top>
								<width>45</width>
								<height>45</height>
								<texture>OverlayWatched.png</texture>
								<visible>IntegerGreaterThan(ListItem.Property(PlayCount),0)</visible>
								<aspectratio>keep</aspectratio>
							</control>
							
							<control type="label">
								<left>115</left>
								<top>15</top>
								<width>370</width>
								<height>18</height>
								<label>[B]$INFO[ListItem.Label][/B]</label>
								<font>secondary.info</font>
								<textcolor>white</textcolor>
								<aligny>center</aligny>
							</control>
							
							<control type="label">
								<left>115</left>
								<top>45</top>
								<width>370</width>
								<height>22</height>
								<label>$INFO[ListItem.Property(Artist)]</label>
								<font>secondary.info</font>
								<textcolor>white</textcolor>
								<aligny>center</aligny>
							</control>
							
							<control type="label">
								<left>115</left>
								<top>82</top>
								<width>370</width>
								<height>22</height>
								<label>$INFO[ListItem.Property(Year)]</label>
								<font>secondary.info</font>
								<textcolor>grey</textcolor>
								<aligny>center</aligny>
							</control>
							
							<control type="label">
								<left>115</left>
								<top>112</top>
								<width>370</width>
								<height>22</height>
								<label>$INFO[ListItem.Property(Duration)]</label>
								<font>secondary.info</font>
								<textcolor>grey</textcolor>
								<aligny>center</aligny>
							</control>
							
						</focusedlayout>
						
					</control>
					
					<!--scrollbar-->
					<control type="scrollbar" id="158">
						<left>1015</left>
						<top>0</top>
						<height>668</height>
						<onleft>151</onleft>
						<onright>9000</onright>
						<visible>Container(9000).Hasfocus(7)</visible>
					</control>
					
					<control type="label">
						<description>number of files/pages in list text label</description>
						<left>250</left>
						<top>632</top>
						<width>745</width>
						<height>30</height>
						<font>secondary.info.small</font>
						<align>right</align>
						<aligny>center</aligny>
						<scroll>true</scroll>
						<label>([COLOR=$VAR[Colour.500]]$INFO[Container(151).NumItems][/COLOR]) $LOCALIZE[31025] - $LOCALIZE[31024] ([COLOR=$VAR[Colour.500]]$INFO[Container(151).CurrentPage]/$INFO[Container(151).NumPages][/COLOR])</label>
						<visible>Container(9000).Hasfocus(7)</visible>
					</control>
					
				</control>
				
				<!--artist data-->
				<control type="group" id="169">
					<left>0</left>
					<top>0</top>
					<width>995</width>
					<height>580</height>
					
					<control type="label" id="160">
						<!-- Hide this Control off the screen because we use the list above to pass to it instead -->
						<left>3000</left>
						<top>3000</top>
						<width>150</width>
						<height>0</height>
						<label>-</label>
						<font>-</font>
						<textcolor>-</textcolor>
					</control>
					
					<control type="panel" id="161">
						<visible>Container(9000).HasFocus(8)</visible>
						<include>VisibleFadeEffect</include>
						<left>0</left>
						<top>10</top>
						<width>995</width>
						<height>620</height>
						<onleft>9000</onleft>
						<onright>168</onright>
						<onup>161</onup>
						<ondown>161</ondown>
						<viewtype label="535">list</viewtype>
						<preloaditems>2</preloaditems>
						<pagecontrol>168</pagecontrol>
						
						<itemlayout width="995" height="155">
							
							<control type="image">
								<left>10</left>
								<top>10</top>
								<width>150</width>
								<height>135</height>
								<aspectratio>keep</aspectratio>
								<texture background="true">$INFO[ListItem.Icon]</texture>
								<visible>!StringCompare(ListItem.Icon,DefaultArtist.png)</visible>
							</control>
							
							<control type="image">
								<left>10</left>
								<top>10</top>
								<width>150</width>
								<height>135</height>
								<aspectratio>keep</aspectratio>
								<texture background="true" colordiffuse="$VAR[Colour.500]">$INFO[ListItem.Icon]</texture>
								<visible>StringCompare(ListItem.Icon,DefaultArtist.png)</visible>
							</control>
							
							<control type="label">
								<left>165</left>
								<top>15</top>
								<width>820</width>
								<height>22</height>
								<label>[B]$INFO[ListItem.Label][/B]</label>
								<font>secondary.info</font>
								<aligny>center</aligny>
							</control>
							
							<control type="label">
								<left>165</left>
								<top>45</top>
								<width>820</width>
								<height>22</height>
								<label>$INFO[ListItem.Property(Artist_Genre)]</label>
								<textcolor>grey2</textcolor>
								<aligny>center</aligny>
							</control>
							
							<control type="textbox">
								<left>165</left>
								<top>70</top>
								<width>820</width>
								<height>75</height>
								<label>$INFO[ListItem.Property(Artist_Description)]</label>
								<font>secondary.info.small</font>
							</control>
							
						</itemlayout>
						
						<focusedlayout width="995" height="155">
						
							<control type="image">
								<left>0</left>
								<top>0</top>
								<width>995</width>
								<height>155</height>
								<texture colordiffuse="$VAR[Colour.500]">backgrounds/white.png</texture>
							</control>
							
							<control type="image">
								<left>10</left>
								<top>10</top>
								<width>150</width>
								<height>135</height>
								<aspectratio>keep</aspectratio>
								<texture background="true">$INFO[ListItem.Icon]</texture>
							</control>
							
							<control type="label">
								<left>165</left>
								<top>15</top>
								<width>820</width>
								<height>22</height>
								<label>[B]$INFO[ListItem.Label][/B]</label>
								<font>secondary.info</font>
								<textcolor>white</textcolor>
								<aligny>center</aligny>
							</control>
							
							<control type="label">
								<left>165</left>
								<top>45</top>
								<width>820</width>
								<height>22</height>
								<label>$INFO[ListItem.Property(Artist_Genre)]</label>
								<textcolor>grey</textcolor>
								<aligny>center</aligny>
							</control>
							
							<control type="textbox">
								<left>165</left>
								<top>70</top>
								<width>820</width>
								<height>75</height>
								<label>$INFO[ListItem.Property(Artist_Description)]</label>
								<font>secondary.info.small</font>
								<textcolor>white</textcolor>
								<autoscroll delay="3000" time="2000" repeat="6000">true</autoscroll>
							</control>
							
						</focusedlayout>
						
					</control>
					
					<!--scrollbar-->
					<control type="scrollbar" id="168">
						<left>1015</left>
						<top>0</top>
						<height>668</height>
						<onleft>161</onleft>
						<onright>9000</onright>
						<visible>Container(9000).Hasfocus(8)</visible>
					</control>
					
					<control type="label">
						<description>number of files/pages in list text label</description>
						<left>250</left>
						<top>632</top>
						<width>745</width>
						<height>30</height>
						<font>secondary.info.small</font>
						<align>right</align>
						<aligny>center</aligny>
						<scroll>true</scroll>
						<label>([COLOR=$VAR[Colour.500]]$INFO[Container(161).NumItems][/COLOR]) $LOCALIZE[31025] - $LOCALIZE[31024] ([COLOR=$VAR[Colour.500]]$INFO[Container(161).CurrentPage]/$INFO[Container(161).NumPages][/COLOR])</label>
						<visible>Container(9000).Hasfocus(8)</visible>
					</control>
					
				</control>
				
				<!--album data-->
				<control type="group" id="179">
					<left>0</left>
					<top>0</top>
					<width>995</width>
					<height>580</height>
					
					<control type="label" id="170">
						<!-- Hide this Control off the screen because we use the list above to pass to it instead -->
						<left>3000</left>
						<top>3000</top>
						<width>150</width>
						<height>0</height>
						<label>-</label>
						<font>-</font>
						<textcolor>-</textcolor>
					</control>
					
					<control type="panel" id="171">
						<visible>Container(9000).HasFocus(9)</visible>
						<include>VisibleFadeEffect</include>
						<left>0</left>
						<top>10</top>
						<width>995</width>
						<height>620</height>
						<onleft>9000</onleft>
						<onright>178</onright>
						<onup>171</onup>
						<ondown>171</ondown>
						<viewtype label="535">list</viewtype>
						<preloaditems>2</preloaditems>
						<pagecontrol>178</pagecontrol>
						
						<itemlayout width="995" height="155">
							
							<control type="image">
								<left>10</left>
								<top>10</top>
								<width>150</width>
								<height>135</height>
								<aspectratio>keep</aspectratio>
								<texture background="true">$INFO[ListItem.Icon]</texture>
								<visible>!StringCompare(ListItem.Icon,DefaultAlbumCover.png)</visible>
							</control>
							
							<control type="image">
								<left>10</left>
								<top>10</top>
								<width>150</width>
								<height>135</height>
								<aspectratio>keep</aspectratio>
								<texture background="true" colordiffuse="$VAR[Colour.500]">$INFO[ListItem.Icon]</texture>
								<visible>StringCompare(ListItem.Icon,DefaultAlbumCover.png)</visible>
							</control>
							
							<control type="label">
								<left>165</left>
								<top>15</top>
								<width>820</width>
								<height>22</height>
								<label>[B]$INFO[ListItem.Label][/B]</label>
								<font>secondary.info</font>
								<aligny>center</aligny>
							</control>
							
							<control type="label">
								<left>165</left>
								<top>45</top>
								<width>820</width>
								<height>22</height>
								<label>$INFO[ListItem.Property(Artist)]</label>
								<textcolor>grey2</textcolor>
								<aligny>center</aligny>
							</control>
							
							<control type="textbox">
								<left>165</left>
								<top>70</top>
								<width>820</width>
								<height>75</height>
								<label>$INFO[ListItem.Property(Album_Description)]</label>
								<font>secondary.info.small</font>
							</control>
							
						</itemlayout>
						
						<focusedlayout width="995" height="155">
						
							<control type="image">
								<left>0</left>
								<top>0</top>
								<width>995</width>
								<height>155</height>
								<texture colordiffuse="$VAR[Colour.500]">backgrounds/white.png</texture>
							</control>
							
							<control type="image">
								<left>10</left>
								<top>10</top>
								<width>150</width>
								<height>135</height>
								<aspectratio>keep</aspectratio>
								<texture background="true">$INFO[ListItem.Icon]</texture>
							</control>
							
							<control type="label">
								<left>165</left>
								<top>15</top>
								<width>820</width>
								<height>22</height>
								<label>[B]$INFO[ListItem.Label][/B]</label>
								<font>secondary.info</font>
								<textcolor>white</textcolor>
								<aligny>center</aligny>
							</control>
							
							<control type="label">
								<left>165</left>
								<top>45</top>
								<width>820</width>
								<height>22</height>
								<label>$INFO[ListItem.Property(Artist)]</label>
								<textcolor>grey</textcolor>
								<aligny>center</aligny>
							</control>
							
							<control type="textbox">
								<left>165</left>
								<top>70</top>
								<width>820</width>
								<height>75</height>
								<label>$INFO[ListItem.Property(Album_Description)]</label>
								<font>secondary.info.small</font>
								<textcolor>white</textcolor>
								<autoscroll delay="3000" time="2000" repeat="6000">true</autoscroll>
							</control>
							
						</focusedlayout>
						
					</control>
					
					<!--scrollbar-->
					<control type="scrollbar" id="178">
						<left>1015</left>
						<top>0</top>
						<height>668</height>
						<onleft>171</onleft>
						<onright>9000</onright>
						<visible>Container(9000).Hasfocus(9)</visible>
					</control>
					
					<control type="label">
						<description>number of files/pages in list text label</description>
						<left>250</left>
						<top>632</top>
						<width>745</width>
						<height>30</height>
						<font>secondary.info.small</font>
						<align>right</align>
						<aligny>center</aligny>
						<scroll>true</scroll>
						<label>([COLOR=$VAR[Colour.500]]$INFO[Container(171).NumItems][/COLOR]) $LOCALIZE[31025] - $LOCALIZE[31024] ([COLOR=$VAR[Colour.500]]$INFO[Container(171).CurrentPage]/$INFO[Container(171).NumPages][/COLOR])</label>
						<visible>Container(9000).Hasfocus(9)</visible>
					</control>
					
				</control>
				
				<!--song data-->
				<control type="group" id="189">
					<left>0</left>
					<top>0</top>
					<width>1000</width>
					<height>620</height>
					
					<control type="label" id="180">
						<!-- Hide this Control off the screen because we use the list above to pass to it instead -->
						<left>3000</left>
						<top>3000</top>
						<width>150</width>
						<height>0</height>
						<label>-</label>
						<font>-</font>
						<textcolor>-</textcolor>
					</control>
					
					<control type="panel" id="181">
						<visible>Container(9000).HasFocus(10)</visible>
						<include>VisibleFadeEffect</include>
						<left>0</left>
						<top>10</top>
						<width>1000</width>
						<height>620</height>
						<onleft>9000</onleft>
						<onright>188</onright>
						<onup>181</onup>
						<ondown>181</ondown>
						<viewtype label="535">panel</viewtype>
						<preloaditems>2</preloaditems>
						<pagecontrol>188</pagecontrol>
						
						<itemlayout width="500" height="155">
							
							<control type="image">
								<left>5</left>
								<top>5</top>
								<width>100</width>
								<height>145</height>
								<aspectratio>keep</aspectratio>
								<texture background="true">$INFO[ListItem.Icon]</texture>
								<visible>!StringCompare(ListItem.Icon,DefaultAudio.png)</visible>
							</control>
							
							<control type="image">
								<left>5</left>
								<top>5</top>
								<width>100</width>
								<height>145</height>
								<aspectratio>keep</aspectratio>
								<texture background="true" colordiffuse="$VAR[Colour.500]">$INFO[ListItem.Icon]</texture>
								<visible>StringCompare(ListItem.Icon,DefaultAudio.png)</visible>
							</control>
							
							<control type="image">
								<left>65</left>
								<top>105</top>
								<width>45</width>
								<height>45</height>
								<texture>OverlayWatched.png</texture>
								<visible>IntegerGreaterThan(ListItem.Property(PlayCount),0)</visible>
								<aspectratio>keep</aspectratio>
							</control>
							
							<control type="label">
								<left>115</left>
								<top>15</top>
								<width>370</width>
								<height>18</height>
								<label>[B]$INFO[ListItem.Label][/B]</label>
								<font>secondary.info</font>
								<aligny>center</aligny>
							</control>
							
							<control type="label">
								<left>115</left>
								<top>45</top>
								<width>370</width>
								<height>22</height>
								<label>$INFO[ListItem.Property(Artist)]</label>
								<font>secondary.info</font>
								<aligny>center</aligny>
							</control>
							
							<control type="label">
								<left>115</left>
								<top>82</top>
								<width>370</width>
								<height>22</height>
								<label>$INFO[ListItem.Property(Genre)]</label>
								<font>secondary.info</font>
								<textcolor>grey2</textcolor>
								<aligny>center</aligny>
							</control>
							
							<control type="label">
								<left>115</left>
								<top>112</top>
								<width>370</width>
								<height>22</height>
								<label>$INFO[ListItem.Property(Duration)]</label>
								<font>secondary.info</font>
								<textcolor>grey2</textcolor>
								<aligny>center</aligny>
							</control>
							
						</itemlayout>
						
						<focusedlayout width="500" height="155">
						
							<control type="image">
								<left>0</left>
								<top>0</top>
								<width>495</width>
								<height>155</height>
								<texture colordiffuse="$VAR[Colour.500]">backgrounds/white.png</texture>
							</control>
							
							<control type="image">
								<left>5</left>
								<top>5</top>
								<width>100</width>
								<height>145</height>
								<texture background="true">$INFO[ListItem.Icon]</texture>
								<aspectratio>keep</aspectratio>
							</control>
							
							<control type="image">
								<left>65</left>
								<top>105</top>
								<width>45</width>
								<height>45</height>
								<texture>OverlayWatched.png</texture>
								<visible>IntegerGreaterThan(ListItem.Property(PlayCount),0)</visible>
								<aspectratio>keep</aspectratio>
							</control>
							
							<control type="label">
								<left>115</left>
								<top>15</top>
								<width>370</width>
								<height>18</height>
								<label>[B]$INFO[ListItem.Label][/B]</label>
								<font>secondary.info</font>
								<textcolor>white</textcolor>
								<aligny>center</aligny>
							</control>
							
							<control type="label">
								<left>115</left>
								<top>45</top>
								<width>370</width>
								<height>22</height>
								<label>$INFO[ListItem.Property(Artist)]</label>
								<font>secondary.info</font>
								<textcolor>white</textcolor>
								<aligny>center</aligny>
							</control>
							
							<control type="label">
								<left>115</left>
								<top>82</top>
								<width>370</width>
								<height>22</height>
								<label>$INFO[ListItem.Property(Genre)]</label>
								<font>secondary.info</font>
								<textcolor>grey</textcolor>
								<aligny>center</aligny>
							</control>
							
							<control type="label">
								<left>115</left>
								<top>112</top>
								<width>370</width>
								<height>22</height>
								<label>$INFO[ListItem.Property(Duration)]</label>
								<font>secondary.info</font>
								<textcolor>grey</textcolor>
								<aligny>center</aligny>
							</control>
							
						</focusedlayout>
						
					</control>
					
					<!--scrollbar-->
					<control type="scrollbar" id="188">
						<left>1015</left>
						<top>0</top>
						<height>668</height>
						<onleft>181</onleft>
						<onright>9000</onright>
						<visible>Container(9000).Hasfocus(10)</visible>
					</control>
					
					<control type="label">
						<description>number of files/pages in list text label</description>
						<left>250</left>
						<top>632</top>
						<width>745</width>
						<height>30</height>
						<font>secondary.info.small</font>
						<align>right</align>
						<aligny>center</aligny>
						<scroll>true</scroll>
						<label>([COLOR=$VAR[Colour.500]]$INFO[Container(181).NumItems][/COLOR]) $LOCALIZE[31025] - $LOCALIZE[31024] ([COLOR=$VAR[Colour.500]]$INFO[Container(181).CurrentPage]/$INFO[Container(181).NumPages][/COLOR])</label>
						<visible>Container(9000).Hasfocus(10)</visible>
					</control>
					
				</control>
				
			</control>
			
		</control>
		
		<include>BehindDialogFadeOut</include>
		
	</controls>
	
</window>