<?xml version="1.0" encoding="UTF-8"?>

<window type="dialog">

	<defaultcontrol always="true">450</defaultcontrol>
	
	<coordinates>
		<system>1</system>
		<left>0</left>
		<top>0</top>
	</coordinates>
	
	<controls>
	
		<control type="group">
			<include>SideBladeRight</include>
			
			<!--close window button-->
			<control type="button" id="20">
				<left>1925</left>
				<top>0</top>
				<width>50</width>
				<height>25</height>
				<label>-</label>
				<font>-</font>
				<onclick>PreviousMenu</onclick>
				<texturefocus>DialogCloseButton-focus.png</texturefocus>
				<texturenofocus>DialogCloseButton.png</texturenofocus>
				<onleft>2</onleft>
				<onright>13</onright>
				<onup>13</onup>
				<ondown>2</ondown>
				<visible>system.getbool(input.enablemouse)</visible>
			</control>
			
			<!--title-->
			<control type="label">
				<left>1920</left>
				<top>15</top>
				<width>360</width>
				<height>60</height>
				<font>menu.title</font>
				<textcolor>white</textcolor>
				<align>right</align>
				<aligny>center</aligny>
				<label>1036</label>
			</control>
			
			<control type="image">
				<left>-87r</left>
				<top>95</top>
				<width>200</width>
				<height>200</height>
				<aspectratio align="center">keep</aspectratio>
				<fadetime>IconCrossfadeTime</fadetime>
				<texture>$INFO[ListItem.Icon]</texture>
				<bordertexture border="8">ThumbShadow.png</bordertexture>
				<bordersize>8</bordersize>
			</control>
			
			<control type="list" id="450">
				<left>-10r</left>
				<top>300</top>
				<width>375</width>
				<height>730</height>
				<onup>450</onup>
				<onleft>Dialog.Close(Favourites)</onleft>
				<onright>450</onright>
				<ondown>450</ondown>
				<pagecontrol>-</pagecontrol>
				<scrolltime>200</scrolltime>
				<itemgap>0</itemgap>
				
				<itemlayout height="60">
				
					<control type="image">
						<left>0</left>
						<top>0</top>
						<width>355</width>
						<height>60</height>
						<texture colordiffuse="button.border">-</texture>
					</control>
					
					<control type="label">
						<left>15</left>
						<top>0</top>
						<width>325</width>
						<height>60</height>
						<font>button</font>
						<align>right</align>
						<aligny>center</aligny>
						<textcolor>text.primary</textcolor>
						<info>ListItem.Label</info>
					</control>
					
				</itemlayout>
				
				<focusedlayout height="60">
				
					<control type="image">
						<left>0</left>
						<top>0</top>
						<width>355</width>
						<height>60</height>
						<visible>!Control.HasFocus(450)</visible>
						<texture colordiffuse="button.border">-</texture>
					</control>
					
					<control type="image">
						<left>0</left>
						<top>0</top>
						<width>355</width>
						<height>60</height>
						<visible>Control.HasFocus(450)</visible>
						<texture colordiffuse="$VAR[Colour.500]">backgrounds/white.png</texture>
					</control>
					
					<control type="label">
						<left>15</left>
						<top>0</top>
						<width>325</width>
						<height>60</height>
						<font>button</font>
						<align>right</align>
						<aligny>center</aligny>
						<textcolor>text.primary</textcolor>
						<info>ListItem.Label</info>
						<visible>!Control.HasFocus(450)</visible>
					</control>
					
					<control type="label">
						<left>15</left>
						<top>0</top>
						<width>325</width>
						<height>60</height>
						<font>button</font>
						<align>right</align>
						<aligny>center</aligny>
						<textcolor>white</textcolor>
						<info>ListItem.Label</info>
						<visible>Control.HasFocus(450)</visible>
					</control>
					
				</focusedlayout>
				
			</control>
			
			<control type="label">
				<description>Page label</description>
				<left>-10r</left>
				<top>1035</top>
				<width>350</width>
				<height>30</height>
				<align>right</align>
				<aligny>center</aligny>
				<font>breadcrumb.secondary</font>
				<textcolor>text.primary</textcolor>
				<label>$INFO[Container(450).NumItems] $LOCALIZE[31025]  [COLOR=$VAR[Colour.500]]$LOCALIZE[31024] $INFO[Container(450).CurrentPage]/$INFO[Container(450).NumPages][/COLOR]</label>
			</control>
			
		</control>
		
	</controls>
	
</window>