<?xml version="1.0" encoding="UTF-8"?>

<window>

	<defaultcontrol always="true">8</defaultcontrol>
	<allowoverlay>no</allowoverlay>
	
	<controls>
	
		<!--all content-->
		<control type="group">
			<left>-265</left>
			<visible>!Window.IsActive(FileBrowser) + !Window.IsActive(SelectDialog)</visible>
			<animation effect="slide" start="1650,0" end="0,0" time="400" tween="quadratic" easing="out">WindowOpen</animation>
			<animation effect="slide" start="0,0" end="-1650,0" time="400" tween="quadratic" easing="out">WindowClose</animation>
			
			<animation effect="slide" start="1650,0" end="0,0" time="400" tween="quadratic" easing="out">Visible</animation>
			<animation effect="slide" start="0,0" end="-1650,0" time="400" tween="quadratic" easing="out">Hidden</animation>
			
			<animation effect="slide" start="0,0" end="-125,0" time="300" condition="Window.IsActive(ShutdownMenu)">Conditional</animation>
			
			<!--title bars and backgrounds-->
			<control type="group">
			
				<!--fake button to view fanart-->
				<control type="button" id="9003">
					<left>1850</left>
					<top>80</top>
					<width>60</width>
					<height>60</height>
					<label>-</label>
					<font>-</font>
					<ondown>9000</ondown>
					<texturenofocus>-</texturenofocus>
					<texturefocus>-</texturefocus>
				</control>
			
				<!--background-->
				<control type="image">
					<left>535</left>
					<top>0</top>
					<width>1390</width>
					<height>1080</height>
					<texture colordiffuse="tertiary">backgrounds/white.png</texture>
				</control>				
				
				<!--windowed trailer-->
				<control type="group">
					<left>535</left>
					<top>-632</top>
					<animation effect="slide" start="0,0" end="0,782" time="400" tween="quadratic" easing="out" condition="Control.HasFocus(15)">Conditional</animation>	
					
					<!--background-->
					<control type="image">
						<left>0</left>
						<top>0</top>
						<width>1390</width>
						<height>782</height>
						<texture colordiffuse="black">backgrounds/white.png</texture>
					</control>
					
					<!--play button-->
					<control type="image">
						<description>background</description>
						<left>439</left>
						<top>135</top>
						<width>512</width>
						<height>512</height>
						<texture colordiffuse="white">trailerplay.png</texture>
						<visible>!Player.HasVideo</visible>
					</control>
					
					<control type="videowindow">
						<left>0</left>
						<top>0</top>
						<width>1390</width>
						<height>782</height>
						<visible>Player.HasVideo</visible>
					</control>
					
					<!--pause button-->
					<control type="image">
						<description>background</description>
						<left>439</left>
						<top>135</top>
						<width>512</width>
						<height>512</height>
						<texture colordiffuse="white">trailerpause.png</texture>
						<visible>Player.Paused + Player.HasVideo</visible>
					</control>
					
				</control>
			
				<!--fanart-->
				<control type="image">
					<left>535</left>
					<top>-632</top>
					<width>1390</width>
					<height>782</height>
					<texture background="true">$INFO[ListItem.Art(fanart)]</texture>
					<include>backgroundfade</include>
					<fadetime>FanartCrossfadeTime</fadetime>
					<animation effect="slide" start="0,0" end="0,782" time="400" tween="quadratic" easing="out" condition="Control.HasFocus(9003)">Conditional</animation>	
				</control>
			
				<!--fanart-->
				<control type="multiimage">
					<left>535</left>
					<top>-632</top>
					<width>1390</width>
					<height>782</height>
					<imagepath background="true">$INFO[ListItem.Path,,/extrafanart]</imagepath>
					<timeperimage>5000</timeperimage>
					<include>backgroundfade</include>
					<fadetime>FanartCrossfadeTime</fadetime>
					<animation effect="slide" start="0,0" end="0,782" time="400" tween="quadratic" easing="out" condition="Control.HasFocus(9003)">Conditional</animation>	
				</control>
			
				<!--fanart shadow-->
				<control type="image">
					<left>535</left>
					<top>130</top>
					<width>1390</width>
					<height>20</height>
					<texture flipy="true">homeshadow.png</texture>
					<animation effect="fade" start="100" end="75" time="0" condition="true">Conditional</animation>
					<animation effect="slide" start="0,0" end="0,782" time="400" tween="quadratic" easing="out" condition="Control.HasFocus(9003)">Conditional</animation>
					<animation effect="slide" start="0,0" end="0,782" time="400" tween="quadratic" easing="out" condition="Control.HasFocus(15)">Conditional</animation>	
				</control>
				
				<!-- left shadow-->
				<control type="image">
					<left>505</left>
					<top>0</top>
					<width>30</width>
					<height>1080</height>
					<texture flipx="true">sidebarshadow.png</texture>
				</control>
				
				<!--right shadow-->
				<control type="image">
					<left>1925</left>
					<top>0</top>
					<width>30</width>
					<height>1080</height>
					<texture>sidebarshadow.png</texture>
				</control>
					
				<!--title background-->
				<control type="image">
					<left>535</left>
					<top>0</top>
					<width>1390</width>
					<height>150</height>
					<texture background="true" colordiffuse="$VAR[Colour.500]">backgrounds/white.png</texture>
				</control>
					
				<!--button background-->
				<control type="image">
					<left>535</left>
					<top>150</top>
					<width>1390</width>
					<height>80</height>
					<texture background="true" colordiffuse="$VAR[Colour.900]">backgrounds/white.png</texture>
					<animation effect="slide" start="0,0" end="0,782" time="400" tween="quadratic" easing="out" condition="Control.HasFocus(9003)">Conditional</animation>	
					<animation effect="slide" start="0,0" end="0,782" time="400" tween="quadratic" easing="out" condition="Control.HasFocus(15)">Conditional</animation>
				</control>
			
				<!--title shadow-->
				<control type="image">
					<left>535</left>
					<top>150</top>
					<width>1390</width>
					<height>20</height>
					<texture>homeshadow.png</texture>
					<animation effect="fade" start="100" end="75" time="0" condition="true">Conditional</animation>
				</control>
				
				<!--close window button-->
				<control type="button">
					<left>540</left>
					<top>0</top>
					<width>50</width>
					<height>25</height>
					<label>-</label>
					<font>-</font>
					<onclick>PreviousMenu</onclick>
					<texturefocus>DialogCloseButton-focus.png</texturefocus>
					<texturenofocus>DialogCloseButton.png</texturenofocus>
					<onleft>9000</onleft>
					<onright>9000</onright>
					<onup>9000</onup>
					<ondown>9000</ondown>
					<visible>system.getbool(input.enablemouse)</visible>
				</control>
				
			</control>
			
			<!--titles-->
			<control type="group">
				
				<!--title-->
				<control type="label">
					<left>580</left>
					<top>25</top>
					<width>1330</width>
					<height>60</height>
					<font>info.title</font>
					<align>left</align>
					<aligny>center</aligny>
					<textcolor>white</textcolor>
					<label>$INFO[Listitem.Title]</label>
				</control>
				
				<!--tagline-->
				<control type="label">
					<left>580</left>
					<top>80</top>
					<width>1250</width>
					<height>60</height>
					<font>breadcrumb</font>
					<label>$INFO[Listitem.Tagline]</label>
					<align>left</align>
					<aligny>center</aligny>
					<textcolor>white</textcolor>
				</control>	
				
				<!--genre-->
				<control type="label">
					<left>580</left>
					<top>80</top>
					<width>1250</width>
					<height>60</height>
					<font>breadcrumb</font>
					<label>$INFO[Listitem.Genre]</label>
					<align>left</align>
					<aligny>center</aligny>
					<textcolor>white</textcolor>
					<visible>IsEmpty(ListItem.Tagline + [Container.Content(Movies) | Container.Content(TVShows)]</visible>
				</control>	
				
				<!--tv show/season/episode-->
				<control type="label">
					<left>580</left>
					<top>80</top>
					<width>1250</width>
					<height>60</height>
					<font>breadcrumb</font>
					<label>$INFO[ListItem.TVShowTitle] • $LOCALIZE[20373] $INFO[ListItem.Season] / $LOCALIZE[20359] $INFO[ListItem.Episode]</label>
					<align>left</align>
					<aligny>center</aligny>
					<textcolor>white</textcolor>
					<visible>Container.Content(Episodes)</visible>
				</control>	
				
				<!--hint arrow-->
				<control type="group">
					<top>80</top>
					<left>570</left>
		
					<!--circle border-->
					<control type="image">
						<left>1280</left>
						<top>0</top>
						<width>60</width>
						<height>60</height>
						<texture colordiffuse="white">buttoncircleborder.png</texture>
					</control>
		
					<!--arrow-->
					<control type="image">
						<left>1280</left>
						<top>0</top>
						<width>60</width>
						<height>60</height>
						<texture colordiffuse="white" flipy="true">hint-arrow-down.png</texture>
						<animation effect="rotate" start="0" end="180" time="200" center="auto" condition="Control.HasFocus(15) | Control.HasFocus(9003)">Conditional</animation>
					</control>
					
				</control>
				
			</control>
			
			<!--main content-->
			<control type="group">
				<animation effect="slide" start="0,0" end="0,782" time="400" tween="quadratic" easing="out" condition="Control.HasFocus(9003)">Conditional</animation>	
				<animation effect="slide" start="0,0" end="0,782" time="400" tween="quadratic" easing="out" condition="Control.HasFocus(15)">Conditional</animation>
				
				<!--button animated circles-->
				<control type="group">
					<left>580</left>
					<top>160</top>
		
					<!--play/browse circle border-->
					<control type="image">
						<left>0</left>
						<top>0</top>
						<width>60</width>
						<height>60</height>
						<texture colordiffuse="white">buttoncircleborder.png</texture>
						<visible>Control.HasFocus(8)</visible>
					</control>
					
					<!--browse/browse circle animation-->
					<control type="image">
						<left>-1</left>
						<top>-1</top>
						<width>62</width>
						<height>62</height>
						<texture colordiffuse="white">buttoncircle.png</texture>
						<visible>Control.HasFocus(8)</visible>
						<animation effect="zoom" start="0" end="100" time="250" center="auto">Visible</animation>
					</control>	
		
					<!--cast circle border-->
					<control type="image">
						<left>195</left>
						<top>0</top>
						<width>60</width>
						<height>60</height>
						<texture colordiffuse="white">buttoncircleborder.png</texture>
						<visible>Control.HasFocus(5)</visible>
					</control>
					
					<!--cast circle animation-->
					<control type="image">
						<left>194</left>
						<top>-1</top>
						<width>62</width>
						<height>62</height>
						<texture colordiffuse="white">buttoncircle.png</texture>
						<visible>Control.HasFocus(5)</visible>
						<animation effect="zoom" start="0" end="100" time="250" center="auto">Visible</animation>
					</control>	
		
					<!--trailer circle border-->
					<control type="image">
						<left>390</left>
						<top>0</top>
						<width>60</width>
						<height>60</height>
						<texture colordiffuse="white">buttoncircleborder.png</texture>
						<visible>Control.HasFocus(11) | Control.HasFocus(15)</visible>
					</control>
					
					<!--trailer circle animation-->
					<control type="image">
						<left>389</left>
						<top>-1</top>
						<width>62</width>
						<height>62</height>
						<texture colordiffuse="white">buttoncircle.png</texture>
						<visible>Control.HasFocus(11) | Control.HasFocus(15)</visible>
						<animation effect="zoom" start="0" end="100" time="250" center="auto">Visible</animation>
					</control>	
					
					<control type="group">
						<animation effect="slide" start="0,0" end="-195,0" time="0" condition="IsEmpty(ListItem.Trailer)">Conditional</animation>
		
						<!--refresh circle border-->
						<control type="image">
							<left>585</left>
							<top>0</top>
							<width>60</width>
							<height>60</height>
							<texture colordiffuse="white">buttoncircleborder.png</texture>
							<visible>Control.HasFocus(6)</visible>
						</control>
						
						<!--refresh circle animation-->
						<control type="image">
							<left>584</left>
							<top>-1</top>
							<width>62</width>
							<height>62</height>
							<texture colordiffuse="white">buttoncircle.png</texture>
							<visible>Control.HasFocus(6)</visible>
							<animation effect="zoom" start="0" end="100" time="250" center="auto">Visible</animation>
						</control>	
			
						<!--art circle border-->
						<control type="image">
							<left>780</left>
							<top>0</top>
							<width>60</width>
							<height>60</height>
							<texture colordiffuse="white">buttoncircleborder.png</texture>
							<visible>Control.HasFocus(10)</visible>
						</control>
						
						<!--art circle animation-->
						<control type="image">
							<left>779</left>
							<top>-1</top>
							<width>62</width>
							<height>62</height>
							<texture colordiffuse="white">buttoncircle.png</texture>
							<visible>Control.HasFocus(10)</visible>
							<animation effect="zoom" start="0" end="100" time="250" center="auto">Visible</animation>
						</control>	
			
						<!--tune circle border-->
						<control type="image">
							<left>975</left>
							<top>0</top>
							<width>60</width>
							<height>60</height>
							<texture colordiffuse="white">buttoncircleborder.png</texture>
							<visible>Control.HasFocus(100)</visible>
						</control>
						
						<!--tune circle animation-->
						<control type="image">
							<left>974</left>
							<top>-1</top>
							<width>62</width>
							<height>62</height>
							<texture colordiffuse="white">buttoncircle.png</texture>
							<visible>Control.HasFocus(100)</visible>
							<animation effect="zoom" start="0" end="100" time="250" center="auto">Visible</animation>
						</control>	
						
					</control>

				</control>
				
				<!--controls-->
				<control type="grouplist" id="9000">
					<left>580</left>
					<top>160</top>
					<width>1545</width>
					<height>60</height>
					<itemgap>0</itemgap>
					<align>left</align>
					<orientation>horizontal</orientation>
					<onleft>9000</onleft>
					<onright>9000</onright>
					<onup condition="!Control.HasFocus(15)">9003</onup>
					<onup condition="Control.HasFocus(15)">9000</onup>
					<ondown condition="!Control.IsVisible(50)">49</ondown>
					<ondown condition="Control.IsVisible(50)">50</ondown>
					
					<!--play/browse to show-->
					<control type="togglebutton" id="8">
						<width>195</width>
						<textoffsetx>60</textoffsetx>
						<align>left</align>
						<textwidth>410</textwidth>
						<textcolor>white</textcolor>
						<focusedcolor>white</focusedcolor>
						<texturefocus colordiffuse="$VAR[Colour.900]">playbuttonf.png</texturefocus>
						<texturenofocus colordiffuse="white">playbutton.png</texturenofocus>	
						<alttexturefocus colordiffuse="$VAR[Colour.900]">playbuttonf.png</alttexturefocus>
						<alttexturenofocus colordiffuse="white">playbutton.png</alttexturenofocus>	
						<include>ButtonInfoDialogsCommonValues</include>
						<label>208</label>
						<altlabel>1024</altlabel>
						<usealttexture>Container.Content(TVShows)</usealttexture>
					</control>
					
					<!--cast-->
					<control type="button" id="5">
						<width>195</width>
						<textoffsetx>60</textoffsetx>
						<align>left</align>
						<textwidth>410</textwidth>
						<textcolor>white</textcolor>
						<focusedcolor>white</focusedcolor>
						<texturefocus colordiffuse="$VAR[Colour.900]">castbuttonf.png</texturefocus>
						<texturenofocus colordiffuse="white">castbutton.png</texturenofocus>	
						<include>ButtonInfoDialogsCommonValues</include>
						<label>206</label>
					</control>
					
					<!--trailer-->
					<control type="button" id="11">
						<width>195</width>
						<textoffsetx>60</textoffsetx>
						<align>left</align>
						<textwidth>410</textwidth>
						<textcolor>white</textcolor>
						<focusedcolor>white</focusedcolor>
						<texturefocus colordiffuse="$VAR[Colour.900]">trailerbuttonf.png</texturefocus>
						<texturenofocus colordiffuse="white">trailerbutton.png</texturenofocus>	
						<include>ButtonInfoDialogsCommonValues</include>
						<label>20410</label>
						<visible>!IsEmpty(ListItem.Trailer) + Skin.HasSetting(HideWindowedTrailer)</visible>
					</control>
					
					<!--windowed trailer-->
					<control type="button" id="15">
						<width>195</width>
						<textoffsetx>60</textoffsetx>
						<align>left</align>
						<textwidth>410</textwidth>
						<textcolor>white</textcolor>
						<focusedcolor>white</focusedcolor>
						<texturefocus colordiffuse="$VAR[Colour.900]">trailerbuttonf.png</texturefocus>
						<texturenofocus colordiffuse="white">trailerbutton.png</texturenofocus>	
						<include>ButtonInfoDialogsCommonValues</include>
						<label>20410</label>
						<onclick>PlayMedia($INFO[ListItem.Trailer],1)</onclick>
						<visible>!IsEmpty(ListItem.Trailer) + !Skin.HasSetting(HideWindowedTrailer)</visible>
					</control>					
					
					<!--refresh-->
					<control type="button" id="6">
						<width>195</width>
						<textoffsetx>60</textoffsetx>
						<align>left</align>
						<textwidth>410</textwidth>
						<textcolor>white</textcolor>
						<focusedcolor>white</focusedcolor>
						<texturefocus colordiffuse="$VAR[Colour.900]">refreshbuttonf.png</texturefocus>
						<texturenofocus colordiffuse="white">refreshbutton.png</texturenofocus>	
						<include>ButtonInfoDialogsCommonValues</include>
						<label>184</label>
					</control>
					
					<!--get art-->
					<control type="button" id="10">
						<width>195</width>
						<textoffsetx>60</textoffsetx>
						<align>left</align>
						<textwidth>410</textwidth>
						<textcolor>white</textcolor>
						<focusedcolor>white</focusedcolor>
						<texturefocus colordiffuse="$VAR[Colour.900]">artbuttonf.png</texturefocus>
						<texturenofocus colordiffuse="white">artbutton.png</texturenofocus>	
						<include>ButtonInfoDialogsCommonValues</include>
						<label>13511</label>
					</control>
					
					<!--get tv tune-->
					<control type="button" id="100">
						<width>195</width>
						<textoffsetx>60</textoffsetx>
						<align>left</align>
						<textwidth>410</textwidth>
						<textcolor>white</textcolor>
						<focusedcolor>white</focusedcolor>
						<texturefocus colordiffuse="$VAR[Colour.900]">tunebuttonf.png</texturefocus>
						<texturenofocus colordiffuse="white">tunebutton.png</texturenofocus>	
						<include>ButtonInfoDialogsCommonValues</include>
						<label>31127</label>
						<onclick>RunScript(script.tvtunes,mode=solo)</onclick>
						<visible>Skin.HasSetting(ActivateTvTunes) + System.HasAddon(script.tvtunes) + [Container.Content(TVShows) | Container.Content(movies) | Container.Content(musicvideos)] + IsEmpty(Window(movieinformation).Property("TvTunes_HideVideoInfoButton"))</visible>
					</control>
					
				</control>	
				
				<!--thumbs-->
				<control type="group">
					<left>535</left>
					<top>230</top>
					
					<!--movies thumb-->
					<control type="image">
						<left>0</left>
						<top>0</top>
						<width>567</width>
						<height>850</height>
						<aspectratio aligny="top">keep</aspectratio>
						<texture background="true">$VAR[PosterThumb]</texture>
						<visible>[!container.content(tvshows) + !container.content(episodes) + !container.content(musicvideos)]</visible>
						<visible>!Control.IsVisible(50)</visible>
					</control>
					
					<!--tv shows thumb-->
					<control type="image">
						<left>0</left>
						<top>0</top>
						<width>567</width>
						<height>850</height>
						<aspectratio aligny="top">stretch</aspectratio>
						<texture background="true">$VAR[PosterThumb]</texture>
						<visible>Container.Content(TVShows)</visible>
						<visible>!Control.IsVisible(50)</visible>
					</control>
					
					<!--episode thumb-->
					<control type="image">
						<left>0</left>
						<top>0</top>
						<width>567</width>
						<height>850</height>
						<aspectratio aligny="top">keep</aspectratio>
						<texture background="true">$INFO[ListItem.Icon]</texture>
						<visible>!Container.Content(Movies) + !Container.Content(TVShows)</visible>
						<visible>!Control.IsVisible(50)</visible>
					</control>
				
					<!--actor image-->
					<control type="image">
						<left>0</left>
						<top>0</top>
						<width>567</width>
						<height>850</height>
						<aspectratio aligny="top">keep</aspectratio>
						<texture colordiffuse="$VAR[Colour.500]">$INFO[Container(50).Listitem.Icon]</texture>
						<visible>Control.IsVisible(50)</visible>
						<visible>SubString(Container(50).ListItem.Icon,default)</visible>
					</control>
				
					<!--actor image-->
					<control type="image">
						<left>0</left>
						<top>0</top>
						<width>567</width>
						<height>850</height>
						<aspectratio aligny="top">keep</aspectratio>
						<texture>$INFO[Container(50).Listitem.Icon]</texture>
						<visible>Control.IsVisible(50)</visible>
						<visible>!SubString(Container(50).ListItem.Icon,default)</visible>
					</control>
					
				</control>
		
				<!--buttons shadow-->
				<control type="image">
					<left>535</left>
					<top>230</top>
					<width>1390</width>
					<height>10</height>
					<texture>homeshadow.png</texture>
					<animation effect="fade" start="100" end="75" time="0" condition="true">Conditional</animation>
				</control>
				
				<!--audio/video flags-->
				<control type="group">
					<left>1135</left>
					<top>615</top>
					<visible>[Container.Content(Movies) | Container.Content(Episodes) | Container.Content(MusicVideos)] + !Control.HasFocus(15)</visible>
					<include>media.flags.small</include>
					<animation effect="slide" start="0,0" end="0,-75" time="0" condition="Container.Content(Episodes)">Conditonal</animation>
				</control>
								
				<!--movies info-->
				<control type="group">
					<visible>[!container.content(tvshows) + !container.content(episodes) + !container.content(musicvideos)]</visible>
					<left>600</left>
					<top>260</top>
					
					<!--info list-->
					<control type="list" id="49">
						<left>505</left>
						<top>0</top>
						<width>1110</width>
						<height>495</height>
						<onleft>9000</onleft>
						<onright>9000</onright>
						<onup>9000</onup>
						<ondown>61</ondown>
						<pagecontrol>-</pagecontrol>
						<scrolltime>200</scrolltime>
						
						<itemlayout height="35">
						
							<control type="label">
								<left>30</left>
								<top>0</top>
								<width>240</width>
								<height>35</height>
								<font>secondary.info</font>
								<align>left</align>
								<aligny>center</aligny>
								<textcolor>$VAR[Colour.500]</textcolor>
								<selectedcolor>selected</selectedcolor>
								<info>ListItem.Label</info>
							</control>
							
							<control type="label">
								<left>180</left>
								<top>0</top>
								<width>600</width>
								<height>35</height>
								<font>secondary.info</font>
								<align>left</align>
								<aligny>center</aligny>
								<textcolor>text.primary</textcolor>
								<selectedcolor>text.primary</selectedcolor>
								<info>ListItem.Label2</info>
							</control>
							
						</itemlayout>
						
						<focusedlayout height="35">
						
							<control type="image">
								<left>7</left>
								<top>7</top>
								<width>20</width>
								<height>20</height>
								<visible>Control.HasFocus(49)</visible>
								<texture colordiffuse="$VAR[Colour.500]">buttoncircle.png</texture>
							</control>
							
							<control type="label">
								<left>30</left>
								<top>0</top>
								<width>240</width>
								<height>35</height>
								<font>secondary.info</font>
								<align>left</align>
								<aligny>center</aligny>
								<textcolor>$VAR[Colour.500]</textcolor>
								<selectedcolor>selected</selectedcolor>
								<info>ListItem.Label</info>
							</control>
							
							<control type="label">
								<left>180</left>
								<top>0</top>
								<width>600</width>
								<height>35</height>
								<font>secondary.info</font>
								<align>left</align>
								<aligny>center</aligny>
								<textcolor>text.primary</textcolor>
								<selectedcolor>text.primary</selectedcolor>
								<info>ListItem.Label2</info>
							</control>
							
						</focusedlayout>
						
						<content>
							
							<item>
								<label>$LOCALIZE[562]</label>
								<label2>$INFO[ListItem.Year]</label2>
								<onclick>noop</onclick>
								<visible>!IsEmpty(ListItem.Year)</visible>
							</item>
							
							<item>
								<label>$LOCALIZE[2050]</label>
								<label2>$INFO[ListItem.Duration] $LOCALIZE[12391]</label2>
								<onclick>noop</onclick>
								<visible>!IsEmpty(ListItem.Duration)</visible>
							</item>
							
							<item>
								<label>$LOCALIZE[31068]</label>
								<label2>$INFO[ListItem.mpaa]</label2>
								<onclick>noop</onclick>
								<visible>!IsEmpty(ListItem.mpaa)</visible>
							</item>
							
							<item>
								<label>$LOCALIZE[563]</label>
								<label2>$INFO[ListItem.RatingAndVotes]</label2>
								<onclick>noop</onclick>
								<visible>!IsEmpty(ListItem.RatingAndVotes)</visible>
							</item>
							
							<item>
								<label>$LOCALIZE[515]</label>
								<label2>$INFO[ListItem.Genre]</label2>
								<onclick>noop</onclick>
								<visible>!IsEmpty(ListItem.Genre)</visible>
							</item>
							
							<item>
								<label>$LOCALIZE[20339]</label>
								<label2>$INFO[ListItem.Director]</label2>
								<onclick>SendClick(2003,13)</onclick>
								<visible>!IsEmpty(ListItem.Director)</visible>
							</item>
							
							<item>
								<label>$LOCALIZE[20417]</label>
								<label2>$INFO[ListItem.Writer]</label2>
								<onclick>noop</onclick>
								<visible>!IsEmpty(ListItem.Writer)</visible>
							</item>
							
							<item>
								<label>$LOCALIZE[572]</label>
								<label2>$INFO[ListItem.Studio]</label2>
								<onclick>noop</onclick>
								<visible>!IsEmpty(ListItem.Studio)</visible>
							</item>
							
							<item>
								<label>$LOCALIZE[31067]</label>
								<label2>$INFO[ListItem.FilenameAndPath]</label2>
								<onclick>noop</onclick>
								<visible>!IsEmpty(ListItem.FilenameAndPath)</visible>
							</item>
							
						</content>
						
					</control>
					
					<control type="image">
						<left>535</left>
						<top>335</top>
						<width>750</width>
						<height>1</height>
						<aspectratio>stretch</aspectratio>
						<texture colordiffuse="$VAR[Colour.500]">backgrounds/white.png</texture>
					</control>
					
				</control>
				
				<!--tv shows info-->
				<control type="group">
					<visible>Container.Content(TVShows)</visible>
					<left>600</left>
					<top>260</top>
					
					<control type="list" id="49">
						<left>505</left>
						<top>0</top>
						<width>1110</width>
						<height>495</height>
						<onleft>9000</onleft>
						<onright>9000</onright>
						<onup>9000</onup>
						<ondown>61</ondown>
						<pagecontrol>-</pagecontrol>
						<scrolltime>200</scrolltime>
						
						<itemlayout height="35">
						
							<control type="label">
								<left>30</left>
								<top>0</top>
								<width>240</width>
								<height>35</height>
								<font>secondary.info</font>
								<align>left</align>
								<aligny>center</aligny>
								<textcolor>$VAR[Colour.500]</textcolor>
								<selectedcolor>selected</selectedcolor>
								<info>ListItem.Label</info>
							</control>
							
							<control type="label">
								<left>180</left>
								<top>0</top>
								<width>600</width>
								<height>35</height>
								<font>secondary.info</font>
								<align>left</align>
								<aligny>center</aligny>
								<textcolor>text.primary</textcolor>
								<selectedcolor>text.primary</selectedcolor>
								<info>ListItem.Label2</info>
							</control>
							
						</itemlayout>
						
						<focusedlayout height="35">
						
							<control type="image">
								<left>7</left>
								<top>7</top>
								<width>20</width>
								<height>20</height>
								<visible>Control.HasFocus(49)</visible>
								<texture colordiffuse="$VAR[Colour.500]">buttoncircle.png</texture>
							</control>
							
							<control type="label">
								<left>30</left>
								<top>0</top>
								<width>240</width>
								<height>35</height>
								<font>secondary.info</font>
								<align>left</align>
								<aligny>center</aligny>
								<textcolor>$VAR[Colour.500]</textcolor>
								<selectedcolor>selected</selectedcolor>
								<info>ListItem.Label</info>
							</control>
							
							<control type="label">
								<left>180</left>
								<top>0</top>
								<width>600</width>
								<height>35</height>
								<font>secondary.info</font>
								<align>left</align>
								<aligny>center</aligny>
								<textcolor>text.primary</textcolor>
								<selectedcolor>text.primary</selectedcolor>
								<info>ListItem.Label2</info>
							</control>
							
						</focusedlayout>
						
						<content>
							
							<item>
								<label>$LOCALIZE[562]</label>
								<label2>$INFO[ListItem.Year]</label2>
								<onclick>noop</onclick>
								<visible>!IsEmpty(ListItem.Year)</visible>
							</item>
							
							<item>
								<label>$LOCALIZE[31322]</label>
								<label2>$INFO[ListItem.Premiered]</label2>
								<onclick>noop</onclick>
								<visible>!IsEmpty(ListItem.Premiered)</visible>
							</item>
							
							<item>
								<label>$LOCALIZE[31068]</label>
								<label2>$INFO[ListItem.Mpaa]</label2>
								<onclick>noop</onclick>
								<visible>!IsEmpty(ListItem.Mpaa)</visible>
							</item>
							
							<item>
								<label>$LOCALIZE[563]</label>
								<label2>$INFO[ListItem.Rating]</label2>
								<onclick>noop</onclick>
								<visible>!IsEmpty(ListItem.Rating)</visible>
							</item>
							
							<item>
								<label>$LOCALIZE[515]</label>
								<label2>$INFO[ListItem.Genre]</label2>
								<onclick>noop</onclick>
								<visible>!IsEmpty(ListItem.Genre)</visible>
							</item>
							
							<item>
								<label>$LOCALIZE[572]</label>
								<label2>$INFO[ListItem.Studio]</label2>
								<onclick>noop</onclick>
								<visible>!IsEmpty(ListItem.Studio)</visible>
							</item>
						
							<item>
								<label>$LOCALIZE[20360]</label>
								<label2>$INFO[listitem.episode]</label2>
								<onclick>noop</onclick>
								<visible>!IsEmpty(ListItem.Episode)</visible>
							</item>
						
							<item>
								<label>$LOCALIZE[16101]</label>
								<label2>$INFO[ListItem.Property(UnWatchedEpisodes)]</label2>
								<onclick>noop</onclick>
								<visible>!IsEmpty(ListItem.Episode)</visible>
							</item>
							
							<item>
								<label>$LOCALIZE[31067]</label>
								<label2>$INFO[ListItem.FilenameAndPath]</label2>
								<onclick>noop</onclick>
								<visible>!IsEmpty(ListItem.FilenameAndPath)</visible>
							</item>
							
						</content>
						
					</control>
					
					<control type="image">
						<left>535</left>
						<top>330</top>
						<width>750</width>
						<height>1</height>
						<aspectratio>stretch</aspectratio>
						<texture colordiffuse="$VAR[Colour.500]">backgrounds/white.png</texture>
					</control>
					
				</control>
				
				<!--episodes info-->
				<control type="group">
					<visible>container.content(episodes)</visible>
					<left>600</left>
					<top>260</top>
					
					<control type="list" id="49">
						<left>505</left>
						<top>0</top>
						<width>1110</width>
						<height>495</height>
						<onleft>9000</onleft>
						<onright>9000</onright>
						<onup>9000</onup>
						<ondown>61</ondown>
						<pagecontrol>-</pagecontrol>
						<scrolltime>200</scrolltime>
						
						<itemlayout height="35">
						
							<control type="label">
								<left>30</left>
								<top>0</top>
								<width>240</width>
								<height>35</height>
								<font>secondary.info</font>
								<align>left</align>
								<aligny>center</aligny>
								<textcolor>$VAR[Colour.500]</textcolor>
								<selectedcolor>selected</selectedcolor>
								<info>ListItem.Label</info>
							</control>
							
							<control type="label">
								<left>180</left>
								<top>0</top>
								<width>600</width>
								<height>35</height>
								<font>secondary.info</font>
								<align>left</align>
								<aligny>center</aligny>
								<textcolor>text.primary</textcolor>
								<selectedcolor>text.primary</selectedcolor>
								<info>ListItem.Label2</info>
							</control>
							
						</itemlayout>
						
						<focusedlayout height="35">
						
							<control type="image">
								<left>7</left>
								<top>7</top>
								<width>20</width>
								<height>20</height>
								<visible>Control.HasFocus(49)</visible>
								<texture colordiffuse="$VAR[Colour.500]">buttoncircle.png</texture>
							</control>
							
							<control type="label">
								<left>30</left>
								<top>0</top>
								<width>240</width>
								<height>35</height>
								<font>secondary.info</font>
								<align>left</align>
								<aligny>center</aligny>
								<textcolor>$VAR[Colour.500]</textcolor>
								<selectedcolor>selected</selectedcolor>
								<info>ListItem.Label</info>
							</control>
							
							<control type="label">
								<left>180</left>
								<top>0</top>
								<width>600</width>
								<height>35</height>
								<font>secondary.info</font>
								<align>left</align>
								<aligny>center</aligny>
								<textcolor>text.primary</textcolor>
								<selectedcolor>text.primary</selectedcolor>
								<info>ListItem.Label2</info>
							</control>
							
						</focusedlayout>
						
						<content>
							
							<item>
								<label>$LOCALIZE[562]</label>
								<label2>$INFO[ListItem.Year]</label2>
								<onclick>noop</onclick>
								<visible>!IsEmpty(ListItem.Year)</visible>
							</item>
							
							<item>
								<label>$LOCALIZE[31322]</label>
								<label2>$INFO[ListItem.Premiered]</label2>
								<onclick>noop</onclick>
								<visible>!IsEmpty(ListItem.Premiered)</visible>
							</item>
							
							<item>
								<label>$LOCALIZE[2050]</label>
								<label2>$INFO[ListItem.Duration] $LOCALIZE[12391]</label2>
								<onclick>noop</onclick>
								<visible>!IsEmpty(ListItem.Duration)</visible>
							</item>
							
							<item>
								<label>$LOCALIZE[563]</label>
								<label2>$INFO[ListItem.Rating]</label2>
								<onclick>noop</onclick>
								<visible>!IsEmpty(ListItem.Rating)</visible>
							</item>
							
							<item>
								<label>$LOCALIZE[515]</label>
								<label2>$INFO[ListItem.Genre]</label2>
								<onclick>noop</onclick>
								<visible>!IsEmpty(ListItem.Genre)</visible>
							</item>
							
							<item>
								<label>$LOCALIZE[20339]</label>
								<label2>$INFO[ListItem.Director]</label2>
								<onclick>SendClick(2003,13)</onclick>
								<visible>!IsEmpty(ListItem.Director)</visible>
							</item>
							
							<item>
								<label>$LOCALIZE[20417]</label>
								<label2>$INFO[ListItem.Writer]</label2>
								<onclick>noop</onclick>
								<visible>!IsEmpty(ListItem.Writer)</visible>
							</item>
							
							<item>
								<label>$LOCALIZE[31067]</label>
								<label2>$INFO[ListItem.FilenameAndPath]</label2>
								<onclick>noop</onclick>
								<visible>!IsEmpty(ListItem.FilenameAndPath)</visible>
							</item>
							
						</content>
						
					</control>
					
					<control type="image">
						<left>535</left>
						<top>255</top>
						<width>750</width>
						<height>1</height>
						<aspectratio>stretch</aspectratio>
						<texture colordiffuse="$VAR[Colour.500]">backgrounds/white.png</texture>
					</control>
					
				</control>
				
				<!--music videos info-->
				<control type="group">
					<visible>container.content(musicvideos)</visible>
					<left>600</left>
					<top>260</top>
					
					<control type="image">
						<left>0</left>
						<top>0</top>
						<width>570</width>
						<height>540</height>
						<aspectratio>keep</aspectratio>
						<bordertexture border="5">button-nofocus.png</bordertexture>
						<bordersize>4</bordersize>
						<texture background="true">$INFO[ListItem.Icon]</texture>
					</control>
					
					<control type="list" id="49">
						<left>505</left>
						<top>0</top>
						<width>1110</width>
						<height>495</height>
						<onleft>9000</onleft>
						<onright>9000</onright>
						<onup>9000</onup>
						<ondown>61</ondown>
						<pagecontrol>-</pagecontrol>
						<scrolltime>200</scrolltime>
						
						<itemlayout height="35">
						
							<control type="label">
								<left>30</left>
								<top>0</top>
								<width>240</width>
								<height>35</height>
								<font>secondary.info</font>
								<align>left</align>
								<aligny>center</aligny>
								<textcolor>$VAR[Colour.500]</textcolor>
								<selectedcolor>selected</selectedcolor>
								<info>ListItem.Label</info>
							</control>
							
							<control type="label">
								<left>180</left>
								<top>0</top>
								<width>600</width>
								<height>35</height>
								<font>secondary.info</font>
								<align>left</align>
								<aligny>center</aligny>
								<textcolor>text.primary</textcolor>
								<selectedcolor>text.primary</selectedcolor>
								<info>ListItem.Label2</info>
							</control>
							
						</itemlayout>
						
						<focusedlayout height="35">
						
							<control type="image">
								<left>7</left>
								<top>7</top>
								<width>20</width>
								<height>20</height>
								<visible>Control.HasFocus(49)</visible>
								<texture colordiffuse="$VAR[Colour.500]">buttoncircle.png</texture>
							</control>
							
							<control type="label">
								<left>30</left>
								<top>0</top>
								<width>240</width>
								<height>35</height>
								<font>secondary.info</font>
								<align>left</align>
								<aligny>center</aligny>
								<textcolor>$VAR[Colour.500]</textcolor>
								<selectedcolor>selected</selectedcolor>
								<info>ListItem.Label</info>
							</control>
							
							<control type="label">
								<left>180</left>
								<top>0</top>
								<width>600</width>
								<height>35</height>
								<font>secondary.info</font>
								<align>left</align>
								<aligny>center</aligny>
								<textcolor>text.primary</textcolor>
								<selectedcolor>text.primary</selectedcolor>
								<info>ListItem.Label2</info>
							</control>
							
						</focusedlayout>
						
						<content>
						
							<item>
								<label>$LOCALIZE[557]</label>
								<label2>$INFO[ListItem.Artist]</label2>
								<onclick>noop</onclick>
								<visible>!IsEmpty(ListItem.Artist)</visible>
							</item>
							
							<item>
								<label>$LOCALIZE[558]</label>
								<label2>$INFO[ListItem.Album]</label2>
								<onclick>noop</onclick>
								<visible>!IsEmpty(ListItem.Album)</visible>
							</item>
							
							<item>
								<label>$LOCALIZE[515]</label>
								<label2>$INFO[ListItem.Genre]</label2>
								<onclick>noop</onclick>
								<visible>!IsEmpty(ListItem.Genre)</visible>
							</item>
							
							<item>
								<label>$LOCALIZE[572]</label>
								<label2>$INFO[ListItem.Studio]</label2>
								<onclick>noop</onclick>
								<visible>!IsEmpty(ListItem.Studio)</visible>
							</item>
							
							<item>
								<label>$LOCALIZE[20417]</label>
								<label2>$INFO[ListItem.Writer]</label2>
								<onclick>noop</onclick>
								<visible>!IsEmpty(ListItem.Writer)</visible>
							</item>
							
							<item>
								<label>$LOCALIZE[20339]</label>
								<label2>$INFO[ListItem.Director]</label2>
								<onclick>noop</onclick>
								<visible>!IsEmpty(ListItem.Director)</visible>
							</item>
							
							<item>
								<label>$LOCALIZE[562]</label>
								<label2>$INFO[ListItem.Year]</label2>
								<onclick>noop</onclick>
								<visible>!IsEmpty(ListItem.Year)</visible>
							</item>
							
							<item>
								<label>$LOCALIZE[2050]</label>
								<label2>$INFO[ListItem.Duration] $LOCALIZE[12391]</label2>
								<onclick>noop</onclick>
								<visible>!IsEmpty(ListItem.Duration)</visible>
							</item>
							
							<item>
								<label>$LOCALIZE[31067]</label>
								<label2>$INFO[ListItem.FilenameAndPath]</label2>
								<onclick>noop</onclick>
								<visible>!IsEmpty(ListItem.FilenameAndPath)</visible>
							</item>
							
						</content>
						
					</control>
					
					<control type="image">
						<left>585</left>
						<top>555</top>
						<width>960</width>
						<height>6</height>
						<aspectratio>stretch</aspectratio>
						<texture>separator.png</texture>
					</control>
					
				</control>
				
				<!--plot-->
				<control type="textbox" id="400">
					<left>1135</left>
					<top>675</top>
					<width>750</width>
					<height>370</height>
					<font>label</font>
					<align>left</align>
					<textcolor>text.primary</textcolor>
					<pagecontrol>61</pagecontrol>
					<label>$INFO[ListItem.Plot]</label>
					<autoscroll delay="10000" time="3000" repeat="15000">!Control.HasFocus(61) + Skin.HasSetting(AutoScroll)</autoscroll>
					<visible>!Control.IsVisible(50)</visible>
					<animation effect="slide" start="0,0" end="0,-65" time="0" condition="Container.Content(TVShows)">Conditional</animation>
					<animation effect="slide" start="0,0" end="0,-75" time="0" condition="Container.Content(Episodes)">Conditonal</animation>
				</control>
				
				<!--cast-->
				<control type="list" id="50">
					<left>1135</left>
					<top>680</top>
					<width>1290</width>
					<height>370</height>
					<onleft>9000</onleft>
					<onright>61</onright>
					<onup>9000</onup>
					<ondown>50</ondown>
					<viewtype label="">list</viewtype>
					<pagecontrol>61</pagecontrol>
					<scrolltime>200</scrolltime>
					<orientation>vertical</orientation>
					<animation effect="slide" start="0,0" end="0,-65" time="0" condition="Container.Content(TVShows)">Conditional</animation>
					<animation effect="slide" start="0,0" end="0,-75" time="0" condition="Container.Content(Episodes)">Conditonal</animation>
					
					<itemlayout height="60" width="645">
						
						<!--label-->
						<control type="label">
							<left>15</left>
							<top>0</top>
							<width>720</width>
							<height>60</height>
							<font>label</font>
							<align>left</align>
							<aligny>center</aligny>
							<textcolor>text.primary</textcolor>
							<selectedcolor>$VAR[Colour.500]</selectedcolor>
							<info>ListItem.Label</info>
						</control>
						
					</itemlayout>
					
					<focusedlayout height="60" width="645">
					
						<!--focused bg-->
						<control type="image">
							<left>0</left>
							<top>0</top>
							<width>750</width>
							<height>60</height>
							<texture colordiffuse="$VAR[Colour.500]">backgrounds/white.png</texture>
							<animation effect="fade" start="100" end="50" time="0" condition="!Control.HasFocus(50)">Conditional</animation>
						</control>
						
						<!--label-->
						<control type="label">
							<left>15</left>
							<top>0</top>
							<width>720</width>
							<height>60</height>
							<font>label</font>
							<align>left</align>
							<aligny>center</aligny>
							<textcolor>white</textcolor>
							<selectedcolor>white</selectedcolor>
							<info>ListItem.Label</info>
						</control>
						
					</focusedlayout>
					
				</control>
			
				<!-- cast scrollbar-->
				<control type="scrollbar" id="61">
					<left>1895</left>
					<top>680</top>
					<height>360</height>
					<onleft>50</onleft>
					<onright>50</onright>
					<texturesliderbackground colordiffuse="scroll.secondary">backgrounds/white.png</texturesliderbackground>
					<texturesliderbar colordiffuse="secondary">backgrounds/white.png</texturesliderbar>
					<animation effect="slide" start="0,0" end="0,-65" time="0" condition="Container.Content(TVShows)">Conditional</animation>
					<animation effect="slide" start="0,0" end="0,-75" time="0" condition="Container.Content(Episodes)">Conditonal</animation>
					<visible>Control.IsVisible(50)</visible>
				</control>
								
			</control>
			
		</control>
		
	</controls>
	
</window>