<?xml version="1.0" encoding="UTF-8"?>
<window>
	<defaultcontrol>1</defaultcontrol>
	<visible>Window.IsVisible(FullScreenVideo) + [Player.Seeking | Player.Paused | Player.Forwarding | Player.Rewinding | Player.ShowTime]</visible>
	<controls>
		<!--progress-->
		<control type="group" id="1">
			<top>150r</top>
			<visible>!VideoPlayer.Content(LiveTV) | [VideoPlayer.Content(LiveTV) + VideoPlayer.HasEpg]</visible>
			<animation effect="slide" start="0,0" end="-372,0" time="200" delay="100" condition="Skin.HasSetting(SubtitleSection)">Conditional</animation>
			<!--chapter-->
			<control type="label" id="1">
				<visible>!VideoPlayer.Content(LiveTV)</visible>
				<left>415</left>
				<top>-8</top>
				<width>1080</width>
				<height>60</height>
				<font>breadcrumb.secondary</font>
				<align>center</align>
				<aligny>center</aligny>
				<label>$INFO[player.chapter,$LOCALIZE[21396]  ]$INFO[player.chaptercount, / ]</label>
				<visible>Player.Playing + !Player.IsTempo + !Player.DisplayAfterSeek</visible>
			</control>
			<!--chapter (paused)-->
			<control type="label" id="1">
				<visible>!VideoPlayer.Content(LiveTV)</visible>
				<left>415</left>
				<top>-8</top>
				<width>1080</width>
				<height>60</height>
				<font>breadcrumb.secondary</font>
				<align>center</align>
				<aligny>center</aligny>
				<label>$LOCALIZE[31043] • $INFO[player.chapter,$LOCALIZE[21396]  ]$INFO[player.chaptercount, / ]</label>
				<visible>[Player.Paused + !Player.Caching] + !Player.Seeking + !Player.DisplayAfterSeek</visible>
			</control>
			<!--chapter (caching)-->
			<control type="label" id="1">
				<visible>!VideoPlayer.Content(LiveTV)</visible>
				<left>415</left>
				<top>-8</top>
				<width>1080</width>
				<height>60</height>
				<font>breadcrumb.secondary</font>
				<align>center</align>
				<aligny>center</aligny>
				<label>$LOCALIZE[15107] $INFO[Player.CacheLevel]% • $INFO[player.chapter,$LOCALIZE[21396]  ]$INFO[player.chaptercount, / ]</label>
				<visible>[Player.Paused + Player.Caching] + !Player.Seeking</visible>
			</control>
			<!--chapter (seeking)-->
			<control type="label" id="1">
				<visible>!VideoPlayer.Content(LiveTV)</visible>
				<left>415</left>
				<top>-8</top>
				<width>1080</width>
				<height>60</height>
				<font>breadcrumb.secondary</font>
				<align>center</align>
				<aligny>center</aligny>
				<label>$LOCALIZE[31046] • $INFO[player.chapter,$LOCALIZE[21396]  ]$INFO[player.chaptercount, / ]</label>
				<visible>Player.Seeking</visible>
			</control>
			<!--chapter (final seek amount)-->
			<control type="label" id="1">
				<visible>!VideoPlayer.Content(LiveTV)</visible>
				<left>415</left>
				<top>-8</top>
				<width>1080</width>
				<height>60</height>
				<font>breadcrumb.secondary</font>
				<align>center</align>
				<aligny>center</aligny>
				<label>$LOCALIZE[31046] $INFO[Player.SeekOffset] • $INFO[player.chapter,$LOCALIZE[21396]  ]$INFO[player.chaptercount, / ]</label>
				<visible>Player.DisplayAfterSeek + ![Player.Forwarding | Player.Rewinding | Player.IsTempo]</visible>
			</control>
			<!--chapter (fast forwarding)-->
			<control type="label" id="1">
				<visible>!VideoPlayer.Content(LiveTV)</visible>
				<left>415</left>
				<top>-8</top>
				<width>1080</width>
				<height>60</height>
				<font>breadcrumb.secondary</font>
				<align>center</align>
				<aligny>center</aligny>
				<label>$VAR[Forwarding] • $INFO[player.chapter,$LOCALIZE[21396]  ]$INFO[player.chaptercount, / ]</label>
				<visible>Player.Forwarding | [Player.IsTempo + String.StartsWith(Player.PlaySpeed,1.)]</visible>
			</control>
			<!--chapter (rewinding)-->
			<control type="label" id="1">
				<visible>!VideoPlayer.Content(LiveTV)</visible>
				<left>415</left>
				<top>-8</top>
				<width>1080</width>
				<height>60</height>
				<font>breadcrumb.secondary</font>
				<align>center</align>
				<aligny>center</aligny>
				<label>$VAR[Rewinding] • $INFO[player.chapter,$LOCALIZE[21396]  ]$INFO[player.chaptercount, / ]</label>
				<visible>Player.Rewinding | [Player.IsTempo + String.StartsWith(Player.PlaySpeed,0.)]</visible>
			</control>
		</control>
	</controls>
</window>