<?xml version="1.0" encoding="UTF-8"?>
<window>
	<animation effect="fade" start="0" end="100" time="200">WindowOpen</animation>
	<animation effect="fade" start="100" end="0" time="200">WindowClose</animation>
	<controls>
		<control type="group">
			<animation effect="slide" end="0,-120" time="200" condition="Window.IsVisible(FullscreenVideo) | Window.IsVisible(Visualisation)">conditional</animation>
			<animation effect="slide" start="0,0" end="0,-78" time="200" condition="Player.HasMedia + String.IsEmpty(Window(Videos).Property(PlayingBackgroundMedia))">Conditional</animation>
			<!--glow-->
			<control type="image">
				<left>674r</left>
				<top>155r</top>
				<width>624</width>
				<height>105</height>
				<texture colordiffuse="tertiary">backgrounds/kai.png</texture>
			</control>
			<!--background-->
			<control type="image">
				<left>664r</left>
				<top>145r</top>
				<width>600</width>
				<height>85</height>
				<texture colordiffuse="tertiary">backgrounds/white.png</texture>
			</control>
			<!--background strip-->
			<control type="image">
				<left>64r</left>
				<top>145r</top>
				<width>4</width>
				<height>85</height>
				<texture colordiffuse="$VAR[Colour.500]">backgrounds/white.png</texture>
			</control>
			<!--icon-->
			<control type="image" id="400">
				<description>avatar</description>
				<left>132r</left>
				<top>140r</top>
				<width>63</width>
				<height>63</height>
				<aspectratio>keep</aspectratio>
				<texture colordiffuse="text.primary">DefaultFile.png</texture>
			</control>
			<!--line 1-->
			<control type="label" id="30">
				<left>1265</left>
				<top>137r</top>
				<width>517</width>
				<height>27</height>
				<font>kai.primary</font>
				<textcolor>text.primary</textcolor>
				<align>right</align>
				<aligny>center</aligny>
				<scrollout>false</scrollout>
				<pauseatend>2000</pauseatend>
			</control>
			<control type="label" id="31">
				<left>1265</left>
				<top>109r</top>
				<width>517</width>
				<height>30</height>
				<font>kai.secondary</font>
				<textcolor>text.primary</textcolor>
				<align>right</align>
				<aligny>center</aligny>
				<scrollout>false</scrollout>
				<pauseatend>2000</pauseatend>
			</control>
			<control type="progress" id="32">
				<description>progress control</description>
				<left>1265</left>
				<top>75r</top>
				<width>517</width>
				<height>7</height>
			</control>
		</control>
	</controls>
</window>