<?xml version="1.0" encoding="UTF-8"?>
<includes>
	<variable name="typehackflagging">
		<value condition="[String.Contains(ListItem.FilenameAndPath,bluray) | String.Contains(ListItem.FilenameAndPath,bdrip) | String.Contains(ListItem.FilenameAndPath,bd25) | String.Contains(ListItem.FilenameAndPath,bd50)]">bluray</value>
		<value condition="String.Contains(ListItem.FilenameAndPath,hddvd)">hddvd</value>
		<value condition="String.Contains(ListItem.FilenameAndPath,dvd)">dvd</value>
		<value condition="[String.Contains(ListItem.FilenameAndPath,pdtv) | String.Contains(ListItem.FilenameAndPath,hdtv) | String.Contains(ListItem.FilenameAndPath,dsr)]">TV</value>
		<value condition="String.Contains(ListItem.FilenameAndPath,vhs)">vhs</value>
	</variable>
	<variable name="rating">
		<value condition="String.Contains(listitem.mpaa,Rated G)">mpaa_general</value>
		<value condition="String.Contains(listitem.mpaa,Rated PG) + !String.Contains(listitem.mpaa,Rated PG-13)">mpaa_pg</value>
		<value condition="String.Contains(listitem.mpaa,Rated PG-13)">mpaa_pg13</value>
		<value condition="String.Contains(Listitem.mpaa,Rated R)">mpaa_restricted</value>
		<value condition="String.Contains(Listitem.mpaa,Rated NC)">mpaa_nc17</value>
	</variable>
	<variable name="videocodec">
		<value condition="[String.Contains(ListItem.VideoCodec,div,left) | String.IsEqual(ListItem.VideoCodec,dx50)]">divx</value>
		<value>$INFO[ListItem.VideoCodec]</value>
	</variable>
	<include name="media.flags">
		<control type="group">
			<control type="group">
				<!--flag bg-->
				<control type="image">
					<width>85</width>
					<height>40</height>
					<texture>flags/base.png</texture>
					<colordiffuse>$VAR[Colour.500]</colordiffuse>
				</control>
				<control type="image">
					<left>85</left>
					<width>123</width>
					<height>40</height>
					<texture>flags/base 2.png</texture>
					<colordiffuse>$VAR[Colour.500]</colordiffuse>
				</control>
				<control type="image">
					<left>208</left>
					<width>105</width>
					<height>40</height>
					<texture>flags/base.png</texture>
					<colordiffuse>$VAR[Colour.500]</colordiffuse>
				</control>
				<control type="image">
					<left>330</left>
					<width>115</width>
					<height>40</height>
					<texture>flags/base 3.png</texture>
					<colordiffuse>$VAR[Colour.500]</colordiffuse>
				</control>
				<control type="image">
					<left>445</left>
					<width>65</width>
					<height>40</height>
					<texture>flags/base.png</texture>
					<colordiffuse>$VAR[Colour.500]</colordiffuse>
				</control>
			</control>
			<control type="group">
				<!--flags-->
				<control type="image">
					<!--resolution-->
					<top>2</top>
					<width>85</width>
					<height>35</height>
					<texture fallback="flags/resolution/defaultscreen.png">$INFO[ListItem.VideoResolution,flags/resolution/,.png]</texture>
					<aspectratio>keep</aspectratio>
				</control>
				<control type="image">
					<!--video codec-->
					<left>90</left>
					<top>2</top>
					<width>113</width>
					<height>35</height>
					<texture fallback="flags/videocodec/default.png" colordiffuse="$VAR[Colour.500]">$INFO[ListItem.VideoCodec,flags/videocodec/,.png]</texture>
					<aspectratio>keep</aspectratio>
				</control>
				<control type="image">
					<!--aspect ratio-->
					<left>213</left>
					<top>2</top>
					<width>95</width>
					<height>35</height>
					<texture fallback="flags/aspectratio/default.png">$INFO[ListItem.VideoAspect,flags/aspectratio/,.png]</texture>
					<aspectratio>keep</aspectratio>
				</control>
				<control type="image">
					<!--audio codec-->
					<left>330</left>
					<top>2</top>
					<width>115</width>
					<height>35</height>
					<texture fallback="flags/audio/default.png" colordiffuse="$VAR[Colour.500]">$INFO[ListItem.AudioCodec,flags/audio/,.png]</texture>
					<aspectratio>keep</aspectratio>
				</control>
				<control type="image">
					<!--audio channels-->
					<left>445</left>
					<top>2</top>
					<width>65</width>
					<height>35</height>
					<texture fallback="flags/audio/default channel.png">$INFO[ListItem.AudioChannels,flags/audio/,.png]</texture>
					<aspectratio>keep</aspectratio>
				</control>
			</control>
		</control>
	</include>
	<include name="media.flags.small">
		<control type="group">
			<control type="group">
				<!--flag bg-->
				<control type="image">
					<width>85</width>
					<height>40</height>
					<texture>flags/base.png</texture>
					<colordiffuse>$VAR[Colour.500]</colordiffuse>
				</control>
				<control type="image">
					<left>85</left>
					<width>123</width>
					<height>40</height>
					<texture>flags/base 2.png</texture>
					<colordiffuse>$VAR[Colour.500]</colordiffuse>
				</control>
				<control type="image">
					<left>208</left>
					<width>105</width>
					<height>40</height>
					<texture>flags/base.png</texture>
					<colordiffuse>$VAR[Colour.500]</colordiffuse>
				</control>
				<control type="image">
					<left>330</left>
					<width>115</width>
					<height>40</height>
					<texture>flags/base 3.png</texture>
					<colordiffuse>$VAR[Colour.500]</colordiffuse>
				</control>
				<control type="image">
					<left>445</left>
					<width>65</width>
					<height>40</height>
					<texture>flags/base.png</texture>
					<colordiffuse>$VAR[Colour.500]</colordiffuse>
				</control>
			</control>
			<control type="group">
				<!--flags-->
				<control type="image">
					<!--resolution-->
					<left>5</left>
					<top>5</top>
					<width>73</width>
					<height>30</height>
					<texture fallback="flags/resolution/defaultscreen.png">$INFO[ListItem.VideoResolution,flags/resolution/,.png]</texture>
					<aspectratio>keep</aspectratio>
				</control>
				<control type="image">
					<!--video codec-->
					<left>97</left>
					<top>5</top>
					<width>97</width>
					<height>30</height>
					<texture fallback="flags/videocodec/default.png" colordiffuse="$VAR[Colour.500]">$INFO[ListItem.VideoCodec,flags/videocodec/,.png]</texture>
					<aspectratio>keep</aspectratio>
				</control>
				<control type="image">
					<!--aspect ratio-->
					<left>222</left>
					<top>5</top>
					<width>81</width>
					<height>30</height>
					<texture fallback="flags/aspectratio/default.png">$INFO[ListItem.VideoAspect,flags/aspectratio/,.png]</texture>
					<aspectratio>keep</aspectratio>
				</control>
				<control type="image">
					<!--audio codec-->
					<left>342</left>
					<top>5</top>
					<width>99</width>
					<height>30</height>
					<texture fallback="flags/audio/default.png" colordiffuse="$VAR[Colour.500]">$INFO[ListItem.AudioCodec,flags/audio/,.png]</texture>
					<aspectratio>keep</aspectratio>
				</control>
				<control type="image">
					<!--audio channels-->
					<left>451</left>
					<top>5</top>
					<width>56</width>
					<height>30</height>
					<texture fallback="flags/audio/default channel.png">$INFO[ListItem.AudioChannels,flags/audio/,.png]</texture>
					<aspectratio>keep</aspectratio>
				</control>
			</control>
		</control>
	</include>
	<include name="VideoCodecFlaggingConditions">
		<control type="image">
			<description>Video rez Image</description>
			<width>82</width>
			<height>52</height>
			<aspectratio align="right">keep</aspectratio>
			<texture>$INFO[ListItem.VideoResolution,flagging/video/,.png]</texture>
		</control>
		<control type="image">
			<description>Codec Image</description>
			<width>120</width>
			<height>52</height>
			<aspectratio align="left">keep</aspectratio>
			<texture>$VAR[videocodec,flagging/video/,.png]</texture>
		</control>
	</include>
	<include name="VideoStereoscopicsFlaggingConditions">
		<control type="image">
			<description>Video stereoscopics flagging image</description>
			<width>82</width>
			<height>52</height>
			<aspectratio align="right">keep</aspectratio>
			<texture>flagging/video/3D.png</texture>
			<visible>ListItem.IsStereoscopic</visible>
		</control>
	</include>
	<include name="VideoTypeHackFlaggingConditions">
		<control type="image">
			<description>Video Type Image</description>
			<width>120</width>
			<height>52</height>
			<aspectratio align="left">keep</aspectratio>
			<texture>$VAR[typehackflagging,flagging/video/,.png]</texture>
			<visible>!Skin.HasSetting(HideFilenameFlagging)</visible>
		</control>
	</include>
	<include name="VideoMPAAFlaggingConditions">
		<control type="image">
			<description>Rating image</description>
			<width>120</width>
			<height>52</height>
			<aspectratio>keep</aspectratio>
			<texture>$VAR[rating,flagging/ratings/,.png]</texture>
		</control>
	</include>
	<include name="AudioCodecFlaggingConditions">
		<control type="image">
			<description>Audio Codec Image</description>
			<width>120</width>
			<height>52</height>
			<aspectratio align="right">keep</aspectratio>
			<texture>$INFO[ListItem.AudioCodec,flagging/audio/,.png]</texture>
		</control>
	</include>
	<include name="AudioChannelsFlaggingConditions">
		<control type="image">
			<description>Audio Codec Image</description>
			<width>82</width>
			<height>52</height>
			<aspectratio align="left">keep</aspectratio>
			<texture>$INFO[ListItem.AudioChannels,flagging/audio/,.png]</texture>
		</control>
	</include>
	<include name="AspectCodecFlaggingConditions">
		<control type="image">
			<description>Aspectratio Image</description>
			<width>82</width>
			<height>52</height>
			<aspectratio align="right">keep</aspectratio>
			<texture>$INFO[ListItem.VideoAspect,flagging/aspectratio/,.png]</texture>
		</control>
	</include>
</includes>