<?xml version="1.0" encoding="UTF-8"?>
<window id="129">
	<defaultcontrol>10</defaultcontrol>
	<controls>
		<!--all content-->
		<control type="group">
			<animation effect="slide" start="1650,0" end="0,0" time="400" tween="quadratic" easing="out">WindowOpen</animation>
			<animation effect="slide" start="0,0" end="-1650,0" time="400" tween="quadratic" easing="out">WindowClose</animation>
			<!--title bars and backgrounds-->
			<include content="DynamicDialogBackground">
				<param name="dialog-left" value="355" />
				<param name="dialog-width" value="1210" />
				<param name="glow-width" value="1290" />
				<param name="subtitle-visible" value="true" />
				<param name="subtitle-height" value="75" />
				<param name="buttonbar-visible" value="true" />
			</include>
			<!--close window button-->
			<control type="button">
				<left>360</left>
				<top>0</top>
				<width>50</width>
				<height>25</height>
				<label>-</label>
				<font>-</font>
				<onclick>PreviousMenu</onclick>
				<texturefocus>DialogCloseButton-focus.png</texturefocus>
				<texturenofocus>DialogCloseButton.png</texturenofocus>
				<onleft>10</onleft>
				<onright>10</onright>
				<onup>10</onup>
				<ondown>10</ondown>
				<visible>system.getbool(input.enablemouse)</visible>
			</control>
			<!--main content-->
			<control type="group">
				<left>355</left>
				<top>0</top>
				<!--title-->
				<control type="label" id="2">
					<left>45</left>
					<top>25</top>
					<width>1545</width>
					<height>60</height>
					<font>info.title</font>
					<align>left</align>
					<aligny>center</aligny>
					<textcolor>white</textcolor>
				</control>
				<!--secondary title-->
				<control type="label" id="3">
					<left>45</left>
					<top>115</top>
					<width>1545</width>
					<height>60</height>
					<font>breadcrumb</font>
					<align>left</align>
					<aligny>center</aligny>
					<textcolor>white</textcolor>
				</control>
				<control type="list" id="10">
					<left>45</left>
					<top>210</top>
					<width>788</width>
					<height>770</height>
					<pagecontrol>60</pagecontrol>
					<scrolltime>200</scrolltime>
					<onup>9001</onup>
					<onleft>9000</onleft>
					<onright>60</onright>
					<ondown>9001</ondown>
					<itemlayout height="70">
						<!--label-->
						<control type="label">
							<left>15</left>
							<top>0</top>
							<width>735</width>
							<height>60</height>
							<font>label</font>
							<align>left</align>
							<aligny>center</aligny>
							<textcolor>text.primary</textcolor>
							<selectedcolor>$VAR[Colour.500]</selectedcolor>
							<info>ListItem.Label</info>
						</control>
					</itemlayout>
					<focusedlayout height="70">
						<!--background (no focus)-->
						<control type="image">
							<left>0</left>
							<top>0</top>
							<width>850</width>
							<height>60</height>
							<texture colordiffuse="$VAR[Colour.500]">backgrounds/white.png</texture>
							<animation effect="fade" start="100" end="50" time="200" condition="!Control.HasFocus(10)">Conditional</animation>
						</control>
						<!--label-->
						<control type="label">
							<left>15</left>
							<top>0</top>
							<width>735</width>
							<height>60</height>
							<font>label</font>
							<align>left</align>
							<aligny>center</aligny>
							<textcolor>white</textcolor>
							<selectedcolor>$VAR[Colour.Alt]</selectedcolor>
							<info>ListItem.Label</info>
						</control>
					</focusedlayout>
				</control>
				<!--scrollbar-->
				<control type="scrollbar" id="60">
					<left>843</left>
					<top>210</top>
					<height>340</height>
					<orientation>vertical</orientation>
					<showonepage>false</showonepage>
					<texturesliderbackground colordiffuse="scroll.secondary">backgrounds/white.png</texturesliderbackground>
					<texturesliderbar colordiffuse="secondary">backgrounds/white.png</texturesliderbar>
					<onleft>10</onleft>
					<onright>9000</onright>
				</control>
				<!--top buttons-->
				<control type="grouplist" id="9000">
					<left>873</left>
					<top>210</top>
					<width>320</width>
					<height>220</height>
					<onleft>60</onleft>
					<onright>10</onright>
					<onup>9001</onup>
					<ondown>9001</ondown>
					<!--browse button-->
					<include content="AnimatedCircleButtonGroup">
						<param name="button-id" value="11" />
						<param name="button-width" value="230" />
						<param name="button-texture" value="browsebutton" />
						<param name="button-onup" value="9001" />
						<param name="button-ondown" value="13" />
						<param name="button-onleft" value="60" />
						<param name="button-onright" value="10" />
					</include>
					<!--add button-->
					<include content="AnimatedCircleButtonGroup">
						<param name="button-id" value="13" />
						<param name="button-width" value="130" />
						<param name="button-texture" value="addbutton" />
						<param name="button-label" value="15019" />
						<param name="button-onup" value="11" />
						<param name="button-ondown" value="14" />
						<param name="button-onleft" value="60" />
						<param name="button-onright" value="10" />
					</include>
					<!--remove button-->
					<include content="AnimatedCircleButtonGroup">
						<param name="button-id" value="14" />
						<param name="button-width" value="150" />
						<param name="button-texture" value="nobutton" />
						<param name="button-label" value="1210" />
						<param name="button-onup" value="13" />
						<param name="button-ondown" value="9001" />
						<param name="button-onleft" value="60" />
						<param name="button-onright" value="10" />
					</include>
				</control>
				<!--bottom buttons-->
				<control type="grouplist" id="9001">
					<left>230</left>
					<top>1015</top>
					<width>750</width>
					<height>60</height>
					<align>justify</align>
					<orientation>horizontal</orientation>
					<onleft>9001</onleft>
					<onright>9001</onright>
					<onup>10</onup>
					<ondown>9000</ondown>
					<!--ok button-->
					<include content="AnimatedCircleButtonGroup">
						<param name="button-id" value="18" />
						<param name="button-width" value="130" />
						<param name="button-texture" value="yesbutton" />
						<param name="button-label" value="186" />
						<param name="button-onup" value="10" />
						<param name="button-ondown" value="9000" />
						<param name="button-onleft" value="19" />
						<param name="button-onright" value="19" />
					</include>
					<!--cancel button-->
					<include content="AnimatedCircleButtonGroup">
						<param name="button-id" value="19" />
						<param name="button-width" value="160" />
						<param name="button-texture" value="nobutton" />
						<param name="button-label" value="222" />
						<param name="button-onup" value="10" />
						<param name="button-ondown" value="9000" />
						<param name="button-onleft" value="18" />
						<param name="button-onright" value="18" />
					</include>
				</control>
			</control>
		</control>
	</controls>
</window>