<?xml version="1.0" encoding="UTF-8"?>
<includes>

	<default type="image">
		<left>0</left>
		<top>0</top>
		<texture>-</texture>
		<colorkey>0</colorkey>
	</default>
	
	<default type="label">
		<label>-</label>
		<font>label</font>
		<textcolor>text.primary</textcolor>
		<disabledcolor>disabled</disabledcolor>
	</default>
	
	<default type="fadelabel">
		<left>120</left>
		<top>90</top>
		<font>label</font>
		<textcolor>text.primary</textcolor>
		<disabledcolor>disabled</disabledcolor>
	</default>
	
	<default type="button">
		<width>180</width>
		<height>60</height>
		<texturefocus colordiffuse="$VAR[Colour.500]">backgrounds/white.png</texturefocus>
		<texturenofocus>-</texturenofocus>
		<font>button</font>
		<textcolor>text.primary</textcolor>
		<focusedcolor>white</focusedcolor>
		<selectedcolor>white</selectedcolor>
		<disabledcolor>disabled</disabledcolor>
		<textoffsetx>15</textoffsetx>
		<aligny>center</aligny>
		<pulseonselect>no</pulseonselect>
	</default>
	
	<default type="togglebutton">
		<left>210</left>
		<top>250</top>
		<width>30</width>
		<height>30</height>
		<texturefocus colordiffuse="$VAR[Colour.500]">backgrounds/white.png</texturefocus>
		<texturenofocus>-</texturenofocus>
		<alttexturefocus colordiffuse="$VAR[Colour.500]">backgrounds/white.png</alttexturefocus>
		<alttexturenofocus>-</alttexturenofocus>
		<textcolor>text.primary</textcolor>
		<focusedcolor>white</focusedcolor>
		<label>-</label>
		<font>button</font>
		<disabledcolor>disabled</disabledcolor>
		<pulseonselect>no</pulseonselect>
	</default>
	
	<default type="textbox">
		<left>330</left>
		<top>330</top>
		<width>615</width>
		<height>322</height>
		<align>left</align>
		<textcolor>text.primary</textcolor>
		<font>label</font>
	</default>
	
	<default type="progress">
		<left>150</left>
		<top>488</top>
		<texturebg colordiffuse="secondary">backgrounds/white.png</texturebg>
		<lefttexture>-</lefttexture>
		<midtexture colordiffuse="$VAR[Colour.500]">backgrounds/white.png</midtexture>
		<righttexture>-</righttexture>
		<overlaytexture>-</overlaytexture>
	</default>
	
	<default type="spincontrol">
		<left>495</left>
		<top>189</top>
		<textureup>scroll-up-2.png</textureup>
		<texturedown>scroll-down-2.png</texturedown>
		<textureupfocus>scroll-up-focus-2.png</textureupfocus>
		<texturedownfocus>scroll-down-focus-2.png</texturedownfocus>
		<align>right</align>
		<width>50</width>
		<height>60</height>
		<font>button</font>
		<reverse>yes</reverse>
		<textcolor>text.primary</textcolor>
		<focusedcolor>white</focusedcolor>
		<disabledcolor>disabled</disabledcolor>
		<subtype>text</subtype>
		<textoffsetx>-8</textoffsetx>
		<textoffsety>0</textoffsety>
		<pulseonselect>no</pulseonselect>
	</default>
	
	<default type="spincontrolex">
		<left>795</left>
		<top>240</top>
		<width>450</width>
		<height>60</height>
		<spinwidth>32</spinwidth>
		<spinheight>36</spinheight>
		<texturefocus colordiffuse="$VAR[Colour.500]">backgrounds/white.png</texturefocus>
		<texturenofocus>-</texturenofocus>
		<textureup colordiffuse="text.primary">scroll-up-2.png</textureup>
		<texturedown colordiffuse="text.primary">scroll-down-2.png</texturedown>
		<textureupfocus colordiffuse="white">scroll-up-2.png</textureupfocus>
		<texturedownfocus colordiffuse="white">scroll-down-2.png</texturedownfocus>
		<font>button</font>
		<textcolor>text.primary</textcolor>
		<focusedcolor>white</focusedcolor>
		<disabledcolor>disabled</disabledcolor>
		<textoffsetx>15</textoffsetx>
		<aligny>center</aligny>
		<reverse>yes</reverse>
		<pulseonselect>no</pulseonselect>
	</default>
	
	<default type="radiobutton">
		<left>450</left>
		<top>300</top>
		<width>450</width>
		<height>60</height>
		<radiowidth>36</radiowidth>
		<radioheight>36</radioheight>
		<textureradioonfocus colordiffuse="tertiary">radiobutton-focus.png</textureradioonfocus>
		<textureradioonnofocus colordiffuse="text.primary">radiobutton-focus.png</textureradioonnofocus>
		<textureradioofffocus colordiffuse="tertiary">radiobutton-nofocus.png</textureradioofffocus>
		<textureradiooffnofocus colordiffuse="text.primary">radiobutton-nofocus.png</textureradiooffnofocus>
		<texturefocus colordiffuse="$VAR[Colour.500]">backgrounds/white.png</texturefocus>
		<texturenofocus>-</texturenofocus>
		<label>215</label>
		<font>button</font>
		<textcolor>text.primary</textcolor>
		<focusedcolor>white</focusedcolor>
		<disabledcolor>disabled</disabledcolor>
		<textoffsetx>15</textoffsetx>
		<aligny>center</aligny>
		<pulseonselect>no</pulseonselect>
	</default>
	
	<default type="selectbutton">
		<left>735</left>
		<top>502</top>
		<width>450</width>
		<height>60</height>
		<label>-</label>
		<texturefocus>-</texturefocus>
		<texturenofocus>-</texturenofocus>
		<texturebg>button-focus.png</texturebg>
		<textureleft>scroll-left.png</textureleft>
		<textureleftfocus>scroll-left-focus.png</textureleftfocus>
		<textureright>scroll-right.png</textureright>
		<texturerightfocus>scroll-right-focus.png</texturerightfocus>
		<font>button</font>
		<textcolor>text.primary</textcolor>
		<focusedcolor>white</focusedcolor>
		<disabledcolor>disabled</disabledcolor>
		<aligny>center</aligny>
	</default>
	
	<default type="slider">
		<controloffsetx>75</controloffsetx>
		<controloffsety>0</controloffsety>
	</default>
	
	<default type="sliderex">
		<height>60</height>
		<textoffsetx>15</textoffsetx>
		<aligny>center</aligny>
		<texturefocus colordiffuse="$VAR[Colour.500]">backgrounds/white.png</texturefocus>
		<texturenofocus>-</texturenofocus>
		<sliderwidth>150</sliderwidth>
		<sliderheight>20</sliderheight>
		<texturesliderbar>osd_slider_bg.png</texturesliderbar>
		<textureslidernib>osd_slider_nibNF.png</textureslidernib>
		<textureslidernibfocus>osd_slider_nib.png</textureslidernibfocus>
		<font>button</font>
		<textcolor>text.primary</textcolor>
		<focusedcolor>white</focusedcolor>
		<disabledcolor>disabled</disabledcolor>
	</default>
	
	<default type="mover">
		<left>90</left>
		<top>288</top>
		<texturefocus border="5">button-focus.png</texturefocus>
		<texturenofocus border="5">button-nofocus.png</texturenofocus>
	</default>
	
	<default type="resize">
		<left>90</left>
		<top>288</top>
		<texturefocus border="5">button-focus.png</texturefocus>
		<texturenofocus border="5">button-nofocus.png</texturenofocus>
	</default>
	
	<default type="edit">
		<left>450</left>
		<top>300</top>
		<width>450</width>
		<height>60</height>
		<texturefocus colordiffuse="$VAR[Colour.500]">backgrounds/white.png</texturefocus>
		<texturenofocus>-</texturenofocus>
		<font>button</font>
		<textcolor>text.primary</textcolor>
		<focusedcolor>white</focusedcolor>
		<disabledcolor>disabled</disabledcolor>
		<invalidcolor>invalid</invalidcolor>
		<textoffsetx>10</textoffsetx>
		<aligny>center</aligny>
		<pulseonselect>no</pulseonselect>
	</default>
			
	<default type="scrollbar">
		<width>7</width>
		<height>690</height>
		<texturesliderbackground colordiffuse="secondary">backgrounds/white.png</texturesliderbackground>
		<texturesliderbar colordiffuse="tertiary">backgrounds/white.png</texturesliderbar>
		<texturesliderbarfocus colordiffuse="$VAR[Colour.500]">backgrounds/white.png</texturesliderbarfocus>
		<textureslidernib>-</textureslidernib>
		<textureslidernibfocus>-</textureslidernibfocus>
		<showonepage>false</showonepage>
		<orientation>vertical</orientation>
	</default>
	
</includes>