<?xml version="1.0" encoding="UTF-8"?>
<colors>
	<color name="white">FFF1F1F1</color>
	<color name="grey">FFb4b4b4</color>
	<color name="grey2">FF999999</color>
	<color name="grey3">FF505050</color>
	<color name="black">FF000000</color>
	<color name="blue">FF0084ff</color>
	<color name="selected">FFEB9E17</color>
	<color name="invalid">FFFF0000</color>
	
	
	<color name="bg.overlay">35000000</color>
	<color name="button.nf">75222222</color>
	<color name="text.primary">FFEEEEEE</color>
	<color name="text.secondary">FF666666</color>
	<color name="disabled">AA606060</color>
	
	<color name="primary">FF4BBEFC</color>
	<color name="secondary">FFAAAAAA</color>
	<color name="tertiary">FF444444</color>
	
	<color name="button.border">FF555555</color>
	
	
	<color name="red">FFFF0000</color>
	<color name="green">FF00FF00</color>
	<color name="pink">FFFA04DA</color>
	<color name="orange">FFFAA604</color>
</colors>