<?xml version="1.0" encoding="UTF-8"?>
<shortcuts>
	<shortcut>
		<label>19019</label>
		<label2>32017</label2>
		<icon>DefaultTVShows.png</icon>
		<thumb />
		<action>ActivateWindow(TVChannels)</action>
	</shortcut>
	<shortcut>
		<label>22020</label>
		<label2>32017</label2>
		<icon>DefaultTVShows.png</icon>
		<thumb />
		<action>ActivateWindow(TVGuide)</action>
	</shortcut>
	<shortcut>
		<label>19163</label>
		<label2>32017</label2>
		<icon>DefaultTVShows.png</icon>
		<thumb />
		<action>ActivateWindow(TVRecordings)</action>
	</shortcut>
	<shortcut>
		<label>19040</label>
		<label2>32017</label2>
		<icon>DefaultTVShows.png</icon>
		<thumb />
		<action>ActivateWindow(TVTimers)</action>
	</shortcut>
	<shortcut>
		<label>137</label>
		<label2>32017</label2>
		<icon>DefaultTVShows.png</icon>
		<thumb />
		<action>ActivateWindow(TVSearch)</action>
	</shortcut>
</shortcuts>
