<?xml version="1.0" encoding="UTF-8"?>
<window>
	<defaultcontrol>450</defaultcontrol>
	<include>dialogeffect</include>
	<coordinates>
		<system>1</system>
		<left>472</left>
		<top>390</top>
	</coordinates>
	<controls>
		<control type="image">
			<left>0</left>
			<top>0</top>
			<width>975</width>
			<height>300</height>
			<texture border="20">OverlayDialogBackground.png</texture>
		</control>
		<control type="button">
			<description>Close Window button</description>
			<left>840</left>
			<top>8</top>
			<width>96</width>
			<height>48</height>
			<label>-</label>
			<font>-</font>
			<onclick>PreviousMenu</onclick>
			<texturefocus>DialogCloseButton-focus.png</texturefocus>
			<texturenofocus>DialogCloseButton.png</texturenofocus>
			<onleft>13</onleft>
			<onright>13</onright>
			<onup>13</onup>
			<ondown>13</ondown>
			<visible>system.getbool(input.enablemouse)</visible>
		</control>
		<control type="label">
			<description>heading label</description>
			<left>60</left>
			<top>27</top>
			<width>855</width>
			<height>45</height>
			<align>center</align>
			<aligny>center</aligny>
			<font>font13</font>
			<label>$INFO[ListItem.Label]</label>
			<textcolor>white</textcolor>
		</control>
		<control type="label">
			<left>60</left>
			<top>90</top>
			<width>855</width>
			<height>45</height>
			<align>center</align>
			<aligny>center</aligny>
			<font>font12</font>
			<label>31060</label>
			<textcolor>grey2</textcolor>
		</control>
		<control type="image">
			<left>75</left>
			<top>165</top>
			<width>30</width>
			<height>38</height>
			<texture>scroll-left-focus.png</texture>
			<visible>Container(450).HasPrevious</visible>
		</control>
		<control type="image">
			<left>862</left>
			<top>165</top>
			<width>30</width>
			<height>38</height>
			<texture>scroll-right-focus.png</texture>
			<visible>Container(450).HasNext</visible>
		</control>
		<control type="list" id="450">
			<left>128</left>
			<top>158</top>
			<width>720</width>
			<height>150</height>
			<onleft>450</onleft>
			<onright>450</onright>
			<onup>450</onup>
			<ondown>450</ondown>
			<orientation>horizontal</orientation>
			<focusposition>2</focusposition>
			<viewtype label="535">list</viewtype>
			<scrolltime>200</scrolltime>
			<itemlayout width="60">
				<control type="image">
					<left>0</left>
					<top>0</top>
					<width>57</width>
					<height>48</height>
					<aspectratio>stretch</aspectratio>
					<texture>StackNF.png</texture>
				</control>
			</itemlayout>
			<focusedlayout width="60">
				<control type="image">
					<left>0</left>
					<top>0</top>
					<width>57</width>
					<height>48</height>
					<aspectratio>stretch</aspectratio>
					<texture>StackFO.png</texture>
				</control>
			</focusedlayout>
		</control>
		<control type="label">
			<left>60</left>
			<top>232</top>
			<width>855</width>
			<height>33</height>
			<font>font13_title</font>
			<align>center</align>
			<info>Container(450).ListItem.Label</info>
		</control>
	</controls>
</window>