<?xml version="1.0" encoding="UTF-8"?>

<window>

	<defaultcontrol always="true">9000</defaultcontrol>
	
	<allowoverlay>no</allowoverlay>
	
	<controls>
	
		<include>CommonBackground</include>
		<include>Clock</include>
			
		<!--breadcrumbs-->
		<control type="group">
			
			<!--breadcrumb bg-->
			<control type="image">
				<left>64</left>
				<top>60</top>
				<width>500</width>
				<height>45</height>
				<texture colordiffuse="tertiary">backgrounds/white.png</texture>
			</control>
			
			<!--breadcrumb strip-->
			<control type="image">
				<left>60</left>
				<top>60</top>
				<width>4</width>
				<height>45</height>
				<texture colordiffuse="$VAR[Colour.500]">backgrounds/white.png</texture>
			</control>
		
			<!--breadcrumb label-->
			<control type="grouplist">
				<left>73</left>
				<top>60</top>
				<width>1500</width>
				<height>45</height>
				<orientation>horizontal</orientation>
				<align>left</align>
				<itemgap>8</itemgap>
				
				<control type="label">
				  <width min="0" max="385">auto</width>
					<include>WindowTitleCommons</include>
					<label>$LOCALIZE[13200]</label>
				</control>
				
			</control>
				
		</control>
		
		<!--main content-->
		<control type="group">
			<top>205</top>
			<left>-265</left>
			<animation effect="slide" start="0,950" end="0,0" time="400" tween="quadratic" easing="out" condition="!Window.Previous(SettingsCategory.xml) + !Window.Previous(SkinSettings.xml)">WindowOpen</animation>
			<animation effect="slide" start="0,0" end=",950" time="400" tween="quadratic" easing="out" condition="!Window.Next(SettingsCategory.xml) + !Window.Next(SkinSettings.xml)">WindowClose</animation>
			
			<animation effect="slide" start="-1700,0" end=",0" time="400" tween="quadratic" easing="out" condition="Window.Previous(SettingsCategory.xml) | Window.Previous(SkinSettings.xml)">WindowOpen</animation>
			<animation effect="slide" start="0,0" end="-1700,0" time="400" tween="quadratic" easing="out" condition="Window.Next(SettingsCategory.xml) | Window.Next(SkinSettings.xml)">WindowClose</animation>
			
			<animation effect="slide" start="0,0" end="0,-50" time="0" condition="Player.HasMedia + !SubString(Window(videolibrary).Property(TvTunesIsAlive),TRUE)">Conditional</animation>
						
			<!--title bars and backgrounds-->
			<control type="group">
			
				<!--background glow-->
				<control type="image">
					<left>495</left>
					<top>-40</top>
					<width>1470</width>
					<height>1140</height>
					<texture>backgrounds/settings bg.png</texture>
				</control>
			
				<!--background-->
				<control type="image">
					<left>535</left>
					<top>0</top>
					<width>1390</width>
					<height>783</height>
					<texture colordiffuse="tertiary2">backgrounds/white.png</texture>
				</control>
					
				<!--title background-->
				<control type="image">
					<left>535</left>
					<top>0</top>
					<width>1390</width>
					<height>115</height>
					<texture background="true" colordiffuse="$VAR[Colour.500]">backgrounds/white.png</texture>
				</control>
				
				<!--close window button-->
				<control type="button">
					<left>540</left>
					<top>0</top>
					<width>50</width>
					<height>25</height>
					<label>-</label>
					<font>-</font>
					<onclick>PreviousMenu</onclick>
					<texturefocus>DialogCloseButton-focus.png</texturefocus>
					<texturenofocus>DialogCloseButton.png</texturenofocus>
					<onleft>9000</onleft>
					<onright>9000</onright>
					<onup>9000</onup>
					<ondown>9000</ondown>
					<visible>system.getbool(input.enablemouse)</visible>
				</control>
				
			</control>
			
			<!--title-->
			<control type="label" id="40">
				<left>580</left>
				<top>25</top>
				<width>1545</width>
				<height>60</height>
				<font>info.title</font>
				<align>left</align>
				<aligny>center</aligny>
				<textcolor>white</textcolor>
				<label>$LOCALIZE[13200] - $LOCALIZE[5]</label>
			</control>
					
			<!--side bar-->
			<control type="image">
				<left>535</left>
				<top>115</top>
				<width>375</width>
				<height>668</height>
				<texture background="true" colordiffuse="$VAR[Colour.900]">backgrounds/white.png</texture>
			</control>
		
			<!--side blade shadow-->
			<control type="image">
				<left>909</left>
				<top>115</top>
				<width>20</width>
				<height>668</height>
				<texture>sidebarshadow.png</texture>
				<animation effect="fade" start="100" end="75" time="0" condition="true">Conditional</animation>
			</control>
			
			<!--title shadow-->
			<control type="image">
				<left>535</left>
				<top>115</top>
				<width>1390</width>
				<height>20</height>
				<texture>homeshadow.png</texture>
				<animation effect="fade" start="100" end="75" time="0" condition="true">Conditional</animation>
			</control>
			
			<control type="list" id="9000">
				<left>545</left>
				<top>125</top>
				<width>390</width>
				<height>650</height>
				<itemgap>0</itemgap>
				<onleft>9010</onleft>
				<onright>9010</onright>
				<onup>9000</onup>
				<ondown>9000</ondown>
				<pagecontrol>-</pagecontrol>
				<scrolltime>300</scrolltime>
				
				<itemlayout height="65" width="390">
					
					<!--label-->
					<control type="label">
						<left>15</left>
						<top>0</top>
						<width>570</width>
						<height>60</height>
						<font>button</font>
						<textcolor>white</textcolor>
						<align>left</align>
						<aligny>center</aligny>
						<label>$INFO[ListItem.Label]</label>
					</control>
					
				</itemlayout>
				
				<focusedlayout height="65" width="390">
					
					<!--focused bg-->
					<control type="image">
						<left>0</left>
						<top>0</top>
						<width>355</width>
						<height>60</height>
						<texture colordiffuse="white">backgrounds/white.png</texture>
						<animation effect="fade" start="100" end="30" time="100" condition="!Control.HasFocus(9000)">Conditional</animation>
					</control>
					
					<!--label-->					
					<control type="label">
						<left>15</left>
						<top>0</top>
						<width>325</width>
						<height>60</height>
						<font>button</font>
						<textcolor>$VAR[Colour.900]</textcolor>
						<align>left</align>
						<aligny>center</aligny>
						<label>$INFO[ListItem.Label]</label>
					</control>
					
				</focusedlayout>
				
				<content>
				
					<item id="1">
						<label>31420</label>
						<onclick>noop</onclick>
						<icon>-</icon>
					</item>
					
					<item id="2">
						<label>13200</label>
						<onclick>noop</onclick>
						<icon>-</icon>
					</item>
					
				</content>
				
			</control>
			
			<control type="group">
				<visible>Container(9000).Hasfocus(2)</visible>
				<left>545</left>
				<top>290</top>
				
				<!--background-->
				<control type="image">
					<left>0</left>
					<top>0</top>
					<width>355</width>
					<height>300</height>
					<texture background="true" colordiffuse="tertiary">backgrounds/white.png</texture>
					<bordersize>5</bordersize>
					<bordertexture colordiffuse="$VAR[Colour.500]">backgrounds/square shadow small.png</bordertexture>
				</control>
			
				<!--icon (no fallback)-->
				<control type="image">
					<left>0</left>
					<top>0</top>
					<width>355</width>
					<height>300</height>
					<texture>$INFO[Listitem.Icon]</texture>
					<visible>!IsEmpty(Container(2).Listitem.Icon)</visible>
				</control>
				
				<!--icon (fallback)-->
				<control type="image">
					<left>0</left>
					<top>0</top>
					<width>355</width>
					<height>300</height>
					<texture colordiffuse="$VAR[Colour.500]">unknown-user.png</texture>
					<visible>IsEmpty(Container(2).Listitem.Icon)</visible>
				</control>
				
				<control type="label">
					<left>0</left>
					<top>315</top>
					<width>355</width>
					<height>30</height>
					<font>secondary.info.big</font>
					<textcolor>$VAR[Colour.500]</textcolor>
					<align>center</align>
					<aligny>center</aligny>
					<label>$LOCALIZE[31319]</label>
				</control>
				
				<control type="label">
					<left>0</left>
					<top>352</top>
					<width>355</width>
					<height>30</height>
					<font>secondary.info</font>
					<textcolor>white</textcolor>
					<align>center</align>
					<aligny>center</aligny>
					<label>$INFO[Container(2).ListItem.Label]</label>
				</control>
				
				<control type="label">
					<left>0</left>
					<top>398</top>
					<width>355</width>
					<height>45</height>
					<font>secondary.info.big</font>
					<textcolor>$VAR[Colour.500]</textcolor>
					<align>center</align>
					<aligny>center</aligny>
					<label>$LOCALIZE[31320]</label>
				</control>
				
				<control type="label">
					<left>0</left>
					<top>435</top>
					<width>355</width>
					<height>45</height>
					<font>secondary.info</font>
					<textcolor>white</textcolor>
					<align>center</align>
					<aligny>center</aligny>
					<label fallback="13170">$INFO[Container(2).ListItem.Label2]</label>
				</control>
				
			</control>
			
			<control type="group" id="9010">
			
				<control type="grouplist" id="9001">
					<visible>Container(9000).Hasfocus(1)</visible>
					<left>920</left>
					<top>125</top>
					<width>995</width>
					<height>580</height>
					<itemgap>5</itemgap>
					<pagecontrol>60</pagecontrol>
					<onleft>9000</onleft>
					<onright>60</onright>
					<onup>9001</onup>
					<ondown>9001</ondown>
					
					<control type="radiobutton" id="4">
						<description>enable login screen</description>
						<width>995</width>
						<label>20096</label>
					</control>
					
					<control type="button" id="5">
						<description>auto login</description>
						<width>995</width>
						<label>33084</label>
						<label2>$INFO[System.ProfileAutoLogin]</label2>
						<enable>!System.HasLoginScreen</enable>
					</control>
					
				</control>
				
				<control type="group">
					<visible>Container(9000).Hasfocus(1)</visible>
					
					<!--seperator-->
					<control type="image">
						<left>930</left>
						<top>720</top>
						<width>975</width>
						<height>1</height>
						<aspectratio>stretch</aspectratio>
						<texture colordiffuse="$VAR[Colour.500]">backgrounds/white.png</texture>
					</control>
					
					<!--setting description-->
					<control type="textbox">
						<left>935</left>
						<top>735</top>
						<width>960</width>
						<height>128</height>
						<font>secondary.info.small</font>
						<align>left</align>
						<textcolor>text.primary</textcolor>
						<label>$LOCALIZE[31422]</label>
						<autoscroll time="3000" delay="4000" repeat="5000">true</autoscroll>
						<visible>Control.Hasfocus(4)</visible>
					</control>
					
					<control type="textbox">
						<left>935</left>
						<top>735</top>
						<width>960</width>
						<height>128</height>
						<font>secondary.info.small</font>
						<align>left</align>
						<textcolor>text.primary</textcolor>
						<label>$LOCALIZE[31423]</label>
						<autoscroll time="3000" delay="4000" repeat="5000">true</autoscroll>
						<visible>Control.Hasfocus(5)</visible>
					</control>
					
				</control>
				
				<control type="panel" id="2">
					<visible>Container(9000).Hasfocus(2)</visible>
					<left>920</left>
					<top>125</top>
					<width>995</width>
					<height>580</height>
					<onleft>9000</onleft>
					<onright>60</onright>
					<onup>9010</onup>
					<ondown>9010</ondown>
					<pagecontrol>60</pagecontrol>
					<scrolltime>200</scrolltime>

					<itemlayout height="193" width="248">
					
						<!--background-->
						<control type="image">
							<left>1</left>
							<top>0</top>
							<width>245</width>
							<height>190</height>
							<texture background="true" colordiffuse="tertiary">backgrounds/white.png</texture>
							<bordersize>5</bordersize>
							<bordertexture colordiffuse="$VAR[Colour.500]">backgrounds/square shadow small.png</bordertexture>
						</control>
					
						<!--icon (no fallback)-->
						<control type="image">
							<left>6</left>
							<top>5</top>
							<width>235</width>
							<height>180</height>
							<texture>$INFO[Listitem.Icon]</texture>
							<visible>!IsEmpty(ListItem.Icon)</visible>
						</control>
						
						<!--icon (fallback)-->
						<control type="image">
							<left>6</left>
							<top>5</top>
							<width>235</width>
							<height>180</height>
							<texture colordiffuse="$VAR[Colour.500]">unknown-user.png</texture>
							<visible>IsEmpty(ListItem.Icon)</visible>
						</control>
						
						<!--label background-->
						<control type="image">
							<left>7</left>
							<top>152</top>
							<width>233</width>
							<height>32</height>
							<texture colordiffuse="tertiary">backgrounds/white.png</texture>
							<animation effect="fade" start="100" end="60" time="0" condition="true">Conditional</animation>
						</control>
						
						<control type="label">
							<left>10</left>
							<top>155</top>
							<width>225</width>
							<height>26</height>
							<font>secondary.info.big</font>
							<textcolor>text.primary</textcolor>
							<selectedcolor>selected</selectedcolor>
							<align>center</align>
							<aligny>center</aligny>
							<info>ListItem.Label</info>
							<animation effect="fade" start="100" end="60" time="0" condition="true">Conditional</animation>
						</control>
						
					</itemlayout>
					
					<focusedlayout height="193" width="248">
					
						<!--background (fallback)-->
						<control type="image">
							<left>1</left>
							<top>0</top>
							<width>245</width>
							<height>190</height>
							<texture background="true" colordiffuse="tertiary2">backgrounds/white.png</texture>
							<bordersize>5</bordersize>
							<bordertexture colordiffuse="$VAR[Colour.500]">backgrounds/white.png</bordertexture>
						</control>
					
						<!--icon (no fallback)-->
						<control type="image">
							<left>6</left>
							<top>5</top>
							<width>235</width>
							<height>180</height>
							<texture>$INFO[Listitem.Icon]</texture>
							<visible>!IsEmpty(ListItem.Icon)</visible>
						</control>
						
						<!--icon (fallback)-->
						<control type="image">
							<left>6</left>
							<top>5</top>
							<width>235</width>
							<height>180</height>
							<texture colordiffuse="$VAR[Colour.500]">unknown-user.png</texture>
							<visible>IsEmpty(ListItem.Icon)</visible>
						</control>
						
						<!--label background-->
						<control type="image">
							<left>7</left>
							<top>152</top>
							<width>233</width>
							<height>32</height>
							<texture colordiffuse="tertiary">backgrounds/white.png</texture>
						</control>
						
						<control type="label">
							<left>10</left>
							<top>155</top>
							<width>225</width>
							<height>26</height>
							<font>secondary.info.big</font>
							<textcolor>$VAR[Colour.500]</textcolor>
							<selectedcolor>selected</selectedcolor>
							<align>center</align>
							<aligny>center</aligny>
							<info>ListItem.Label</info>
						</control>
						
					</focusedlayout>
					
				</control>
				
				<!--scrollbar-->
				<control type="scrollbar" id="60">
					<left>1935</left>
					<top>115</top>
					<height>668</height>
					<onleft>2</onleft>
					<onright>9000</onright>
				</control>
				
			</control>
			
		</control>
		
		<include>CommonNowPlaying</include>
		<include>MainWindowMouseButtons</include>
		<include>BehindDialogFadeOut</include>
		
	</controls>
	
</window>