<?xml version="1.0" encoding="UTF-8"?>

<includes>

	<include name="PosterWrapView">
			
		<!--content list-->
		<control type="list" id="501">
			<visible>Container.Content(Movies) | Container.Content(Seasons) | Container.Content(TVShows) | Container.Content(Sets)</visible>
			<visible>!Container.Content(LiveTV)</visible>
			<left>55</left>
			<top>271</top>
			<width>1810</width>
			<height>538</height>
			<onleft>501</onleft>
			<onright>501</onright>
			<onup>2</onup>
			<ondown>60</ondown>
			<viewtype label="31028">bigwrap</viewtype>
			<pagecontrol>60</pagecontrol>
			<scrolltime>200</scrolltime>
			<orientation>horizontal</orientation>
			<preloaditems>4</preloaditems>
			<focusposition>1</focusposition>
			<movement>3</movement>
			
			<itemlayout height="500" width="362">
			
				<!--bg (fallback)-->
				<control type="image">
					<left>0</left>
					<top>0</top>
					<width>362</width>
					<height>538</height>
					<aspectratio>stretch</aspectratio>
					<texture colordiffuse="tertiary"  background="true">backgrounds/white.png</texture>
					<visible>SubString(ListItem.Icon,Default)</visible>
					<bordersize>5</bordersize>
					<bordertexture colordiffuse="tertiary">backgrounds/poster shadow small.png</bordertexture>
				</control>
			
				<!--thumb (fallback)-->
				<control type="image">
					<left>5</left>
					<top>5</top>
					<width>352</width>
					<height>528</height>
					<aspectratio>keep</aspectratio>
					<texture colordiffuse="$VAR[Colour.500]"  background="true">$VAR[PosterThumb]</texture>
					<visible>SubString(ListItem.Icon,Default)</visible>
				</control>
			
				<!--thumb (no fallback)-->
				<control type="image">
					<left>0</left>
					<top>0</top>
					<width>362</width>
					<height>538</height>
					<aspectratio>stretch</aspectratio>
					<texture background="true">$VAR[PosterThumb]</texture>
					<bordersize>5</bordersize>
					<bordertexture colordiffuse="tertiary">backgrounds/poster shadow small.png</bordertexture>
					<visible>!SubString(ListItem.Icon,Default)</visible>
				</control>
			
				<!--overlay background-->
				<control type="image">
					<left>5</left>
					<top>5</top>
					<width>45</width>
					<height>45</height>
					<texture colordiffuse="$VAR[Colour.500]">backgrounds/white.png</texture>
					<visible>StringCompare(ListItem.Overlay,OverlayWatched.png) | ListItem.IsResumable</visible>
				</control>
				
				<!--watched icon-->
				<control type="image">
					<left>5</left>
					<top>7</top>
					<width>45</width>
					<height>40</height>
					<texture colordiffuse="white">$INFO[ListItem.Overlay]</texture>
					<visible>Window.IsVisible(Videos) + !ListItem.IsResumable</visible>
				</control>
				
				<!--resumable icon-->
				<control type="image">
					<left>5</left>
					<top>7</top>
					<width>45</width>
					<height>40</height>
					<texture colordiffuse="white">OverlayWatching.png</texture>
					<visible>Window.IsVisible(Videos) + ListItem.IsResumable</visible>
				</control>
				
			</itemlayout>
			
			<focusedlayout height="500" width="362">
			
				<!--bg (fallback)-->
				<control type="image">
					<left>0</left>
					<top>0</top>
					<width>362</width>
					<height>538</height>
					<aspectratio>stretch</aspectratio>
					<texture colordiffuse="tertiary2"  background="true">backgrounds/white.png</texture>
					<visible>SubString(ListItem.Icon,Default)</visible>
					<bordersize>5</bordersize>
					<bordertexture colordiffuse="$VAR[Colour.500]">backgrounds/white.png</bordertexture>
				</control>
			
				<!--thumb (fallback)-->
				<control type="image">
					<left>5</left>
					<top>5</top>
					<width>352</width>
					<height>528</height>
					<aspectratio>keep</aspectratio>
					<texture colordiffuse="$VAR[Colour.500]"  background="true">$VAR[PosterThumb]</texture>
					<visible>SubString(ListItem.Icon,Default)</visible>
				</control>
			
				<!--thumb (no fallback)-->
				<control type="image">
					<left>0</left>
					<top>0</top>
					<width>362</width>
					<height>538</height>
					<aspectratio>stretch</aspectratio>
					<texture background="true">$VAR[PosterThumb]</texture>
					<bordersize>5</bordersize>
					<bordertexture colordiffuse="$VAR[Colour.500]">backgrounds/white.png</bordertexture>
					<visible>!SubString(ListItem.Icon,Default)</visible>
				</control>
			
				<!--info background-->
				<control type="image">
					<left>5</left>
					<top>413</top>
					<width>280</width>
					<height>120</height>
					<texture colordiffuse="tertiary">backgrounds/white.png</texture>
				</control>
					
				<!--main label-->
				<control type="textbox">
					<left>20</left>
					<top>418</top>
					<width>250</width>
					<height>80</height>
					<font>breadcrumb</font>
					<textcolor>text.primary</textcolor>
					<selectedcolor>$VAR[Colour.500]</selectedcolor>
					<align>left</align>
					<label>$INFO[ListItem.Label]</label>
				</control>
					
				<!--secondary label-->
				<control type="label">
					<left>22</left>
					<top>498</top>
					<width>244</width>
					<height>24</height>
					<font>secondary.info</font>
					<textcolor>$VAR[Colour.500]</textcolor>
					<selectedcolor>$VAR[Colour.500]</selectedcolor>
					<align>left</align>
					<label>$INFO[ListItem.Rating]$INFO[ListItem.Year, • ,]$INFO[ListItem.Duration, • , $LOCALIZE[31063]]</label>
				</control>
			
				<!--overlay background-->
				<control type="image">
					<left>5</left>
					<top>5</top>
					<width>45</width>
					<height>45</height>
					<texture colordiffuse="tertiary">backgrounds/white.png</texture>
					<visible>StringCompare(ListItem.Overlay,OverlayWatched.png) | ListItem.IsResumable</visible>
				</control>
				
				<!--watched icon-->
				<control type="image">
					<left>5</left>
					<top>7</top>
					<width>45</width>
					<height>40</height>
					<texture colordiffuse="$VAR[Colour.500]">$INFO[ListItem.Overlay]</texture>
					<visible>Window.IsVisible(Videos) + !ListItem.IsResumable</visible>
				</control>
				
				<!--resumable icon-->
				<control type="image">
					<left>5</left>
					<top>7</top>
					<width>45</width>
					<height>40</height>
					<texture colordiffuse="$VAR[Colour.500]">OverlayWatching.png</texture>
					<visible>Window.IsVisible(Videos) + ListItem.IsResumable</visible>
				</control>
				
			</focusedlayout>
			
		</control>
		
		<!--scrollbar-->
		<control type="scrollbar" id="60">
			<left>60</left>
			<top>814</top>
			<width>1800</width>
			<height>7</height>
			<onup>501</onup>
			<ondown>9000</ondown>
			<showonepage>false</showonepage>
			<orientation>horizontal</orientation>
			<visible>Control.IsVisible(501)</visible>
		</control>
		
	</include>
	
	<include name="PosterWrapView2_Fanart">
	
		<!--label-->
		<control type="group">
			<left>0</left>
			<top>525</top>
			<visible>Control.IsVisible(508) + [[ListItem.IsFolder + Container.Content(Movies)] | Skin.HasSetting(View508HideInfo) | Container.Content(Sets)]</visible>
			<include>VisibleFadeEffect</include>
			
			<control type="label">
				<left>60</left>
				<top>80</top>
				<width>1800</width>
				<height>30</height>
				<font>info.title</font>
				<textcolor>white</textcolor>
				<shadowcolor>button.nf</shadowcolor>
				<scroll>true</scroll>
				<align>left</align>
				<aligny>center</aligny>
				<label>$INFO[ListItem.Label]</label>
			</control>
			
		</control>
		
		<control type="group">
			<visible>Control.IsVisible(508)</visible>
			<include>VisibleFadeEffect</include>
			<left>0</left>
			<top>645</top>
			
			<!--content list-->
			<control type="list" id="508">
				<visible>Container.Content(Movies) | Container.Content(TVShows) | Container.Content(Sets)</visible>
				<left>55</left>
				<top>14</top>
				<width>1810</width>
				<height>280</height>
				<onleft>508</onleft>
				<onright>508</onright>
				<onup>2</onup>
				<ondown>60</ondown>
				<viewtype label="31029">wrap</viewtype>
				<pagecontrol>60</pagecontrol>
				<scrolltime>200</scrolltime>
				<focusposition>5</focusposition>
				<movement>3</movement>
				<orientation>horizontal</orientation>
				<preloaditems>4</preloaditems>
				
				<itemlayout height="300" width="181">
				
					<!--bg (fallback)-->
					<control type="image">
						<left>0</left>
						<top>0</top>
						<width>181</width>
						<height>266</height>
						<aspectratio>stretch</aspectratio>
						<texture colordiffuse="tertiary" background="true">backgrounds/white.png</texture>
						<bordersize>5</bordersize>
						<bordertexture>backgrounds/poster shadow small l.png</bordertexture>
						<visible>SubString(ListItem.Icon,Default)</visible>
					</control>
				
					<!--thumb (fallback)-->
					<control type="image">
						<left>5</left>
						<top>5</top>
						<width>171</width>
						<height>256</height>
						<aspectratio>keep</aspectratio>
						<texture colordiffuse="$VAR[Colour.500]" background="true">$VAR[PosterThumb]</texture>
						<visible>SubString(ListItem.Icon,Default)</visible>
					</control>
				
					<!--thumb (no fallback)-->
					<control type="image">
						<left>0</left>
						<top>0</top>
						<width>181</width>
						<height>266</height>
						<aspectratio>stretch</aspectratio>
						<texture background="true">$VAR[PosterThumb]</texture>
						<bordersize>5</bordersize>
						<bordertexture>backgrounds/poster shadow small l.png</bordertexture>
						<visible>!SubString(ListItem.Icon,Default)</visible>
					</control>
			
					<!--overlay background-->
					<control type="image">
						<left>5</left>
						<top>5</top>
						<width>35</width>
						<height>35</height>
						<texture colordiffuse="$VAR[Colour.500]">backgrounds/white.png</texture>
						<visible>StringCompare(ListItem.Overlay,OverlayWatched.png) | ListItem.IsResumable</visible>
					</control>
					
					<!--watched icon-->
					<control type="image">
						<left>5</left>
						<top>7</top>
						<width>34</width>
						<height>30</height>
						<texture colordiffuse="white">$INFO[ListItem.Overlay]</texture>
						<visible>Window.IsVisible(Videos) + !ListItem.IsResumable</visible>
					</control>
					
					<!--resumable icon-->
					<control type="image">
						<left>5</left>
						<top>7</top>
						<width>34</width>
						<height>30</height>
						<texture colordiffuse="white">OverlayWatching.png</texture>
						<visible>Window.IsVisible(Videos) + ListItem.IsResumable</visible>
					</control>
					
				</itemlayout>
				
				<focusedlayout height="465" width="181">
				
					<!--bg (fallback)-->
					<control type="image">
						<left>0</left>
						<top>0</top>
						<width>181</width>
						<height>266</height>
						<aspectratio>stretch</aspectratio>
						<texture colordiffuse="tertiary2" background="true">backgrounds/white.png</texture>
						<bordersize>5</bordersize>
						<bordertexture colordiffuse="$VAR[Colour.500]">backgrounds/white.png</bordertexture>
						<visible>SubString(ListItem.Icon,Default)</visible>
					</control>
				
					<!--thumb (fallback)-->
					<control type="image">
						<left>5</left>
						<top>5</top>
						<width>171</width>
						<height>256</height>
						<aspectratio>keep</aspectratio>
						<texture colordiffuse="$VAR[Colour.500]" background="true">$VAR[PosterThumb]</texture>
						<visible>SubString(ListItem.Icon,Default)</visible>
					</control>
				
					<!--thumb (no fallback)-->
					<control type="image">
						<left>0</left>
						<top>0</top>
						<width>181</width>
						<height>266</height>
						<aspectratio>stretch</aspectratio>
						<texture background="true">$VAR[PosterThumb]</texture>
						<bordersize>5</bordersize>
						<bordertexture colordiffuse="$VAR[Colour.500]">backgrounds/white.png</bordertexture>
						<visible>!SubString(ListItem.Icon,Default)</visible>
					</control>
			
					<!--overlay background-->
					<control type="image">
						<left>5</left>
						<top>5</top>
						<width>35</width>
						<height>35</height>
						<texture colordiffuse="tertiary">backgrounds/white.png</texture>
						<visible>StringCompare(ListItem.Overlay,OverlayWatched.png) | ListItem.IsResumable</visible>
					</control>
					
					<!--watched icon-->
					<control type="image">
						<left>5</left>
						<top>7</top>
						<width>34</width>
						<height>30</height>
						<texture colordiffuse="$VAR[Colour.500]">$INFO[ListItem.Overlay]</texture>
						<visible>Window.IsVisible(Videos) + !ListItem.IsResumable</visible>
					</control>
					
					<!--resumable icon-->
					<control type="image">
						<left>5</left>
						<top>7</top>
						<width>34</width>
						<height>30</height>
						<texture colordiffuse="$VAR[Colour.500]">OverlayWatching.png</texture>
						<visible>Window.IsVisible(Videos) + ListItem.IsResumable</visible>
					</control>
					
				</focusedlayout>
				
			</control>
			
			<!--scrollbar-->
			<control type="scrollbar" id="60">
				<left>60</left>
				<top>285</top>
				<width>1800</width>
				<height>7</height>
				<onup>508</onup>
				<ondown>9000</ondown>
				<showonepage>false</showonepage>
				<orientation>horizontal</orientation>
				<visible>Control.IsVisible(508)</visible>
			</control>
			
		</control>
		
		<!--movies info-->
		<control type="group">
			<left>360</left>
			<top>210</top>
			<visible>Control.IsVisible(508) + ![ListItem.IsFolder + Container.Content(Movies)] + !Skin.HasSetting(View508HideInfo) + !Container.Content(Sets)</visible>
			<include>VisibleFadeEffect</include>
			
			<!--background-->
			<control type="image">
				<left>-10</left>
				<top>-10</top>
				<width>1220</width>
				<height>455</height>
				<texture colordiffuse="tertiary">backgrounds/poster wrap 2 bg.png</texture>
			</control>
			
			<!--title-->
			<control type="label">
				<left>30</left>
				<top>30</top>
				<width>1140</width>
				<height>30</height>
				<font>info.title</font>
				<textcolor>text.primary</textcolor>
				<scroll>false</scroll>
				<align>left</align>
				<aligny>center</aligny>
				<label>$INFO[ListItem.Label]</label>
			</control>
			
			<!--movies info-->
			<control type="group">
				<top>-10</top>
				<visible>Container.Content(Movies)</visible>
			
				<!--year-->
				<control type="group">
							
					<control type="label">
						<left>30</left>
						<top>100</top>
						<width>240</width>
						<height>35</height>
						<font>secondary.info</font>
						<align>left</align>
						<aligny>center</aligny>
						<textcolor>$VAR[Colour.500]</textcolor>
						<selectedcolor>selected</selectedcolor>
						<label>$LOCALIZE[562]</label>
					</control>
								
					<control type="label">
						<left>200</left>
						<top>100</top>
						<width>240</width>
						<height>35</height>
						<font>secondary.info</font>
						<align>left</align>
						<aligny>center</aligny>
						<textcolor>text.primary</textcolor>
						<selectedcolor>selected</selectedcolor>
						<label>$INFO[ListItem.Year]</label>
					</control>
					
				</control>
				
				<!--duration-->
				<control type="group">
					<top>35</top>
							
					<control type="label">
						<left>30</left>
						<top>100</top>
						<width>240</width>
						<height>35</height>
						<font>secondary.info</font>
						<align>left</align>
						<aligny>center</aligny>
						<textcolor>$VAR[Colour.500]</textcolor>
						<selectedcolor>selected</selectedcolor>
						<label>$LOCALIZE[2050]</label>
					</control>
								
					<control type="label">
						<left>200</left>
						<top>100</top>
						<width>240</width>
						<height>35</height>
						<font>secondary.info</font>
						<align>left</align>
						<aligny>center</aligny>
						<textcolor>text.primary</textcolor>
						<selectedcolor>selected</selectedcolor>
						<label>$INFO[ListItem.Duration] $LOCALIZE[12391]</label>
					</control>
					
				</control>
				
				<!--mpaa-->
				<control type="group">
					<top>70</top>
							
					<control type="label">
						<left>30</left>
						<top>100</top>
						<width>240</width>
						<height>35</height>
						<font>secondary.info</font>
						<align>left</align>
						<aligny>center</aligny>
						<textcolor>$VAR[Colour.500]</textcolor>
						<selectedcolor>selected</selectedcolor>
						<label>$LOCALIZE[31068]</label>
					</control>
								
					<control type="label">
						<left>200</left>
						<top>100</top>
						<width>240</width>
						<height>35</height>
						<font>secondary.info</font>
						<align>left</align>
						<aligny>center</aligny>
						<textcolor>text.primary</textcolor>
						<selectedcolor>selected</selectedcolor>
						<label>$INFO[ListItem.Mpaa]</label>
					</control>
					
				</control>
				
				<!--rating and votes-->
				<control type="group">
					<top>105</top>
							
					<control type="label">
						<left>30</left>
						<top>100</top>
						<width>240</width>
						<height>35</height>
						<font>secondary.info</font>
						<align>left</align>
						<aligny>center</aligny>
						<textcolor>$VAR[Colour.500]</textcolor>
						<selectedcolor>selected</selectedcolor>
						<label>$LOCALIZE[563]</label>
					</control>
								
					<control type="label">
						<left>200</left>
						<top>100</top>
						<width>240</width>
						<height>35</height>
						<font>secondary.info</font>
						<align>left</align>
						<aligny>center</aligny>
						<textcolor>text.primary</textcolor>
						<selectedcolor>selected</selectedcolor>
						<label>$INFO[ListItem.RatingAndVotes]</label>
					</control>
					
				</control>
				
				<!--genre-->
				<control type="group">
					<top>140</top>
							
					<control type="label">
						<left>30</left>
						<top>100</top>
						<width>240</width>
						<height>35</height>
						<font>secondary.info</font>
						<align>left</align>
						<aligny>center</aligny>
						<textcolor>$VAR[Colour.500]</textcolor>
						<selectedcolor>selected</selectedcolor>
						<label>$LOCALIZE[515]</label>
					</control>
								
					<control type="label">
						<left>200</left>
						<top>100</top>
						<width>240</width>
						<height>35</height>
						<font>secondary.info</font>
						<align>left</align>
						<aligny>center</aligny>
						<textcolor>text.primary</textcolor>
						<selectedcolor>selected</selectedcolor>
						<label>$INFO[ListItem.Genre]</label>
					</control>
					
				</control>
				
				<!--director-->
				<control type="group">
					<top>175</top>
							
					<control type="label">
						<left>30</left>
						<top>100</top>
						<width>240</width>
						<height>35</height>
						<font>secondary.info</font>
						<align>left</align>
						<aligny>center</aligny>
						<textcolor>$VAR[Colour.500]</textcolor>
						<selectedcolor>selected</selectedcolor>
						<label>$LOCALIZE[20339]</label>
					</control>
								
					<control type="label">
						<left>200</left>
						<top>100</top>
						<width>240</width>
						<height>35</height>
						<font>secondary.info</font>
						<align>left</align>
						<aligny>center</aligny>
						<textcolor>text.primary</textcolor>
						<selectedcolor>selected</selectedcolor>
						<label>$INFO[ListItem.Director]</label>
					</control>
					
				</control>
				
				<!--writer-->
				<control type="group">
					<top>210</top>
							
					<control type="label">
						<left>30</left>
						<top>100</top>
						<width>240</width>
						<height>35</height>
						<font>secondary.info</font>
						<align>left</align>
						<aligny>center</aligny>
						<textcolor>$VAR[Colour.500]</textcolor>
						<selectedcolor>selected</selectedcolor>
						<label>$LOCALIZE[20417]</label>
					</control>
								
					<control type="label">
						<left>200</left>
						<top>100</top>
						<width>240</width>
						<height>35</height>
						<font>secondary.info</font>
						<align>left</align>
						<aligny>center</aligny>
						<textcolor>text.primary</textcolor>
						<selectedcolor>selected</selectedcolor>
						<label>$INFO[ListItem.Writer]</label>
					</control>
					
				</control>
				
				<!--studio-->
				<control type="group">
					<top>245</top>
							
					<control type="label">
						<left>30</left>
						<top>100</top>
						<width>240</width>
						<height>35</height>
						<font>secondary.info</font>
						<align>left</align>
						<aligny>center</aligny>
						<textcolor>$VAR[Colour.500]</textcolor>
						<selectedcolor>selected</selectedcolor>
						<label>$LOCALIZE[572]</label>
					</control>
								
					<control type="label">
						<left>200</left>
						<top>100</top>
						<width>240</width>
						<height>35</height>
						<font>secondary.info</font>
						<align>left</align>
						<aligny>center</aligny>
						<textcolor>text.primary</textcolor>
						<selectedcolor>selected</selectedcolor>
						<label>$INFO[ListItem.Studio]</label>
					</control>
					
				</control>

			</control>
			
			<!--tv shows info-->
			<control type="group">
				<top>-10</top>
				<visible>Container.Content(TVShows)</visible>
			
				<!--year-->
				<control type="group">
							
					<control type="label">
						<left>30</left>
						<top>100</top>
						<width>240</width>
						<height>35</height>
						<font>secondary.info</font>
						<align>left</align>
						<aligny>center</aligny>
						<textcolor>$VAR[Colour.500]</textcolor>
						<selectedcolor>selected</selectedcolor>
						<label>$LOCALIZE[562]</label>
					</control>
								
					<control type="label">
						<left>200</left>
						<top>100</top>
						<width>240</width>
						<height>35</height>
						<font>secondary.info</font>
						<align>left</align>
						<aligny>center</aligny>
						<textcolor>text.primary</textcolor>
						<selectedcolor>selected</selectedcolor>
						<label>$INFO[ListItem.Year]</label>
					</control>
					
				</control>
				
				<!--premiered-->
				<control type="group">
					<top>35</top>
							
					<control type="label">
						<left>30</left>
						<top>100</top>
						<width>240</width>
						<height>35</height>
						<font>secondary.info</font>
						<align>left</align>
						<aligny>center</aligny>
						<textcolor>$VAR[Colour.500]</textcolor>
						<selectedcolor>selected</selectedcolor>
						<label>$LOCALIZE[31322]</label>
					</control>
								
					<control type="label">
						<left>200</left>
						<top>100</top>
						<width>240</width>
						<height>35</height>
						<font>secondary.info</font>
						<align>left</align>
						<aligny>center</aligny>
						<textcolor>text.primary</textcolor>
						<selectedcolor>selected</selectedcolor>
						<label>$INFO[ListItem.Premiered]</label>
					</control>
					
				</control>
				
				<!--mpaa-->
				<control type="group">
					<top>70</top>
							
					<control type="label">
						<left>30</left>
						<top>100</top>
						<width>240</width>
						<height>35</height>
						<font>secondary.info</font>
						<align>left</align>
						<aligny>center</aligny>
						<textcolor>$VAR[Colour.500]</textcolor>
						<selectedcolor>selected</selectedcolor>
						<label>$LOCALIZE[31068]</label>
					</control>
								
					<control type="label">
						<left>200</left>
						<top>100</top>
						<width>240</width>
						<height>35</height>
						<font>secondary.info</font>
						<align>left</align>
						<aligny>center</aligny>
						<textcolor>text.primary</textcolor>
						<selectedcolor>selected</selectedcolor>
						<label>$INFO[ListItem.Mpaa]</label>
					</control>
					
				</control>
				
				<!--rating and votes-->
				<control type="group">
					<top>105</top>
							
					<control type="label">
						<left>30</left>
						<top>100</top>
						<width>240</width>
						<height>35</height>
						<font>secondary.info</font>
						<align>left</align>
						<aligny>center</aligny>
						<textcolor>$VAR[Colour.500]</textcolor>
						<selectedcolor>selected</selectedcolor>
						<label>$LOCALIZE[563]</label>
					</control>
								
					<control type="label">
						<left>200</left>
						<top>100</top>
						<width>240</width>
						<height>35</height>
						<font>secondary.info</font>
						<align>left</align>
						<aligny>center</aligny>
						<textcolor>text.primary</textcolor>
						<selectedcolor>selected</selectedcolor>
						<label>$INFO[ListItem.RatingAndVotes]</label>
					</control>
					
				</control>
				
				<!--genre-->
				<control type="group">
					<top>140</top>
							
					<control type="label">
						<left>30</left>
						<top>100</top>
						<width>240</width>
						<height>35</height>
						<font>secondary.info</font>
						<align>left</align>
						<aligny>center</aligny>
						<textcolor>$VAR[Colour.500]</textcolor>
						<selectedcolor>selected</selectedcolor>
						<label>$LOCALIZE[515]</label>
					</control>
								
					<control type="label">
						<left>200</left>
						<top>100</top>
						<width>240</width>
						<height>35</height>
						<font>secondary.info</font>
						<align>left</align>
						<aligny>center</aligny>
						<textcolor>text.primary</textcolor>
						<selectedcolor>selected</selectedcolor>
						<label>$INFO[ListItem.Genre]</label>
					</control>
					
				</control>
				
				<!--studio-->
				<control type="group">
					<top>175</top>
							
					<control type="label">
						<left>30</left>
						<top>100</top>
						<width>240</width>
						<height>35</height>
						<font>secondary.info</font>
						<align>left</align>
						<aligny>center</aligny>
						<textcolor>$VAR[Colour.500]</textcolor>
						<selectedcolor>selected</selectedcolor>
						<label>$LOCALIZE[572]</label>
					</control>
								
					<control type="label">
						<left>200</left>
						<top>100</top>
						<width>240</width>
						<height>35</height>
						<font>secondary.info</font>
						<align>left</align>
						<aligny>center</aligny>
						<textcolor>text.primary</textcolor>
						<selectedcolor>selected</selectedcolor>
						<label>$INFO[ListItem.Studio]</label>
					</control>
					
				</control>
				
				<!--episodes-->
				<control type="group">
					<top>210</top>
							
					<control type="label">
						<left>30</left>
						<top>100</top>
						<width>240</width>
						<height>35</height>
						<font>secondary.info</font>
						<align>left</align>
						<aligny>center</aligny>
						<textcolor>$VAR[Colour.500]</textcolor>
						<selectedcolor>selected</selectedcolor>
						<label>$LOCALIZE[20360]</label>
					</control>
								
					<control type="label">
						<left>200</left>
						<top>100</top>
						<width>240</width>
						<height>35</height>
						<font>secondary.info</font>
						<align>left</align>
						<aligny>center</aligny>
						<textcolor>text.primary</textcolor>
						<selectedcolor>selected</selectedcolor>
						<label>$INFO[ListItem.episode]</label>
					</control>
					
				</control>
				
				<!--unwatched-->
				<control type="group">
					<top>245</top>
							
					<control type="label">
						<left>30</left>
						<top>100</top>
						<width>240</width>
						<height>35</height>
						<font>secondary.info</font>
						<align>left</align>
						<aligny>center</aligny>
						<textcolor>$VAR[Colour.500]</textcolor>
						<selectedcolor>selected</selectedcolor>
						<label>$LOCALIZE[16101]</label>
					</control>
								
					<control type="label">
						<left>200</left>
						<top>100</top>
						<width>240</width>
						<height>35</height>
						<font>secondary.info</font>
						<align>left</align>
						<aligny>center</aligny>
						<textcolor>text.primary</textcolor>
						<selectedcolor>selected</selectedcolor>
						<label>$INFO[ListItem.Property(UnWatchedEpisodes)]</label>
					</control>
					
				</control>
				
				<!--path-->
				<control type="group">
					<top>280</top>
							
					<control type="label">
						<left>30</left>
						<top>100</top>
						<width>240</width>
						<height>35</height>
						<font>secondary.info</font>
						<align>left</align>
						<aligny>center</aligny>
						<textcolor>$VAR[Colour.500]</textcolor>
						<selectedcolor>selected</selectedcolor>
						<label>$LOCALIZE[31067]</label>
					</control>
								
					<control type="label">
						<left>200</left>
						<top>100</top>
						<width>240</width>
						<height>35</height>
						<font>secondary.info</font>
						<align>left</align>
						<aligny>center</aligny>
						<textcolor>text.primary</textcolor>
						<selectedcolor>selected</selectedcolor>
						<label>$INFO[ListItem.Path]</label>
					</control>
					
				</control>

			</control>
								
			<!--seperator-->
			<control type="image">
				<left>470</left>
				<top>90</top>
				<width>1</width>
				<height>325</height>
				<texture colordiffuse="$VAR[Colour.500]">backgrounds/white.png</texture>
			</control>
					
			<!--plot-->
			<control type="textbox">
				<left>500</left>
				<top>83</top>
				<width>665</width>
				<height>340</height>
				<font>label</font>
				<align>left</align>
				<textcolor>text.primary</textcolor>
				<label>$INFO[ListItem.Plot]</label>
				<autoscroll time="2000" delay="15000" repeat="10000">Skin.HasSetting(AutoScroll)</autoscroll>
			</control>
					
			<!--audio/video flags-->
			<control type="group">
				<left>30</left>
				<top>380</top>
				<visible>Container.Content(Movies)</visible>
				<include>media.flags.small</include>
				<animation effect="zoom" start="100" end="80" center="30,375" time="0" condition="true">Conditional</animation>
			</control>
			
			<control type="grouplist">
				<description>MPAA Rating Flagging Images</description>
				<left>142</left>
				<top>540</top>
				<width>1200</width>
				<align>right</align>
				<itemgap>0</itemgap>
				<orientation>horizontal</orientation>
				<include>VideoMPAAFlaggingConditions</include>
			</control>
			
		</control>
		
	</include>
	
	<include name="MediaListView2">
	
		<!--all content-->
		<control type="group">
			<left>25</left>
			<visible>Control.IsVisible(504)</visible>
			<include>VisibleFadeEffect</include>
			
			<!--content list-->
			<control type="list" id="504">
				<left>170</left>
				<top>200</top>
				<width>1004</width>
				<height>700</height>
				<onleft>2</onleft>
				<onright>60</onright>
				<onup>504</onup>
				<ondown>504</ondown>
				<viewtype label="$LOCALIZE[544]">list</viewtype>
				<pagecontrol>60</pagecontrol>
				<scrolltime>200</scrolltime>
				<visible>Container.Content(TVShows) | Container.Content(Seasons) | Container.Content(Episodes) | Container.Content(Movies)</visible>
				
				<itemlayout height="70" width="1004">
				
					<!--background-->
					<control type="image">
						<left>4</left>
						<top>0</top>
						<width>1000</width>
						<height>60</height>
						<texture colordiffuse="button.nf">backgrounds/white.png</texture>
					</control>
					
					<!--main label-->
					<control type="label">
						<left>19</left>
						<top>0</top>
						<width>990</width>
						<height>60</height>
						<font>label</font>
						<textcolor>white</textcolor>
						<selectedcolor>$VAR[Colour.500]</selectedcolor>
						<align>left</align>
						<aligny>center</aligny>
						<label>$INFO[ListItem.Label]</label>
					</control>
					
					<!--secondary label (non videos)-->
					<control type="label">
						<left>385</left>
						<top>0</top>
						<width>600</width>
						<height>60</height>
						<font>secondary.info</font>
						<textcolor>white</textcolor>
						<selectedcolor>$VAR[Colour.500]</selectedcolor>
						<align>right</align>
						<aligny>center</aligny>
						<label>$INFO[ListItem.Label2]</label>
						<visible>!Window.IsVisible(Videos)</visible>
					</control>
					
					<!--secondary label (videos)-->
					<control type="label">
						<left>319</left>
						<top>0</top>
						<width>600</width>
						<height>60</height>
						<font>secondary.info</font>
						<textcolor>white</textcolor>
						<selectedcolor>$VAR[Colour.500]</selectedcolor>
						<align>right</align>
						<aligny>center</aligny>
						<label>$INFO[ListItem.Label2]</label>
						<visible>Window.IsVisible(Videos)</visible>
						<animation effect="slide" start="0,0" end="41,0" delay="0" time="0" condition="![Container.Content(Movies) | Container.Content(Episodes) | Container.Content(MusicVideos)]">conditional</animation>
					</control>
					
					<!--hd/sd flag-->
					<control type="image">
						<left>918</left>
						<top>10</top>
						<width>56</width>
						<height>40</height>
						<texture>$INFO[ListItem.VideoResolution,flagging/lists/,.png]</texture>
						<visible>Window.IsVisible(Videos) + [Container.Content(Movies) | Container.Content(Episodes) | Container.Content(MusicVideos)]</visible>
						<visible>!ListItem.IsStereoscopic</visible>
					</control>
					
					<!--3d flag-->
					<control type="image">
						<left>918</left>
						<top>20</top>
						<width>56</width>
						<height>40</height>
						<texture>flagging/lists/3D.png</texture>
						<visible>Window.IsVisible(Videos) + [Container.Content(Movies) | Container.Content(Episodes) | Container.Content(MusicVideos)]</visible>
						<visible>ListItem.IsStereoscopic</visible>
					</control>
					
					<!--watched icon-->
					<control type="image">
						<left>959</left>
						<top>10</top>
						<width>45</width>
						<height>40</height>
						<texture colordiffuse="white">$INFO[ListItem.Overlay]</texture>
						<visible>Window.IsVisible(Videos) + !ListItem.IsResumable</visible>
					</control>
					
					<!--resumable icon-->
					<control type="image">
						<left>959</left>
						<top>10</top>
						<width>45</width>
						<height>40</height>
						<texture colordiffuse="white">OverlayWatching.png</texture>
						<visible>Window.IsVisible(Videos) + ListItem.IsResumable</visible>
					</control>
					
				</itemlayout>
				
				<focusedlayout height="70" width="1004">
				
					<!--background-->
					<control type="image">
						<left>4</left>
						<top>0</top>
						<width>1000</width>
						<height>60</height>
						<texture colordiffuse="tertiary">backgrounds/white.png</texture>
						<animation effect="fade" start="100" end="75" time="200" condition="Control.HasFocus(60)">Conditional</animation>
					</control>
				
					<!--background strip-->
					<control type="image">
						<left>0</left>
						<top>0</top>
						<width>4</width>
						<height>60</height>
						<texture colordiffuse="$VAR[Colour.500]">backgrounds/white.png</texture>
						<animation effect="fade" start="100" end="75" time="200" condition="Control.HasFocus(60)">Conditional</animation>
					</control>
					
					<!--main label-->
					<control type="label">
						<left>19</left>
						<top>0</top>
						<width>990</width>
						<height>60</height>
						<font>label</font>
						<textcolor>text.primary</textcolor>
						<selectedcolor>$VAR[Colour.500]</selectedcolor>
						<align>left</align>
						<aligny>center</aligny>
						<label>$INFO[ListItem.Label]</label>
					</control>
					
					<!--secondary label (non videos)-->
					<control type="label">
						<left>385</left>
						<top>0</top>
						<width>600</width>
						<height>60</height>
						<font>secondary.info</font>
						<textcolor>text.primary</textcolor>
						<selectedcolor>$VAR[Colour.500]</selectedcolor>
						<align>right</align>
						<aligny>center</aligny>
						<label>$INFO[ListItem.Label2]</label>
						<visible>!Window.IsVisible(Videos)</visible>
					</control>
					
					<!--secondary label (videos)-->
					<control type="label">
						<left>319</left>
						<top>0</top>
						<width>600</width>
						<height>60</height>
						<font>secondary.info</font>
						<textcolor>text.primary</textcolor>
						<selectedcolor>$VAR[Colour.500]</selectedcolor>
						<align>right</align>
						<aligny>center</aligny>
						<label>$INFO[ListItem.Label2]</label>
						<visible>Window.IsVisible(Videos)</visible>
						<animation effect="slide" start="0,0" end="41,0" delay="0" time="0" condition="![Container.Content(Movies) | Container.Content(Episodes) | Container.Content(MusicVideos)]">conditional</animation>
					</control>
					
					<!--hd/sd flag-->
					<control type="image">
						<left>918</left>
						<top>10</top>
						<width>56</width>
						<height>40</height>
						<texture>$INFO[ListItem.VideoResolution,flagging/lists/,.png]</texture>
						<visible>Window.IsVisible(Videos) + [Container.Content(Movies) | Container.Content(Episodes) | Container.Content(MusicVideos)]</visible>
						<visible>!ListItem.IsStereoscopic</visible>
					</control>
					
					<!--3d flag-->
					<control type="image">
						<left>918</left>
						<top>20</top>
						<width>56</width>
						<height>40</height>
						<texture>flagging/lists/3D.png</texture>
						<visible>Window.IsVisible(Videos) + [Container.Content(Movies) | Container.Content(Episodes) | Container.Content(MusicVideos)]</visible>
						<visible>ListItem.IsStereoscopic</visible>
					</control>
					
					<!--watched icon-->
					<control type="image">
						<left>959</left>
						<top>10</top>
						<width>45</width>
						<height>40</height>
						<texture colordiffuse="$VAR[Colour.500]">$INFO[ListItem.Overlay]</texture>
						<visible>Window.IsVisible(Videos) + !ListItem.IsResumable</visible>
					</control>
					
					<!--resumable icon-->
					<control type="image">
						<left>959</left>
						<top>10</top>
						<width>45</width>
						<height>40</height>
						<texture colordiffuse="$VAR[Colour.500]">OverlayWatching.png</texture>
						<visible>Window.IsVisible(Videos) + ListItem.IsResumable</visible>
					</control>
					
				</focusedlayout>
				
			</control>
			
			<!--scrollbar-->
			<control type="scrollbar" id="60">
				<left>1184</left>
				<top>200</top>
				<onleft>504</onleft>
				<onright>2</onright>
				<orientation>vertical</orientation>
				<showonepage>true</showonepage>
			</control>
			
			<!--movies / tv shows info-->
			<control type="group">
				<left>1201</left>
				<top>200</top>
				<visible>Control.IsVisible(504) + [Container.Content(Movies) | Container.Content(TVShows) | Container.Content(Seasons)]</visible>
				
				<!--background-->
				<control type="image">
					<left>-20</left>
					<top>-20</top>
					<width>550</width>
					<height>730</height>
					<texture background="true" colordiffuse="tertiary">backgrounds/info bg.png</texture>
				</control>
				
				<!--fanart (fallback)-->
				<control type="image">
					<left>0</left>
					<top>0</top>
					<width>510</width>
					<height>287</height>
					<aspectratio>scale</aspectratio>
					<texture background="true" colordiffuse="$VAR[Colour.500]">Fanart_Fallback_Small.png</texture>
					<visible>IsEmpty(ListItem.Art(fanart))</visible>
				</control>
				
				<!--fanart (no fallback)-->
				<control type="image">
					<left>0</left>
					<top>0</top>
					<width>510</width>
					<height>287</height>
					<aspectratio>scale</aspectratio>
					<texture background="true">$INFO[ListItem.Art(fanart)]</texture>
					<bordertexture background="true" colordiffuse="tertiary">backgrounds/white.png</bordertexture>
					<bordersize>0</bordersize>
					<visible>!IsEmpty(ListItem.Art(fanart))</visible>
				</control>
				
				<!--info strip background-->
				<control type="image">
					<left>0</left>
					<top>287</top>
					<width>510</width>
					<height>60</height>
					<texture background="true" colordiffuse="$VAR[Colour.500]">backgrounds/white.png</texture>
					<animation effect="slide" start="0,0" end="0,-7" time="0" condition="Container.Content(TVShows) | Container.Content(Seasons)">Conditional</animation>
				</control>
			
				<!--fanart shadow-->
				<control type="image">
					<left>0</left>
					<top>287</top>
					<width>510</width>
					<height>10</height>
					<texture>homeshadow.png</texture>
					<animation effect="fade" start="100" end="100" time="0" condition="true">Conditional</animation>
					<animation effect="slide" start="0,0" end="0,-7" time="0" condition="Container.Content(TVShows) | Container.Content(Seasons)">Conditional</animation>
				</control>
					
				<!--secondary label-->
				<control type="label">
					<left>15</left>
					<top>287</top>
					<width>480</width>
					<height>55</height>
					<font>secondary.info.big</font>
					<textcolor>white</textcolor>
					<selectedcolor>white</selectedcolor>
					<align>left</align>
					<aligny>center</aligny>
					<label>$INFO[ListItem.Year]$INFO[ListItem.Duration, • , $LOCALIZE[31063]]$INFO[ListItem.Genre, • ,]</label>
					<visible>!Container.Content(Seasons)</visible>
					<animation effect="slide" start="0,0" end="0,-7" time="0" condition="Container.Content(TVShows) | Container.Content(Seasons)">Conditional</animation>
				</control>
					
				<!--secondary label-->
				<control type="label">
					<left>15</left>
					<top>280</top>
					<width>480</width>
					<height>55</height>
					<font>secondary.info.big</font>
					<textcolor>white</textcolor>
					<selectedcolor>white</selectedcolor>
					<align>left</align>
					<aligny>center</aligny>
					<label>$INFO[listitem.episode] $LOCALIZE[20360] ($INFO[ListItem.Property(UnWatchedEpisodes), , $LOCALIZE[16101]])</label>
					<visible>Container.Content(Seasons)</visible>
				</control>
				
				<!--plot (movies)-->
				<control type="textbox">
					<left>15</left>
					<top>352</top>
					<width>480</width>
					<height>270</height>
					<font>label</font>
					<align>left</align>
					<textcolor>text.primary</textcolor>
					<label>$INFO[ListItem.Plot]</label>
					<visible>Container.Content(Movies)</visible>
					<autoscroll time="2000" delay="5000" repeat="8000">Skin.HasSetting(AutoScroll)</autoscroll>
				</control>
				
				<!--plot (tv shows)-->
				<control type="textbox">
					<left>15</left>
					<top>340</top>
					<width>480</width>
					<height>340</height>
					<font>label</font>
					<align>left</align>
					<textcolor>text.primary</textcolor>
					<label>$INFO[ListItem.Plot]</label>
					<visible>Container.Content(TVShows)</visible>
					<autoscroll time="2000" delay="5000" repeat="8000">Skin.HasSetting(AutoScroll)</autoscroll>
				</control>
				
				<!--plot (tv shows)-->
				<control type="textbox">
					<left>15</left>
					<top>340</top>
					<width>480</width>
					<height>340</height>
					<font>label</font>
					<align>left</align>
					<textcolor>text.primary</textcolor>
					<label>$INFO[ListItem.Plot]</label>
					<visible>Container.Content(Seasons)</visible>
					<autoscroll time="2000" delay="5000" repeat="8000">Skin.HasSetting(AutoScroll)</autoscroll>
				</control>
			
				<!--info strip shadow-->
				<control type="image">
					<left>0</left>
					<top>347</top>
					<width>510</width>
					<height>10</height>
					<texture>homeshadow.png</texture>
					<animation effect="fade" start="100" end="100" time="0" condition="true">Conditional</animation>
					<animation effect="slide" start="0,0" end="0,-7" time="0" condition="Container.Content(TVShows) | Container.Content(Seasons)">Conditional</animation>
				</control>
				
				<!--audio/video flags-->
				<control type="group">
					<left>10</left>
					<top>640</top>
					<visible>Container.Content(Movies)</visible>
					<include>media.flags.small</include>
					<animation effect="zoom" start="100" end="96" center="10,600" time="0" condition="true">Conditional</animation>
				</control>
				
			</control>
			
			<!--episodes info-->
			<control type="group">
				<left>1201</left>
				<top>200</top>
				<visible>Control.IsVisible(504) + Container.Content(Episodes)</visible>
				
				<!--background glow-->
				<control type="image">
					<left>-20</left>
					<top>-20</top>
					<width>550</width>
					<height>730</height>
					<texture background="true" colordiffuse="tertiary">backgrounds/info bg.png</texture>
				</control>
				
				<!--background-->
				<control type="image">
					<left>0</left>
					<top>0</top>
					<width>510</width>
					<height>690</height>
					<texture background="true" colordiffuse="tertiary">backgrounds/white.png</texture>
				</control>
				
				<!--thumb (fallback)-->
				<control type="image">
					<left>0</left>
					<top>0</top>
					<width>510</width>
					<height>287</height>
					<aspectratio>scale</aspectratio>
					<texture background="true" colordiffuse="$VAR[Colour.500]">$INFO[ListItem.Icon]</texture>
					<visible>!SubString(ListItem.Icon,default)</visible>
				</control>
				
				<!--thumb (no fallback)-->
				<control type="image">
					<left>0</left>
					<top>0</top>
					<width>510</width>
					<height>287</height>
					<aspectratio>scale</aspectratio>
					<texture background="true">$INFO[ListItem.Icon]</texture>
					<bordertexture background="true" colordiffuse="tertiary">backgrounds/white.png</bordertexture>
					<bordersize>0</bordersize>
					<visible>!SubString(ListItem.Icon,default)</visible>
				</control>
				
				<!--info strip background-->
				<control type="image">
					<left>0</left>
					<top>287</top>
					<width>510</width>
					<height>60</height>
					<texture background="true" colordiffuse="$VAR[Colour.500]">backgrounds/white.png</texture>
					<animation effect="slide" start="0,0" end="0,-7" time="0" condition="Container.Content(TVShows) | Container.Content(Seasons)">Conditional</animation>
				</control>
			
				<!--fanart shadow-->
				<control type="image">
					<left>0</left>
					<top>287</top>
					<width>510</width>
					<height>10</height>
					<texture>homeshadow.png</texture>
					<animation effect="fade" start="100" end="100" time="0" condition="true">Conditional</animation>
					<animation effect="slide" start="0,0" end="0,-7" time="0" condition="Container.Content(TVShows) | Container.Content(Seasons)">Conditional</animation>
				</control>
					
				<!--secondary label-->
				<control type="label">
					<left>15</left>
					<top>287</top>
					<width>480</width>
					<height>55</height>
					<font>secondary.info.big</font>
					<textcolor>white</textcolor>
					<selectedcolor>white</selectedcolor>
					<align>left</align>
					<aligny>center</aligny>
					<label>$INFO[ListItem.Premiered]$INFO[ListItem.Duration, • , $LOCALIZE[31063]]$INFO[listitem.Season, • S,x]$INFO[listitem.Episode,E,]</label>
				</control>
				
				<!--plot-->
				<control type="textbox">
					<left>15</left>
					<top>352</top>
					<width>480</width>
					<height>270</height>
					<font>label</font>
					<align>left</align>
					<textcolor>text.primary</textcolor>
					<label>$INFO[ListItem.Plot]</label>
					<autoscroll time="2000" delay="5000" repeat="8000">Skin.HasSetting(AutoScroll)</autoscroll>
				</control>
			
				<!--info strip shadow-->
				<control type="image">
					<left>0</left>
					<top>347</top>
					<width>510</width>
					<height>10</height>
					<texture>homeshadow.png</texture>
					<animation effect="fade" start="100" end="100" time="0" condition="true">Conditional</animation>
					<animation effect="slide" start="0,0" end="0,-7" time="0" condition="Container.Content(TVShows) | Container.Content(Seasons)">Conditional</animation>
				</control>
				
				<!--audio/video flags-->
				<control type="group">
					<left>10</left>
					<top>640</top>
					<include>media.flags.small</include>
					<animation effect="zoom" start="100" end="96" center="10,600" time="0" condition="true">Conditional</animation>
				</control>
				
			</control>
			
		</control>
		
	</include>	
	
	<include name="MediaListView3">
		
		<!--all content-->
		<control type="group">
		
			<visible>Control.IsVisible(503)</visible>
			<include>VisibleFadeEffect</include>
			
			<!--content list-->
			<control type="list" id="503">
				<left>530</left>
				<top>200</top>
				<width>844</width>
				<height>700</height>
				<onleft>2</onleft>
				<onright>60</onright>
				<onup>503</onup>
				<ondown>503</ondown>
				<viewtype label="$LOCALIZE[544] 2">list</viewtype>
				<pagecontrol>60</pagecontrol>
				<scrolltime>200</scrolltime>
				<visible>Container.Content(TVShows) | Container.Content(Seasons) | Container.Content(Episodes) | Container.Content(Movies)</visible>
				
				<itemlayout height="70" width="1004">
				
					<!--background-->
					<control type="image">
						<left>4</left>
						<top>0</top>
						<width>1000</width>
						<height>60</height>
						<texture colordiffuse="button.nf">backgrounds/white.png</texture>
					</control>
					
					<!--main label-->
					<control type="label">
						<left>19</left>
						<top>0</top>
						<width>990</width>
						<height>60</height>
						<font>label</font>
						<textcolor>white</textcolor>
						<selectedcolor>$VAR[Colour.500]</selectedcolor>
						<align>left</align>
						<aligny>center</aligny>
						<label>$INFO[ListItem.Label]</label>
					</control>
					
					<!--secondary label (non videos)-->
					<control type="label">
						<left>225</left>
						<top>0</top>
						<width>600</width>
						<height>60</height>
						<font>secondary.info</font>
						<textcolor>white</textcolor>
						<selectedcolor>$VAR[Colour.500]</selectedcolor>
						<align>right</align>
						<aligny>center</aligny>
						<label>$INFO[ListItem.Label2]</label>
						<visible>!Window.IsVisible(Videos)</visible>
					</control>
					
					<!--secondary label (videos)-->
					<control type="label">
						<left>159</left>
						<top>0</top>
						<width>600</width>
						<height>60</height>
						<font>secondary.info</font>
						<textcolor>white</textcolor>
						<selectedcolor>$VAR[Colour.500]</selectedcolor>
						<align>right</align>
						<aligny>center</aligny>
						<label>$INFO[ListItem.Label2]</label>
						<visible>Window.IsVisible(Videos)</visible>
						<animation effect="slide" start="0,0" end="41,0" delay="0" time="0" condition="![Container.Content(Movies) | Container.Content(Episodes) | Container.Content(MusicVideos)]">conditional</animation>
					</control>
					
					<!--hd/sd flag-->
					<control type="image">
						<left>758</left>
						<top>10</top>
						<width>56</width>
						<height>40</height>
						<texture>$INFO[ListItem.VideoResolution,flagging/lists/,.png]</texture>
						<visible>Window.IsVisible(Videos) + [Container.Content(Movies) | Container.Content(Episodes) | Container.Content(MusicVideos)]</visible>
						<visible>!ListItem.IsStereoscopic</visible>
					</control>
					
					<!--3d flag-->
					<control type="image">
						<left>758</left>
						<top>20</top>
						<width>56</width>
						<height>40</height>
						<texture>flagging/lists/3D.png</texture>
						<visible>Window.IsVisible(Videos) + [Container.Content(Movies) | Container.Content(Episodes) | Container.Content(MusicVideos)]</visible>
						<visible>ListItem.IsStereoscopic</visible>
					</control>
					
					<!--watched icon-->
					<control type="image">
						<left>799</left>
						<top>10</top>
						<width>45</width>
						<height>40</height>
						<texture colordiffuse="white">$INFO[ListItem.Overlay]</texture>
						<visible>Window.IsVisible(Videos) + !ListItem.IsResumable</visible>
					</control>
					
					<!--resumable icon-->
					<control type="image">
						<left>799</left>
						<top>10</top>
						<width>45</width>
						<height>40</height>
						<texture colordiffuse="white">OverlayWatching.png</texture>
						<visible>Window.IsVisible(Videos) + ListItem.IsResumable</visible>
					</control>
					
				</itemlayout>
				
				<focusedlayout height="70" width="1004">
				
					<!--background-->
					<control type="image">
						<left>4</left>
						<top>0</top>
						<width>850</width>
						<height>60</height>
						<texture colordiffuse="tertiary">backgrounds/white.png</texture>
						<animation effect="fade" start="100" end="75" time="200" condition="Control.HasFocus(60)">Conditional</animation>
					</control>
				
					<!--background strip-->
					<control type="image">
						<left>0</left>
						<top>0</top>
						<width>4</width>
						<height>60</height>
						<texture colordiffuse="$VAR[Colour.500]">backgrounds/white.png</texture>
						<animation effect="fade" start="100" end="75" time="200" condition="Control.HasFocus(60)">Conditional</animation>
					</control>
					
					<!--main label-->
					<control type="label">
						<left>19</left>
						<top>0</top>
						<width>990</width>
						<height>60</height>
						<font>label</font>
						<textcolor>text.primary</textcolor>
						<selectedcolor>$VAR[Colour.500]</selectedcolor>
						<align>left</align>
						<aligny>center</aligny>
						<label>$INFO[ListItem.Label]</label>
					</control>
					
					<!--secondary label (non videos)-->
					<control type="label">
						<left>225</left>
						<top>0</top>
						<width>600</width>
						<height>60</height>
						<font>secondary.info</font>
						<textcolor>text.primary</textcolor>
						<selectedcolor>$VAR[Colour.500]</selectedcolor>
						<align>right</align>
						<aligny>center</aligny>
						<label>$INFO[ListItem.Label2]</label>
						<visible>!Window.IsVisible(Videos)</visible>
					</control>
					
					<!--secondary label (videos)-->
					<control type="label">
						<left>159</left>
						<top>0</top>
						<width>600</width>
						<height>60</height>
						<font>secondary.info</font>
						<textcolor>text.primary</textcolor>
						<selectedcolor>$VAR[Colour.500]</selectedcolor>
						<align>right</align>
						<aligny>center</aligny>
						<label>$INFO[ListItem.Label2]</label>
						<visible>Window.IsVisible(Videos)</visible>
						<animation effect="slide" start="0,0" end="41,0" delay="0" time="0" condition="![Container.Content(Movies) | Container.Content(Episodes) | Container.Content(MusicVideos)]">conditional</animation>
					</control>
					
					<!--hd/sd flag-->
					<control type="image">
						<left>758</left>
						<top>10</top>
						<width>56</width>
						<height>40</height>
						<texture>$INFO[ListItem.VideoResolution,flagging/lists/,.png]</texture>
						<visible>Window.IsVisible(Videos) + [Container.Content(Movies) | Container.Content(Episodes) | Container.Content(MusicVideos)]</visible>
						<visible>!ListItem.IsStereoscopic</visible>
					</control>
					
					<!--3d flag-->
					<control type="image">
						<left>758</left>
						<top>20</top>
						<width>56</width>
						<height>40</height>
						<texture>flagging/lists/3D.png</texture>
						<visible>Window.IsVisible(Videos) + [Container.Content(Movies) | Container.Content(Episodes) | Container.Content(MusicVideos)]</visible>
						<visible>ListItem.IsStereoscopic</visible>
					</control>
					
					<!--watched icon-->
					<control type="image">
						<left>799</left>
						<top>10</top>
						<width>45</width>
						<height>40</height>
						<texture colordiffuse="$VAR[Colour.500]">$INFO[ListItem.Overlay]</texture>
						<visible>Window.IsVisible(Videos) + !ListItem.IsResumable</visible>
					</control>
					
					<!--resumable icon-->
					<control type="image">
						<left>799</left>
						<top>10</top>
						<width>45</width>
						<height>40</height>
						<texture colordiffuse="$VAR[Colour.500]">OverlayWatching.png</texture>
						<visible>Window.IsVisible(Videos) + ListItem.IsResumable</visible>
					</control>
					
				</focusedlayout>
				
			</control>
			
			<!--scrollbar-->
			<control type="scrollbar" id="60">
				<left>1384</left>
				<top>200</top>
				<onleft>503</onleft>
				<onright>2</onright>
				<orientation>vertical</orientation>
				<showonepage>true</showonepage>
			</control>
			
			<!--tv shows info-->			
			<control type="group">
				<left>931</left>
				<top>200</top>
				<visible>Container.Content(TVShows)</visible>
				
				<!--poster-->
				<control type="group">
				
					<!--poster bg (fallback)-->
					<control type="image">
						<left>-881</left>
						<top>-10</top>
						<width>460</width>
						<height>690</height>
						<texture background="true" colordiffuse="tertiary">backgrounds/white.png</texture>
						<bordertexture>backgrounds/poster shadow.png</bordertexture>
						<bordersize>10</bordersize>
						<visible>SubString(ListItem.Icon,Default)</visible>
					</control>
					
					<!--poster (fallback)-->
					<control type="image">
						<left>-871</left>
						<top>0</top>
						<width>460</width>
						<height>690</height>
						<aspectratio aligny="center">keep</aspectratio>
						<texture colordiffuse="$VAR[Colour.500]" background="true">$INFO[ListItem.Icon]</texture>
						<visible>SubString(ListItem.Icon,Default)</visible>
					</control>
					
					<!--poster-->
					<control type="image">
						<left>-881</left>
						<top>-10</top>
						<width>480</width>
						<height>710</height>
						<aspectratio aligny="top">stretch</aspectratio>
						<texture background="true">$VAR[PosterThumb]</texture>
						<bordertexture>backgrounds/poster shadow.png</bordertexture>
						<bordersize>10</bordersize>
						<visible>!SubString(ListItem.Icon,Default)</visible>
					</control>
					
				</control>
				
				<!--info-->
				<control type="group">
					<left>0</left>
				
					<!--background glow-->
					<control type="image">
						<left>452</left>
						<top>-20</top>
						<width>496</width>
						<height>730</height>
						<texture background="true" colordiffuse="tertiary">backgrounds/info bg.png</texture>
					</control>
					
					<!--info strip background-->
					<control type="image">
						<left>470</left>
						<top>0</top>
						<width>460</width>
						<height>130</height>
						<texture background="true" colordiffuse="$VAR[Colour.500]">backgrounds/white.png</texture>
					</control>
						
					<!--secondary label-->
					<control type="label">
						<left>485</left>
						<top>2</top>
						<width>430</width>
						<height>55</height>
						<font>secondary.info.big</font>
						<textcolor>white</textcolor>
						<selectedcolor>white</selectedcolor>
						<align>left</align>
						<aligny>center</aligny>
						<label>$INFO[ListItem.Premiered]</label>
					</control>
						
					<!--secondary label-->
					<control type="label">
						<left>485</left>
						<top>37</top>
						<width>430</width>
						<height>55</height>
						<font>secondary.info.big</font>
						<textcolor>white</textcolor>
						<selectedcolor>white</selectedcolor>
						<align>left</align>
						<aligny>center</aligny>
						<label>$INFO[ListItem.Genre]</label>
					</control>
						
					<!--secondary label-->
					<control type="label">
						<left>485</left>
						<top>72</top>
						<width>430</width>
						<height>55</height>
						<font>secondary.info.big</font>
						<textcolor>white</textcolor>
						<selectedcolor>white</selectedcolor>
						<align>left</align>
						<aligny>center</aligny>
						<label>$INFO[listitem.episode] $LOCALIZE[20360] ($INFO[ListItem.Property(UnWatchedEpisodes), , $LOCALIZE[16101]])</label>
					</control>
					
					<!--plot-->
					<control type="textbox">
						<left>485</left>
						<top>137</top>
						<width>430</width>
						<height>535</height>
						<font>label</font>
						<align>left</align>
						<textcolor>text.primary</textcolor>
						<label>$INFO[ListItem.Plot]</label>
						<autoscroll time="2000" delay="15000" repeat="10000">Skin.HasSetting(AutoScroll)</autoscroll>
					</control>
			
					<!--info strip shadow-->
					<control type="image">
						<left>470</left>
						<top>130</top>
						<width>460</width>
						<height>10</height>
						<texture>homeshadow.png</texture>
					</control>
					
				</control>
				
			</control>

			<!--episodes info-->			
			<control type="group">
				<left>931</left>
				<top>200</top>
				<visible>Container.Content(Episodes)</visible>
				
				<!--poster-->
				<control type="group">
				
					<!--poster bg (fallback)-->
					<control type="image">
						<left>-881</left>
						<top>-10</top>
						<width>480</width>
						<height>365</height>
						<texture background="true" colordiffuse="tertiary">backgrounds/white.png</texture>
						<bordertexture>backgrounds/episode shadow.png</bordertexture>
						<bordersize>10</bordersize>
						<visible>SubString(ListItem.Icon,Default)</visible>
					</control>
					
					<!--poster (fallback)-->
					<control type="image">
						<left>-871</left>
						<top>0</top>
						<width>460</width>
						<height>345</height>
						<aspectratio aligny="center">keep</aspectratio>
						<texture colordiffuse="$VAR[Colour.500]" background="true">$INFO[ListItem.Icon]</texture>
						<visible>SubString(ListItem.Icon,Default)</visible>
					</control>
					
					<!--poster-->
					<control type="image">
						<left>-881</left>
						<top>-10</top>
						<width>480</width>
						<height>365</height>
						<aspectratio aligny="top">keep</aspectratio>
						<texture background="true">$VAR[PosterThumb]</texture>
						<bordertexture>backgrounds/episode shadow.png</bordertexture>
						<bordersize>10</bordersize>
						<visible>!SubString(ListItem.Icon,Default)</visible>
					</control>
					
				</control>
				
				<!--info-->
				<control type="group">
					<left>0</left>
				
					<!--background glow-->
					<control type="image">
						<left>452</left>
						<top>-20</top>
						<width>496</width>
						<height>730</height>
						<texture background="true" colordiffuse="tertiary">backgrounds/info bg.png</texture>
					</control>
					
					<!--info strip background-->
					<control type="image">
						<left>470</left>
						<top>0</top>
						<width>460</width>
						<height>130</height>
						<texture background="true" colordiffuse="$VAR[Colour.500]">backgrounds/white.png</texture>
					</control>
						
					<!--secondary label-->
					<control type="label">
						<left>485</left>
						<top>2</top>
						<width>430</width>
						<height>55</height>
						<font>secondary.info.big</font>
						<textcolor>white</textcolor>
						<selectedcolor>white</selectedcolor>
						<align>left</align>
						<aligny>center</aligny>
						<label>$INFO[ListItem.Premiered]</label>
					</control>
						
					<!--secondary label-->
					<control type="label">
						<left>485</left>
						<top>37</top>
						<width>430</width>
						<height>55</height>
						<font>secondary.info.big</font>
						<textcolor>white</textcolor>
						<selectedcolor>white</selectedcolor>
						<align>left</align>
						<aligny>center</aligny>
						<label>$LOCALIZE[20373] $INFO[ListItem.Season] / $LOCALIZE[20359] $INFO[ListItem.Episode]</label>
					</control>
						
					<!--secondary label-->
					<control type="label">
						<left>485</left>
						<top>72</top>
						<width>430</width>
						<height>55</height>
						<font>secondary.info.big</font>
						<textcolor>white</textcolor>
						<selectedcolor>white</selectedcolor>
						<align>left</align>
						<aligny>center</aligny>
						<label>$INFO[ListItem.Duration,, $LOCALIZE[31063]]</label>
					</control>
					
					<!--plot-->
					<control type="textbox">
						<left>485</left>
						<top>132</top>
						<width>430</width>
						<height>500</height>
						<font>label</font>
						<align>left</align>
						<textcolor>text.primary</textcolor>
						<label>$INFO[ListItem.Plot]</label>
						<autoscroll time="2000" delay="15000" repeat="10000">Skin.HasSetting(AutoScroll)</autoscroll>
					</control>
			
					<!--info strip shadow-->
					<control type="image">
						<left>470</left>
						<top>130</top>
						<width>460</width>
						<height>10</height>
						<texture>homeshadow.png</texture>
					</control>
					
				</control>
				
			</control>

			<!--seasons info-->			
			<control type="group">
				<left>931</left>
				<top>200</top>
				<visible>Container.Content(Seasons)</visible>
				
				<!--poster-->
				<control type="group">
				
					<!--poster bg (fallback)-->
					<control type="image">
						<left>-881</left>
						<top>-10</top>
						<width>460</width>
						<height>690</height>
						<texture background="true" colordiffuse="tertiary">backgrounds/white.png</texture>
						<bordertexture>backgrounds/poster shadow.png</bordertexture>
						<bordersize>10</bordersize>
						<visible>SubString(ListItem.Icon,Default)</visible>
					</control>
					
					<!--poster (fallback)-->
					<control type="image">
						<left>-871</left>
						<top>0</top>
						<width>460</width>
						<height>690</height>
						<aspectratio aligny="center">keep</aspectratio>
						<texture colordiffuse="$VAR[Colour.500]" background="true">$INFO[ListItem.Icon]</texture>
						<visible>SubString(ListItem.Icon,Default)</visible>
					</control>
					
					<!--poster-->
					<control type="image">
						<left>-881</left>
						<top>-10</top>
						<width>480</width>
						<height>710</height>
						<aspectratio aligny="top">stretch</aspectratio>
						<texture background="true">$INFO[ListItem.Icon]</texture>
						<bordertexture>backgrounds/poster shadow.png</bordertexture>
						<bordersize>10</bordersize>
						<visible>!SubString(ListItem.Icon,Default)</visible>
					</control>
					
				</control>
				
				<!--info-->
				<control type="group">
					<left>0</left>
				
					<!--background glow-->
					<control type="image">
						<left>452</left>
						<top>-20</top>
						<width>496</width>
						<height>730</height>
						<texture background="true" colordiffuse="tertiary">backgrounds/info bg.png</texture>
					</control>
					
					<!--info strip background-->
					<control type="image">
						<left>470</left>
						<top>0</top>
						<width>460</width>
						<height>60</height>
						<texture background="true" colordiffuse="$VAR[Colour.500]">backgrounds/white.png</texture>
					</control>
						
					<!--secondary label-->
					<control type="label">
						<left>485</left>
						<top>2</top>
						<width>430</width>
						<height>55</height>
						<font>secondary.info.big</font>
						<textcolor>white</textcolor>
						<selectedcolor>white</selectedcolor>
						<align>left</align>
						<aligny>center</aligny>
						<label>$INFO[listitem.episode] $LOCALIZE[20360] ($INFO[ListItem.Property(UnWatchedEpisodes), , $LOCALIZE[16101]])</label>
					</control>
					
					<!--plot-->
					<control type="textbox">
						<left>485</left>
						<top>70</top>
						<width>430</width>
						<height>595</height>
						<font>label</font>
						<align>left</align>
						<textcolor>text.primary</textcolor>
						<label>$INFO[ListItem.Plot]</label>
						<autoscroll time="2000" delay="15000" repeat="10000">Skin.HasSetting(AutoScroll)</autoscroll>
					</control>
			
					<!--info strip shadow-->
					<control type="image">
						<left>470</left>
						<top>60</top>
						<width>460</width>
						<height>10</height>
						<texture>homeshadow.png</texture>
					</control>
					
				</control>
				
			</control>
			
			<!--movies info-->
			<control type="group">
				<left>931</left>
				<top>200</top>
				<visible>Container.Content(Movies)</visible>
				
				<!--poster-->
				<control type="group">
				
					<!--poster bg (fallback)-->
					<control type="image">
						<left>-881</left>
						<top>-10</top>
						<width>460</width>
						<height>690</height>
						<texture background="true" colordiffuse="tertiary">backgrounds/white.png</texture>
						<bordertexture>backgrounds/poster shadow.png</bordertexture>
						<bordersize>10</bordersize>
						<visible>SubString(ListItem.Icon,Default)</visible>
					</control>
					
					<!--poster (fallback)-->
					<control type="image">
						<left>-871</left>
						<top>0</top>
						<width>460</width>
						<height>690</height>
						<aspectratio aligny="center">keep</aspectratio>
						<texture colordiffuse="$VAR[Colour.500]" background="true">$INFO[ListItem.Icon]</texture>
						<visible>SubString(ListItem.Icon,Default)</visible>
					</control>
					
					<!--poster-->
					<control type="image">
						<left>-881</left>
						<top>-10</top>
						<width>480</width>
						<height>710</height>
						<aspectratio aligny="top">stretch</aspectratio>
						<texture background="true">$VAR[PosterThumb]</texture>
						<bordertexture>backgrounds/poster shadow.png</bordertexture>
						<bordersize>10</bordersize>
						<visible>!SubString(ListItem.Icon,Default)</visible>
					</control>
					
				</control>
				
				<!--info-->
				<control type="group">
					<left>0</left>
				
					<!--background glow-->
					<control type="image">
						<left>452</left>
						<top>-20</top>
						<width>496</width>
						<height>730</height>
						<texture background="true" colordiffuse="tertiary">backgrounds/info bg.png</texture>
					</control>
					
					<!--info strip background-->
					<control type="image">
						<left>470</left>
						<top>0</top>
						<width>460</width>
						<height>130</height>
						<texture background="true" colordiffuse="$VAR[Colour.500]">backgrounds/white.png</texture>
					</control>
						
					<!--secondary label-->
					<control type="label">
						<left>485</left>
						<top>2</top>
						<width>430</width>
						<height>55</height>
						<font>secondary.info.big</font>
						<textcolor>white</textcolor>
						<selectedcolor>white</selectedcolor>
						<align>left</align>
						<aligny>center</aligny>
						<label>$INFO[ListItem.Year]</label>
					</control>
						
					<!--secondary label-->
					<control type="label">
						<left>485</left>
						<top>37</top>
						<width>430</width>
						<height>55</height>
						<font>secondary.info.big</font>
						<textcolor>white</textcolor>
						<selectedcolor>white</selectedcolor>
						<align>left</align>
						<aligny>center</aligny>
						<label>$INFO[ListItem.Duration,, $LOCALIZE[31063]]</label>
					</control>
						
					<!--secondary label-->
					<control type="label">
						<left>485</left>
						<top>72</top>
						<width>430</width>
						<height>55</height>
						<font>secondary.info.big</font>
						<textcolor>white</textcolor>
						<selectedcolor>white</selectedcolor>
						<align>left</align>
						<aligny>center</aligny>
						<label>$INFO[ListItem.Genre]</label>
					</control>
					
					<!--plot (movies)-->
					<control type="textbox">
						<left>485</left>
						<top>132</top>
						<width>430</width>
						<height>500</height>
						<font>label</font>
						<align>left</align>
						<textcolor>text.primary</textcolor>
						<label>$INFO[ListItem.Plot]</label>
						<autoscroll time="2000" delay="15000" repeat="10000">Skin.HasSetting(AutoScroll)</autoscroll>
					</control>
			
					<!--info strip shadow-->
					<control type="image">
						<left>470</left>
						<top>130</top>
						<width>460</width>
						<height>10</height>
						<texture>homeshadow.png</texture>
					</control>
					
					<!--audio/video flags-->
					<control type="group">
						<left>485</left>
						<top>650</top>
						<visible>Container.Content(Movies)</visible>
						<include>media.flags.small</include>
						<animation effect="zoom" start="100" end="84" center="485,600" time="0" condition="true">Conditional</animation>
					</control>
					
				</control>
				
			</control>
			
		</control>
		
	</include>
	
	<include name="MediaListView4">
	
		<!-- allcontent-->
		<control type="group">
			<visible>Control.IsVisible(515)</visible>
			<include>VisibleFadeEffect</include>
			
			<!--content list-->
			<control type="list" id="515">
				<left>60</left>
				<top>200</top>
				<width>789</width>
				<height>700</height>
				<onleft>2</onleft>
				<onright>60</onright>
				<onup>515</onup>
				<ondown>515</ondown>
				<viewtype label="$LOCALIZE[544] 3">list</viewtype>
				<pagecontrol>60</pagecontrol>
				<scrolltime>200</scrolltime>
				<visible>Container.Content(TVShows) | Container.Content(Movies) | Container.Content(Episodes) | Container.Content(Seasons)</visible>
				
				<itemlayout height="70" width="518">
				
					<!--background-->
					<control type="image">
						<left>4</left>
						<top>0</top>
						<width>1000</width>
						<height>60</height>
						<texture colordiffuse="button.nf">backgrounds/white.png</texture>
					</control>
					
					<!--main label-->
					<control type="label">
						<left>19</left>
						<top>0</top>
						<width>675</width>
						<height>60</height>
						<font>label</font>
						<textcolor>white</textcolor>
						<selectedcolor>$VAR[Colour.500]</selectedcolor>
						<align>left</align>
						<aligny>center</aligny>
						<label>$INFO[ListItem.Label]</label>
					</control>
					
					<!--secondary label (non videos)-->
					<control type="label">
						<left>170</left>
						<top>0</top>
						<width>600</width>
						<height>60</height>
						<font>secondary.info</font>
						<textcolor>white</textcolor>
						<selectedcolor>$VAR[Colour.500]</selectedcolor>
						<align>right</align>
						<aligny>center</aligny>
						<label>$INFO[ListItem.Label2]</label>
						<visible>!Window.IsVisible(Videos)</visible>
					</control>
					
					<!--secondary label (videos)-->
					<control type="label">
						<left>104</left>
						<top>0</top>
						<width>600</width>
						<height>60</height>
						<font>secondary.info</font>
						<textcolor>white</textcolor>
						<selectedcolor>$VAR[Colour.500]</selectedcolor>
						<align>right</align>
						<aligny>center</aligny>
						<label>$INFO[ListItem.Label2]</label>
						<visible>Window.IsVisible(Videos)</visible>
						<animation effect="slide" start="0,0" end="41,0" delay="0" time="0" condition="![Container.Content(Movies) | Container.Content(Episodes) | Container.Content(MusicVideos)]">conditional</animation>
					</control>
					
					<!--hd/sd flag-->
					<control type="image">
						<left>703</left>
						<top>10</top>
						<width>56</width>
						<height>40</height>
						<texture>$INFO[ListItem.VideoResolution,flagging/lists/,.png]</texture>
						<visible>Window.IsVisible(Videos) + [Container.Content(Movies) | Container.Content(Episodes) | Container.Content(MusicVideos)]</visible>
						<visible>!ListItem.IsStereoscopic</visible>
					</control>
					
					<!--3d flag-->
					<control type="image">
						<left>703</left>
						<top>20</top>
						<width>56</width>
						<height>40</height>
						<texture>flagging/lists/3D.png</texture>
						<visible>Window.IsVisible(Videos) + [Container.Content(Movies) | Container.Content(Episodes) | Container.Content(MusicVideos)]</visible>
						<visible>ListItem.IsStereoscopic</visible>
					</control>
					
					<!--watched icon-->
					<control type="image">
						<left>744</left>
						<top>10</top>
						<width>45</width>
						<height>40</height>
						<texture colordiffuse="white">$INFO[ListItem.Overlay]</texture>
						<visible>Window.IsVisible(Videos) + !ListItem.IsResumable</visible>
					</control>
					
					<!--resumable icon-->
					<control type="image">
						<left>744</left>
						<top>10</top>
						<width>45</width>
						<height>40</height>
						<texture colordiffuse="white">OverlayWatching.png</texture>
						<visible>Window.IsVisible(Videos) + ListItem.IsResumable</visible>
					</control>
					
				</itemlayout>
				
				<focusedlayout height="70" width="518">
				
					<!--background-->
					<control type="image">
						<left>4</left>
						<top>0</top>
						<width>1000</width>
						<height>60</height>
						<texture colordiffuse="tertiary">backgrounds/white.png</texture>
						<animation effect="fade" start="100" end="75" time="200" condition="Control.HasFocus(60)">Conditional</animation>
					</control>
				
					<!--background strip-->
					<control type="image">
						<left>0</left>
						<top>0</top>
						<width>4</width>
						<height>60</height>
						<texture colordiffuse="$VAR[Colour.500]">backgrounds/white.png</texture>
						<animation effect="fade" start="100" end="75" time="200" condition="Control.HasFocus(60)">Conditional</animation>
					</control>
					
					<!--main label-->
					<control type="label">
						<left>19</left>
						<top>0</top>
						<width>990</width>
						<height>60</height>
						<font>label</font>
						<textcolor>text.primary</textcolor>
						<selectedcolor>$VAR[Colour.500]</selectedcolor>
						<align>left</align>
						<aligny>center</aligny>
						<label>$INFO[ListItem.Label]</label>
					</control>
					
					<!--secondary label (non videos)-->
					<control type="label">
						<left>170</left>
						<top>0</top>
						<width>600</width>
						<height>60</height>
						<font>secondary.info</font>
						<textcolor>text.primary</textcolor>
						<selectedcolor>$VAR[Colour.500]</selectedcolor>
						<align>right</align>
						<aligny>center</aligny>
						<label>$INFO[ListItem.Label2]</label>
						<visible>!Window.IsVisible(Videos)</visible>
					</control>
					
					<!--secondary label (videos)-->
					<control type="label">
						<left>104</left>
						<top>0</top>
						<width>600</width>
						<height>60</height>
						<font>secondary.info</font>
						<textcolor>text.primary</textcolor>
						<selectedcolor>$VAR[Colour.500]</selectedcolor>
						<align>right</align>
						<aligny>center</aligny>
						<label>$INFO[ListItem.Label2]</label>
						<visible>Window.IsVisible(Videos)</visible>
						<animation effect="slide" start="0,0" end="41,0" delay="0" time="0" condition="![Container.Content(Movies) | Container.Content(Episodes) | Container.Content(MusicVideos)]">conditional</animation>
					</control>
					
					<!--hd/sd flag-->
					<control type="image">
						<left>703</left>
						<top>10</top>
						<width>56</width>
						<height>40</height>
						<texture>$INFO[ListItem.VideoResolution,flagging/lists/,.png]</texture>
						<visible>Window.IsVisible(Videos) + [Container.Content(Movies) | Container.Content(Episodes) | Container.Content(MusicVideos)]</visible>
						<visible>!ListItem.IsStereoscopic</visible>
					</control>
					
					<!--3d flag-->
					<control type="image">
						<left>703</left>
						<top>20</top>
						<width>56</width>
						<height>40</height>
						<texture>flagging/lists/3D.png</texture>
						<visible>Window.IsVisible(Videos) + [Container.Content(Movies) | Container.Content(Episodes) | Container.Content(MusicVideos)]</visible>
						<visible>ListItem.IsStereoscopic</visible>
					</control>
					
					<!--watched icon-->
					<control type="image">
						<left>744</left>
						<top>10</top>
						<width>45</width>
						<height>40</height>
						<texture colordiffuse="$VAR[Colour.500]">$INFO[ListItem.Overlay]</texture>
						<visible>Window.IsVisible(Videos) + !ListItem.IsResumable</visible>
					</control>
					
					<!--resumable icon-->
					<control type="image">
						<left>744</left>
						<top>10</top>
						<width>45</width>
						<height>40</height>
						<texture colordiffuse="$VAR[Colour.500]">OverlayWatching.png</texture>
						<visible>Window.IsVisible(Videos) + ListItem.IsResumable</visible>
					</control>
					
				</focusedlayout>
				
			</control>
			
			<!--scrollbar-->
			<control type="scrollbar" id="60">
				<left>859</left>
				<top>200</top>
				<onleft>515</onleft>
				<onright>2</onright>
				<orientation>vertical</orientation>
				<showonepage>true</showonepage>
			</control>
			
			<!--movie info-->
			<control type="group">
				<left>876</left>
				<top>200</top>
				<visible>Container.Content(Movies)</visible>
				
				<!--background-->
				<control type="image">
					<left>-10</left>
					<top>-10</top>
					<width>1004</width>
					<height>710</height>
					<texture background="true" colordiffuse="tertiary">backgrounds/media info 3 bg.png</texture>
				</control>
				
				<!--fanart (fallback)-->
				<control type="image">
					<left>2</left>
					<top>2</top>
					<width>711</width>
					<height>400</height>
					<aspectratio scalediffuse="false">scale</aspectratio>
					<texture colordiffuse="$VAR[Colour.500]" background="true">$INFO[ListItem.Art(fanart)]</texture>
					<visible>IsEmpty(ListItem.Art(fanart))</visible>
				</control>
				
				<!--fanart (no fallback)-->
				<control type="image">
					<left>0</left>
					<top>0</top>
					<width>715</width>
					<height>402</height>
					<aspectratio scalediffuse="false">scale</aspectratio>
					<texture background="true">$INFO[ListItem.Art(fanart)]</texture>
				</control>
				
				<!--thumb (fallback)-->
				<control type="image">
					<left>715</left>
					<top>2</top>
					<width>267</width>
					<height>400</height>
					<aspectratio>keep</aspectratio>
					<texture colordiffuse="$VAR[Colour.500]" background="true">$VAR[PosterThumb]</texture>
					<visible>SubString(ListItem.Icon,Default)</visible>
				</control>
				
				<!--thumb (no fallback)-->
				<control type="image">
					<left>715</left>
					<top>0</top>
					<width>269</width>
					<height>402</height>
					<aspectratio align="left" aligny="bottom">stretch</aspectratio>
					<texture background="true">$VAR[PosterThumb]</texture>
					<visible>!SubString(ListItem.Icon,Default)</visible>
				</control>
				
				<!--info strip background-->
				<control type="image">
					<left>0</left>
					<top>402</top>
					<width>984</width>
					<height>60</height>
					<texture background="true" colordiffuse="$VAR[Colour.500]">backgrounds/white.png</texture>
				</control>
			
				<!--fanart shadow-->
				<control type="image">
					<left>0</left>
					<top>402</top>
					<width>984</width>
					<height>10</height>
					<texture>homeshadow.png</texture>
					<animation effect="fade" start="100" end="100" time="0" condition="true">Conditional</animation>
				</control>
					
				<!--secondary label-->
				<control type="label">
					<left>15</left>
					<top>402</top>
					<width>954</width>
					<height>55</height>
					<font>secondary.info.big</font>
					<textcolor>white</textcolor>
					<selectedcolor>white</selectedcolor>
					<align>left</align>
					<aligny>center</aligny>
					<label>$INFO[ListItem.Year]$INFO[ListItem.Duration, • , $LOCALIZE[31063]]$INFO[ListItem.Genre, • ,]</label>
					<visible>!Container.Content(Seasons)</visible>
				</control>
				
				<!--plot (movies)-->
				<control type="textbox">
					<left>15</left>
					<top>463</top>
					<width>954</width>
					<height>170</height>
					<font>label</font>
					<align>left</align>
					<textcolor>text.primary</textcolor>
					<label>$INFO[ListItem.Plot]</label>
					<autoscroll time="3000" delay="10000" repeat="10000">Skin.HasSetting(AutoScroll)</autoscroll>
				</control>
			
				<!--info strip shadow-->
				<control type="image">
					<left>0</left>
					<top>462</top>
					<width>984</width>
					<height>10</height>
					<texture>homeshadow.png</texture>
					<animation effect="fade" start="100" end="100" time="0" condition="true">Conditional</animation>
				</control>
				
				<!--audio/video flags-->
				<control type="group">
					<left>10</left>
					<top>650</top>
					<include>media.flags.small</include>
					<animation effect="zoom" start="100" end="90" center="10,600" time="0" condition="true">Conditional</animation>
				</control>
				
			</control>
			
			<!--tv show info-->
			<control type="group">
				<left>876</left>
				<top>200</top>
				<visible>Container.Content(TVShows)</visible>
				
				<!--background-->
				<control type="image">
					<left>-10</left>
					<top>-10</top>
					<width>1004</width>
					<height>710</height>
					<texture background="true" colordiffuse="tertiary">backgrounds/media info 3 bg.png</texture>
				</control>
				
				<!--fanart (fallback)-->
				<control type="image">
					<left>2</left>
					<top>2</top>
					<width>711</width>
					<height>400</height>
					<aspectratio scalediffuse="false">scale</aspectratio>
					<texture colordiffuse="$VAR[Colour.500]" background="true">$INFO[ListItem.Art(fanart)]</texture>
					<visible>IsEmpty(ListItem.Art(fanart))</visible>
				</control>
				
				<!--fanart (no fallback)-->
				<control type="image">
					<left>0</left>
					<top>0</top>
					<width>715</width>
					<height>402</height>
					<aspectratio scalediffuse="false">scale</aspectratio>
					<texture background="true">$INFO[ListItem.Art(fanart)]</texture>
				</control>
				
				<!--thumb (fallback)-->
				<control type="image">
					<left>715</left>
					<top>2</top>
					<width>267</width>
					<height>400</height>
					<aspectratio>keep</aspectratio>
					<texture colordiffuse="$VAR[Colour.500]" background="true">$VAR[PosterThumb]</texture>
					<visible>SubString(ListItem.Icon,Default)</visible>
				</control>
				
				<!--thumb (no fallback)-->
				<control type="image">
					<left>715</left>
					<top>0</top>
					<width>269</width>
					<height>402</height>
					<aspectratio align="left" aligny="bottom">stretch</aspectratio>
					<texture background="true">$VAR[PosterThumb]</texture>
					<visible>!SubString(ListItem.Icon,Default)</visible>
				</control>
				
				<!--info strip background-->
				<control type="image">
					<left>0</left>
					<top>402</top>
					<width>984</width>
					<height>60</height>
					<texture background="true" colordiffuse="$VAR[Colour.500]">backgrounds/white.png</texture>
				</control>
			
				<!--fanart shadow-->
				<control type="image">
					<left>0</left>
					<top>402</top>
					<width>984</width>
					<height>10</height>
					<texture>homeshadow.png</texture>
					<animation effect="fade" start="100" end="100" time="0" condition="true">Conditional</animation>
				</control>
					
				<!--secondary label-->
				<control type="label">
					<left>15</left>
					<top>402</top>
					<width>954</width>
					<height>55</height>
					<font>secondary.info.big</font>
					<textcolor>white</textcolor>
					<selectedcolor>white</selectedcolor>
					<align>left</align>
					<aligny>center</aligny>
					<label>$INFO[ListItem.Year]$INFO[ListItem.Duration, • , $LOCALIZE[31063]]$INFO[ListItem.Genre, • ,]</label>
					<visible>!Container.Content(Seasons)</visible>
				</control>
				
				<!--plot (tv shows)-->
				<control type="textbox">
					<left>15</left>
					<top>470</top>
					<width>954</width>
					<height>205</height>
					<font>label</font>
					<align>left</align>
					<textcolor>text.primary</textcolor>
					<label>$INFO[ListItem.Plot]</label>
					<autoscroll time="3000" delay="10000" repeat="10000">Skin.HasSetting(AutoScroll)</autoscroll>
				</control>
			
				<!--info strip shadow-->
				<control type="image">
					<left>0</left>
					<top>462</top>
					<width>984</width>
					<height>10</height>
					<texture>homeshadow.png</texture>
					<animation effect="fade" start="100" end="100" time="0" condition="true">Conditional</animation>
				</control>
				
			</control>
			
			<!--seasons info-->
			<control type="group">
				<left>876</left>
				<top>200</top>
				<visible>Container.Content(Seasons)</visible>
				
				<!--background-->
				<control type="image">
					<left>-10</left>
					<top>-10</top>
					<width>1004</width>
					<height>710</height>
					<texture background="true" colordiffuse="tertiary">backgrounds/media info 3 bg.png</texture>
				</control>
				
				<!--fanart (fallback)-->
				<control type="image">
					<left>2</left>
					<top>2</top>
					<width>711</width>
					<height>400</height>
					<aspectratio scalediffuse="false">scale</aspectratio>
					<texture colordiffuse="$VAR[Colour.500]" background="true">$INFO[ListItem.Art(fanart)]</texture>
					<visible>IsEmpty(ListItem.Art(fanart))</visible>
				</control>
				
				<!--fanart (no fallback)-->
				<control type="image">
					<left>0</left>
					<top>0</top>
					<width>715</width>
					<height>402</height>
					<aspectratio scalediffuse="false">scale</aspectratio>
					<texture background="true">$INFO[ListItem.Art(fanart)]</texture>
				</control>
				
				<!--thumb (fallback)-->
				<control type="image">
					<left>715</left>
					<top>2</top>
					<width>267</width>
					<height>400</height>
					<aspectratio>keep</aspectratio>
					<texture colordiffuse="$VAR[Colour.500]" background="true">$VAR[PosterThumb]</texture>
					<visible>SubString(ListItem.Icon,Default)</visible>
				</control>
				
				<!--thumb (no fallback)-->
				<control type="image">
					<left>715</left>
					<top>0</top>
					<width>269</width>
					<height>402</height>
					<aspectratio align="left" aligny="bottom">stretch</aspectratio>
					<texture background="true">$VAR[PosterThumb]</texture>
					<visible>!SubString(ListItem.Icon,Default)</visible>
				</control>
				
				<!--info strip background-->
				<control type="image">
					<left>0</left>
					<top>402</top>
					<width>984</width>
					<height>60</height>
					<texture background="true" colordiffuse="$VAR[Colour.500]">backgrounds/white.png</texture>
				</control>
			
				<!--fanart shadow-->
				<control type="image">
					<left>0</left>
					<top>402</top>
					<width>984</width>
					<height>10</height>
					<texture>homeshadow.png</texture>
					<animation effect="fade" start="100" end="100" time="0" condition="true">Conditional</animation>
				</control>
					
				<!--secondary label-->
				<control type="label">
					<left>15</left>
					<top>402</top>
					<width>954</width>
					<height>55</height>
					<font>secondary.info.big</font>
					<textcolor>white</textcolor>
					<selectedcolor>white</selectedcolor>
					<align>left</align>
					<aligny>center</aligny>
					<label>$INFO[listitem.episode] $LOCALIZE[20360] ($INFO[ListItem.Property(UnWatchedEpisodes), , $LOCALIZE[16101]])</label>
					<visible>Container.Content(Seasons)</visible>
				</control>
				
				<!--plot (seasons)-->
				<control type="textbox">
					<left>15</left>
					<top>470</top>
					<width>954</width>
					<height>205</height>
					<font>label</font>
					<align>left</align>
					<textcolor>text.primary</textcolor>
					<label>$INFO[ListItem.Plot]</label>
					<autoscroll time="3000" delay="10000" repeat="10000">Skin.HasSetting(AutoScroll)</autoscroll>
				</control>
			
				<!--info strip shadow-->
				<control type="image">
					<left>0</left>
					<top>462</top>
					<width>984</width>
					<height>10</height>
					<texture>homeshadow.png</texture>
					<animation effect="fade" start="100" end="100" time="0" condition="true">Conditional</animation>
				</control>
				
			</control>
			
			<!--episodes info-->
			<control type="group">
				<left>876</left>
				<top>200</top>
				<visible>Container.Content(Episodes)</visible>
				
				<!--background-->
				<control type="image">
					<left>-10</left>
					<top>-10</top>
					<width>1004</width>
					<height>710</height>
					<texture background="true" colordiffuse="tertiary">backgrounds/media info 3 bg.png</texture>
				</control>
				
				<!--thumb (fallback)-->
				<control type="image">
					<left>2</left>
					<top>2</top>
					<width>711</width>
					<height>400</height>
					<aspectratio scalediffuse="false">scale</aspectratio>
					<texture colordiffuse="$VAR[Colour.500]" background="true">$INFO[ListItem.Icon]</texture>
					<visible>SubString(ListItem.Icon,default)</visible>
				</control>
				
				<!--thumb (no fallback)-->
				<control type="image">
					<left>0</left>
					<top>0</top>
					<width>715</width>
					<height>402</height>
					<aspectratio scalediffuse="false">scale</aspectratio>
					<texture background="true">$INFO[ListItem.Icon]</texture>
					<visible>!SubString(ListItem.Icon,default)</visible>
				</control>
				
				<!--poster (fallback)-->
				<control type="image">
					<left>715</left>
					<top>2</top>
					<width>267</width>
					<height>400</height>
					<aspectratio>keep</aspectratio>
					<texture colordiffuse="$VAR[Colour.500]" background="true">defaultfolder.png</texture>
					<visible>IsEmpty(ListItem.Art(tvshow.poster))</visible>
				</control>
				
				<!--poster-->
				<control type="image">
					<left>715</left>
					<top>0</top>
					<width>269</width>
					<height>402</height>
					<aspectratio align="left" aligny="bottom">stretch</aspectratio>
					<texture background="true">$INFO[ListItem.Art(tvshow.poster)]</texture>
					<visible>!IsEmpty(ListItem.Art(tvshow.poster))</visible>
				</control>
				
				<!--info strip background-->
				<control type="image">
					<left>0</left>
					<top>402</top>
					<width>984</width>
					<height>60</height>
					<texture background="true" colordiffuse="$VAR[Colour.500]">backgrounds/white.png</texture>
				</control>
			
				<!--fanart shadow-->
				<control type="image">
					<left>0</left>
					<top>402</top>
					<width>984</width>
					<height>10</height>
					<texture>homeshadow.png</texture>
					<animation effect="fade" start="100" end="100" time="0" condition="true">Conditional</animation>
				</control>
					
				<!--secondary label-->
				<control type="label">
					<left>15</left>
					<top>402</top>
					<width>954</width>
					<height>55</height>
					<font>secondary.info.big</font>
					<textcolor>white</textcolor>
					<selectedcolor>white</selectedcolor>
					<align>left</align>
					<aligny>center</aligny>
					<label>$INFO[ListItem.Premiered]$INFO[ListItem.Duration, • , $LOCALIZE[31063]]$INFO[ListItem.Genre, • ,]</label>
					<visible>!Container.Content(Seasons)</visible>
				</control>
				
				<!--plot (movies)-->
				<control type="textbox">
					<left>15</left>
					<top>463</top>
					<width>954</width>
					<height>170</height>
					<font>label</font>
					<align>left</align>
					<textcolor>text.primary</textcolor>
					<label>$INFO[ListItem.Plot]</label>
					<autoscroll time="3000" delay="10000" repeat="10000">Skin.HasSetting(AutoScroll)</autoscroll>
				</control>
			
				<!--info strip shadow-->
				<control type="image">
					<left>0</left>
					<top>462</top>
					<width>984</width>
					<height>10</height>
					<texture>homeshadow.png</texture>
					<animation effect="fade" start="100" end="100" time="0" condition="true">Conditional</animation>
				</control>
				
				<!--audio/video flags-->
				<control type="group">
					<left>10</left>
					<top>650</top>
					<include>media.flags.small</include>
					<animation effect="zoom" start="100" end="90" center="10,600" time="0" condition="true">Conditional</animation>
				</control>
				
			</control>
			
		</control>
		
	</include>

</includes>