<?xml version="1.0" encoding="UTF-8"?>
<shortcuts>
	<shortcut>
		<label>133</label>
		<label2>32019</label2>
		<icon>DefaultMusicArtists.png</icon>
		<thumb />
		<visible>Library.HasContent(Music)</visible>
		<action>ActivateWindow(MusicLibrary,Artists,return)</action>
	</shortcut>
	<shortcut>
		<label>132</label>
		<label2>32019</label2>
		<icon>DefaultMusicAlbums.png</icon>
		<thumb />
		<visible>Library.HasContent(Music)</visible>
		<action>ActivateWindow(MusicLibrary,Albums,return)</action>
	</shortcut>
	<shortcut>
		<label>134</label>
		<label2>32019</label2>
		<icon>DefaultMusicSongs.png</icon>
		<thumb />
		<visible>Library.HasContent(Music)</visible>
		<action>ActivateWindow(MusicLibrary,Songs,return)</action>
	</shortcut>
	<shortcut>
		<label>744</label>
		<label2>32019</label2>
		<icon>DefaultFolder.png</icon>
		<thumb />
		<action>ActivateWindow(MusicFiles)</action>
	</shortcut>
	<shortcut>
		<label>14022</label>
		<label2>32019</label2>
		<icon>DefaultFolder.png</icon>
		<thumb />
		<visible>Library.HasContent(Music)</visible>
		<action>ActivateWindow(MusicLibrary,MusicLibrary,return)</action>
	</shortcut>
	<shortcut>
		<label>24001</label>
		<label2>32019</label2>
		<icon>DefaultAddonMusic.png</icon>
		<thumb />
		<visible>Library.HasContent(Music)</visible>
		<action>ActivateWindow(MusicLibrary,Addons,return)</action>
	</shortcut>
	<shortcut>
		<label>24001</label>
		<label2>32019</label2>
		<icon>DefaultAddonMusic.png</icon>
		<thumb />
		<visible>!Library.HasContent(Music)</visible>
		<action>ActivateWindow(MusicFiles,Addons,return)</action>
	</shortcut>
</shortcuts>
