<?xml version="1.0" encoding="UTF-8"?>

<window>

	<defaultcontrol always="true">10</defaultcontrol>
	
	<controls>
	
		<!--all content-->
		<control type="group">
			<left>-265</left>
			<visible>!Window.IsActive(FileBrowser) + !Window.IsVisible(MusicInformation)</visible>
			<animation effect="slide" start="1650,0" end="0,0" time="400" tween="quadratic" easing="out">WindowOpen</animation>
			<animation effect="slide" start="0,0" end="-1650,0" time="400" tween="quadratic" easing="out">WindowClose</animation>
			
			<animation effect="slide" start="1650,0" end="0,0" time="400" tween="quadratic" easing="out">Visible</animation>
			<animation effect="slide" start="0,0" end="-1650,0" time="400" tween="quadratic" easing="out">Hidden</animation>
			
			<animation effect="slide" start="0,0" end="-125,0" time="300" condition="Window.IsActive(ShutdownMenu)">Conditional</animation>
			
			<!--title bars and backgrounds-->
			<control type="group">
			
				<!--background-->
				<control type="image">
					<left>535</left>
					<top>0</top>
					<width>1390</width>
					<height>1080</height>
					<texture colordiffuse="tertiary">backgrounds/white.png</texture>
				</control>
				
				<!-- left shadow-->
				<control type="image">
					<left>505</left>
					<top>0</top>
					<width>30</width>
					<height>1080</height>
					<texture flipx="true">sidebarshadow.png</texture>
				</control>
				
				<!--right shadow-->
				<control type="image">
					<left>1925</left>
					<top>0</top>
					<width>30</width>
					<height>1080</height>
					<texture>sidebarshadow.png</texture>
				</control>
					
				<!--title background-->
				<control type="image">
					<left>535</left>
					<top>0</top>
					<width>1390</width>
					<height>120</height>
					<texture background="true" colordiffuse="$VAR[Colour.500]">backgrounds/white.png</texture>
				</control>
					
				<!--button background-->
				<control type="image">
					<left>535</left>
					<top>120</top>
					<width>1390</width>
					<height>80</height>
					<texture background="true" colordiffuse="$VAR[Colour.900]">backgrounds/white.png</texture>
				</control>
			
				<!--title shadow-->
				<control type="image">
					<left>535</left>
					<top>120</top>
					<width>1390</width>
					<height>20</height>
					<texture>homeshadow.png</texture>
					<animation effect="fade" start="100" end="75" time="0" condition="true">Conditional</animation>
				</control>
				
				<!--close window button-->
				<control type="button">
					<left>540</left>
					<top>0</top>
					<width>50</width>
					<height>25</height>
					<label>-</label>
					<font>-</font>
					<onclick>PreviousMenu</onclick>
					<texturefocus>DialogCloseButton-focus.png</texturefocus>
					<texturenofocus>DialogCloseButton.png</texturenofocus>
					<onleft>9000</onleft>
					<onright>9000</onright>
					<onup>9000</onup>
					<ondown>9000</ondown>
					<visible>system.getbool(input.enablemouse)</visible>
				</control>
				
			</control>
			
			<!--titles-->
			<control type="group">
				
				<!--title-->
				<control type="label">
					<left>580</left>
					<top>25</top>
					<width>1330</width>
					<height>60</height>
					<font>info.title</font>
					<align>left</align>
					<aligny>center</aligny>
					<textcolor>white</textcolor>
					<label>$INFO[ListItem.Title]</label>
				</control>
								
			</control>
			
			<!--main content-->
			<control type="group">
				
				<!--button animated circles-->
				<control type="group">
					<left>580</left>
					<top>130</top>
		
					<!--ok circle border-->
					<control type="image">
						<left>0</left>
						<top>0</top>
						<width>60</width>
						<height>60</height>
						<texture colordiffuse="white">buttoncircleborder.png</texture>
						<visible>Control.HasFocus(10)</visible>
					</control>
					
					<!--ok circle animation-->
					<control type="image">
						<left>-1</left>
						<top>-1</top>
						<width>62</width>
						<height>62</height>
						<texture colordiffuse="white">buttoncircle.png</texture>
						<visible>Control.HasFocus(10)</visible>
						<animation effect="zoom" start="0" end="100" time="250" center="auto">Visible</animation>
					</control>	
		
					<!--cancel circle border-->
					<control type="image">
						<left>180</left>
						<top>0</top>
						<width>60</width>
						<height>60</height>
						<texture colordiffuse="white">buttoncircleborder.png</texture>
						<visible>Control.HasFocus(11)</visible>
					</control>
					
					<!--cancel circle animation-->
					<control type="image">
						<left>179</left>
						<top>-1</top>
						<width>62</width>
						<height>62</height>
						<texture colordiffuse="white">buttoncircle.png</texture>
						<visible>Control.HasFocus(11)</visible>
						<animation effect="zoom" start="0" end="100" time="250" center="auto">Visible</animation>
					</control>	
					
					<!--album info circle border-->
					<control type="image">
						<left>360</left>
						<top>0</top>
						<width>60</width>
						<height>60</height>
						<texture colordiffuse="white">buttoncircleborder.png</texture>
						<visible>Control.HasFocus(12)</visible>
					</control>
					
					<!--album info circle animation-->
					<control type="image">
						<left>359</left>
						<top>-1</top>
						<width>62</width>
						<height>62</height>
						<texture colordiffuse="white">buttoncircle.png</texture>
						<visible>Control.HasFocus(12)</visible>
						<animation effect="zoom" start="0" end="100" time="250" center="auto">Visible</animation>
					</control>	
		
					<!--art circle border-->
					<control type="image">
						<left>555</left>
						<top>0</top>
						<width>60</width>
						<height>60</height>
						<texture colordiffuse="white">buttoncircleborder.png</texture>
						<visible>Control.HasFocus(13)</visible>
					</control>
					
					<!--art circle animation-->
					<control type="image">
						<left>554</left>
						<top>-1</top>
						<width>62</width>
						<height>62</height>
						<texture colordiffuse="white">buttoncircle.png</texture>
						<visible>Control.HasFocus(13)</visible>
						<animation effect="zoom" start="0" end="100" time="250" center="auto">Visible</animation>
					</control>

				</control>
				
				<!--controls-->
				<control type="grouplist" id="9000">
					<left>580</left>
					<top>130</top>
					<width>1545</width>
					<height>60</height>
					<itemgap>0</itemgap>
					<align>left</align>
					<orientation>horizontal</orientation>
					<onleft>9000</onleft>
					<onright>9000</onright>
					<onup>49</onup>
					<ondown>49</ondown>
					
					<!--ok-->
					<control type="button" id="10">
						<width>180</width>
						<textoffsetx>60</textoffsetx>
						<align>left</align>
						<textwidth>410</textwidth>
						<textcolor>white</textcolor>
						<focusedcolor>white</focusedcolor>
						<texturefocus colordiffuse="$VAR[Colour.900]">okbuttonf.png</texturefocus>
						<texturenofocus colordiffuse="white">okbutton.png</texturenofocus>	
						<include>ButtonInfoDialogsCommonValues</include>
						<label>186</label>
					</control>
					
					<!--cancel-->
					<control type="button" id="11">
						<width>180</width>
						<textoffsetx>60</textoffsetx>
						<align>left</align>
						<textwidth>410</textwidth>
						<textcolor>white</textcolor>
						<focusedcolor>white</focusedcolor>
						<texturefocus colordiffuse="$VAR[Colour.900]">cancelbuttonf.png</texturefocus>
						<texturenofocus colordiffuse="white">cancelbutton.png</texturenofocus>	
						<include>ButtonInfoDialogsCommonValues</include>
						<label>222</label>
					</control>
									
					<!--album info-->
					<control type="button" id="12">
						<width>195</width>
						<textoffsetx>60</textoffsetx>
						<align>left</align>
						<textwidth>410</textwidth>
						<textcolor>white</textcolor>
						<focusedcolor>white</focusedcolor>
						<texturefocus colordiffuse="$VAR[Colour.900]">tunebuttonf.png</texturefocus>
						<texturenofocus colordiffuse="white">tunebutton.png</texturenofocus>	
						<include>ButtonInfoDialogsCommonValues</include>
						<label>10523</label>
					</control>
					
					<!--get art-->
					<control type="button" id="13">
						<width>195</width>
						<textoffsetx>60</textoffsetx>
						<align>left</align>
						<textwidth>410</textwidth>
						<textcolor>white</textcolor>
						<focusedcolor>white</focusedcolor>
						<texturefocus colordiffuse="$VAR[Colour.900]">artbuttonf.png</texturefocus>
						<texturenofocus colordiffuse="white">artbutton.png</texturenofocus>	
						<include>ButtonInfoDialogsCommonValues</include>
						<label>13511</label>
					</control>
										
				</control>	
							
				<!--song thumb-->
				<control type="image">
					<left>575</left>
					<top>220</top>
					<width>490</width>
					<height>460</height>
					<aspectratio aligny="top">keep</aspectratio>
					<texture background="true">$INFO[ListItem.Icon]</texture>
				</control>
		
				<!--buttons shadow-->
				<control type="image">
					<left>535</left>
					<top>200</top>
					<width>1390</width>
					<height>10</height>
					<texture>homeshadow.png</texture>
					<animation effect="fade" start="100" end="75" time="0" condition="true">Conditional</animation>
				</control>
				
				<!--audio/video flags-->
				<control type="group">
					<left>1135</left>
					<top>615</top>
					<visible>[Container.Content(Movies) | Container.Content(Episodes) | Container.Content(MusicVideos)] + !Control.HasFocus(15)</visible>
					<include>media.flags.small</include>
					<animation effect="slide" start="0,0" end="0,-75" time="0" condition="Container.Content(Episodes)">Conditonal</animation>
				</control>
								
				<control type="group">
					<top>220</top>
					<left>535</left>
					<include>VisibleFadeEffect</include>
					
					<control type="image">
						<left>40</left>
						<top>0</top>
						<width>490</width>
						<height>460</height>
						<aspectratio aligny="top">keep</aspectratio>
						<texture background="true">$INFO[ListItem.Icon]</texture>
					</control>
					
					<control type="list" id="49">
						<left>570</left>
						<top>30</top>
						<width>1110</width>
						<height>495</height>
						<onleft>15</onleft>
						<onright>14</onright>
						<onup>9000</onup>
						<ondown>9000</ondown>
						<pagecontrol>-</pagecontrol>
						<scrolltime>200</scrolltime>
						
						<itemlayout height="35">
						
							<control type="label">
								<left>20</left>
								<top>0</top>
								<width>120</width>
								<height>35</height>
								<font>secondary.info</font>
								<align>left</align>
								<aligny>center</aligny>
								<textcolor>$VAR[Colour.500]</textcolor>
								<selectedcolor>selected</selectedcolor>
								<info>ListItem.Label</info>
							</control>
							
							<control type="label">
								<left>150</left>
								<top>0</top>
								<width>640</width>
								<height>35</height>
								<font>secondary.info</font>
								<align>left</align>
								<aligny>center</aligny>
								<textcolor>text.primary</textcolor>
								<selectedcolor>text.primary</selectedcolor>
								<info>ListItem.Label2</info>
							</control>
							
						</itemlayout>
						
						<focusedlayout height="35">
						
							<control type="image">
								<left>-3</left>
								<top>8</top>
								<width>20</width>
								<height>20</height>
								<visible>Control.HasFocus(49)</visible>
								<texture colordiffuse="$VAR[Colour.500]">buttoncircle.png</texture>
							</control>
							
							<control type="label">
								<left>20</left>
								<top>0</top>
								<width>120</width>
								<height>35</height>
								<font>secondary.info</font>
								<align>left</align>
								<aligny>center</aligny>
								<textcolor>$VAR[Colour.500]</textcolor>
								<selectedcolor>selected</selectedcolor>
								<info>ListItem.Label</info>
							</control>
							
							<control type="label">
								<left>150</left>
								<top>0</top>
								<width>640</width>
								<height>35</height>
								<font>secondary.info</font>
								<align>left</align>
								<aligny>center</aligny>
								<textcolor>text.primary</textcolor>
								<selectedcolor>text.primary</selectedcolor>
								<info>ListItem.Label2</info>
							</control>
							
						</focusedlayout>
						
						<content>
						
							<item>
								<label>$LOCALIZE[557]:</label>
								<label2>$INFO[ListItem.Artist]</label2>
								<onclick>noop</onclick>
								<visible>!IsEmpty(ListItem.Artist)</visible>
							</item>
							
							<item>
								<label>$LOCALIZE[558]:</label>
								<label2>$INFO[ListItem.Album]$INFO[listitem.discnumber, - $LOCALIZE[427] ]</label2>
								<onclick>noop</onclick>
								<visible>!IsEmpty(ListItem.Album)</visible>
							</item>
							
							<item>
								<label>$LOCALIZE[515]:</label>
								<label2>$INFO[ListItem.Genre]</label2>
								<onclick>noop</onclick>
								<visible>!IsEmpty(ListItem.Genre)</visible>
							</item>
							
							<item>
								<label>$LOCALIZE[562]:</label>
								<label2>$INFO[ListItem.Year]</label2>
								<onclick>noop</onclick>
								<visible>!IsEmpty(ListItem.Year)</visible>
							</item>
							
							<item>
								<label>$LOCALIZE[554]:</label>
								<label2>$INFO[ListItem.TrackNumber]</label2>
								<onclick>noop</onclick>
								<visible>!IsEmpty(ListItem.TrackNumber)</visible>
							</item>
							
							<item>
								<label>$LOCALIZE[563]:</label>
								<onclick>noop</onclick>
								<visible>!IsEmpty(ListItem.Rating)</visible>
							</item>
							
						</content>
						
					</control>
					
					<control type="group">
						<left>720</left>
						<top>200</top>
						
						<control type="image">
							<description>Rating value</description>
							<left>0</left>
							<top>0</top>
							<width>225</width>
							<height>48</height>
							<aspectratio align="left">keep</aspectratio>
							<texture colordiffuse="$VAR[Colour.900]">LeftRating/$INFO[ListItem.StarRating]</texture>
						</control>
						
						<control type="button" id="14">
							<description>Decrease Rating</description>
							<left>200</left>
							<top>5</top>
							<width>32</width>
							<height>36</height>
							<onclick>DecreaseRating</onclick>
							<texturefocus colordiffuse="$VAR[Colour.500]">scroll-down-2.png</texturefocus>
							<texturenofocus colordiffuse="text.primary">scroll-down-2.png</texturenofocus>
							<onleft>49</onleft>
							<onright>15</onright>
							<ondown>9000</ondown>
							<onup>9000</onup>
						</control>
						
						<control type="button" id="15">
							<description>Increase Rating</description>
							<left>235</left>
							<top>5</top>
							<width>32</width>
							<height>36</height>
							<onclick>IncreaseRating</onclick>
							<texturefocus colordiffuse="$VAR[Colour.500]">scroll-up-2.png</texturefocus>
							<texturenofocus colordiffuse="text.primary">scroll-up-2.png</texturenofocus>
							<onleft>14</onleft>
							<onright>49</onright>
							<ondown>9000</ondown>
							<onup>9000</onup>
						</control>
						
					</control>
									
					<control type="image">
						<left>555</left>
						<top>460</top>
						<width>795</width>
						<height>1</height>
						<aspectratio>stretch</aspectratio>
						<texture colordiffuse="$VAR[Colour.500]">backgrounds/white.png</texture>
					</control>
					
				</control>
				
				<!--comment-->
				<control type="textbox" id="400">
					<left>575</left>
					<top>697</top>
					<width>1310</width>
					<height>368</height>
					<font>label</font>
					<align>left</align>
					<textcolor>text.primary</textcolor>
					<pagecontrol>-</pagecontrol>
					<autoscroll delay="10000" time="3000" repeat="15000">!Control.HasFocus(61) + Skin.HasSetting(AutoScroll)</autoscroll>
					<label>$INFO[ListItem.Comment]</label>
				</control>
									
			</control>
			
		</control>
		
	</controls>
	
</window>