<?xml version="1.0" encoding="UTF-8"?>

<window>

	<defaultcontrol always="true">50</defaultcontrol>
	<allowoverlay>no</allowoverlay>
	
	<views>50,51,500,550,551,509,506,511,512,513</views>
	
	<controls>
		
		<!--backgrounds (e.g. fanart-->
		<control type="group">
			<include>CommonBackground</include>
		</control>
		
		<!--views-->
		<control type="group">
			<include>Window_OpenClose_Animation</include>
			<include>CommonRootView</include>
			<!-- view id = 50 -->
			<include>FullWidthList</include>
			<!-- view id = 51 -->
			<include>ThumbnailView</include>
			<!-- view id = 500 -->
			<include>MusicInfoListView</include>
			<!-- view id = 506 -->
			<include>AlbumWrapView2_Fanart</include>
			<!-- view id = 509 -->
			<include>MusicVideoInfoListView</include>
			<!-- view id = 511 -->
			<include>ArtistMediaListView</include>
			<!-- view id = 512 -->
			<include>AlbumInfoListView</include>
			<!-- view id = 513 -->
			<include>AddonInfoListView1</include>
			<!-- view id = 550 -->
			<include>AddonInfoThumbView1</include>
			<!-- view id = 551 -->
		</control>
		
		<!--general window furniture-->
		<control type="group">
			<include>Clock</include>
			<include>CommonPageCount</include>
			<include>CommonNowPlaying</include>
			<include>MainWindowMouseButtons</include>
			<include>ScrollOffsetLabel</include>
		</control>
		
		<!--breadcrumbs-->
		<control type="group">
			
			<!--breadcrumb bg-->
			<control type="image">
				<left>64</left>
				<top>60</top>
				<width>500</width>
				<height>45</height>
				<texture colordiffuse="tertiary">backgrounds/white.png</texture>
			</control>
			
			<!--breadcrumb strip-->
			<control type="image">
				<left>60</left>
				<top>60</top>
				<width>4</width>
				<height>45</height>
				<texture colordiffuse="$VAR[Colour.500]">backgrounds/white.png</texture>
			</control>
			
			<!--breadcrumb labels-->
			<control type="grouplist">
				<left>73</left>
				<top>60</top>
				<width>482</width>
				<height>45</height>
				<orientation>horizontal</orientation>
				<align>left</align>
				<itemgap>8</itemgap>
				
				<control type="label">
					<width min="0" max="200">auto</width>
					<include>WindowTitleCommons</include>
					<label>$LOCALIZE[10516]</label>
				</control>
				
				<control type="label">
					<textcolor>$VAR[Colour.500]</textcolor>
					<width min="0" max="270">auto</width>
					<include>WindowTitleCommons</include>
					<label>[LOWERCASE]$INFO[Container.FolderName][/LOWERCASE]</label>
					<visible>!IsEmpty(Container.FolderName)</visible>
				</control>
				
			</control>
					
			<!--sort method bg-->
			<control type="image">
				<left>64</left>
				<top>110</top>
				<width>250</width>
				<height>34</height>
				<texture colordiffuse="tertiary">backgrounds/white.png</texture>
			</control>
		
			<!--sort method strip-->
			<control type="image">
				<left>60</left>
				<top>110</top>
				<width>4</width>
				<height>34</height>
				<texture colordiffuse="$VAR[Colour.500]">backgrounds/white.png</texture>
			</control>
		
			<!--sort method label-->
			<control type="label">
				<left>73</left>
				<top>110</top>
				<width>232</width>
				<height>34</height>
				<align>left</align>
				<aligny>center</aligny>
				<font>breadcrumb.secondary</font>
				<textcolor>text.primary</textcolor>
				<label>$INFO[Container.SortMethod,$LOCALIZE[31062] ]</label>
			</control>
			
		</control>
		
		<!--fake button to hide left blade-->
		<control type="button" id="73">
			<left>0</left>
			<top>0</top>
			<width>375</width>
			<height>1080</height>
			<label>-</label>
			<font>-</font>
			<texturenofocus>-</texturenofocus>
			<texturefocus>-</texturefocus>
			<visible>ControlGroup(9000).HasFocus | Control.HasFocus(9001) | Control.HasFocus(8999)</visible>
		</control>
		
		<!--dialog fade-->
		<include>BehindDialogFadeOut</include>
		
		<!--view options-->
		<control type="group">
			<left>-375</left>
			<include>SideBladeLeft</include>
			
			<!--buttons grouplist-->
			<control type="grouplist" id="9000">
				<left>10</left>
				<top>100</top>
				<width>375</width>
				<height>975</height>
				<onleft>9000</onleft>
				<onright>50</onright>
				<onup>9000</onup>
				<ondown>9000</ondown>
				<onback>50</onback>
				<itemgap>0</itemgap>
				
				<!--control type="label" id="200">
					<width>375</width>
					<height>52</height>
					<font>font12</font>
					<label>31006</label>
					<textcolor>blue</textcolor>
					<align>center</align>
					<aligny>center</aligny>
				</control-->
				
				<!--view as-->
				<control type="button" id="2">
					<textwidth>352</textwidth>
					<include>ButtonCommonValues</include>
					<label>-</label>
				</control>
				
				<!--sort by-->
				<control type="button" id="3">
					<include>ButtonCommonValues</include>
					<label>103</label>
				</control>
				
				<!--ascending/descending-->
				<control type="togglebutton" id="4">
					<include>ButtonCommonValues</include>
					<label>31051</label>
					<altlabel>31050</altlabel>
					<usealttexture>Container.SortDirection(Ascending)</usealttexture>
				</control>
				
				<!--library/files mode-->
				<control type="radiobutton" id="99">
					<label>$LOCALIZE[29800]</label>
					<onclick>ReplaceWindow(MusicFiles)</onclick>
					<selected>Window.IsVisible(MusicLibrary)</selected>
					<include>ButtonCommonValues</include>
				</control>
				
				<!--filter basic-->
				<control type="edit" id="19">
					<visible>!Container.CanFilterAdvanced</visible>
					<textwidth>345</textwidth>
					<include>ButtonCommonValues</include>
					<label>587</label>
				</control>
				
				<!--filter advanced-->
				<control type="radiobutton" id="98">
					<visible>Container.CanFilterAdvanced</visible>
					<include>ButtonCommonValues</include>
					<label>587</label>
					<selected>Container.Filtered</selected>
					<onclick>right</onclick>
					<onclick>Filter</onclick>
				</control>
				
				<!--show info (509)-->
				<control type="radiobutton" id="100">
					<textwidth>255</textwidth>
					<include>ButtonCommonValues</include>
					<label>31005</label>
					<onclick>Skin.ToggleSetting(View509HideInfo)</onclick>
					<selected>Skin.HasSetting(View509HideInfo)</selected>
					<visible>Control.IsVisible(509)</visible>
				</control>
				
				<!--hide fanart-->
				<control type="radiobutton" id="30">
					<label>31119</label>
					<include>ButtonCommonValues</include>
					<onclick>Skin.ToggleSetting(HideBackGroundFanart)</onclick>
					<selected>Skin.HasSetting(HideBackGroundFanart)</selected>
				</control>
				
				<!--show extra fanart-->
				<control type="radiobutton" id="31">
					<label>31066</label>
					<include>ButtonCommonValues</include>
					<onclick>Skin.ToggleSetting(MusicExtraFanart)</onclick>
					<selected>Skin.HasSetting(MusicExtraFanart)</selected>
					<enable>!Skin.HasSetting(HideBackGroundFanart)</enable>
				</control>
					
				<!--artists path-->
				<control type="button" id="32"> 
					<label>31069</label>
					<include>ButtonCommonValues</include>
					<label2>$INFO[Skin.String(artists.path)]</label2>
					<onclick>Skin.SetPath(artists.path)</onclick>
					<visible>Skin.HasSetting(MusicExtraFanart)</visible>
				</control>
				
				<!--choose colour-->
				<control type="button" id="33">
					<label>$LOCALIZE[31919]</label>
					<include>ButtonCommonValues</include>
					<onclick>SetFocus(50)</onclick>
					<onclick>ActivateWindow(1100)</onclick>
				</control>
				
				<!--control type="label" id="201">
					<width>375</width>
					<height>52</height>
					<font>font12</font>
					<label>31026</label>
					<textcolor>blue</textcolor>
					<align>center</align>
					<aligny>center</aligny>
				</control-->
				
				<!--search-->
				<control type="button" id="8">
					<include>ButtonCommonValues</include>
					<label>137</label>
				</control>
				
				<!--party mode-->
				<control type="radiobutton" id="16">
					<label>589</label>
					<include>ButtonCommonValues</include>
					<visible>Container.Content(MusicVideos)</visible>
				</control>
				
				<!--control type="label" id="203">
					<width>375</width>
					<height>52</height>
					<font>font12</font>
					<label>31039</label>
					<textcolor>blue</textcolor>
					<align>center</align>
					<aligny>center</aligny>
				</control-->
				
				<!--update library-->
				<control type="togglebutton" id="20">
					<textwidth>352</textwidth>
					<include>ButtonCommonValues</include>
					<label>653</label>
					<altlabel>13353</altlabel>
					<usealttexture>library.isscanningmusic</usealttexture>
				</control>
				
				<!--now playing controls-->
				<include>CommonNowPlaying_Controls</include>
				
			</control>
			
		</control>
		
	</controls>
	
</window>