<?xml version="1.0" encoding="UTF-8"?>
<window>
	<allowoverlay>no</allowoverlay>
	<coordinates>
		<system>1</system>
		<left>0</left>
		<top>0</top>
	</coordinates>
	<controls>
		<control type="group" id="100">
			<include>VisibleFadeEffect</include>
			<control type="image">
				<left>0</left>
				<top>0</top>
				<width>1920</width>
				<height>1080</height>
				<texture>black-back.png</texture>
				<animation effect="fade" time="400">WindowOpen</animation>
				<animation effect="fade" time="200">WindowClose</animation>
			</control>
			<control type="group">
				<left>135</left>
				<top>45</top>
				<animation type="WindowOpen" reversible="false">
					<effect type="zoom" start="80" end="100" center="960,540" easing="out" tween="back" time="300" />
					<effect type="fade" start="0" end="100" time="300" />
				</animation>
				<animation type="WindowClose" reversible="false">
					<effect type="zoom" start="100" end="80" center="960,540" easing="in" tween="back" time="300" />
					<effect type="fade" start="100" end="0" time="300" />
				</animation>
				<control type="image">
					<left>8</left>
					<top>8</top>
					<width>1635</width>
					<height>945</height>
					<texture border="15">ContentPanel.png</texture>
				</control>
				<control type="image">
					<left>8</left>
					<top>8</top>
					<width>1635</width>
					<height>945</height>
					<texture border="15">ContentPanel.png</texture>
				</control>
				<control type="button">
					<description>Close Window button</description>
					<left>1470</left>
					<top>16</top>
					<width>96</width>
					<height>48</height>
					<label>-</label>
					<font>-</font>
					<onclick>PreviousMenu</onclick>
					<texturefocus>DialogCloseButton-focus.png</texturefocus>
					<texturenofocus>DialogCloseButton.png</texturenofocus>
					<onleft>1</onleft>
					<onright>1</onright>
					<onup>1</onup>
					<ondown>1</ondown>
					<visible>system.getbool(input.enablemouse)</visible>
				</control>
				<control type="image">
					<description>LOGO</description>
					<left>45</left>
					<top>15</top>
					<width>330</width>
					<height>120</height>
					<aspectratio>keep</aspectratio>
					<texture>Confluence_Logo.png</texture>
				</control>
				<control type="list" id="9000">
					<left>15</left>
					<top>120</top>
					<width>390</width>
					<height>810</height>
					<onleft>9010</onleft>
					<onright>101</onright>
					<onup>9000</onup>
					<ondown>9000</ondown>
					<pagecontrol>-</pagecontrol>
					<scrolltime>300</scrolltime>
					<itemlayout height="90" width="390">
						<control type="image">
							<left>0</left>
							<top>0</top>
							<width>390</width>
							<height>92</height>
							<texture border="5">MenuItemNF.png</texture>
						</control>
						<control type="label">
							<left>15</left>
							<top>6</top>
							<width>360</width>
							<height>38</height>
							<font>font24_title</font>
							<textcolor>grey3</textcolor>
							<align>right</align>
							<aligny>center</aligny>
							<label>$INFO[ListItem.Label]</label>
						</control>
						<control type="label">
							<left>15</left>
							<top>48</top>
							<width>360</width>
							<height>30</height>
							<font>font13</font>
							<textcolor>grey2</textcolor>
							<align>right</align>
							<aligny>center</aligny>
							<label>$INFO[ListItem.Label2]</label>
						</control>
					</itemlayout>
					<focusedlayout height="90" width="390">
						<control type="image">
							<left>0</left>
							<top>0</top>
							<width>390</width>
							<height>92</height>
							<texture border="5">MenuItemFO.png</texture>
							<animation effect="fade" start="100" end="50" time="100" condition="!Control.HasFocus(9000)">Conditional</animation>
						</control>
						<control type="label">
							<left>15</left>
							<top>6</top>
							<width>360</width>
							<height>38</height>
							<font>font24_title</font>
							<textcolor>white</textcolor>
							<align>right</align>
							<aligny>center</aligny>
							<label>$INFO[ListItem.Label]</label>
						</control>
						<control type="label">
							<left>15</left>
							<top>48</top>
							<width>360</width>
							<height>30</height>
							<font>font13</font>
							<textcolor>grey2</textcolor>
							<align>right</align>
							<aligny>center</aligny>
							<label>$INFO[ListItem.Label2]</label>
						</control>
					</focusedlayout>
					<content>
						<item id="1">
							<label>$LOCALIZE[342]</label>
							<label2>$LOCALIZE[31206] $INFO[Control.GetLabel(110)] $LOCALIZE[31025]</label2>
							<onclick>noop</onclick>
							<visible>Control.IsVisible(119)</visible>
						</item>
						<item id="2">
							<label>$LOCALIZE[344]</label>
							<label2>$LOCALIZE[31206] $INFO[Control.GetLabel(210)] $LOCALIZE[31025]</label2>
							<onclick>noop</onclick>
							<visible>Control.IsVisible(219)</visible>
						</item>
						<item id="3">
							<label>$LOCALIZE[20343]</label>
							<label2>$LOCALIZE[31206] $INFO[Control.GetLabel(120)] $LOCALIZE[31025]</label2>
							<onclick>noop</onclick>
							<visible>Control.IsVisible(129)</visible>
						</item>
						<item id="4">
							<label>$LOCALIZE[33054]</label>
							<label2>$LOCALIZE[31206] $INFO[Control.GetLabel(130)] $LOCALIZE[31025]</label2>
							<onclick>noop</onclick>
							<visible>Control.IsVisible(139)</visible>
						</item>
						<item id="5">
							<label>$LOCALIZE[20360]</label>
							<label2>$LOCALIZE[31206] $INFO[Control.GetLabel(140)] $LOCALIZE[31025]</label2>
							<onclick>noop</onclick>
							<visible>Control.IsVisible(149)</visible>
						</item>
						<item id="6">
							<label>$LOCALIZE[20389]</label>
							<label2>$LOCALIZE[31206] $INFO[Control.GetLabel(150)] $LOCALIZE[31025]</label2>
							<onclick>noop</onclick>
							<visible>Control.IsVisible(159)</visible>
						</item>
						<item id="7">
							<label>$LOCALIZE[133]</label>
							<label2>$LOCALIZE[31206] $INFO[Control.GetLabel(160)] $LOCALIZE[31025]</label2>
							<onclick>noop</onclick>
							<visible>Control.IsVisible(169)</visible>
						</item>
						<item id="8">
							<label>$LOCALIZE[132]</label>
							<label2>$LOCALIZE[31206] $INFO[Control.GetLabel(170)] $LOCALIZE[31025]</label2>
							<onclick>noop</onclick>
							<visible>Control.IsVisible(179)</visible>
						</item>
						<item id="9">
							<label>$LOCALIZE[134]</label>
							<label2>$LOCALIZE[31206] $INFO[Control.GetLabel(180)] $LOCALIZE[31025]</label2>
							<onclick>noop</onclick>
							<visible>Control.IsVisible(189)</visible>
						</item>
						<item id="10">
							<label>[COLOR=blue]$INFO[Control.GetLabel(198)][/COLOR]</label>
							<label2>$LOCALIZE[31207]</label2>
							<onclick>Control.Setfocus(9000,0)</onclick>
							<onclick>SendClick(198)</onclick>
							<visible>Control.IsVisible(198)</visible>
						</item>
					</content>
				</control>
				<control type="image">
					<left>402</left>
					<top>15</top>
					<width>1185</width>
					<height>927</height>
					<texture border="5">black-back2.png</texture>
				</control>
				<control type="image">
					<left>402</left>
					<top>15</top>
					<width>1206</width>
					<height>78</height>
					<texture>dialogheader.png</texture>
				</control>
				<control type="label">
					<description>header label Finished Searching</description>
					<left>450</left>
					<top>30</top>
					<width>1110</width>
					<height>45</height>
					<font>font16</font>
					<label>$INFO[Container(9000).ListItem.Label]</label>
					<align>center</align>
					<aligny>center</aligny>
					<textcolor>white</textcolor>
					<shadowcolor>black</shadowcolor>
					<visible>Control.IsVisible(198)</visible>
				</control>
				<control type="label">
					<description>header Label Still Searching</description>
					<left>450</left>
					<top>30</top>
					<width>1110</width>
					<height>45</height>
					<font>font16</font>
					<label>$INFO[Control.GetLabel(190)] $INFO[Control.GetLabel(191)]</label>
					<align>center</align>
					<aligny>center</aligny>
					<textcolor>blue</textcolor>
					<shadowcolor>black</shadowcolor>
					<visible>!Control.IsVisible(198)</visible>
				</control>
				<control type="label" id="190">
					<!-- Hide this Control off the screen because we use the label above instead -->
					<left>3000</left>
					<top>3000</top>
					<width>150</width>
					<height>0</height>
					<label>-</label>
					<font>-</font>
					<textcolor>-</textcolor>
				</control>
				<control type="label" id="191">
					<!-- Hide this Control off the screen because we use the label above instead -->
					<left>3000</left>
					<top>3000</top>
					<width>150</width>
					<height>0</height>
					<label>-</label>
					<font>-</font>
				</control>
				<control type="label" id="199">
					<left>60</left>
					<top>537</top>
					<width>1800</width>
					<height>30</height>
					<label>[UPPERCASE][B]$LOCALIZE[284][/B][/UPPERCASE]</label>
					<font>font16</font>
					<textcolor>white</textcolor>
					<align>center</align>
					<aligny>center</aligny>
				</control>
			</control>
			<control type="group">
				<animation type="WindowOpen" reversible="false">
					<effect type="zoom" start="80" end="100" center="960,540" easing="out" tween="back" time="300" />
					<effect type="fade" start="0" end="100" time="300" />
				</animation>
				<animation type="WindowClose" reversible="false">
					<effect type="zoom" start="100" end="80" center="960,540" easing="in" tween="back" time="300" />
					<effect type="fade" start="100" end="0" time="300" />
				</animation>
				<left>570</left>
				<top>135</top>
				<control type="button" id="198">
					<!-- Hide this button off the screen because we use the list above to pass to it instead -->
					<left>3000</left>
					<top>3000</top>
					<width>15</width>
					<height>15</height>
					<label>-</label>
					<font>font10</font>
					<textcolor>white</textcolor>
					<align>center</align>
					<aligny>center</aligny>
					<texturefocus border="5">button-focus.png</texturefocus>
					<texturenofocus border="5">button-nofocus.png</texturenofocus>
					<onup>101</onup>
					<ondown>101</ondown>
					<onleft>101</onleft>
					<onright>101</onright>
				</control>
				<control type="group" id="101">
					<top>6</top>
					<control type="group" id="119">
						<left>0</left>
						<top>0</top>
						<width>1125</width>
						<height>795</height>
						<control type="label" id="110">
							<!-- Hide this Control off the screen because we use the list above to pass to it instead -->
							<left>3000</left>
							<top>3000</top>
							<width>150</width>
							<height>0</height>
							<label>-</label>
							<font>-</font>
							<textcolor>-</textcolor>
						</control>
						<control type="panel" id="111">
							<visible>Container(9000).HasFocus(1)</visible>
							<include>VisibleFadeEffect</include>
							<left>0</left>
							<top>0</top>
							<width>1125</width>
							<height>795</height>
							<onleft>9000</onleft>
							<onright>118</onright>
							<onup>111</onup>
							<ondown>111</ondown>
							<viewtype label="535">panel</viewtype>
							<preloaditems>2</preloaditems>
							<pagecontrol>118</pagecontrol>
							<itemlayout width="562" height="195">
								<control type="image">
									<left>0</left>
									<top>0</top>
									<width>555</width>
									<height>188</height>
									<texture border="5">button-nofocus.png</texture>
								</control>
								<control type="image">
									<left>8</left>
									<top>8</top>
									<width>120</width>
									<height>172</height>
									<texture background="true">$INFO[ListItem.Icon]</texture>
									<aspectratio>keep</aspectratio>
								</control>
								<control type="image">
									<left>75</left>
									<top>105</top>
									<width>45</width>
									<height>45</height>
									<texture>OverlayWatched.png</texture>
									<visible>IntegerGreaterThan(ListItem.Property(PlayCount),0)</visible>
								</control>
								<control type="label">
									<left>150</left>
									<top>15</top>
									<width>398</width>
									<height>18</height>
									<label>[B]$INFO[ListItem.Label][/B]</label>
									<font>font12</font>
									<textcolor>white</textcolor>
									<aligny>center</aligny>
								</control>
								<control type="label">
									<left>150</left>
									<top>45</top>
									<width>398</width>
									<height>22</height>
									<label>$INFO[ListItem.Property(Year),, - ]$INFO[ListItem.Property(Duration),, $LOCALIZE[12391]]</label>
									<font>font12</font>
									<textcolor>grey2</textcolor>
									<aligny>center</aligny>
									<visible>!SubString(ListItem.Property(Duration),min)</visible>
								</control>
								<control type="label">
									<left>150</left>
									<top>45</top>
									<width>398</width>
									<height>22</height>
									<label>$INFO[ListItem.Property(Year),, - ]$INFO[ListItem.Property(Duration)]</label>
									<font>font12</font>
									<textcolor>grey2</textcolor>
									<aligny>center</aligny>
									<visible>SubString(ListItem.Property(Duration),min)</visible>
								</control>
								<control type="textbox">
									<left>150</left>
									<top>68</top>
									<width>398</width>
									<height>112</height>
									<label>$INFO[ListItem.Property(Tagline)]</label>
									<font>font10</font>
									<textcolor>white</textcolor>
								</control>
								<control type="textbox">
									<left>150</left>
									<top>68</top>
									<width>398</width>
									<height>112</height>
									<label>$INFO[ListItem.Property(PlotOutline)]</label>
									<font>font10</font>
									<textcolor>white</textcolor>
									<visible>IsEmpty(ListItem.Property(TagLine))</visible>
								</control>
								<control type="textbox">
									<left>150</left>
									<top>68</top>
									<width>398</width>
									<height>112</height>
									<label>$INFO[ListItem.Property(Plot)]</label>
									<font>font10</font>
									<textcolor>white</textcolor>
									<visible>IsEmpty(ListItem.Property(TagLine)) + IsEmpty(ListItem.Property(PlotOutline))</visible>
								</control>
							</itemlayout>
							<focusedlayout width="562" height="195">
								<control type="image">
									<left>0</left>
									<top>0</top>
									<width>555</width>
									<height>188</height>
									<texture border="5">button-focus2.png</texture>
								</control>
								<control type="image">
									<left>8</left>
									<top>8</top>
									<width>120</width>
									<height>172</height>
									<texture background="true">$INFO[ListItem.Icon]</texture>
									<aspectratio>keep</aspectratio>
								</control>
								<control type="image">
									<left>75</left>
									<top>105</top>
									<width>45</width>
									<height>45</height>
									<texture>OverlayWatched.png</texture>
									<visible>IntegerGreaterThan(ListItem.Property(PlayCount),0)</visible>
								</control>
								<control type="label">
									<left>150</left>
									<top>15</top>
									<width>398</width>
									<height>18</height>
									<label>[B]$INFO[ListItem.Label][/B]</label>
									<font>font12</font>
									<textcolor>white</textcolor>
									<aligny>center</aligny>
								</control>
								<control type="label">
									<left>150</left>
									<top>45</top>
									<width>398</width>
									<height>22</height>
									<label>$INFO[ListItem.Property(Year),, - ]$INFO[ListItem.Property(Duration),, $LOCALIZE[12391]]</label>
									<font>font12</font>
									<textcolor>grey2</textcolor>
									<aligny>center</aligny>
									<visible>!SubString(ListItem.Property(Duration),min)</visible>
								</control>
								<control type="label">
									<left>150</left>
									<top>45</top>
									<width>398</width>
									<height>22</height>
									<label>$INFO[ListItem.Property(Year),, - ]$INFO[ListItem.Property(Duration)]</label>
									<font>font12</font>
									<textcolor>grey2</textcolor>
									<aligny>center</aligny>
									<visible>SubString(ListItem.Property(Duration),min)</visible>
								</control>
								<control type="textbox">
									<left>150</left>
									<top>68</top>
									<width>398</width>
									<height>112</height>
									<label>$INFO[ListItem.Property(Tagline)]</label>
									<font>font10</font>
									<textcolor>white</textcolor>
								</control>
								<control type="textbox">
									<left>150</left>
									<top>68</top>
									<width>398</width>
									<height>112</height>
									<label>$INFO[ListItem.Property(PlotOutline)]</label>
									<font>font10</font>
									<textcolor>white</textcolor>
									<visible>IsEmpty(ListItem.Property(TagLine))</visible>
								</control>
								<control type="textbox">
									<left>150</left>
									<top>68</top>
									<width>398</width>
									<height>112</height>
									<label>$INFO[ListItem.Property(Plot)]</label>
									<font>font10</font>
									<textcolor>white</textcolor>
									<visible>IsEmpty(ListItem.Property(TagLine)) + IsEmpty(ListItem.Property(PlotOutline))</visible>
								</control>
							</focusedlayout>
						</control>
						<control type="scrollbar" id="118">
							<left>1155</left>
							<top>0</top>
							<width>38</width>
							<height>795</height>
							<texturesliderbackground border="0,14,0,14">ScrollBarV.png</texturesliderbackground>
							<texturesliderbar border="0,14,0,14">ScrollBarV_bar.png</texturesliderbar>
							<texturesliderbarfocus border="0,14,0,14">ScrollBarV_bar_focus.png</texturesliderbarfocus>
							<textureslidernib>ScrollBarNib.png</textureslidernib>
							<textureslidernibfocus>ScrollBarNib.png</textureslidernibfocus>
							<onleft>111</onleft>
							<onright>9000</onright>
							<showonepage>false</showonepage>
							<orientation>vertical</orientation>
							<visible>Container(9000).Hasfocus(1)</visible>
						</control>
						<control type="label">
							<description>number of files/pages in list text label</description>
							<left>375</left>
							<top>795</top>
							<width>750</width>
							<height>52</height>
							<font>font12</font>
							<align>right</align>
							<aligny>center</aligny>
							<scroll>true</scroll>
							<textcolor>grey</textcolor>
							<label>([COLOR=blue]$INFO[Container(111).NumItems][/COLOR]) $LOCALIZE[31025] - $LOCALIZE[31024] ([COLOR=blue]$INFO[Container(111).CurrentPage]/$INFO[Container(111).NumPages][/COLOR])</label>
							<visible>Container(9000).Hasfocus(1)</visible>
						</control>
					</control>
					<control type="group" id="219">
						<left>0</left>
						<top>0</top>
						<width>1125</width>
						<height>795</height>
						<control type="label" id="210">
							<!-- Hide this Control off the screen because we use the list above to pass to it instead -->
							<left>3000</left>
							<top>3000</top>
							<width>150</width>
							<height>0</height>
							<label>-</label>
							<font>-</font>
							<textcolor>-</textcolor>
						</control>
						<control type="panel" id="211">
							<visible>Container(9000).HasFocus(2)</visible>
							<include>VisibleFadeEffect</include>
							<left>0</left>
							<top>0</top>
							<width>1125</width>
							<height>795</height>
							<onleft>9000</onleft>
							<onright>218</onright>
							<onup>211</onup>
							<ondown>211</ondown>
							<viewtype label="535">panel</viewtype>
							<preloaditems>2</preloaditems>
							<pagecontrol>118</pagecontrol>
							<itemlayout width="562" height="195">
								<control type="image">
									<left>0</left>
									<top>0</top>
									<width>555</width>
									<height>188</height>
									<texture border="5">button-nofocus.png</texture>
								</control>
								<control type="image">
									<left>8</left>
									<top>8</top>
									<width>120</width>
									<height>172</height>
									<texture background="true">$INFO[ListItem.Icon]</texture>
									<aspectratio>keep</aspectratio>
								</control>
								<control type="image">
									<left>75</left>
									<top>105</top>
									<width>45</width>
									<height>45</height>
									<texture>OverlayWatched.png</texture>
									<visible>IntegerGreaterThan(ListItem.Property(PlayCount),0)</visible>
								</control>
								<control type="label">
									<left>150</left>
									<top>15</top>
									<width>398</width>
									<height>18</height>
									<label>[B]$INFO[ListItem.Label][/B]</label>
									<font>font12</font>
									<textcolor>white</textcolor>
									<aligny>center</aligny>
								</control>
								<control type="label">
									<left>150</left>
									<top>45</top>
									<width>398</width>
									<height>22</height>
									<label>$INFO[ListItem.Property(Year),, - ]$INFO[ListItem.Property(Duration),, $LOCALIZE[12391]]</label>
									<font>font12</font>
									<textcolor>grey2</textcolor>
									<aligny>center</aligny>
									<visible>!SubString(ListItem.Property(Duration),min)</visible>
								</control>
								<control type="label">
									<left>150</left>
									<top>45</top>
									<width>398</width>
									<height>22</height>
									<label>$INFO[ListItem.Property(Year),, - ]$INFO[ListItem.Property(Duration)]</label>
									<font>font12</font>
									<textcolor>grey2</textcolor>
									<aligny>center</aligny>
									<visible>SubString(ListItem.Property(Duration),min)</visible>
								</control>
								<control type="textbox">
									<left>150</left>
									<top>68</top>
									<width>398</width>
									<height>112</height>
									<label>$INFO[ListItem.Property(Tagline)]</label>
									<font>font10</font>
									<textcolor>white</textcolor>
								</control>
								<control type="textbox">
									<left>150</left>
									<top>68</top>
									<width>398</width>
									<height>112</height>
									<label>$INFO[ListItem.Property(PlotOutline)]</label>
									<font>font10</font>
									<textcolor>white</textcolor>
									<visible>IsEmpty(ListItem.Property(TagLine))</visible>
								</control>
								<control type="textbox">
									<left>150</left>
									<top>68</top>
									<width>398</width>
									<height>112</height>
									<label>$INFO[ListItem.Property(Plot)]</label>
									<font>font10</font>
									<textcolor>white</textcolor>
									<visible>IsEmpty(ListItem.Property(TagLine)) + IsEmpty(ListItem.Property(PlotOutline))</visible>
								</control>
							</itemlayout>
							<focusedlayout width="562" height="195">
								<control type="image">
									<left>0</left>
									<top>0</top>
									<width>555</width>
									<height>188</height>
									<texture border="5">button-focus2.png</texture>
								</control>
								<control type="image">
									<left>8</left>
									<top>8</top>
									<width>120</width>
									<height>172</height>
									<texture background="true">$INFO[ListItem.Icon]</texture>
									<aspectratio>keep</aspectratio>
								</control>
								<control type="image">
									<left>75</left>
									<top>105</top>
									<width>45</width>
									<height>45</height>
									<texture>OverlayWatched.png</texture>
									<visible>IntegerGreaterThan(ListItem.Property(PlayCount),0)</visible>
								</control>
								<control type="label">
									<left>150</left>
									<top>15</top>
									<width>398</width>
									<height>18</height>
									<label>[B]$INFO[ListItem.Label][/B]</label>
									<font>font12</font>
									<textcolor>white</textcolor>
									<aligny>center</aligny>
								</control>
								<control type="label">
									<left>150</left>
									<top>45</top>
									<width>398</width>
									<height>22</height>
									<label>$INFO[ListItem.Property(Year),, - ]$INFO[ListItem.Property(Duration),, $LOCALIZE[12391]]</label>
									<font>font12</font>
									<textcolor>grey2</textcolor>
									<aligny>center</aligny>
									<visible>!SubString(ListItem.Property(Duration),min)</visible>
								</control>
								<control type="label">
									<left>150</left>
									<top>45</top>
									<width>398</width>
									<height>22</height>
									<label>$INFO[ListItem.Property(Year),, - ]$INFO[ListItem.Property(Duration)]</label>
									<font>font12</font>
									<textcolor>grey2</textcolor>
									<aligny>center</aligny>
									<visible>SubString(ListItem.Property(Duration),min)</visible>
								</control>
								<control type="textbox">
									<left>150</left>
									<top>68</top>
									<width>398</width>
									<height>112</height>
									<label>$INFO[ListItem.Property(Tagline)]</label>
									<font>font10</font>
									<textcolor>white</textcolor>
								</control>
								<control type="textbox">
									<left>150</left>
									<top>68</top>
									<width>398</width>
									<height>112</height>
									<label>$INFO[ListItem.Property(PlotOutline)]</label>
									<font>font10</font>
									<textcolor>white</textcolor>
									<visible>IsEmpty(ListItem.Property(TagLine))</visible>
								</control>
								<control type="textbox">
									<left>150</left>
									<top>68</top>
									<width>398</width>
									<height>112</height>
									<label>$INFO[ListItem.Property(Plot)]</label>
									<font>font10</font>
									<textcolor>white</textcolor>
									<visible>IsEmpty(ListItem.Property(TagLine)) + IsEmpty(ListItem.Property(PlotOutline))</visible>
								</control>
							</focusedlayout>
						</control>
						<control type="scrollbar" id="218">
							<left>1155</left>
							<top>0</top>
							<width>38</width>
							<height>795</height>
							<texturesliderbackground border="0,14,0,14">ScrollBarV.png</texturesliderbackground>
							<texturesliderbar border="0,14,0,14">ScrollBarV_bar.png</texturesliderbar>
							<texturesliderbarfocus border="0,14,0,14">ScrollBarV_bar_focus.png</texturesliderbarfocus>
							<textureslidernib>ScrollBarNib.png</textureslidernib>
							<textureslidernibfocus>ScrollBarNib.png</textureslidernibfocus>
							<onleft>211</onleft>
							<onright>9000</onright>
							<showonepage>false</showonepage>
							<orientation>vertical</orientation>
							<visible>Container(9000).Hasfocus(2)</visible>
						</control>
						<control type="label">
							<description>number of files/pages in list text label</description>
							<left>375</left>
							<top>795</top>
							<width>750</width>
							<height>52</height>
							<font>font12</font>
							<align>right</align>
							<aligny>center</aligny>
							<scroll>true</scroll>
							<textcolor>grey</textcolor>
							<label>([COLOR=blue]$INFO[Container(211).NumItems][/COLOR]) $LOCALIZE[31025] - $LOCALIZE[31024] ([COLOR=blue]$INFO[Container(211).CurrentPage]/$INFO[Container(211).NumPages][/COLOR])</label>
							<visible>Container(9000).Hasfocus(2)</visible>
						</control>
					</control>
					<control type="group" id="129">
						<left>0</left>
						<top>0</top>
						<width>1125</width>
						<height>795</height>
						<control type="label" id="120">
							<!-- Hide this Control off the screen because we use the list above to pass to it instead -->
							<left>3000</left>
							<top>3000</top>
							<width>150</width>
							<height>0</height>
							<label>-</label>
							<font>-</font>
							<textcolor>-</textcolor>
						</control>
						<control type="panel" id="121">
							<visible>Container(9000).HasFocus(3)</visible>
							<include>VisibleFadeEffect</include>
							<left>0</left>
							<top>0</top>
							<width>1125</width>
							<height>795</height>
							<onleft>9000</onleft>
							<onright>128</onright>
							<onup>121</onup>
							<ondown>121</ondown>
							<viewtype label="535">panel</viewtype>
							<preloaditems>2</preloaditems>
							<pagecontrol>128</pagecontrol>
							<itemlayout width="562" height="262">
								<control type="image">
									<left>0</left>
									<top>0</top>
									<width>555</width>
									<height>255</height>
									<texture border="5">button-nofocus.png</texture>
								</control>
								<control type="image">
									<left>8</left>
									<top>8</top>
									<width>540</width>
									<height>98</height>
									<texture background="true">$INFO[ListItem.Icon]</texture>
									<aspectratio>keep</aspectratio>
								</control>
								<control type="image">
									<left>495</left>
									<top>105</top>
									<width>45</width>
									<height>45</height>
									<texture>OverlayWatched.png</texture>
									<visible>IntegerGreaterThan(ListItem.Property(PlayCount),0)</visible>
								</control>
								<control type="label">
									<left>10</left>
									<top>112</top>
									<width>540</width>
									<height>22</height>
									<label>[B]$INFO[ListItem.Label][/B]</label>
									<font>font12</font>
									<textcolor>white</textcolor>
									<align>center</align>
									<aligny>center</aligny>
								</control>
								<control type="label">
									<left>10</left>
									<top>142</top>
									<width>540</width>
									<height>22</height>
									<label>$INFO[ListItem.Property(Premiered)]</label>
									<font>font12</font>
									<textcolor>grey2</textcolor>
									<align>center</align>
									<aligny>center</aligny>
								</control>
								<control type="textbox">
									<left>8</left>
									<top>165</top>
									<width>540</width>
									<height>82</height>
									<label>$INFO[ListItem.Property(Plot)]</label>
									<font>font10</font>
									<textcolor>white</textcolor>
									<align>justify</align>
								</control>
							</itemlayout>
							<focusedlayout width="562" height="262">
								<control type="image">
									<left>0</left>
									<top>0</top>
									<width>555</width>
									<height>255</height>
									<texture border="5">button-focus2.png</texture>
								</control>
								<control type="image">
									<left>8</left>
									<top>8</top>
									<width>540</width>
									<height>98</height>
									<texture background="true">$INFO[ListItem.Icon]</texture>
									<aspectratio>keep</aspectratio>
								</control>
								<control type="image">
									<left>495</left>
									<top>105</top>
									<width>45</width>
									<height>45</height>
									<texture>OverlayWatched.png</texture>
									<visible>IntegerGreaterThan(ListItem.Property(PlayCount),0)</visible>
								</control>
								<control type="label">
									<left>10</left>
									<top>112</top>
									<width>540</width>
									<height>22</height>
									<label>[B]$INFO[ListItem.Label][/B]</label>
									<font>font12</font>
									<textcolor>white</textcolor>
									<align>center</align>
									<aligny>center</aligny>
								</control>
								<control type="label">
									<left>10</left>
									<top>142</top>
									<width>540</width>
									<height>22</height>
									<label>$INFO[ListItem.Property(Premiered)]</label>
									<font>font12</font>
									<textcolor>grey2</textcolor>
									<align>center</align>
									<aligny>center</aligny>
								</control>
								<control type="textbox">
									<left>8</left>
									<top>165</top>
									<width>540</width>
									<height>82</height>
									<label>$INFO[ListItem.Property(Plot)]</label>
									<font>font10</font>
									<textcolor>white</textcolor>
									<align>justify</align>
								</control>
							</focusedlayout>
						</control>
						<control type="scrollbar" id="128">
							<left>1155</left>
							<top>0</top>
							<width>38</width>
							<height>795</height>
							<texturesliderbackground border="0,14,0,14">ScrollBarV.png</texturesliderbackground>
							<texturesliderbar border="0,14,0,14">ScrollBarV_bar.png</texturesliderbar>
							<texturesliderbarfocus border="0,14,0,14">ScrollBarV_bar_focus.png</texturesliderbarfocus>
							<textureslidernib>ScrollBarNib.png</textureslidernib>
							<textureslidernibfocus>ScrollBarNib.png</textureslidernibfocus>
							<onleft>121</onleft>
							<onright>9000</onright>
							<showonepage>false</showonepage>
							<orientation>vertical</orientation>
							<visible>Container(9000).HasFocus(3)</visible>
						</control>
						<control type="label">
							<description>number of files/pages in list text label</description>
							<left>375</left>
							<top>795</top>
							<width>750</width>
							<height>52</height>
							<font>font12</font>
							<align>right</align>
							<aligny>center</aligny>
							<scroll>true</scroll>
							<textcolor>grey</textcolor>
							<label>([COLOR=blue]$INFO[Container(121).NumItems][/COLOR]) $LOCALIZE[31025] - $LOCALIZE[31024] ([COLOR=blue]$INFO[Container(121).CurrentPage]/$INFO[Container(121).NumPages][/COLOR])</label>
							<visible>Container(9000).HasFocus(3)</visible>
						</control>
					</control>
					<control type="group" id="139">
						<left>0</left>
						<top>0</top>
						<width>1125</width>
						<height>795</height>
						<control type="label" id="130">
							<!-- Hide this Control off the screen because we use the list above to pass to it instead -->
							<left>3000</left>
							<top>3000</top>
							<width>150</width>
							<height>0</height>
							<label>-</label>
							<font>-</font>
							<textcolor>-</textcolor>
						</control>
						<control type="panel" id="131">
							<visible>Container(9000).HasFocus(4)</visible>
							<include>VisibleFadeEffect</include>
							<left>0</left>
							<top>0</top>
							<width>1125</width>
							<height>795</height>
							<onleft>9000</onleft>
							<onright>138</onright>
							<onup>131</onup>
							<ondown>131</ondown>
							<viewtype label="535">panel</viewtype>
							<preloaditems>2</preloaditems>
							<pagecontrol>138</pagecontrol>
							<itemlayout width="562" height="195">
								<control type="image">
									<left>0</left>
									<top>0</top>
									<width>555</width>
									<height>188</height>
									<texture border="5">button-nofocus.png</texture>
								</control>
								<control type="image">
									<left>8</left>
									<top>8</top>
									<width>120</width>
									<height>172</height>
									<texture background="true">$INFO[ListItem.Icon]</texture>
									<aspectratio>keep</aspectratio>
								</control>
								<control type="label">
									<left>150</left>
									<top>15</top>
									<width>390</width>
									<height>22</height>
									<label>$INFO[ListItem.Label]</label>
									<font>font12_title</font>
									<textcolor>white</textcolor>
									<aligny>center</aligny>
								</control>
								<control type="textbox">
									<left>150</left>
									<top>45</top>
									<width>390</width>
									<height>180</height>
									<label>$INFO[ListItem.Property(TvShowTitle)]</label>
									<font>font12</font>
									<textcolor>grey2</textcolor>
								</control>
							</itemlayout>
							<focusedlayout width="562" height="195">
								<control type="image">
									<left>0</left>
									<top>0</top>
									<width>555</width>
									<height>188</height>
									<texture border="5">button-focus2.png</texture>
								</control>
								<control type="image">
									<left>8</left>
									<top>8</top>
									<width>120</width>
									<height>172</height>
									<texture background="true">$INFO[ListItem.Icon]</texture>
									<aspectratio>keep</aspectratio>
								</control>
								<control type="label">
									<left>150</left>
									<top>15</top>
									<width>390</width>
									<height>22</height>
									<label>$INFO[ListItem.Label]</label>
									<font>font12_title</font>
									<textcolor>white</textcolor>
									<aligny>center</aligny>
								</control>
								<control type="textbox">
									<left>150</left>
									<top>45</top>
									<width>390</width>
									<height>180</height>
									<label>$INFO[ListItem.Property(TvShowTitle)]</label>
									<font>font12</font>
									<textcolor>grey2</textcolor>
								</control>
							</focusedlayout>
						</control>
						<control type="scrollbar" id="138">
							<left>1155</left>
							<top>0</top>
							<width>38</width>
							<height>795</height>
							<texturesliderbackground border="0,14,0,14">ScrollBarV.png</texturesliderbackground>
							<texturesliderbar border="0,14,0,14">ScrollBarV_bar.png</texturesliderbar>
							<texturesliderbarfocus border="0,14,0,14">ScrollBarV_bar_focus.png</texturesliderbarfocus>
							<textureslidernib>ScrollBarNib.png</textureslidernib>
							<textureslidernibfocus>ScrollBarNib.png</textureslidernibfocus>
							<onleft>131</onleft>
							<onright>9000</onright>
							<showonepage>false</showonepage>
							<orientation>vertical</orientation>
							<visible>Container(9000).HasFocus(4)</visible>
						</control>
						<control type="label">
							<description>number of files/pages in list text label</description>
							<left>375</left>
							<top>795</top>
							<width>750</width>
							<height>52</height>
							<font>font12</font>
							<align>right</align>
							<aligny>center</aligny>
							<scroll>true</scroll>
							<textcolor>grey</textcolor>
							<label>([COLOR=blue]$INFO[Container(131).NumItems][/COLOR]) $LOCALIZE[31025] - $LOCALIZE[31024] ([COLOR=blue]$INFO[Container(131).CurrentPage]/$INFO[Container(131).NumPages][/COLOR])</label>
							<visible>Container(9000).HasFocus(4)</visible>
						</control>
					</control>
					<control type="group" id="149">
						<left>0</left>
						<top>0</top>
						<width>1125</width>
						<height>795</height>
						<control type="label" id="140">
							<!-- Hide this Control off the screen because we use the list above to pass to it instead -->
							<left>3000</left>
							<top>3000</top>
							<width>150</width>
							<height>0</height>
							<label>-</label>
							<font>-</font>
							<textcolor>-</textcolor>
						</control>
						<control type="panel" id="141">
							<visible>Container(9000).HasFocus(5)</visible>
							<left>0</left>
							<top>0</top>
							<width>1125</width>
							<height>795</height>
							<onleft>9000</onleft>
							<onright>148</onright>
							<onup>141</onup>
							<ondown>141</ondown>
							<viewtype label="535">panel</viewtype>
							<preloaditems>2</preloaditems>
							<pagecontrol>148</pagecontrol>
							<itemlayout width="1125" height="159">
								<control type="image">
									<left>0</left>
									<top>0</top>
									<width>1125</width>
									<height>152</height>
									<texture border="5">button-nofocus.png</texture>
								</control>
								<control type="image">
									<left>8</left>
									<top>8</top>
									<width>225</width>
									<height>135</height>
									<texture background="true">$INFO[ListItem.Icon]</texture>
									<aspectratio>keep</aspectratio>
								</control>
								<control type="image">
									<left>180</left>
									<top>105</top>
									<width>45</width>
									<height>45</height>
									<texture>OverlayWatched.png</texture>
									<visible>IntegerGreaterThan(ListItem.Property(PlayCount),0)</visible>
								</control>
								<control type="label">
									<left>240</left>
									<top>15</top>
									<width>878</width>
									<height>22</height>
									<label>[B]$INFO[ListItem.Label][/B]</label>
									<font>font12</font>
									<textcolor>white</textcolor>
									<aligny>center</aligny>
								</control>
								<control type="label">
									<left>240</left>
									<top>45</top>
									<width>878</width>
									<height>22</height>
									<label>$INFO[ListItem.Property(TvShowTitle)]</label>
									<font>font12</font>
									<textcolor>grey2</textcolor>
									<aligny>center</aligny>
								</control>
								<control type="textbox">
									<left>240</left>
									<top>75</top>
									<width>878</width>
									<height>68</height>
									<label>$INFO[ListItem.Property(Plot)]</label>
									<font>font10</font>
									<textcolor>white</textcolor>
								</control>
							</itemlayout>
							<focusedlayout width="1125" height="159">
								<control type="image">
									<left>0</left>
									<top>0</top>
									<width>1125</width>
									<height>152</height>
									<texture border="5">button-focus2.png</texture>
								</control>
								<control type="image">
									<left>8</left>
									<top>8</top>
									<width>225</width>
									<height>135</height>
									<texture background="true">$INFO[ListItem.Icon]</texture>
									<aspectratio>keep</aspectratio>
								</control>
								<control type="image">
									<left>180</left>
									<top>105</top>
									<width>45</width>
									<height>45</height>
									<texture>OverlayWatched.png</texture>
									<visible>IntegerGreaterThan(ListItem.Property(PlayCount),0)</visible>
								</control>
								<control type="label">
									<left>240</left>
									<top>15</top>
									<width>878</width>
									<height>22</height>
									<label>[B]$INFO[ListItem.Label][/B]</label>
									<font>font12</font>
									<textcolor>white</textcolor>
									<aligny>center</aligny>
								</control>
								<control type="label">
									<left>240</left>
									<top>45</top>
									<width>878</width>
									<height>22</height>
									<label>$INFO[ListItem.Property(TvShowTitle)]</label>
									<font>font12</font>
									<textcolor>grey2</textcolor>
									<aligny>center</aligny>
								</control>
								<control type="textbox">
									<left>240</left>
									<top>75</top>
									<width>878</width>
									<height>68</height>
									<label>$INFO[ListItem.Property(Plot)]</label>
									<font>font10</font>
									<textcolor>white</textcolor>
								</control>
							</focusedlayout>
						</control>
						<control type="scrollbar" id="148">
							<left>1155</left>
							<top>0</top>
							<width>38</width>
							<height>795</height>
							<texturesliderbackground border="0,14,0,14">ScrollBarV.png</texturesliderbackground>
							<texturesliderbar border="0,14,0,14">ScrollBarV_bar.png</texturesliderbar>
							<texturesliderbarfocus border="0,14,0,14">ScrollBarV_bar_focus.png</texturesliderbarfocus>
							<textureslidernib>ScrollBarNib.png</textureslidernib>
							<textureslidernibfocus>ScrollBarNib.png</textureslidernibfocus>
							<onleft>141</onleft>
							<onright>9000</onright>
							<showonepage>false</showonepage>
							<orientation>vertical</orientation>
							<visible>Container(9000).HasFocus(5)</visible>
						</control>
						<control type="label">
							<description>number of files/pages in list text label</description>
							<left>375</left>
							<top>795</top>
							<width>750</width>
							<height>52</height>
							<font>font12</font>
							<align>right</align>
							<aligny>center</aligny>
							<scroll>true</scroll>
							<textcolor>grey</textcolor>
							<label>([COLOR=blue]$INFO[Container(141).NumItems][/COLOR]) $LOCALIZE[31025] - $LOCALIZE[31024] ([COLOR=blue]$INFO[Container(141).CurrentPage]/$INFO[Container(141).NumPages][/COLOR])</label>
							<visible>Container(9000).HasFocus(5)</visible>
						</control>
					</control>
					<control type="group" id="159">
						<left>0</left>
						<top>0</top>
						<width>1125</width>
						<height>795</height>
						<control type="label" id="150">
							<!-- Hide this Control off the screen because we use the list above to pass to it instead -->
							<left>3000</left>
							<top>3000</top>
							<width>150</width>
							<height>0</height>
							<label>-</label>
							<font>-</font>
							<textcolor>-</textcolor>
						</control>
						<control type="panel" id="151">
							<visible>Container(9000).HasFocus(6)</visible>
							<include>VisibleFadeEffect</include>
							<left>0</left>
							<top>0</top>
							<width>1125</width>
							<height>795</height>
							<onleft>9000</onleft>
							<onright>158</onright>
							<onup>151</onup>
							<ondown>151</ondown>
							<viewtype label="535">panel</viewtype>
							<preloaditems>2</preloaditems>
							<pagecontrol>158</pagecontrol>
							<itemlayout width="562" height="159">
								<control type="image">
									<left>0</left>
									<top>0</top>
									<width>555</width>
									<height>152</height>
									<texture border="5">button-nofocus.png</texture>
								</control>
								<control type="image">
									<left>8</left>
									<top>8</top>
									<width>180</width>
									<height>135</height>
									<texture background="true">$INFO[ListItem.Icon]</texture>
									<aspectratio>keep</aspectratio>
								</control>
								<control type="image">
									<left>150</left>
									<top>98</top>
									<width>45</width>
									<height>45</height>
									<texture>OverlayWatched.png</texture>
									<visible>IntegerGreaterThan(ListItem.Property(PlayCount),0)</visible>
								</control>
								<control type="label">
									<left>202</left>
									<top>15</top>
									<width>345</width>
									<height>22</height>
									<label>[B]$INFO[ListItem.Label][/B]</label>
									<font>font12</font>
									<textcolor>white</textcolor>
									<aligny>center</aligny>
								</control>
								<control type="label">
									<left>202</left>
									<top>45</top>
									<width>345</width>
									<height>22</height>
									<label>$INFO[ListItem.Property(Artist)]</label>
									<font>font12</font>
									<textcolor>white</textcolor>
									<aligny>center</aligny>
								</control>
								<control type="label">
									<left>202</left>
									<top>82</top>
									<width>345</width>
									<height>22</height>
									<label>$INFO[ListItem.Property(Year)]</label>
									<font>font12</font>
									<textcolor>grey2</textcolor>
									<aligny>center</aligny>
								</control>
								<control type="label">
									<left>202</left>
									<top>112</top>
									<width>345</width>
									<height>22</height>
									<label>$INFO[ListItem.Property(Duration)]</label>
									<font>font12</font>
									<textcolor>grey2</textcolor>
									<aligny>center</aligny>
								</control>
							</itemlayout>
							<focusedlayout width="562" height="159">
								<control type="image">
									<left>0</left>
									<top>0</top>
									<width>555</width>
									<height>152</height>
									<texture border="5">button-focus2.png</texture>
								</control>
								<control type="image">
									<left>8</left>
									<top>8</top>
									<width>180</width>
									<height>135</height>
									<texture background="true">$INFO[ListItem.Icon]</texture>
									<aspectratio>keep</aspectratio>
								</control>
								<control type="image">
									<left>150</left>
									<top>98</top>
									<width>45</width>
									<height>45</height>
									<texture>OverlayWatched.png</texture>
									<visible>IntegerGreaterThan(ListItem.Property(PlayCount),0)</visible>
								</control>
								<control type="label">
									<left>202</left>
									<top>15</top>
									<width>345</width>
									<height>22</height>
									<label>[B]$INFO[ListItem.Label][/B]</label>
									<font>font12</font>
									<textcolor>white</textcolor>
									<aligny>center</aligny>
								</control>
								<control type="label">
									<left>202</left>
									<top>45</top>
									<width>345</width>
									<height>22</height>
									<label>$INFO[ListItem.Property(Artist)]</label>
									<font>font12</font>
									<textcolor>white</textcolor>
									<aligny>center</aligny>
								</control>
								<control type="label">
									<left>202</left>
									<top>82</top>
									<width>345</width>
									<height>22</height>
									<label>$INFO[ListItem.Property(Year)]</label>
									<font>font12</font>
									<textcolor>grey2</textcolor>
									<aligny>center</aligny>
								</control>
								<control type="label">
									<left>202</left>
									<top>112</top>
									<width>345</width>
									<height>22</height>
									<label>$INFO[ListItem.Property(Duration)]</label>
									<font>font12</font>
									<textcolor>grey2</textcolor>
									<aligny>center</aligny>
								</control>
							</focusedlayout>
						</control>
						<control type="scrollbar" id="158">
							<left>1155</left>
							<top>0</top>
							<width>38</width>
							<height>795</height>
							<texturesliderbackground border="0,14,0,14">ScrollBarV.png</texturesliderbackground>
							<texturesliderbar border="0,14,0,14">ScrollBarV_bar.png</texturesliderbar>
							<texturesliderbarfocus border="0,14,0,14">ScrollBarV_bar_focus.png</texturesliderbarfocus>
							<textureslidernib>ScrollBarNib.png</textureslidernib>
							<textureslidernibfocus>ScrollBarNib.png</textureslidernibfocus>
							<onleft>151</onleft>
							<onright>9000</onright>
							<showonepage>false</showonepage>
							<orientation>vertical</orientation>
							<visible>Container(9000).HasFocus(6)</visible>
						</control>
						<control type="label">
							<description>number of files/pages in list text label</description>
							<left>375</left>
							<top>795</top>
							<width>750</width>
							<height>52</height>
							<font>font12</font>
							<align>right</align>
							<aligny>center</aligny>
							<scroll>true</scroll>
							<textcolor>grey</textcolor>
							<label>([COLOR=blue]$INFO[Container(151).NumItems][/COLOR]) $LOCALIZE[31025] - $LOCALIZE[31024] ([COLOR=blue]$INFO[Container(151).CurrentPage]/$INFO[Container(151).NumPages][/COLOR])</label>
							<visible>Container(9000).HasFocus(6)</visible>
						</control>
					</control>
					<control type="group" id="169">
						<left>0</left>
						<top>0</top>
						<width>1125</width>
						<height>795</height>
						<control type="label" id="160">
							<!-- Hide this Control off the screen because we use the list above to pass to it instead -->
							<left>3000</left>
							<top>3000</top>
							<width>150</width>
							<height>0</height>
							<label>-</label>
							<font>-</font>
							<textcolor>-</textcolor>
						</control>
						<control type="panel" id="161">
							<visible>Container(9000).HasFocus(7)</visible>
							<include>VisibleFadeEffect</include>
							<left>0</left>
							<top>0</top>
							<width>1125</width>
							<height>795</height>
							<onleft>9000</onleft>
							<onright>168</onright>
							<onup>161</onup>
							<ondown>161</ondown>
							<viewtype label="535">list</viewtype>
							<preloaditems>2</preloaditems>
							<pagecontrol>168</pagecontrol>
							<itemlayout width="1125" height="159">
								<control type="image">
									<left>0</left>
									<top>0</top>
									<width>1125</width>
									<height>152</height>
									<texture border="5">button-nofocus.png</texture>
								</control>
								<control type="image">
									<left>8</left>
									<top>8</top>
									<width>225</width>
									<height>135</height>
									<aspectratio>keep</aspectratio>
									<texture background="true">$INFO[ListItem.Icon]</texture>
								</control>
								<control type="label">
									<left>240</left>
									<top>15</top>
									<width>870</width>
									<height>22</height>
									<label>[B]$INFO[ListItem.Label][/B]</label>
									<font>font12</font>
									<textcolor>white</textcolor>
									<aligny>center</aligny>
								</control>
								<control type="label">
									<left>240</left>
									<top>45</top>
									<width>878</width>
									<height>22</height>
									<label>$INFO[ListItem.Property(Artist_Genre)]</label>
									<font>font12</font>
									<textcolor>grey2</textcolor>
									<aligny>center</aligny>
								</control>
								<control type="textbox">
									<left>240</left>
									<top>75</top>
									<width>878</width>
									<height>68</height>
									<label>$INFO[ListItem.Property(Artist_Description)]</label>
									<font>font10</font>
									<textcolor>white</textcolor>
								</control>
							</itemlayout>
							<focusedlayout width="600" height="165">
								<control type="image">
									<left>0</left>
									<top>0</top>
									<width>1125</width>
									<height>152</height>
									<texture border="5">button-focus2.png</texture>
								</control>
								<control type="image">
									<left>8</left>
									<top>8</top>
									<width>225</width>
									<height>135</height>
									<aspectratio>keep</aspectratio>
									<texture background="true">$INFO[ListItem.Icon]</texture>
								</control>
								<control type="label">
									<left>240</left>
									<top>15</top>
									<width>870</width>
									<height>22</height>
									<label>[B]$INFO[ListItem.Label][/B]</label>
									<font>font12</font>
									<textcolor>white</textcolor>
									<aligny>center</aligny>
								</control>
								<control type="label">
									<left>240</left>
									<top>45</top>
									<width>878</width>
									<height>22</height>
									<label>$INFO[ListItem.Property(Artist_Genre)]</label>
									<font>font12</font>
									<textcolor>grey2</textcolor>
									<aligny>center</aligny>
								</control>
								<control type="textbox">
									<left>240</left>
									<top>75</top>
									<width>878</width>
									<height>68</height>
									<label>$INFO[ListItem.Property(Artist_Description)]</label>
									<font>font10</font>
									<textcolor>white</textcolor>
								</control>
							</focusedlayout>
						</control>
						<control type="scrollbar" id="168">
							<left>1155</left>
							<top>0</top>
							<width>38</width>
							<height>795</height>
							<texturesliderbackground border="0,14,0,14">ScrollBarV.png</texturesliderbackground>
							<texturesliderbar border="0,14,0,14">ScrollBarV_bar.png</texturesliderbar>
							<texturesliderbarfocus border="0,14,0,14">ScrollBarV_bar_focus.png</texturesliderbarfocus>
							<textureslidernib>ScrollBarNib.png</textureslidernib>
							<textureslidernibfocus>ScrollBarNib.png</textureslidernibfocus>
							<onleft>161</onleft>
							<onright>9000</onright>
							<showonepage>false</showonepage>
							<orientation>vertical</orientation>
							<visible>Container(9000).HasFocus(7)</visible>
						</control>
						<control type="label">
							<description>number of files/pages in list text label</description>
							<left>375</left>
							<top>795</top>
							<width>750</width>
							<height>52</height>
							<font>font12</font>
							<align>right</align>
							<aligny>center</aligny>
							<scroll>true</scroll>
							<textcolor>grey</textcolor>
							<label>([COLOR=blue]$INFO[Container(161).NumItems][/COLOR]) $LOCALIZE[31025] - $LOCALIZE[31024] ([COLOR=blue]$INFO[Container(161).CurrentPage]/$INFO[Container(161).NumPages][/COLOR])</label>
							<visible>Container(9000).HasFocus(7)</visible>
						</control>
					</control>
					<control type="group" id="179">
						<left>0</left>
						<top>0</top>
						<width>1125</width>
						<height>795</height>
						<control type="label" id="170">
							<!-- Hide this Control off the screen because we use the list above to pass to it instead -->
							<left>3000</left>
							<top>3000</top>
							<width>150</width>
							<height>0</height>
							<label>-</label>
							<font>-</font>
							<textcolor>-</textcolor>
						</control>
						<control type="panel" id="171">
							<visible>Container(9000).HasFocus(8)</visible>
							<include>VisibleFadeEffect</include>
							<left>0</left>
							<top>0</top>
							<width>1125</width>
							<height>795</height>
							<onleft>9000</onleft>
							<onright>178</onright>
							<onup>171</onup>
							<ondown>171</ondown>
							<viewtype label="535">list</viewtype>
							<preloaditems>2</preloaditems>
							<pagecontrol>178</pagecontrol>
							<itemlayout width="1125" height="159">
								<control type="image">
									<left>0</left>
									<top>0</top>
									<width>1125</width>
									<height>152</height>
									<texture border="5">button-nofocus.png</texture>
								</control>
								<control type="image">
									<left>8</left>
									<top>8</top>
									<width>150</width>
									<height>135</height>
									<aspectratio>keep</aspectratio>
									<texture background="true">$INFO[ListItem.Icon]</texture>
								</control>
								<control type="label">
									<left>165</left>
									<top>15</top>
									<width>945</width>
									<height>22</height>
									<label>[B]$INFO[ListItem.Label][/B]</label>
									<font>font12</font>
									<textcolor>white</textcolor>
									<aligny>center</aligny>
								</control>
								<control type="label">
									<left>165</left>
									<top>45</top>
									<width>945</width>
									<height>22</height>
									<label>$INFO[ListItem.Property(Artist)]</label>
									<font>font12</font>
									<textcolor>grey2</textcolor>
									<aligny>center</aligny>
								</control>
								<control type="textbox">
									<left>165</left>
									<top>75</top>
									<width>945</width>
									<height>68</height>
									<label>$INFO[ListItem.Property(Album_Description)]</label>
									<font>font10</font>
									<textcolor>white</textcolor>
								</control>
							</itemlayout>
							<focusedlayout width="600" height="165">
								<control type="image">
									<left>0</left>
									<top>0</top>
									<width>1125</width>
									<height>152</height>
									<texture border="5">button-focus2.png</texture>
								</control>
								<control type="image">
									<left>8</left>
									<top>8</top>
									<width>150</width>
									<height>135</height>
									<aspectratio>keep</aspectratio>
									<texture background="true">$INFO[ListItem.Icon]</texture>
								</control>
								<control type="label">
									<left>165</left>
									<top>15</top>
									<width>945</width>
									<height>22</height>
									<label>[B]$INFO[ListItem.Label][/B]</label>
									<font>font12</font>
									<textcolor>white</textcolor>
									<aligny>center</aligny>
								</control>
								<control type="label">
									<left>165</left>
									<top>45</top>
									<width>945</width>
									<height>22</height>
									<label>$INFO[ListItem.Property(Artist)]</label>
									<font>font12</font>
									<textcolor>grey2</textcolor>
									<aligny>center</aligny>
								</control>
								<control type="textbox">
									<left>165</left>
									<top>75</top>
									<width>945</width>
									<height>68</height>
									<label>$INFO[ListItem.Property(Album_Description)]</label>
									<font>font10</font>
									<textcolor>white</textcolor>
								</control>
							</focusedlayout>
						</control>
						<control type="scrollbar" id="178">
							<left>1155</left>
							<top>0</top>
							<width>38</width>
							<height>795</height>
							<texturesliderbackground border="0,14,0,14">ScrollBarV.png</texturesliderbackground>
							<texturesliderbar border="0,14,0,14">ScrollBarV_bar.png</texturesliderbar>
							<texturesliderbarfocus border="0,14,0,14">ScrollBarV_bar_focus.png</texturesliderbarfocus>
							<textureslidernib>ScrollBarNib.png</textureslidernib>
							<textureslidernibfocus>ScrollBarNib.png</textureslidernibfocus>
							<onleft>171</onleft>
							<onright>9000</onright>
							<showonepage>false</showonepage>
							<orientation>vertical</orientation>
							<visible>Container(9000).HasFocus(8)</visible>
						</control>
						<control type="label">
							<description>number of files/pages in list text label</description>
							<left>375</left>
							<top>795</top>
							<width>750</width>
							<height>52</height>
							<font>font12</font>
							<align>right</align>
							<aligny>center</aligny>
							<scroll>true</scroll>
							<textcolor>grey</textcolor>
							<label>([COLOR=blue]$INFO[Container(171).NumItems][/COLOR]) $LOCALIZE[31025] - $LOCALIZE[31024] ([COLOR=blue]$INFO[Container(171).CurrentPage]/$INFO[Container(171).NumPages][/COLOR])</label>
							<visible>Container(9000).HasFocus(8)</visible>
						</control>
					</control>
					<control type="group" id="189">
						<left>0</left>
						<top>0</top>
						<width>1125</width>
						<height>795</height>
						<control type="label" id="180">
							<!-- Hide this Control off the screen because we use the list above to pass to it instead -->
							<left>3000</left>
							<top>3000</top>
							<width>150</width>
							<height>0</height>
							<label>-</label>
							<font>-</font>
							<textcolor>-</textcolor>
						</control>
						<control type="panel" id="181">
							<visible>Container(9000).HasFocus(9)</visible>
							<include>VisibleFadeEffect</include>
							<left>0</left>
							<top>0</top>
							<width>1125</width>
							<height>795</height>
							<onleft>9000</onleft>
							<onright>188</onright>
							<onup>181</onup>
							<ondown>181</ondown>
							<viewtype label="535">list</viewtype>
							<preloaditems>2</preloaditems>
							<pagecontrol>188</pagecontrol>
							<itemlayout width="562" height="159">
								<control type="image">
									<left>0</left>
									<top>0</top>
									<width>555</width>
									<height>152</height>
									<texture border="5">button-nofocus.png</texture>
								</control>
								<control type="image">
									<left>8</left>
									<top>8</top>
									<width>135</width>
									<height>135</height>
									<texture background="true">$INFO[ListItem.Icon]</texture>
									<aspectratio>keep</aspectratio>
								</control>
								<control type="label">
									<left>165</left>
									<top>15</top>
									<width>382</width>
									<height>22</height>
									<label>[B]$INFO[ListItem.Label][/B]</label>
									<font>font12</font>
									<textcolor>white</textcolor>
									<aligny>center</aligny>
								</control>
								<control type="label">
									<left>165</left>
									<top>45</top>
									<width>382</width>
									<height>22</height>
									<label>$INFO[ListItem.Property(Artist)]</label>
									<font>font12</font>
									<textcolor>white</textcolor>
									<aligny>center</aligny>
								</control>
								<control type="label">
									<left>165</left>
									<top>75</top>
									<width>382</width>
									<height>22</height>
									<label>$INFO[ListItem.Property(Genre)]</label>
									<font>font12</font>
									<textcolor>grey2</textcolor>
									<aligny>center</aligny>
								</control>
								<control type="label">
									<left>165</left>
									<top>112</top>
									<width>382</width>
									<height>22</height>
									<label>$INFO[ListItem.Property(Duration)]</label>
									<font>font12</font>
									<textcolor>white</textcolor>
									<aligny>center</aligny>
								</control>
							</itemlayout>
							<focusedlayout width="562" height="159">
								<control type="image">
									<left>0</left>
									<top>0</top>
									<width>555</width>
									<height>152</height>
									<texture border="5">button-focus2.png</texture>
								</control>
								<control type="image">
									<left>8</left>
									<top>8</top>
									<width>135</width>
									<height>135</height>
									<texture background="true">$INFO[ListItem.Icon]</texture>
									<aspectratio>keep</aspectratio>
								</control>
								<control type="label">
									<left>165</left>
									<top>15</top>
									<width>382</width>
									<height>22</height>
									<label>[B]$INFO[ListItem.Label][/B]</label>
									<font>font12</font>
									<textcolor>white</textcolor>
									<aligny>center</aligny>
								</control>
								<control type="label">
									<left>165</left>
									<top>45</top>
									<width>382</width>
									<height>22</height>
									<label>$INFO[ListItem.Property(Artist)]</label>
									<font>font12</font>
									<textcolor>white</textcolor>
									<aligny>center</aligny>
								</control>
								<control type="label">
									<left>165</left>
									<top>75</top>
									<width>382</width>
									<height>22</height>
									<label>$INFO[ListItem.Property(Genre)]</label>
									<font>font12</font>
									<textcolor>grey2</textcolor>
									<aligny>center</aligny>
								</control>
								<control type="label">
									<left>165</left>
									<top>112</top>
									<width>382</width>
									<height>22</height>
									<label>$INFO[ListItem.Property(Duration)]</label>
									<font>font12</font>
									<textcolor>white</textcolor>
									<aligny>center</aligny>
								</control>
							</focusedlayout>
						</control>
						<control type="scrollbar" id="188">
							<left>1155</left>
							<top>0</top>
							<width>38</width>
							<height>795</height>
							<texturesliderbackground border="0,14,0,14">ScrollBarV.png</texturesliderbackground>
							<texturesliderbar border="0,14,0,14">ScrollBarV_bar.png</texturesliderbar>
							<texturesliderbarfocus border="0,14,0,14">ScrollBarV_bar_focus.png</texturesliderbarfocus>
							<textureslidernib>ScrollBarNib.png</textureslidernib>
							<textureslidernibfocus>ScrollBarNib.png</textureslidernibfocus>
							<onleft>181</onleft>
							<onright>9000</onright>
							<showonepage>false</showonepage>
							<orientation>vertical</orientation>
							<visible>Container(9000).HasFocus(9)</visible>
						</control>
						<control type="label">
							<description>number of files/pages in list text label</description>
							<left>375</left>
							<top>795</top>
							<width>750</width>
							<height>52</height>
							<font>font12</font>
							<align>right</align>
							<aligny>center</aligny>
							<scroll>true</scroll>
							<textcolor>grey</textcolor>
							<label>([COLOR=blue]$INFO[Container(181).NumItems][/COLOR]) $LOCALIZE[31025] - $LOCALIZE[31024] ([COLOR=blue]$INFO[Container(181).CurrentPage]/$INFO[Container(181).NumPages][/COLOR])</label>
							<visible>Container(9000).HasFocus(9)</visible>
						</control>
					</control>
				</control>
			</control>
		</control>
		<include>BehindDialogFadeOut</include>
	</controls>
</window>
