<?xml version="1.0" encoding="UTF-8"?>

<window>

	<defaultcontrol always="true">9000</defaultcontrol>
	
	<onload condition="IsEmpty(Skin.String(Colour.Theme))">Skin.SetString(Colour.Theme,Red)</onload>
	
	<onunload condition="System.HasAddon(script.skinshortcuts)">RunScript(script.skinshortcuts,type=buildxml&amp;mode=single&amp;options=clonewidgets&amp;mainmenuID=9000)</onunload>
	
	<controls>
	
		<include>CommonBackground</include>
		<include>Clock</include>
		<include>CommonNowPlaying</include>
		<include>MainWindowMouseButtons</include>
			
		<!--breadcrumbs-->
		<control type="group">
			
			<!--breadcrumb bg-->
			<control type="image">
				<left>64</left>
				<top>60</top>
				<width>500</width>
				<height>45</height>
				<texture colordiffuse="tertiary">backgrounds/white.png</texture>
			</control>
			
			<!--breadcrumb strip-->
			<control type="image">
				<left>60</left>
				<top>60</top>
				<width>4</width>
				<height>45</height>
				<texture colordiffuse="$VAR[Colour.500]">backgrounds/white.png</texture>
			</control>
		
			<!--breadcrumb label-->
			<control type="grouplist">
				<left>73</left>
				<top>60</top>
				<width>1500</width>
				<height>45</height>
				<orientation>horizontal</orientation>
				<align>left</align>
				<itemgap>8</itemgap>
			
				<control type="label">
					<include>WindowTitleCommons</include>
					<label>$LOCALIZE[5]</label>
				</control>
				
				<control type="label">
					<width min="0" max="385">auto</width>
					<textcolor>$VAR[Colour.500]</textcolor>
					<include>WindowTitleCommons</include>
					<label>$LOCALIZE[31072]</label>
				</control>
				
			</control>
				
		</control>
		
		<!--main content-->
		<control type="group">
			<top>205</top>
			<left>-265</left>
			<animation effect="slide" start="0,950" end="0,0" time="400" tween="quadratic" easing="out" condition="!Window.Previous(Settings.xml)">WindowOpen</animation>
			<animation effect="slide" start="0,0" end=",950" time="400" tween="quadratic" easing="out" condition="!Window.Next(Settings.xml)">WindowClose</animation>
			
			<animation effect="slide" start="1700,0" end="0,0" time="400" tween="quadratic" easing="out" condition="Window.Previous(Settings.xml)">WindowOpen</animation>
			<animation effect="slide" start="0,0" end="1700,0" time="400" tween="quadratic" easing="out" condition="Window.Next(Settings.xml)">WindowClose</animation>
			
			<animation effect="slide" start="0,0" end="0,-50" time="0" condition="Player.HasMedia + IsEmpty(Window(videolibrary).Property(PlayingBackgroundMedia))">Conditional</animation>
						
			<!--title bars and backgrounds-->
			<control type="group">
			
				<!--background glow-->
				<control type="image">
					<left>495</left>
					<top>-40</top>
					<width>1470</width>
					<height>1140</height>
					<texture>backgrounds/settings bg.png</texture>
				</control>
			
				<!--background-->
				<control type="image">
					<left>535</left>
					<top>0</top>
					<width>1390</width>
					<height>783</height>
					<texture colordiffuse="tertiary">backgrounds/white.png</texture>
				</control>
					
				<!--title background-->
				<control type="image">
					<left>535</left>
					<top>0</top>
					<width>1390</width>
					<height>115</height>
					<texture background="true" colordiffuse="$VAR[Colour.500]">backgrounds/white.png</texture>
				</control>
				
				<!--close window button-->
				<control type="button">
					<left>540</left>
					<top>0</top>
					<width>50</width>
					<height>25</height>
					<label>-</label>
					<font>-</font>
					<onclick>PreviousMenu</onclick>
					<texturefocus>DialogCloseButton-focus.png</texturefocus>
					<texturenofocus>DialogCloseButton.png</texturenofocus>
					<onleft>9000</onleft>
					<onright>9000</onright>
					<onup>9000</onup>
					<ondown>9000</ondown>
					<visible>system.getbool(input.enablemouse)</visible>
				</control>
				
			</control>
			
			<!--title-->
			<control type="label">
				<left>580</left>
				<top>25</top>
				<width>1545</width>
				<height>60</height>
				<font>info.title</font>
				<align>left</align>
				<aligny>center</aligny>
				<textcolor>white</textcolor>
				<label>$LOCALIZE[31072] - $LOCALIZE[5]</label>
			</control>
					
			<!--side bar-->
			<control type="image">
				<left>535</left>
				<top>115</top>
				<width>375</width>
				<height>668</height>
				<texture background="true" colordiffuse="$VAR[Colour.900]">backgrounds/white.png</texture>
			</control>
		
			<!--side blade shadow-->
			<control type="image">
				<left>909</left>
				<top>115</top>
				<width>20</width>
				<height>668</height>
				<texture>sidebarshadow.png</texture>
				<animation effect="fade" start="100" end="75" time="0" condition="true">Conditional</animation>
			</control>
			
			<!--title shadow-->
			<control type="image">
				<left>535</left>
				<top>115</top>
				<width>1390</width>
				<height>20</height>
				<texture>homeshadow.png</texture>
				<animation effect="fade" start="100" end="75" time="0" condition="true">Conditional</animation>
			</control>
			
			<!--left buttons-->
			<control type="list" id="9000">
				<left>545</left>
				<top>125</top>
				<width>390</width>
				<height>645</height>
				<onleft>9010</onleft>
				<onright>9010</onright>
				<onup>9000</onup>
				<ondown>9000</ondown>
				<pagecontrol>-</pagecontrol>
				
				<itemlayout height="65" width="390">
					
					<!--label-->
					<control type="label">
						<left>15</left>
						<top>0</top>
						<width>570</width>
						<height>60</height>
						<font>button</font>
						<textcolor>white</textcolor>
						<align>left</align>
						<aligny>center</aligny>
						<label>$INFO[ListItem.Label]</label>
					</control>
					
				</itemlayout>
				
				<focusedlayout height="65" width="390">
				
					<!--focused bg-->
					<control type="image">
						<left>0</left>
						<top>0</top>
						<width>355</width>
						<height>60</height>
						<texture colordiffuse="white">backgrounds/white.png</texture>
						<animation effect="fade" start="100" end="30" time="100" condition="!Control.HasFocus(9000)">Conditional</animation>
					</control>
					
					<!--label-->					
					<control type="label">
						<left>15</left>
						<top>0</top>
						<width>325</width>
						<height>60</height>
						<font>button</font>
						<textcolor>$VAR[Colour.900]</textcolor>
						<align>left</align>
						<aligny>center</aligny>
						<label>$INFO[ListItem.Label]</label>
					</control>
					
				</focusedlayout>
				
				<content>
				
					<item id="1">
						<label>128</label>
						<label2>5</label2>
						<onclick>noop</onclick>
					</item>
					
					<item id="2">
						<label>513</label>
						<label2>31112</label2>
						<onclick>noop</onclick>
					</item>
					
					<item id="3">
						<label>31102</label>
						<label2>31112</label2>
						<onclick>noop</onclick>
					</item>
					
					<item id="4">
						<label>24000</label>
						<label2>31200</label2>
						<onclick>noop</onclick>
					</item>
					
				</content>
				
			</control>
			
			<!--all settings-->
			<control type="group" id="9010">
			
				<!--general settings-->
				<control type="grouplist" id="9001">
					<visible>Container(9000).Hasfocus(1)</visible>
					<left>920</left>
					<top>125</top>
					<width>995</width>
					<height>580</height>
					<itemgap>5</itemgap>
					<pagecontrol>60</pagecontrol>
					<onleft>9000</onleft>
					<onright>60</onright>
					<onup>9001</onup>
					<ondown>9001</ondown>
					
					<control type="label" id="100">
						<width>995</width>
						<height>60</height>
						<font>button.bold</font>
						<textcolor>$VAR[Colour.500]</textcolor>
						<textoffsetx>5</textoffsetx>
						<aligny>center</aligny>
						<label>31106</label>
					</control>
					
					<control type="radiobutton" id="101">
						<width>995</width>
						<label>20189</label>
						<onclick>Skin.ToggleSetting(AutoScroll)</onclick>
						<selected>Skin.HasSetting(AutoScroll)</selected>
					</control>
					
					<control type="radiobutton" id="102">
						<width>995</width>
						<label>31103</label>
						<onclick>Skin.ToggleSetting(Show_SlideShow_Paused)</onclick>
						<selected>!Skin.HasSetting(Show_SlideShow_Paused)</selected>
					</control>
					
					<control type="radiobutton" id="103">
						<width>995</width>
						<label>31104</label>
						<onclick>Skin.ToggleSetting(HideWindowedTrailer)</onclick>
						<selected>!Skin.HasSetting(HideWindowedTrailer)</selected>
					</control>
					
					<control type="radiobutton" id="104">
						<width>995</width>
						<label>31107</label>
						<onclick>Skin.ToggleSetting(HideFilenameFlagging)</onclick>
						<selected>Skin.HasSetting(HideFilenameFlagging)</selected>
					</control>
					
					<control type="label" id="105">
						<width>995</width>
						<height>60</height>
						<font>button.bold</font>
						<textcolor>$VAR[Colour.500]</textcolor>
						<textoffsetx>5</textoffsetx>
						<aligny>center</aligny>
						<label>20343</label>
						<visible>System.HasAddon(script.tvtunes)</visible>
					</control>
					
					<control type="radiobutton" id="106">
						<width>995</width>
						<label>31126</label>
						<onclick>Skin.ToggleSetting(ActivateTvTunes)</onclick>
						<selected>Skin.HasSetting(ActivateTvTunes)</selected>
						<visible>System.HasAddon(script.tvtunes)</visible>
					</control>
					
					<control type="label" id="107">
						<width>995</width>
						<height>60</height>
						<font>button.bold</font>
						<textcolor>$VAR[Colour.500]</textcolor>
						<textoffsetx>5</textoffsetx>
						<aligny>center</aligny>
						<label>512</label>
					</control>
					
					<control type="radiobutton" id="108">
						<width>995</width>
						<label>21398</label>
						<onclick>Skin.ToggleSetting(Use_Startup_Playlist)</onclick>
						<selected>Skin.HasSetting(Use_Startup_Playlist)</selected>
					</control>
					
					<control type="button" id="109">
						<width>995</width>
						<label>15311</label>
						<label2>$INFO[Skin.String(Startup_Playlist_Path)]</label2>
						<onclick>Skin.SetFile(Startup_Playlist_Path,,special://MusicPlaylists/)</onclick>
						<enable>Skin.HasSetting(Use_Startup_Playlist)</enable>
					</control>
					
					<control type="label" id="110">
						<width>995</width>
						<height>60</height>
						<font>button.bold</font>
						<textcolor>$VAR[Colour.500]</textcolor>
						<textoffsetx>5</textoffsetx>
						<aligny>center</aligny>
						<label>31073</label>
					</control>
					
					<!--hide debug info-->
					<control type="radiobutton" id="111">
						<width>995</width>
						<label>31074</label>
						<onclick>Skin.ToggleSetting(DebugInfo)</onclick>
						<selected>!Skin.HasSetting(DebugInfo)</selected>
					</control>
					
					<control type="label" id="112">
						<width>995</width>
						<height>60</height>
						<font>button.bold</font>
						<textcolor>$VAR[Colour.500]</textcolor>
						<textoffsetx>5</textoffsetx>
						<aligny>center</aligny>
						<label>31030</label>
					</control>
					
					<!--reset all skin settings-->
					<control type="button" id="113">
						<width>995</width>
						<label>31075</label>
						<onclick>Skin.ResetSettings</onclick>
						<onclick>ReloadSkin()</onclick>
					</control>
					
				</control>
				
				<!--scrollbar-->
				<control type="scrollbar" id="60">
					<left>1935</left>
					<top>115</top>
					<height>668</height>
					<onleft>9001</onleft>
					<onright>9001</onright>
					<visible>Container(9000).Hasfocus(1)</visible>
				</control>
				
				<!--home window options-->
				<control type="grouplist" id="9002">
					<visible>Container(9000).Hasfocus(2)</visible>
					<left>920</left>
					<top>125</top>
					<width>995</width>
					<height>580</height>
					<itemgap>5</itemgap>
					<pagecontrol>60</pagecontrol>
					<onleft>9000</onleft>
					<onright>60</onright>
					<onup>9002</onup>
					<ondown>9002</ondown>
					
					<control type="label" id="200">
						<width>995</width>
						<height>60</height>
						<font>button.bold</font>
						<textcolor>$VAR[Colour.500]</textcolor>
						<textoffsetx>5</textoffsetx>
						<aligny>center</aligny>
						<label>31101</label>
					</control>
					
					<!--enable video info-->
					<control type="radiobutton" id="202">
						<width>995</width>
						<label>20176</label>
						<onclick>Skin.ToggleSetting(homepageVideoinfo)</onclick>
						<selected>!Skin.HasSetting(homepageVideoinfo)</selected>
					</control>
					
					<!--enable music info-->
					<control type="radiobutton" id="203">
						<width>995</width>
						<label>20083</label>
						<onclick>Skin.ToggleSetting(homepageMusicinfo)</onclick>
						<selected>!Skin.HasSetting(homepageMusicinfo)</selected>
					</control>
					
					<!--enable weather info-->
					<control type="radiobutton" id="204">
						<width>995</width>
						<label>20084</label>
						<onclick>Skin.ToggleSetting(homepageWeatherinfo)</onclick>
						<selected>Skin.HasSetting(homepageWeatherinfo)</selected>
						<visible>!IsEmpty(Weather.Plugin)</visible>
					</control>
					
					<!--show recently added video info-->
					<control type="radiobutton" id="205">
						<width>995</width>
						<label>31117</label>
						<onclick>Skin.ToggleSetting(HomepageHideRecentlyAddedVideo)</onclick>
						<selected>!Skin.HasSetting(HomepageHideRecentlyAddedVideo)</selected>
					</control>
					
					<!--show recently added info-->
					<control type="radiobutton" id="206">
						<width>995</width>
						<label>31116</label>
						<onclick>Skin.ToggleSetting(HomepageHideRecentlyAddedAlbums)</onclick>
						<selected>!Skin.HasSetting(HomepageHideRecentlyAddedAlbums)</selected>
					</control>

					<control type="label" id="230">
						<width>995</width>
						<height>60</height>
						<font>button.bold</font>
						<textcolor>$VAR[Colour.500]</textcolor>
						<textoffsetx>5</textoffsetx>
						<aligny>center</aligny>
						<label>$ADDON[script.skinshortcuts 32071]</label>
					</control>
					
					<!--customize skin shortcuts menu-->
					<control type="button" id="231">
						<width>995</width>
						<label>$ADDON[script.skinshortcuts 32035]</label>
						<onclick>RunScript(script.skinshortcuts,type=manage&amp;nolabels=True&amp;group=mainmenu)</onclick>
						<enable>System.HasAddon(script.skinshortcuts)</enable>
					</control>
					
					<!--reset skin shortcuts menu-->
					<control type="button" id="232">
						<width>995</width>
						<label>$ADDON[script.skinshortcuts 32037]</label>
						<onclick>RunScript(script.skinshortcuts,type=resetall)</onclick>
						<enable>System.HasAddon(script.skinshortcuts)</enable>
					</control>
					
				</control>
				
				<!--scrollbar-->
				<control type="scrollbar" id="60">
					<left>1935</left>
					<top>115</top>
					<height>668</height>
					<onleft>9002</onleft>
					<onright>9002</onright>
					<visible>Container(9000).Hasfocus(2)</visible>
				</control>
				
				<!--background options-->
				<control type="grouplist" id="9003">
					<visible>Container(9000).Hasfocus(3)</visible>
					<left>920</left>
					<top>125</top>
					<width>995</width>
					<height>580</height>
					<itemgap>5</itemgap>
					<pagecontrol>60</pagecontrol>
					<onleft>9000</onleft>
					<onright>60</onright>
					<onup>9003</onup>
					<ondown>9003</ondown>
					
					<control type="label" id="300">
						<width>995</width>
						<height>60</height>
						<font>button.bold</font>
						<textcolor>$VAR[Colour.500]</textcolor>
						<textoffsetx>5</textoffsetx>
						<aligny>center</aligny>
						<label>31106</label>
					</control>
					
					<control type="radiobutton" id="301">
						<width>995</width>
						<label>31119</label>
						<onclick>Skin.ToggleSetting(HideBackGroundFanart)</onclick>
						<selected>Skin.HasSetting(HideBackGroundFanart)</selected>
					</control>
					
					<control type="radiobutton" id="302">
						<width>995</width>
						<label>31066</label>
						<onclick>Skin.ToggleSetting(ExtraFanart)</onclick>
						<selected>Skin.HasSetting(ExtraFanart)</selected>
					</control>
					
					<control type="radiobutton" id="303">
						<width>995</width>
						<label>31129</label>
						<onclick>Skin.ToggleSetting(HideVisualizationFanart)</onclick>
						<selected>Skin.HasSetting(HideVisualizationFanart)</selected>
					</control>
					
					<control type="radiobutton" id="304">
						<width>995</width>
						<label>31124</label>
						<onclick>Skin.ToggleSetting(ShowBackgroundVideo)</onclick>
						<selected>!Skin.HasSetting(ShowBackgroundVideo)</selected>
					</control>
					
					<control type="radiobutton" id="305">
						<width>995</width>
						<label>31125</label>
						<onclick>Skin.ToggleSetting(ShowBackgroundVis)</onclick>
						<selected>!Skin.HasSetting(ShowBackgroundVis)</selected>
					</control>
					
					<control type="label" id="310">
						<width>995</width>
						<height>60</height>
						<font>button.bold</font>
						<textcolor>$VAR[Colour.500]</textcolor>
						<textoffsetx>5</textoffsetx>
						<aligny>center</aligny>
						<label>31102</label>
					</control>
					
					<control type="radiobutton" id="311">
						<width>995</width>
						<label>31109</label>
						<onclick>Skin.ToggleSetting(UseCustomBackground)</onclick>
						<selected>Skin.HasSetting(UseCustomBackground)</selected>
					</control>
					
					<control type="button" id="312">
						<width>995</width>
						<label>- $LOCALIZE[31110]</label>
						<label2>[COLOR=selected]$INFO[Skin.String(CustomBackgroundPath)][/COLOR]</label2>
						<onclick>Skin.SetImage(CustomBackgroundPath)</onclick>
						<enable>Skin.HasSetting(UseCustomBackground)</enable>
					</control>
					
				</control>
								
				<!--add-on options-->
				<control type="grouplist" id="9004">
					<visible>Container(9000).Hasfocus(4)</visible>
					<left>920</left>
					<top>125</top>
					<width>995</width>
					<height>580</height>
					<itemgap>5</itemgap>
					<pagecontrol>60</pagecontrol>
					<onleft>9000</onleft>
					<onright>60</onright>
					<onup>9004</onup>
					<ondown>9004</ondown>
					
					<control type="label" id="453">
						<width>995</width>
						<height>60</height>
						<font>button.bold</font>
						<textcolor>$VAR[Colour.500]</textcolor>
						<textoffsetx>5</textoffsetx>
						<aligny>center</aligny>
						<label>31140</label>
					</control>
					
					<control type="button" id="455">
						<width>995</width>
						<label>$LOCALIZE[31132]</label>
						<label2>[COLOR=selected]$INFO[system.addontitle(Skin.String(LyricScript_Path))][/COLOR]</label2>
						<onclick>Skin.SetAddon(LyricScript_Path,xbmc.python.lyrics)</onclick>
					</control>
					
					<control type="button" id="456">
						<width>995</width>
						<label>- $LOCALIZE[24020]</label>
						<enable>!IsEmpty(Skin.String(LyricScript_Path))</enable>
						<onclick>Addon.OpenSettings($INFO[Skin.String(LyricScript_Path)])</onclick>
					</control>
					
					<control type="label" id="410">
						<width>995</width>
						<height>60</height>
						<font>button.bold</font>
						<textcolor>$VAR[Colour.500]</textcolor>
						<textoffsetx>5</textoffsetx>
						<aligny>center</aligny>
						<label>31134</label>
					</control>
					
					<control type="button" id="411">
						<width>995</width>
						<label>$LOCALIZE[24000] [B]1[/B]</label>
						<label2>$INFO[system.addontitle(Skin.String(HomeVideosButton1))]</label2>
						<onclick>Skin.SetAddon(HomeVideosButton1,xbmc.addon.video,xbmc.addon.executable)</onclick>
					</control>
					
					<control type="button" id="412">
						<width>995</width>
						<label>$LOCALIZE[24000] [B]2[/B]</label>
						<label2>$INFO[system.addontitle(Skin.String(HomeVideosButton2))]</label2>
						<onclick>Skin.SetAddon(HomeVideosButton2,xbmc.addon.video,xbmc.addon.executable)</onclick>
					</control>
					
					<control type="button" id="413">
						<width>995</width>
						<label>$LOCALIZE[24000] [B]3[/B]</label>
						<label2>$INFO[system.addontitle(Skin.String(HomeVideosButton3))]</label2>
						<onclick>Skin.SetAddon(HomeVideosButton3,xbmc.addon.video,xbmc.addon.executable)</onclick>
					</control>
					
					<control type="button" id="414">
						<width>995</width>
						<label>$LOCALIZE[24000] [B]4[/B]</label>
						<label2>$INFO[system.addontitle(Skin.String(HomeVideosButton4))]</label2>
						<onclick>Skin.SetAddon(HomeVideosButton4,xbmc.addon.video,xbmc.addon.executable)</onclick>
					</control>
					
					<control type="button" id="415">
						<width>995</width>
						<label>$LOCALIZE[24000] [B]5[/B]</label>
						<label2>$INFO[system.addontitle(Skin.String(HomeVideosButton5))]</label2>
						<onclick>Skin.SetAddon(HomeVideosButton5,xbmc.addon.video,xbmc.addon.executable)</onclick>
					</control>
					
					<control type="label" id="420">
						<width>995</width>
						<height>60</height>
						<font>button.bold</font>
						<textcolor>$VAR[Colour.500]</textcolor>
						<textoffsetx>5</textoffsetx>
						<aligny>center</aligny>
						<label>31135</label>
					</control>
					
					<control type="button" id="421">
						<width>995</width>
						<label>$LOCALIZE[24000] [B]1[/B]</label>
						<label2>$INFO[system.addontitle(Skin.String(HomeMusicButton1))]</label2>
						<onclick>Skin.SetAddon(HomeMusicButton1,xbmc.addon.audio,xbmc.addon.executable)</onclick>
					</control>
					
					<control type="button" id="422">
						<width>995</width>
						<label>$LOCALIZE[24000] [B]2[/B]</label>
						<label2>$INFO[system.addontitle(Skin.String(HomeMusicButton2))]</label2>
						<onclick>Skin.SetAddon(HomeMusicButton2,xbmc.addon.audio,xbmc.addon.executable)</onclick>
					</control>
					
					<control type="button" id="423">
						<width>995</width>
						<label>$LOCALIZE[24000] [B]3[/B]</label>
						<label2>$INFO[system.addontitle(Skin.String(HomeMusicButton3))]</label2>
						<onclick>Skin.SetAddon(HomeMusicButton3,xbmc.addon.audio,xbmc.addon.executable)</onclick>
					</control>
					
					<control type="button" id="424">
						<width>995</width>
						<label>$LOCALIZE[24000] [B]4[/B]</label>
						<label2>$INFO[system.addontitle(Skin.String(HomeMusicButton4))]</label2>
						<onclick>Skin.SetAddon(HomeMusicButton4,xbmc.addon.audio,xbmc.addon.executable)</onclick>
					</control>
					
					<control type="button" id="425">
						<width>995</width>
						<label>$LOCALIZE[24000] [B]5[/B]</label>
						<label2>$INFO[system.addontitle(Skin.String(HomeMusicButton5))]</label2>
						<onclick>Skin.SetAddon(HomeMusicButton5,xbmc.addon.audio,xbmc.addon.executable)</onclick>
					</control>
					
					<control type="label" id="430">
						<width>995</width>
						<height>60</height>
						<font>button.bold</font>
						<textcolor>$VAR[Colour.500]</textcolor>
						<textoffsetx>5</textoffsetx>
						<aligny>center</aligny>
						<label>31136</label>
					</control>
					
					<control type="button" id="431">
						<label>$LOCALIZE[24000] [B]1[/B]</label>
						<label2>$INFO[system.addontitle(Skin.String(HomePictureButton1))]</label2>
						<width>995</width>
						<onclick>Skin.SetAddon(HomePictureButton1,xbmc.addon.image,xbmc.addon.executable)</onclick>
					</control>
					
					<control type="button" id="432">
						<width>995</width>
						<label>$LOCALIZE[24000] [B]2[/B]</label>
						<label2>$INFO[system.addontitle(Skin.String(HomePictureButton2))]</label2>
						<onclick>Skin.SetAddon(HomePictureButton2,xbmc.addon.image,xbmc.addon.executable)</onclick>
					</control>
					
					<control type="button" id="433">
						<width>995</width>
						<label>$LOCALIZE[24000] [B]3[/B]</label>
						<label2>$INFO[system.addontitle(Skin.String(HomePictureButton3))]</label2>
						<onclick>Skin.SetAddon(HomePictureButton3,xbmc.addon.image,xbmc.addon.executable)</onclick>
					</control>
					
					<control type="button" id="434">
						<width>995</width>
						<label>$LOCALIZE[24000] [B]4[/B]</label>
						<label2>$INFO[system.addontitle(Skin.String(HomePictureButton4))]</label2>
						<onclick>Skin.SetAddon(HomePictureButton4,xbmc.addon.image,xbmc.addon.executable)</onclick>
					</control>
					
					<control type="button" id="435">
						<width>995</width>
						<label>$LOCALIZE[24000] [B]5[/B]</label>
						<label2>$INFO[system.addontitle(Skin.String(HomePictureButton5))]</label2>
						<onclick>Skin.SetAddon(HomePictureButton5,xbmc.addon.image,xbmc.addon.executable)</onclick>
					</control>
					
					<control type="label" id="440">
						<width>995</width>
						<height>60</height>
						<font>button.bold</font>
						<textcolor>$VAR[Colour.500]</textcolor>
						<textoffsetx>5</textoffsetx>
						<aligny>center</aligny>
						<label>31118</label>
					</control>
					
					<control type="button" id="441">
						<width>995</width>
						<label>$LOCALIZE[24000] [B]1[/B]</label>
						<label2>$INFO[system.addontitle(Skin.String(HomeProgramButton1))]</label2>
						<onclick>Skin.SetAddon(HomeProgramButton1,xbmc.addon.executable)</onclick>
					</control>
					
					<control type="button" id="442">
						<width>995</width>
						<label>$LOCALIZE[24000] [B]2[/B]</label>
						<label2>$INFO[system.addontitle(Skin.String(HomeProgramButton2))]</label2>
						<onclick>Skin.SetAddon(HomeProgramButton2,xbmc.addon.executable)</onclick>
					</control>
					
					<control type="button" id="443">
						<width>995</width>
						<label>$LOCALIZE[24000] [B]3[/B]</label>
						<label2>$INFO[system.addontitle(Skin.String(HomeProgramButton3))]</label2>
						<onclick>Skin.SetAddon(HomeProgramButton3,xbmc.addon.executable)</onclick>
					</control>
					
					<control type="button" id="444">
						<width>995</width>
						<label>$LOCALIZE[24000] [B]4[/B]</label>
						<label2>$INFO[system.addontitle(Skin.String(HomeProgramButton4))]</label2>
						<onclick>Skin.SetAddon(HomeProgramButton4,xbmc.addon.executable)</onclick>
					</control>
					
					<control type="button" id="445">
						<width>995</width>
						<label>$LOCALIZE[24000] [B]5[/B]</label>
						<label2>$INFO[system.addontitle(Skin.String(HomeProgramButton5))]</label2>
						<onclick>Skin.SetAddon(HomeProgramButton5,xbmc.addon.executable)</onclick>
					</control>
					
					<control type="button" id="446">
						<width>995</width>
						<label>$LOCALIZE[24000] [B]6[/B]</label>
						<label2>$INFO[system.addontitle(Skin.String(HomeProgramButton6))]</label2>
						<onclick>Skin.SetAddon(HomeProgramButton6,xbmc.addon.executable)</onclick>
					</control>
					
				</control>
									
				<!--scrollbar-->
				<control type="scrollbar" id="60">
					<left>1935</left>
					<top>115</top>
					<height>668</height>
					<onleft>9004</onleft>
					<onright>9004</onright>
					<visible>Container(9000).Hasfocus(4)</visible>
				</control>
				
			</control>
			
		</control>
		
		<include>BehindDialogFadeOut</include>
		
	</controls>
	
</window>