<?xml version="1.0" encoding="UTF-8"?>

<window>

	<defaultcontrol always="true">95</defaultcontrol>
	
	<allowoverlay>no</allowoverlay>
	
	<controls>
	
		<include>CommonBackground</include>
		<include>Clock</include>
			
		<!--breadcrumbs-->
		<control type="group">
			
			<!--breadcrumb bg-->
			<control type="image">
				<left>64</left>
				<top>60</top>
				<width>500</width>
				<height>45</height>
				<texture colordiffuse="tertiary">backgrounds/white.png</texture>
			</control>
			
			<!--breadcrumb strip-->
			<control type="image">
				<left>60</left>
				<top>60</top>
				<width>4</width>
				<height>45</height>
				<texture colordiffuse="$VAR[Colour.500]">backgrounds/white.png</texture>
			</control>
		
			<!--breadcrumb label-->
			<control type="grouplist">
				<left>73</left>
				<top>60</top>
				<width>1500</width>
				<height>45</height>
				<orientation>horizontal</orientation>
				<align>left</align>
				<itemgap>8</itemgap>
				
				<control type="label">
				  <width min="0" max="385">auto</width>
					<include>WindowTitleCommons</include>
					<label>$LOCALIZE[130]</label>
				</control>
				
			</control>
				
		</control>
		
		<!--main content-->
		<control type="group">
			<top>205</top>
			<left>-265</left>
			<animation effect="slide" start="0,950" end="0,0" time="400" tween="quadratic" easing="out" condition="!Window.Previous(SettingsCategory.xml) + !Window.Previous(SkinSettings.xml)">WindowOpen</animation>
			<animation effect="slide" start="0,0" end=",950" time="400" tween="quadratic" easing="out" condition="!Window.Next(SettingsCategory.xml) + !Window.Next(SkinSettings.xml)">WindowClose</animation>
			
			<animation effect="slide" start="-1700,0" end="0,0" time="400" tween="quadratic" easing="out" condition="Window.Previous(SettingsCategory.xml) | Window.Previous(SkinSettings.xml)">WindowOpen</animation>
			<animation effect="slide" start="0,0" end="-1700,0" time="400" tween="quadratic" easing="out" condition="Window.Next(SettingsCategory.xml) | Window.Next(SkinSettings.xml)">WindowClose</animation>
			
			<animation effect="slide" start="0,0" end="0,-50" time="0" condition="Player.HasMedia + !SubString(Window(videolibrary).Property(TvTunesIsAlive),TRUE)">Conditional</animation>
						
			<!--title bars and backgrounds-->
			<control type="group">
			
				<!--background glow-->
				<control type="image">
					<left>495</left>
					<top>-40</top>
					<width>1470</width>
					<height>1140</height>
					<texture>backgrounds/settings bg.png</texture>
				</control>
			
				<!--background-->
				<control type="image">
					<left>535</left>
					<top>0</top>
					<width>1390</width>
					<height>783</height>
					<texture colordiffuse="tertiary">backgrounds/white.png</texture>
				</control>
					
				<!--title background-->
				<control type="image">
					<left>535</left>
					<top>0</top>
					<width>1390</width>
					<height>115</height>
					<texture background="true" colordiffuse="$VAR[Colour.500]">backgrounds/white.png</texture>
				</control>
				
				<!--close window button-->
				<control type="button">
					<left>540</left>
					<top>0</top>
					<width>50</width>
					<height>25</height>
					<label>-</label>
					<font>-</font>
					<onclick>PreviousMenu</onclick>
					<texturefocus>DialogCloseButton-focus.png</texturefocus>
					<texturenofocus>DialogCloseButton.png</texturenofocus>
					<onleft>9000</onleft>
					<onright>9000</onright>
					<onup>9000</onup>
					<ondown>9000</ondown>
					<visible>system.getbool(input.enablemouse)</visible>
				</control>
				
			</control>
			
			<!--title-->
			<control type="label" id="40">
				<left>580</left>
				<top>25</top>
				<width>1545</width>
				<height>60</height>
				<font>info.title</font>
				<align>left</align>
				<aligny>center</aligny>
				<textcolor>white</textcolor>
				<label>-</label>
			</control>
					
			<!--side bar-->
			<control type="image">
				<left>535</left>
				<top>115</top>
				<width>375</width>
				<height>668</height>
				<texture background="true" colordiffuse="$VAR[Colour.900]">backgrounds/white.png</texture>
			</control>
		
			<!--side blade shadow-->
			<control type="image">
				<left>909</left>
				<top>115</top>
				<width>20</width>
				<height>668</height>
				<texture>sidebarshadow.png</texture>
				<animation effect="fade" start="100" end="75" time="0" condition="true">Conditional</animation>
			</control>
			
			<!--title shadow-->
			<control type="image">
				<left>535</left>
				<top>115</top>
				<width>1390</width>
				<height>20</height>
				<texture>homeshadow.png</texture>
				<animation effect="fade" start="100" end="75" time="0" condition="true">Conditional</animation>
			</control>
		
			<control type="grouplist" id="9000">
				<left>545</left>
				<top>125</top>
				<width>390</width>
				<height>650</height>
				<itemgap>0</itemgap>
				<onup>9000</onup>
				<ondown>9000</ondown>
				
				<control type="button" id="95">
					<description>Button Summary Values</description>
					<include>ButtonSettingCommonValues</include>
					<label>20037</label>
				</control>
				
				<control type="button" id="94">
					<description>Button Storage</description>
					<include>ButtonSettingCommonValues</include>
					<label>13277</label>
				</control>
				
				<control type="button" id="96">
					<description>Button Network</description>
					<include>ButtonSettingCommonValues</include>
					<label>13279</label>
				</control>
				
				<control type="button" id="97">
					<description>Button Video</description>
					<include>ButtonSettingCommonValues</include>
					<label>13280</label>
				</control>
				
				<control type="button" id="98">
					<description>Button Hardware</description>
					<include>ButtonSettingCommonValues</include>
					<label>13281</label>
				</control>
				
				<control type="button" id="99">
					<description>Button PVR</description>
					<include>ButtonSettingCommonValues</include>
					<label>19191</label>
				</control>
				
			</control>
			
			<control type="grouplist" id="9001">
				<left>935</left>
				<top>130</top>
				<width>965</width>
				<height>640</height>
				<itemgap>5</itemgap>
				<onleft>9000</onleft>
				<onright>9000</onright>
				<onup>9001</onup>
				<ondown>9001</ondown>
				
				<control type="label" id="2">
					<description>Label 2</description>
					<width>965</width>
					<height>40</height>
					<font>button.bold</font>
					<label>-</label>
				</control>
				
				<control type="label" id="3">
					<description>Label 3</description>
					<width>965</width>
					<height>40</height>
					<font>button.bold</font>
					<label>-</label>
				</control>
				
				<control type="label" id="4">
					<description>Label 4</description>
					<width>965</width>
					<height>40</height>
					<font>button.bold</font>
					<label>-</label>
				</control>
				
				<control type="label" id="5">
					<description>Label 5</description>
					<width>965</width>
					<height>40</height>
					<font>button.bold</font>
					<label>-</label>
				</control>
				
				<control type="label" id="6">
					<description>Label 6</description>
					<width>965</width>
					<height>40</height>
					<font>button.bold</font>
					<label>-</label>
				</control>
				
				<control type="label" id="7">
					<description>Label 7</description>
					<width>965</width>
					<height>40</height>
					<font>button.bold</font>
					<label>-</label>
				</control>
				
				<control type="label" id="8">
					<description>Label 8</description>
					<width>965</width>
					<height>40</height>
					<font>button.bold</font>
					<label>-</label>
				</control>
				
				<control type="label" id="9">
					<description>Label 9</description>
					<width>965</width>
					<height>40</height>
					<font>button.bold</font>
					<label>-</label>
				</control>
				
				<control type="label" id="10">
					<description>Label 10</description>
					<width>965</width>
					<height>40</height>
					<font>button.bold</font>
					<label>-</label>
				</control>
				
				<control type="label" id="11">
					<description>Label 11</description>
					<width>965</width>
					<height>40</height>
					<font>button.bold</font>
					<label>-</label>
				</control>
				
				<control type="label" id="52">
					<description>Kodi Build Version</description>
					<width>965</width>
					<height>40</height>
					<label>144</label>
					<align>right</align>
					<textcolor>$VAR[Colour.500]</textcolor>
					<font>button.bold</font>
				</control>
				
				<control type="label">
					<description>CPU Text</description>
					<width>965</width>
					<height>35</height>
					<label>$LOCALIZE[13271] $INFO[System.CPUUsage]</label>
					<align>right</align>
					<font>button.bold</font>
				</control>
				
				<control type="progress">
					<description>CPU BAR</description>
					<width>965</width>
					<height>24</height>
					<info>System.CPUUsage</info>
				</control>
				
				<control type="label">
					<description>Memory Text</description>
					<width>965</width>
					<height>35</height>
					<label>$LOCALIZE[31309] $INFO[system.memory(used.percent)]</label>
					<align>right</align>
					<font>button.bold</font>
				</control>
				
				<control type="progress">
					<description>Memory BAR</description>
					<width>965</width>
					<height>24</height>
					<info>system.memory(used)</info>
				</control>
			</control>
		</control>
		
		<include>CommonNowPlaying</include>
		<include>MainWindowMouseButtons</include>
		
	</controls>
	
</window>