<?xml version="1.0" encoding="UTF-8"?>
<window>

	<defaultcontrol always="true">450</defaultcontrol>
		
	<controls>
	
		<!--all content-->
		<control type="group">
			<left>-265</left>
			<animation effect="slide" start="1650,0" end="0,0" time="400" tween="quadratic" easing="out">WindowOpen</animation>
			<animation effect="slide" start="0,0" end="-1650,0" time="400" tween="quadratic" easing="out">WindowClose</animation>
			
			<animation effect="slide" start="1650,0" end="0,0" time="400" tween="quadratic" easing="out">Visible</animation>
			<animation effect="slide" start="0,0" end="-1650,0" time="400" tween="quadratic" easing="out">Hidden</animation>
			
			<animation effect="slide" start="0,0" end="-125,0" time="300" condition="Window.IsActive(ShutdownMenu)">Conditional</animation>
			
			<!--title bars and backgrounds-->
			<control type="group">
			
				<!--fake button to view fanart-->
				<control type="button" id="9003">
					<left>0</left>
					<top>0</top>
					<width>375</width>
					<height>1080</height>
					<label>-</label>
					<font>-</font>
					<ondown>9000</ondown>
					<texturenofocus>-</texturenofocus>
					<texturefocus>-</texturefocus>
				</control>
			
				<!--background-->
				<control type="image">
					<left>535</left>
					<top>0</top>
					<width>1390</width>
					<height>1080</height>
					<texture colordiffuse="tertiary">backgrounds/white.png</texture>
				</control>	
				
				<!-- left shadow-->
				<control type="image">
					<left>505</left>
					<top>0</top>
					<width>30</width>
					<height>1080</height>
					<texture flipx="true">sidebarshadow.png</texture>
				</control>
				
				<!--right shadow-->
				<control type="image">
					<left>1925</left>
					<top>0</top>
					<width>30</width>
					<height>1080</height>
					<texture>sidebarshadow.png</texture>
				</control>
				
				<!--title background-->
				<control type="image">
					<left>535</left>
					<top>0</top>
					<width>1390</width>
					<height>165</height>
					<texture background="true" colordiffuse="$VAR[Colour.500]">backgrounds/white.png</texture>
				</control>
					
				<!--sub title background-->
				<control type="image">
					<left>535</left>
					<top>110</top>
					<width>1390</width>
					<height>55</height>
					<texture background="true" colordiffuse="$VAR[Colour.900]">backgrounds/white.png</texture>
				</control>
			
				<!--title shadow-->
				<control type="image">
					<left>535</left>
					<top>110</top>
					<width>1390</width>
					<height>20</height>
					<texture>homeshadow.png</texture>
					<animation effect="fade" start="100" end="75" time="0" condition="true">Conditional</animation>
				</control>
			
				<!--sub title shadow-->
				<control type="image">
					<left>535</left>
					<top>165</top>
					<width>1390</width>
					<height>10</height>
					<texture>homeshadow.png</texture>
					<animation effect="fade" start="100" end="75" time="0" condition="true">Conditional</animation>
				</control>
				
				<!--close window button-->
				<control type="button">
					<left>540</left>
					<top>0</top>
					<width>50</width>
					<height>25</height>
					<label>-</label>
					<font>-</font>
					<onclick>PreviousMenu</onclick>
					<texturefocus>DialogCloseButton-focus.png</texturefocus>
					<texturenofocus>DialogCloseButton.png</texturenofocus>
					<onleft>9000</onleft>
					<onright>9000</onright>
					<onup>9000</onup>
					<ondown>9000</ondown>
					<visible>system.getbool(input.enablemouse)</visible>
				</control>
				
			</control>
			
			<!--main content-->
			<control type="group">
				<top>0</top>
				
				<!--header-->
				<control type="label" id="411">
					<left>590</left>
					<top>25</top>
					<width>1545</width>
					<height>60</height>
					<font>info.title</font>
					<align>left</align>
					<aligny>center</aligny>
					<textcolor>white</textcolor>
					<label>1023</label>
				</control>
				
				<!--path label-->
				<control type="label" id="412">
					<left>590</left>
					<top>110</top>
					<width>825</width>
					<height>52</height>
					<font>button</font>
					<align>left</align>
					<aligny>center</aligny>
					<scroll>false</scroll>
					<textcolor>white</textcolor>
				</control>
				
				<!--top buttons-->
				<control type="group" id="9000">
					<left>1520</left>
					<top>190</top>
		
					<!--ok circle border-->
					<control type="image">
						<left>0</left>
						<top>0</top>
						<width>60</width>
						<height>60</height>
						<texture colordiffuse="text.primary">buttoncircleborder.png</texture>
						<visible>Control.HasFocus(413)</visible>
					</control>
					
					<!--ok circle animation-->
					<control type="image">
						<left>-1</left>
						<top>-1</top>
						<width>62</width>
						<height>62</height>
						<texture colordiffuse="$VAR[Colour.500]">buttoncircle.png</texture>
						<visible>Control.HasFocus(413)</visible>
						<animation effect="zoom" start="0" end="100" time="250" center="auto">Visible</animation>
					</control>
					
					<!--ok button-->
					<control type="button" id="413">
						<left>0</left>
						<top>0</top>
						<width>180</width>
						<height>60</height>
						<label>186</label>
						<font>button</font>
						<align>left</align>
						<aligny>center</aligny>
						<textoffsetx>60</textoffsetx>
						<textwidth>210</textwidth>
						<focusedcolor>text.primary</focusedcolor>
						<texturefocus colordiffuse="white">okbuttonf.png</texturefocus>
						<texturenofocus colordiffuse="text.primary">okbutton.png</texturenofocus>	
						<onup>416</onup>
						<onleft>60</onleft>
						<onright>450</onright>
						<ondown>414</ondown>
					</control>
		
					<!--cancel circle border-->
					<control type="image">
						<left>0</left>
						<top>70</top>
						<width>60</width>
						<height>60</height>
						<texture colordiffuse="text.primary">buttoncircleborder.png</texture>
						<visible>Control.HasFocus(414)</visible>
					</control>
					
					<!--cancel circle animation-->
					<control type="image">
						<left>-1</left>
						<top>69</top>
						<width>62</width>
						<height>62</height>
						<texture colordiffuse="$VAR[Colour.500]">buttoncircle.png</texture>
						<visible>Control.HasFocus(414)</visible>
						<animation effect="zoom" start="0" end="100" time="250" center="auto">Visible</animation>
					</control>
					
					<!--cancel button-->
					<control type="button" id="414">
						<left>0</left>
						<top>70</top>
						<width>285</width>
						<height>60</height>
						<label>222</label>
						<font>button</font>
						<align>left</align>
						<aligny>center</aligny>
						<textoffsetx>60</textoffsetx>
						<textwidth>210</textwidth>
						<focusedcolor>text.primary</focusedcolor>
						<texturefocus colordiffuse="white">removebuttonf.png</texturefocus>
						<texturenofocus colordiffuse="text.primary">removebutton.png</texturenofocus>	
						<onup>413</onup>
						<onleft>60</onleft>
						<onright>450</onright>
						<ondown>415</ondown>
					</control>
		
					<!--new folder circle border-->
					<control type="image">
						<left>0</left>
						<top>140</top>
						<width>60</width>
						<height>60</height>
						<texture colordiffuse="text.primary">buttoncircleborder.png</texture>
						<visible>Control.HasFocus(415)</visible>
					</control>
					
					<!--new folder circle animation-->
					<control type="image">
						<left>-1</left>
						<top>139</top>
						<width>62</width>
						<height>62</height>
						<texture colordiffuse="$VAR[Colour.500]">buttoncircle.png</texture>
						<visible>Control.HasFocus(415)</visible>
						<animation effect="zoom" start="0" end="100" time="250" center="auto">Visible</animation>
					</control>
					
					<!--new folder button-->
					<control type="button" id="415">
						<left>0</left>
						<top>140</top>
						<width>285</width>
						<height>60</height>
						<label>119</label>
						<font>button</font>
						<align>left</align>
						<aligny>center</aligny>
						<textoffsetx>60</textoffsetx>
						<textwidth>210</textwidth>
						<focusedcolor>text.primary</focusedcolor>
						<texturefocus colordiffuse="white">addbuttonf.png</texturefocus>
						<texturenofocus colordiffuse="text.primary">addbutton.png</texturenofocus>	
						<onup>414</onup>
						<onleft>60</onleft>
						<onright>450</onright>
						<ondown>416</ondown>
					</control>
		
					<!--mirror circle border-->
					<control type="image">
						<left>0</left>
						<top>210</top>
						<width>60</width>
						<height>60</height>
						<texture colordiffuse="text.primary">buttoncircleborder.png</texture>
						<visible>Control.HasFocus(416)</visible>
					</control>
					
					<!--mirror circle animation-->
					<control type="image">
						<left>-1</left>
						<top>209</top>
						<width>62</width>
						<height>62</height>
						<texture colordiffuse="$VAR[Colour.500]">buttoncircle.png</texture>
						<visible>Control.HasFocus(416)</visible>
						<animation effect="zoom" start="0" end="100" time="250" center="auto">Visible</animation>
					</control>
					
					<!--mirror button-->
					<control type="button" id="416">
						<left>0</left>
						<top>210</top>
						<width>285</width>
						<height>60</height>
						<label>749</label>
						<font>button</font>
						<align>left</align>
						<aligny>center</aligny>
						<textoffsetx>60</textoffsetx>
						<textwidth>210</textwidth>
						<focusedcolor>text.primary</focusedcolor>
						<texturefocus colordiffuse="white">mirrorbuttonf.png</texturefocus>
						<texturenofocus colordiffuse="text.primary">mirrorbutton.png</texturenofocus>	
						<onup>415</onup>
						<onleft>60</onleft>
						<onright>450</onright>
						<ondown>413</ondown>
					</control>
					
				</control>
				
				<!--big thumb-->
				<control type="group">
				
					<!--thumb (fallback)-->
					<control type="image">
						<left>1533</left>
						<top>704</top>
						<width>350</width>
						<height>350</height>
						<aspectratio>keep</aspectratio>
						<texture background="true" colordiffuse="$VAR[Colour.500]">$INFO[ListItem.Icon]</texture>
						<visible>SubString(ListItem.Icon,default)</visible>
					</control>
					
					<!--thumb (no fallback)-->
					<control type="image">
						<left>1533</left>
						<top>704</top>
						<width>350</width>
						<height>350</height>
						<aspectratio>keep</aspectratio>
						<texture background="true">$INFO[ListItem.Icon]</texture>
						<visible>!SubString(Control.GetLabel(416),*)</visible>
						<visible>!SubString(ListItem.Icon,default)</visible>
					</control>
					
					<!--thumb (no fallback, mirrored-->
					<control type="image">
						<left>1533</left>
						<top>704</top>
						<width>350</width>
						<height>350</height>
						<aspectratio>keep</aspectratio>
						<texture background="true" flipx="true">$INFO[ListItem.Icon]</texture>
						<visible>SubString(Control.GetLabel(416),*)</visible>
						<visible>!SubString(ListItem.Icon,default)</visible>
					</control>
					
				</control>
				
				<!--content list-->
				<control type="panel" id="450">
					<left>575</left>
					<top>190</top>
					<width>905</width>
					<height>871</height>
					<onleft>9000</onleft>
					<onright>60</onright>
					<onup>450</onup>
					<ondown>450</ondown>
					<pagecontrol>60</pagecontrol>
					<scrolltime>200</scrolltime>
					<preloaditems>4</preloaditems>
					
					<itemlayout height="67" width="905">
						
						<!--icon (no fallback)-->
						<control type="image">
							<left>7</left>
							<top>7</top>
							<width>46</width>
							<height>46</height>
							<texture colordiffuse="text.primary">$INFO[ListItem.Icon,default small/,]</texture>
							<aspectratio align="center" aligny="center">keep</aspectratio>
							<visible>SubString(ListItem.Icon,default)</visible>
						</control>
						
						<!--icon (no fallback)-->
						<control type="image">
							<left>5</left>
							<top>5</top>
							<width>50</width>
							<height>50</height>
							<texture>$INFO[Listitem.Icon]</texture>
							<visible>!SubString(ListItem.Icon,default)</visible>
						</control>
						
						<!--label-->
						<control type="label">
							<left>65</left>
							<top>0</top>
							<width>875</width>
							<height>60</height>
							<font>label</font>
							<align>left</align>
							<aligny>center</aligny>
							<textcolor>text.primary</textcolor>
							<selectedcolor>$VAR[Colour.500]</selectedcolor>
							<info>ListItem.Label</info>
						</control>
						
					</itemlayout>
					
					<focusedlayout height="67" width="905">
				
						<!--background-->
						<control type="image">
							<left>0</left>
							<top>0</top>
							<width>905</width>
							<height>60</height>
							<texture colordiffuse="$VAR[Colour.500]">backgrounds/white.png</texture>
							<animation effect="fade" start="100" end="50" time="200" condition="!Control.HasFocus(450)">Conditional</animation>
						</control>
						
						<!--icon (fallback)-->
						<control type="image">
							<left>7</left>
							<top>7</top>
							<width>46</width>
							<height>46</height>
							<texture colordiffuse="white">$INFO[ListItem.Icon,default small/,]</texture>
							<aspectratio align="center" aligny="center">keep</aspectratio>
							<visible>SubString(ListItem.Icon,default)</visible>
						</control>
						
						<!--icon (no fallback)-->
						<control type="image">
							<left>5</left>
							<top>5</top>
							<width>50</width>
							<height>50</height>
							<texture>$INFO[Listitem.Icon]</texture>
							<visible>!SubString(ListItem.Icon,default)</visible>
						</control>
						
						<!--label-->
						<control type="label">
							<left>65</left>
							<top>0</top>
							<width>875</width>
							<height>60</height>
							<font>label</font>
							<align>left</align>
							<aligny>center</aligny>
							<textcolor>white</textcolor>
							<selectedcolor>$VAR[Colour.Alt]</selectedcolor>
							<info>ListItem.Label</info>
						</control>
						
					</focusedlayout>
					
				</control>
				
				<!--content list-->
				<control type="panel" id="451">
					<left>575</left>
					<top>190</top>
					<width>905</width>
					<height>871</height>
					<onleft>9000</onleft>
					<onright>60</onright>
					<onup>451</onup>
					<ondown>451</ondown>
					<pagecontrol>60</pagecontrol>
					<scrolltime>200</scrolltime>
					<preloaditems>4</preloaditems>
					
					<itemlayout height="67" width="905">
						
						<!--icon (no fallback)-->
						<control type="image">
							<left>5</left>
							<top>5</top>
							<width>50</width>
							<height>50</height>
							<texture colordiffuse="text.primary">$INFO[ListItem.Icon,default small/,]</texture>
							<aspectratio align="center" aligny="center">keep</aspectratio>
							<visible>SubString(ListItem.Icon,default)</visible>
						</control>
						
						<!--icon (no fallback)-->
						<control type="image">
							<left>5</left>
							<top>5</top>
							<width>50</width>
							<height>50</height>
							<texture>$INFO[Listitem.Icon]</texture>
							<visible>!SubString(ListItem.Icon,default)</visible>
						</control>
						
						<!--label-->
						<control type="label">
							<left>65</left>
							<top>0</top>
							<width>875</width>
							<height>60</height>
							<font>label</font>
							<align>left</align>
							<aligny>center</aligny>
							<textcolor>text.primary</textcolor>
							<selectedcolor>$VAR[Colour.500]</selectedcolor>
							<info>ListItem.Label</info>
						</control>
						
					</itemlayout>
					
					<focusedlayout height="67" width="905">
				
						<!--background-->
						<control type="image">
							<left>0</left>
							<top>0</top>
							<width>905</width>
							<height>60</height>
							<texture colordiffuse="$VAR[Colour.500]">backgrounds/white.png</texture>
							<animation effect="fade" start="100" end="50" time="200" condition="!Control.HasFocus(450)">Conditional</animation>
						</control>
						
						<!--icon (fallback)-->
						<control type="image">
							<left>5</left>
							<top>5</top>
							<width>50</width>
							<height>50</height>
							<texture colordiffuse="white">$INFO[ListItem.Icon,default small/,]</texture>
							<aspectratio align="center" aligny="center">keep</aspectratio>
							<visible>SubString(ListItem.Icon,default)</visible>
						</control>
						
						<!--icon (no fallback)-->
						<control type="image">
							<left>5</left>
							<top>5</top>
							<width>50</width>
							<height>50</height>
							<texture>$INFO[Listitem.Icon]</texture>
							<visible>!SubString(ListItem.Icon,default)</visible>
						</control>
						
						<!--label-->
						<control type="label">
							<left>65</left>
							<top>0</top>
							<width>875</width>
							<height>60</height>
							<font>label</font>
							<align>left</align>
							<aligny>center</aligny>
							<textcolor>white</textcolor>
							<selectedcolor>$VAR[Colour.Alt]</selectedcolor>
							<info>ListItem.Label</info>
						</control>
						
					</focusedlayout>
					
				</control>
				
				<!--scrollbar-->
				<control type="scrollbar" id="60">
					<left>1485</left>
					<top>190</top>
					<height>864</height>
					<orientation>vertical</orientation>
					<showonepage>false</showonepage>
					<texturesliderbackground colordiffuse="scroll.secondary">backgrounds/white.png</texturesliderbackground>
					<texturesliderbar colordiffuse="secondary">backgrounds/white.png</texturesliderbar>
					<onleft>450</onleft>
					<onright>9000</onright>
				</control>
				
				<!--item count (450)-->
				<control type="label">
					<left>1075</left>
					<top>110</top>
					<width>825</width>
					<height>52</height>
					<font>button</font>
					<align>right</align>
					<aligny>center</aligny>
					<scroll>false</scroll>
					<textcolor>white</textcolor>
					<label>$INFO[Container(450).NumItems] $LOCALIZE[31025] ($LOCALIZE[31024] $INFO[Container(450).CurrentPage]/$INFO[Container(450).NumPages])</label>
					<visible>!Control.IsVisible(451)</visible>
				</control>
				
				<!--item count(451)-->
				<control type="label">
					<left>1075</left>
					<top>110</top>
					<width>825</width>
					<height>52</height>
					<font>button</font>
					<align>right</align>
					<aligny>center</aligny>
					<scroll>false</scroll>
					<textcolor>white</textcolor>
					<label>$INFO[Container(451).NumItems] $LOCALIZE[31025] ($LOCALIZE[31024] $INFO[Container(451).CurrentPage]/$INFO[Container(451).NumPages])</label>
					<visible>Control.IsVisible(451)</visible>
				</control>
				
			</control>
			
		</control>
				
	</controls>
	
</window>