<?xml version="1.0" encoding="UTF-8"?>
<window>

	<defaultcontrol always="true">9001</defaultcontrol>
		
	<animation type="WindowOpen">
		<effect type="slide" start="0,665" end="0,0" time="300" tween="quadratic" easing="out" />
	</animation>
	
	<animation type="WindowClose">
		<effect type="slide" start="0,0" end="0,-765" time="300" tween="quadratic" easing="out" />
	</animation>
	
	<controls>
	
		<!--all content-->
		<control type="group">
			<top>-50</top>
		
			<!--background-->
			<control type="image">
				<left>0</left>
				<top>415</top>
				<width>1920</width>
				<height>270</height>
				<texture colordiffuse="tertiary">backgrounds/white.png</texture>
			</control>
			
			<!--title bg-->
			<control type="image">
				<left>0</left>
				<top>415</top>
				<width>1920</width>
				<height>80</height>
				<texture colordiffuse="$VAR[Colour.500]">backgrounds/white.png</texture>
			</control>
			
			<!--title shadow-->
			<control type="image">
				<left>0</left>
				<top>495</top>
				<width>1920</width>
				<height>10</height>
				<texture>homeshadow.png</texture>
				<animation effect="fade" start="100" end="75" time="0" condition="true">Conditional</animation>
			</control>
			
			<!--buttons bg-->
			<control type="image">
				<left>0</left>
				<top>680</top>
				<width>1920</width>
				<height>70</height>
				<texture colordiffuse="primary">backgrounds/white.png</texture>
			</control>
			
			<!--buttons shadow-->
			<control type="image">
				<left>0</left>
				<top>680</top>
				<width>1920</width>
				<height>10</height>
				<texture>homeshadow.png</texture>
				<animation effect="fade" start="100" end="75" time="0" condition="true">Conditional</animation>
			</control>
			
			<!--top shadow-->
			<control type="image">
				<left>0</left>
				<top>385</top>
				<width>1920</width>
				<height>30</height>
				<texture flipy="true">homeshadow.png</texture>
			</control>
			
			<!--bottom shadow-->
			<control type="image">
				<left>0</left>
				<top>750</top>
				<width>1920</width>
				<height>30</height>
				<texture>homeshadow.png</texture>
			</control>
			
			<!--close button-->
			<control type="button">
				<description>Close Window button</description>
				<left>5</left>
				<top>415</top>
				<width>50</width>
				<height>25</height>
				<label>-</label>
				<font>-</font>
				<onclick>PreviousMenu</onclick>
				<texturefocus>DialogCloseButton-focus.png</texturefocus>
				<texturenofocus>DialogCloseButton.png</texturenofocus>
				<onleft>10</onleft>
				<onright>10</onright>
				<onup>10</onup>
				<ondown>10</ondown>
				<visible>system.getbool(input.enablemouse)</visible>
			</control>
			
			<!--title-->
			<control type="label"> 
				<left>60</left>
				<top>425</top>
				<width>1800</width>
				<height>60</height>
				<font>menu.title</font>
				<align>center</align>
				<aligny>center</aligny>
				<textcolor>white</textcolor>
				<label>$LOCALIZE[21421]</label>
			</control>
			
			<control type="label">
				<description>Rule match label</description>
				<left>60</left>
				<top>495</top>
				<width>1800</width>
				<height>45</height>
				<align>center</align>
				<aligny>center</aligny>
				<font>label</font>
				<textcolor>$VAR[Colour.500]</textcolor>
				<label>21422</label>
			</control>
			
			<control type="group" id="9001">
			
				<control type="spincontrolex" id="15">
					<description>Rule Field</description>
					<left>450</left>
					<top>540</top>
					<width>550</width>
					<height>60</height>
					<font>-</font>
					<texturenofocus border="5" colordiffuse="text.primary">button-nofocus.png</texturenofocus>
					<onright>16</onright>
					<onleft>16</onleft>
					<onup>9000</onup>
					<ondown>17</ondown>
				</control>
				
				<control type="label">
					<description>Rule Field label</description>
					<left>460</left>
					<top>540</top>
					<width>450</width>
					<height>60</height>
					<label>$INFO[Control.GetLabel(15)]</label>
					<align>left</align>
					<aligny>center</aligny>
				</control>

				<control type="spincontrolex" id="16">
					<description>Rule operator</description>
					<left>1010</left>
					<top>540</top>
					<width>548</width>
					<height>60</height>
					<font>-</font>
					<texturenofocus border="5" colordiffuse="text.primary">button-nofocus.png</texturenofocus>
					<onright>15</onright>
					<onleft>15</onleft>
					<onup>9000</onup>
					<ondown>17</ondown>
				</control>
				
				<control type="label">
					<description>Rule Field label</description>
					<left>1020</left>
					<top>540</top>
					<width>450</width>
					<height>60</height>
					<label>$INFO[Control.GetLabel(16)]</label>
					<align>left</align>
					<aligny>center</aligny>
				</control>
			</control>
			
			<control type="edit" id="17">
				<description>Value Button</description>
				<left>450</left>
				<top>610</top>
				<width>848</width>
				<height>60</height>
				<aligny>center</aligny>
				<label>-</label>
				<texturenofocus border="5" colordiffuse="text.primary">button-nofocus.png</texturenofocus>
				<onup>9001</onup>
				<onleft>20</onleft>
				<onright>20</onright>
				<ondown>9000</ondown>
			</control>
			
			<!--browse circle border-->
			<control type="image">
				<left>1305</left>
				<top>610</top>
				<width>60</width>
				<height>60</height>
				<texture colordiffuse="text.primary">buttoncircleborder.png</texture>
				<visible>Control.HasFocus(20)</visible>
			</control>
			
			<!--browse circle animation-->
			<control type="image">
				<left>1304</left>
				<top>609</top>
				<width>62</width>
				<height>62</height>
				<texture colordiffuse="$VAR[Colour.500]">buttoncircle.png</texture>
				<visible>Control.HasFocus(20)</visible>
				<animation effect="zoom" start="0" end="100" time="250" center="auto">Visible</animation>
			</control>
			
			<!--browse button-->
			<control type="button" id="20">
				<left>1305</left>
				<top>610</top>
				<width>285</width>
				<height>60</height>
				<label>1024</label>
				<focusedcolor>text.primary</focusedcolor>
				<selectedcolor>text.primary</selectedcolor>
				<textoffsetx>60</textoffsetx>
				<textwidth>210</textwidth>
				<texturefocus colordiffuse="white">browsebuttonf.png</texturefocus>
				<texturenofocus colordiffuse="text.primary">browsebutton.png</texturenofocus>	
				<onup>9001</onup>
				<onleft>17</onleft>
				<onright>17</onright>
				<ondown>9000</ondown>
			</control>
						
			<!--bottom buttons-->
			<control type="group" id="9000">
				<left>830</left>
				<top>685</top>
				
				<!--ok circle border-->
				<control type="image">
					<left>0</left>
					<top>0</top>
					<width>60</width>
					<height>60</height>
					<texture colordiffuse="text.primary">buttoncircleborder.png</texture>
					<visible>Control.HasFocus(18)</visible>
				</control>
				
				<!--ok circle animation-->
				<control type="image">
					<left>-1</left>
					<top>-1</top>
					<width>62</width>
					<height>62</height>
					<texture colordiffuse="$VAR[Colour.500]">buttoncircle.png</texture>
					<visible>Control.HasFocus(18)</visible>
					<animation effect="zoom" start="0" end="100" time="250" center="auto">Visible</animation>
				</control>
				
				<!--ok button-->
				<control type="button" id="18">
					<left>0</left>
					<top>0</top>
					<width>130</width>
					<height>60</height>
					<font>button</font>
					<align>left</align>
					<textoffsetx>60</textoffsetx>
					<textwidth>130</textwidth>
					<textcolor>text.primary</textcolor>
					<focusedcolor>text.primary</focusedcolor>
					<texturefocus colordiffuse="white">yesbuttonf.png</texturefocus>
					<texturenofocus colordiffuse="text.primary">yesbutton.png</texturenofocus>	
					<label>186</label>
					<onup>17</onup>
					<onleft>19</onleft>
					<onright>19</onright>
					<ondown>9001</ondown>
				</control>
	
				<!--cancel circle border-->
				<control type="image">
					<left>130</left>
					<top>0</top>
					<width>60</width>
					<height>60</height>
					<texture colordiffuse="text.primary">buttoncircleborder.png</texture>
					<visible>Control.HasFocus(19)</visible>
				</control>
				
				<!--cancel circle animation-->
				<control type="image">
					<left>129</left>
					<top>-1</top>
					<width>62</width>
					<height>62</height>
					<texture colordiffuse="$VAR[Colour.500]">buttoncircle.png</texture>
					<visible>Control.HasFocus(19)</visible>
					<animation effect="zoom" start="0" end="100" time="250" center="auto">Visible</animation>
				</control>
				
				<!--cancel button-->
				<control type="button" id="19">
					<left>130</left>
					<top>0</top>
					<width>130</width>
					<height>60</height>
					<font>button</font>
					<align>left</align>
					<textoffsetx>60</textoffsetx>
					<textwidth>130</textwidth>
					<textcolor>text.primary</textcolor>
					<focusedcolor>text.primary</focusedcolor>
					<texturefocus colordiffuse="white">nobuttonf.png</texturefocus>
					<texturenofocus colordiffuse="text.primary">nobutton.png</texturenofocus>	
					<label>222</label>
					<onup>17</onup>
					<onleft>18</onleft>
					<onright>19</onright>
					<ondown>9001</ondown>
				</control>
			
			</control>
			
		</control>
		
	</controls>
	
</window>