<?xml version="1.0" encoding="UTF-8"?>
<includes>

	<include name="HomeSubMenu">
	
		<control type="group">
			<animation type="WindowOpen" reversible="false">
					<effect type="fade" start="0" end="100" time="300" delay="200" />
				</animation>
				<animation type="WindowClose" reversible="false">
					<effect type="fade" start="100" end="0" time="300" />
				</animation>
			<animation effect="slide" start="0,0" end="0,69" time="300" tween="quadratic" easing="out" condition="Control.HasFocus(9901) | Control.HasFocus(9902) | Control.HasFocus(9904) | Control.HasFocus(89001) | Control.HasFocus(89002)">Conditional</animation>
			
			<control type="group">
				<visible>!StringCompare(Container(9901).NumItems,0)</visible>
				<left>930</left>
				<top>50</top>
				<width>60</width>
				<height>128</height>
				<animation effect="rotate" start="0" end="270" center="auto" time="0" condition="true">Conditional</animation>
			
				<!--side blade tab bg (for fade effect)-->
				<control type="button" id="9903">
					<left>0</left>
					<top>0</top>
					<width>60</width>
					<height>128</height>
					<font>-</font>
					<texturefocus colordiffuse="black">hassubbg.png</texturefocus>
					<texturenofocus colordiffuse="black">hassubbg.png</texturenofocus>
				</control>
				
				<!--side blade tab-->
				<control type="button" id="9902">
					<left>0</left>
					<top>0</top>
					<width>60</width>
					<height>128</height>
					<font>-</font>
					<texturefocus colordiffuse="$VAR[Colour.500]">hassub.png</texturefocus>
					<texturenofocus colordiffuse="$VAR[Colour.500]">hassub.png</texturenofocus>
				</control>
				
				<!--side blade tab arrow bg (for fade effect)-->
				<control type="image">
					<left>15</left>
					<top>48</top>
					<width>32</width>
					<height>32</height>
					<texture colordiffuse="black">previous-32.png</texture>
					<animation effect="rotate" start="0" end="180" center="auto" time="0" condition="true">Conditional</animation>
					<animation effect="rotate" start="0" end="180" center="auto" time="200" condition="Control.HasFocus(9901) | Control.HasFocus(9902) | Control.HasFocus(9904) | Control.HasFocus(89001) | Control.HasFocus(89002)">Conditional</animation>
				</control>
				
				<!--side blade tab arrow-->
				<control type="image">
					<left>15</left>
					<top>48</top>
					<width>32</width>
					<height>32</height>
					<texture colordiffuse="white">previous-32.png</texture>
					<animation effect="rotate" start="0" end="180" center="auto" time="0" condition="true">Conditional</animation>
					<animation effect="rotate" start="0" end="180" center="auto" time="200" condition="Control.HasFocus(9901) | Control.HasFocus(9902) | Control.HasFocus(9904) | Control.HasFocus(89001) | Control.HasFocus(89002)">Conditional</animation>
				</control>
				
			</control>
			
			<!--fake button for mouse control-->
			<control type="button" id="9904">
				<left>285</left>
				<top>38</top>
				<width>1350</width>
				<height>120</height>
				<label>-</label>
				<font>-</font>
				<texturenofocus>-</texturenofocus>
				<texturefocus>-</texturefocus>
				<visible>true</visible>
				<onleft>9901</onleft>
				<onright>9901</onright>
				<onup>9901</onup>
				<ondown>9901</ondown>
			</control>

			<!--sub menus-->
			<control type="fixedlist" id="9901">
				<visible allowhiddenfocus="true">Control.HasFocus(9901) | Control.HasFocus(9902) | Control.HasFocus(9904) | Control.HasFocus(89001) | Control.HasFocus(89002)</visible>
				<left>285</left>
				<top>38</top>
				<width>1350</width>
				<height>60</height>
				<onup>9000</onup>
				<ondown>9002</ondown>
				<itemgap>0</itemgap>
				<focusposition>2</focusposition>
				<movement>2</movement>
				<orientation>Horizontal</orientation>
				<animation effect="slide" start="0,0" end="-135,0" time="0" condition="StringCompare(Container(9901).NumItems,2) | StringCompare(Container(9901).NumItems,4)">conditional</animation>
				<animation effect="fade" time="200" delay="200">Hidden</animation>

				<itemlayout width="270" height="60">
				
					<control type="image">
						<height>60</height>
						<width>270</width>
						<texture colordiffuse="tertiary">backgrounds/white.png</texture>
					</control>
				
					<control type="label">
						<height>60</height>
						<width>270</width>
						<align>center</align>
						<aligny>center</aligny>
						<font>button</font>
						<textcolor>text.primary</textcolor>
						<info>ListItem.Label</info>
					</control>
				
				</itemlayout>
				
				<focusedlayout width="270" height="60">
				
					<control type="image">
						<height>60</height>
						<width>270</width>
						<texture colordiffuse="$VAR[Colour.500]">backgrounds/white.png</texture>
						<visible>Control.HasFocus(9901)</visible>
					</control>
					
					<control type="label">
						<height>60</height>
						<width>270</width>
						<align>center</align>
						<aligny>center</aligny>
						<font>button</font>
						<textcolor>white</textcolor>
						<info>ListItem.Label</info>
						<visible>Control.HasFocus(9901)</visible>
					</control>
					
					<control type="image">
						<height>60</height>
						<width>270</width>
						<texture colordiffuse="tertiary">backgrounds/white.png</texture>
						<visible>!Control.HasFocus(9901)</visible>
					</control>
					
					<control type="label">
						<height>60</height>
						<width>270</width>
						<align>center</align>
						<aligny>center</aligny>
						<font>button</font>
						<textcolor>text.primary</textcolor>
						<info>ListItem.Label</info>
						<visible>!Control.HasFocus(9901)</visible>
					</control>
				
				</focusedlayout>
				
				<content>
				
					<include>skinshortcuts-submenu</include>
					
				</content>
				
			</control>
		
			<control type="group">
				<top>-69</top>
				
				<include>HomeSubMenuArrows</include>
			
			</control>
		
		</control>

	</include>

	<include name="HomeSubMenuArrows">
		<!--left arrow-->
		<control type="group">
			<visible>Container(9901).HasPrevious</visible>
	
			<!--left arrow bg-->
			<control type="button" id="89001">
				<left>230</left>
				<top>107</top>
				<width>50</width>
				<height>60</height>
				<texturefocus colordiffuse="$VAR[Colour.500]">backgrounds/white.png</texturefocus>
				<texturenofocus colordiffuse="tertiary">backgrounds/white.png</texturenofocus>
				<onclick>Control.Move(9901,-1)</onclick>
			</control>
			
			<!--left arrow-->
			<control type="image">
				<left>240</left>
				<top>122</top>
				<width>30</width>
				<height>30</height>
				<texture colordiffuse="text.primary">arrow-big-left.png</texture>
				<visible>Container(9901).HasPrevious + !Control.HasFocus(89001)</visible>
			</control>
			
			<!--left arrow-->
			<control type="image">
				<left>240</left>
				<top>122</top>
				<width>30</width>
				<height>30</height>
				<texture colordiffuse="white">arrow-big-left.png</texture>
				<visible>Container(9901).HasPrevious + Control.HasFocus(89001)</visible>
			</control>
			
		</control>
		
		<!--right arrow-->
		<control type="group">
			<visible>Container(9901).HasNext</visible>
		
			<!--right arrow bg-->
			<control type="button" id="89002">
				<description>right Arrow</description>
				<left>1640</left>
				<top>107</top>
				<width>50</width>
				<height>60</height>
				<texturefocus colordiffuse="$VAR[Colour.500]">backgrounds/white.png</texturefocus>
				<texturenofocus colordiffuse="tertiary">backgrounds/white.png</texturenofocus>
				<onclick>Control.Move(9901,1)</onclick>
			</control>
			
			<!--right arrow-->
			<control type="image">
				<left>1650</left>
				<top>122</top>
				<width>30</width>
				<height>30</height>
				<texture colordiffuse="text.primary">arrow-big-right.png</texture>
				<visible>Container(9901).HasNext + !Control.HasFocus(89002)</visible>
			</control>
			
			<!--right arrow-->
			<control type="image">
				<left>1650</left>
				<top>122</top>
				<width>30</width>
				<height>30</height>
				<texture colordiffuse="white">arrow-big-right.png</texture>
				<visible>Container(9901).HasNext + Control.HasFocus(89002)</visible>
			</control>
			
		</control>
	</include>
	
</includes>