<?xml version="1.0" encoding="UTF-8"?>

<window>

	<defaultcontrol always="true">50</defaultcontrol>
	<allowoverlay>no</allowoverlay>
	<views>50</views>
	
	<controls>
	
		<include>CommonBackground</include>
		<include>MainWindowMouseButtons</include>
		<include>PVRHeader</include>
		<include>Clock</include>
		
		<control type="group">
			<include>Window_OpenClose_Animation</include>
			<description>Recordings group</description>
			<visible>Control.IsVisible(50)</visible>
			<include>VisibleFadeEffect</include>
			
			<control type="list" id="50">
				<left>119</left>
				<top>200</top>
				<width>1144</width>
				<height>700</height>
				<onleft>102</onleft>
				<onright>72</onright>
				<onup>50</onup>
				<ondown>50</ondown>
				<viewtype label="535">list</viewtype>
				<pagecontrol>72</pagecontrol>
				<scrolltime>200</scrolltime>
				
				<itemlayout height="70" width="1144">
				
					<!--background-->
					<control type="image">
						<left>4</left>
						<top>0</top>
						<width>1140</width>
						<height>60</height>
						<texture colordiffuse="button.nf">backgrounds/white.png</texture>
					</control>
					
					<control type="group">
						<left>4</left>
						<top>0</top>
					
						<control type="image">
							<left>15</left>
							<top>8</top>
							<width>45</width>
							<height>45</height>
							<texture background="true" fallback="DefaultVideoCover.png">$INFO[ListItem.Icon]</texture>
							<aspectratio>keep</aspectratio>
						</control>
						
						<control type="label">
							<left>75</left>
							<top>0</top>
							<width>715</width>
							<height>60</height>
							<font>label</font>
							<textcolor>white</textcolor>
							<selectedcolor>$VAR[Colour.500]</selectedcolor>
							<align>left</align>
							<aligny>center</aligny>
							<label>$INFO[ListItem.Label]</label>
						</control>
						
						<control type="label">
							<left>800</left>
							<top>0</top>
							<width>285</width>
							<height>60</height>
							<font>label</font>
							<textcolor>white</textcolor>
							<selectedcolor>$VAR[Colour.500]</selectedcolor>
							<align>right</align>
							<aligny>center</aligny>
							<label>$INFO[ListItem.Date]</label>
						</control>
						
						<control type="image">
							<left>1095</left>
							<top>10</top>
							<width>45</width>
							<height>40</height>
							<texture>$INFO[ListItem.Overlay]</texture>
							<aspectratio>keep</aspectratio>
							<visible>!ListItem.IsResumable</visible>
						</control>
						
						<control type="image">
							<left>1095</left>
							<top>10</top>
							<width>45</width>
							<height>40</height>
							<texture>OverlayWatching.png</texture>
							<visible>ListItem.IsResumable</visible>
						</control>
						
					</control>
					
				</itemlayout>
				
				<focusedlayout height="70" width="1144">
				
					<!--focused bg-->
					<control type="image">
						<left>4</left>
						<top>0</top>
						<width>1140</width>
						<height>60</height>
						<texture colordiffuse="tertiary">backgrounds/white.png</texture>
						<animation effect="fade" start="100" end="75" time="200" condition="!Control.HasFocus(50)">Conditional</animation>
					</control>
					
					<!--focused bg nib-->
					<control type="image">
						<left>0</left>
						<top>0</top>
						<width>4</width>
						<height>60</height>
						<texture colordiffuse="$VAR[Colour.500]">backgrounds/white.png</texture>
						<animation effect="fade" start="100" end="75" time="200" condition="!Control.HasFocus(50)">Conditional</animation>
					</control>
					
					<control type="group">
						<left>4</left>
						<top>0</top>

						<control type="image">
							<left>15</left>
							<top>8</top>
							<width>45</width>
							<height>45</height>
							<texture background="true" fallback="DefaultVideoCover.png" colordiffuse="$VAR[Colour.500]">$INFO[ListItem.Icon]</texture>
							<aspectratio>keep</aspectratio>
							<visible>SubString(ListItem.Icon,default)</visible>
						</control>
						
						<control type="image">
							<left>15</left>
							<top>8</top>
							<width>45</width>
							<height>45</height>
							<texture background="true" fallback="DefaultVideoCover.png">$INFO[ListItem.Icon]</texture>
							<aspectratio>keep</aspectratio>
							<visible>!SubString(ListItem.Icon,default)</visible>
						</control>
						
						<control type="label">
							<left>75</left>
							<top>0</top>
							<width>715</width>
							<height>60</height>
							<font>label</font>
							<textcolor>text.primary</textcolor>
							<selectedcolor>$VAR[Colour.500]</selectedcolor>
							<align>left</align>
							<aligny>center</aligny>
							<label>$INFO[ListItem.Label]</label>
						</control>
						
						<control type="label">
							<left>800</left>
							<top>0</top>
							<width>285</width>
							<height>60</height>
							<font>label</font>
							<textcolor>text.primary</textcolor>
							<selectedcolor>$VAR[Colour.500]</selectedcolor>
							<align>right</align>
							<aligny>center</aligny>
							<label>$INFO[ListItem.Date]</label>
						</control>
						
						<control type="image">
							<left>1095</left>
							<top>10</top>
							<width>45</width>
							<height>40</height>
							<texture colordiffuse="$VAR[Colour.500]">$INFO[ListItem.Overlay]</texture>
							<aspectratio>keep</aspectratio>
							<visible>!ListItem.IsResumable</visible>
						</control>
						
						<control type="image">
							<left>1095</left>
							<top>10</top>
							<width>45</width>
							<height>40</height>
							<texture colordiffuse="$VAR[Colour.500]">OverlayWatching.png</texture>
							<visible>ListItem.IsResumable</visible>
						</control>
						
					</control>
					
				</focusedlayout>
				
			</control>
			
			<!--scrollbar-->
			<control type="scrollbar" id="72">
				<left>1273</left>
				<top>200</top>
				<onleft>50</onleft>
				<onright>102</onright>
				<orientation>vertical</orientation>
			</control>
			
			<control type="group">
				
				<control type="image">
					<left>64</left>
					<top>94r</top>
					<width>280</width>
					<height>34</height>
					<texture colordiffuse="tertiary">backgrounds/white.png</texture>
				</control>
			
				<control type="image">
					<left>60</left>
					<top>94r</top>
					<width>4</width>
					<height>34</height>
					<texture colordiffuse="$VAR[Colour.500]">backgrounds/white.png</texture>
				</control>
				
				<control type="label">
					<description>Page Count Label</description>
					<left>73</left>
					<top>94r</top>
					<width>750</width>
					<height>34</height>
					<font>breadcrumb.secondary</font>
					<textcolor>text.primary</textcolor>
					<scroll>false</scroll>
					<align>left</align>
					<aligny>center</aligny>
					<label>$INFO[Container.NumItems] $LOCALIZE[19163] [COLOR=$VAR[Colour.500]]$INFO[Container.CurrentPage, $LOCALIZE[31024] ]$INFO[Container.NumPages,/,][/COLOR]</label>
					<include>Window_OpenClose_Animation</include>
				</control>
				
			</control>
			
			<!--recording info-->
			<control type="group">
				<left>1290</left>
				<top>200</top>
				
				<!--background-->
				<control type="image">
					<left>-20</left>
					<top>-20</top>
					<width>550</width>
					<height>730</height>
					<texture background="true" colordiffuse="tertiary">backgrounds/info bg.png</texture>
				</control>
				
				<!--fanart (fallback)-->
				<control type="image">
					<left>0</left>
					<top>0</top>
					<width>510</width>
					<height>287</height>
					<aspectratio>keep</aspectratio>
					<texture background="true" colordiffuse="$VAR[Colour.500]">$INFO[Container(50).ListItem.Icon]</texture>
					<visible>SubString(ListItem.Icon,default)</visible>
				</control>
				
				<!--fanart (no fallback)-->
				<control type="image">
					<left>0</left>
					<top>0</top>
					<width>510</width>
					<height>287</height>
					<aspectratio>keep</aspectratio>
					<texture background="true">$INFO[Container(50).ListItem.Icon]</texture>
					<bordertexture background="true" colordiffuse="tertiary">backgrounds/white.png</bordertexture>
					<bordersize>0</bordersize>
					<visible>!SubString(ListItem.Icon,default)</visible>
				</control>
				
				<!--info strip background-->
				<control type="image">
					<left>0</left>
					<top>287</top>
					<width>510</width>
					<height>60</height>
					<texture background="true" colordiffuse="$VAR[Colour.500]">backgrounds/white.png</texture>
				</control>
			
				<!--fanart shadow-->
				<control type="image">
					<left>0</left>
					<top>287</top>
					<width>510</width>
					<height>10</height>
					<texture>homeshadow.png</texture>
				</control>
					
				<!--secondary label-->
				<control type="label">
					<left>15</left>
					<top>287</top>
					<width>480</width>
					<height>60</height>
					<font>secondary.info.big</font>
					<textcolor>white</textcolor>
					<selectedcolor>white</selectedcolor>
					<align>left</align>
					<aligny>center</aligny>
					<label>$INFO[Container(50).ListItem.Label]$INFO[Container(50).ListItem.Duration, • ]$INFO[Container(50).ListItem.Genre, • ,]</label>
				</control>
				
				<!--plot-->
				<control type="textbox">
					<left>15</left>
					<top>354</top>
					<width>480</width>
					<height>268</height>
					<font>label</font>
					<align>left</align>
					<textcolor>text.primary</textcolor>
					<label>$INFO[Container(50).ListItem.Plot]</label>
					<autoscroll time="2000" delay="5000" repeat="8000">Skin.HasSetting(AutoScroll)</autoscroll>
				</control>
			
				<!--info strip shadow-->
				<control type="image">
					<left>0</left>
					<top>347</top>
					<width>510</width>
					<height>10</height>
					<texture>homeshadow.png</texture>
				</control>
				
				<control type="label">
					<description>Disk usage text</description>
					<left>15</left>
					<top>625</top>
					<width>480</width>
					<height>30</height>
					<label>$INFO[PVR.backenddiskspace]</label>
					<align>center</align>
					<aligny>center</aligny>
					<font>kai.secondary</font>
					<visible>!IntegerGreaterThan(PVR.backenddiskspaceprogr,100)</visible>
				</control>
				
				<control type="progress">
					<description>Disk usage bar</description>
					<left>15</left>
					<top>655</top>
					<width>480</width>
					<height>18</height>>
					<info>PVR.backenddiskspaceprogr</info>
					<visible>!IntegerGreaterThan(PVR.backenddiskspaceprogr,100)</visible>
				</control>
				
			</control>
			
			<control type="group">
				<left>1365</left>
				<top>120</top>

				
			</control>
		</control>
		
		<include>CommonNowPlaying</include>
		<include>BehindDialogFadeOut</include>
		<include>ScrollOffsetLabel</include>

		<include>PVRSideBlade</include>
		
	</controls>
	
</window>
