<?xml version="1.0" encoding="UTF-8"?>

<window>

	<defaultcontrol always="true">50</defaultcontrol>
	<allowoverlay>no</allowoverlay>
	<views>50</views>
	
	<controls>
	
		<include>CommonBackground</include>
		<include>MainWindowMouseButtons</include>
		<include>PVRHeader</include>
		<include>Clock</include>
		
		<control type="group">
			<include>Window_OpenClose_Animation</include>
			<description>Timers group</description>
			<visible>Control.IsVisible(50)</visible>
			<include>VisibleFadeEffect</include>
			
			<control type="group">
				<left>135</left>
				<top>200</top>
				
				<!--title background-->
				<control type="image">
					<left>4</left>
					<top>0</top>
					<width>1650</width>
					<height>60</height>
					<texture background="true" colordiffuse="$VAR[Colour.500]">backgrounds/white.png</texture>
				</control>
				
				<control type="label">
					<description>Channel label</description>
					<left>20</left>
					<top>0</top>
					<width>330</width>
					<height>60</height>
					<font>button.bold</font>
					<textcolor>white</textcolor>
					<aligny>center</aligny>
					<label>19029</label>
				</control>
				
				<control type="label">
					<description>Title header label</description>
					<left>360</left>
					<top>0</top>
					<width>450</width>
					<height>60</height>
					<font>button.bold</font>
					<textcolor>white</textcolor>
					<aligny>center</aligny>
					<label>369</label>
				</control>
				
				<control type="label">
					<description>Time label</description>
					<left>900</left>
					<top>0</top>
					<width>450</width>
					<height>60</height>
					<font>button.bold</font>
					<textcolor>white</textcolor>
					<aligny>center</aligny>
					<label>31501</label>
				</control>
				
				<control type="label">
					<description>Status header label</description>
					<left>1470</left>
					<top>0</top>
					<width>180</width>
					<height>60</height>
					<font>button.bold</font>
					<textcolor>white</textcolor>
					<aligny>center</aligny>
					<label>126</label>
				</control>
				
				<control type="list" id="50">
					<left>0</left>
					<top>70</top>
					<width>1654</width>
					<height>630</height>
					<onup>50</onup>
					<ondown>50</ondown>
					<onleft>103</onleft>
					<onright>73</onright>
					<pagecontrol>73</pagecontrol>
					<scrolltime>200</scrolltime>
					
					<itemlayout height="70">
					
						<!--background-->
						<control type="image">
							<left>4</left>
							<top>0</top>
							<width>1650</width>
							<height>60</height>
							<texture background="true" colordiffuse="button.nf">backgrounds/white.png</texture>
						</control>
						
						<control type="group">
							<left>4</left>
							<top>0</top>
							<visible>IsEmpty(ListItem.Date)</visible>
							
							<control type="label">
								<left>85</left>
								<top>0</top>
								<width>975</width>
								<height>60</height>
								<font>label</font>
								<aligny>center</aligny>
								<textcolor>white</textcolor>
								<selectedcolor>$VAR[Colour.500]</selectedcolor>
								<info>ListItem.Label</info>
							</control>
							
						</control>
						
						<control type="group">
							<visible>!IsEmpty(ListItem.Date)</visible>
							
							<control type="image">
								<left>15</left>
								<top>8</top>
								<width>45</width>
								<height>45</height>
								<texture border="1">$INFO[ListItem.Icon]</texture>
								<aspectratio>keep</aspectratio>
								<visible>!IsEmpty(ListItem.Icon)</visible>
							</control>
							
							<control type="label">
								<left>85</left>
								<top>0</top>
								<width>265</width>
								<height>60</height>
								<font>label</font>
								<aligny>center</aligny>
								<textcolor>white</textcolor>
								<selectedcolor>$VAR[Colour.500]</selectedcolor>
								<info>ListItem.ChannelName</info>
								<visible>!IsEmpty(ListItem.Icon)</visible>
							</control>
							
							<control type="label">
								<left>15</left>
								<top>0</top>
								<width>335</width>
								<height>60</height>
								<font>label</font>
								<aligny>center</aligny>
								<textcolor>white</textcolor>
								<selectedcolor>$VAR[Colour.500]</selectedcolor>
								<info>ListItem.ChannelName</info>
								<visible>IsEmpty(ListItem.Icon)</visible>
							</control>
							
							<control type="label">
								<left>360</left>
								<top>0</top>
								<width>530</width>
								<height>60</height>
								<font>label</font>
								<aligny>center</aligny>
								<textcolor>white</textcolor>
								<selectedcolor>$VAR[Colour.500]</selectedcolor>
								<info>ListItem.Label</info>
							</control>
							
							<control type="label">
								<left>900</left>
								<top>0</top>
								<width>560</width>
								<height>60</height>
								<font>label</font>
								<aligny>center</aligny>
								<textcolor>white</textcolor>
								<selectedcolor>$VAR[Colour.500]</selectedcolor>
								<info>ListItem.Date</info>
							</control>
							
							<control type="label">
								<left>1470</left>
								<top>0</top>
								<width>255</width>
								<height>60</height>
								<font>label</font>
								<aligny>center</aligny>
								<textcolor>white</textcolor>
								<selectedcolor>$VAR[Colour.500]</selectedcolor>
								<info>ListItem.Comment</info>
							</control>
							
						</control>
						
					</itemlayout>
					
					<focusedlayout height="70">
					
						<!--background-->
						<control type="image">
							<left>4</left>
							<top>0</top>
							<width>1650</width>
							<height>60</height>
							<texture background="true" colordiffuse="tertiary">backgrounds/white.png</texture>
						</control>
						
						<control type="group">
							<left>4</left>
							<top>0</top>
							<visible>IsEmpty(ListItem.Date)</visible>
							
							<control type="label">
								<left>85</left>
								<top>0</top>
								<width>975</width>
								<height>60</height>
								<font>label</font>
								<aligny>center</aligny>
								<textcolor>text.primary</textcolor>
								<selectedcolor>$VAR[Colour.500]</selectedcolor>
								<info>ListItem.Label</info>
							</control>
							
						</control>
						
						<control type="group">
							<visible>!IsEmpty(ListItem.Date)</visible>
							
							<control type="image">
								<left>15</left>
								<top>8</top>
								<width>45</width>
								<height>45</height>
								<texture border="1">$INFO[ListItem.Icon]</texture>
								<aspectratio>keep</aspectratio>
								<visible>!IsEmpty(ListItem.Icon)</visible>
							</control>
							
							<control type="label">
								<left>85</left>
								<top>0</top>
								<width>265</width>
								<height>60</height>
								<font>label</font>
								<aligny>center</aligny>
								<textcolor>text.primary</textcolor>
								<selectedcolor>$VAR[Colour.500]</selectedcolor>
								<info>ListItem.ChannelName</info>
								<visible>!IsEmpty(ListItem.Icon)</visible>
							</control>
							
							<control type="label">
								<left>15</left>
								<top>0</top>
								<width>335</width>
								<height>60</height>
								<font>label</font>
								<aligny>center</aligny>
								<textcolor>text.primary</textcolor>
								<selectedcolor>$VAR[Colour.500]</selectedcolor>
								<info>ListItem.ChannelName</info>
								<visible>IsEmpty(ListItem.Icon)</visible>
							</control>
							
							<control type="label">
								<left>360</left>
								<top>0</top>
								<width>530</width>
								<height>60</height>
								<font>label</font>
								<aligny>center</aligny>
								<textcolor>text.primary</textcolor>
								<selectedcolor>$VAR[Colour.500]</selectedcolor>
								<info>ListItem.Label</info>
							</control>
							
							<control type="label">
								<left>900</left>
								<top>0</top>
								<width>560</width>
								<height>60</height>
								<font>label</font>
								<aligny>center</aligny>
								<textcolor>text.primary</textcolor>
								<selectedcolor>$VAR[Colour.500]</selectedcolor>
								<info>ListItem.Date</info>
							</control>
							
							<control type="label">
								<left>1470</left>
								<top>0</top>
								<width>255</width>
								<height>60</height>
								<font>label</font>
								<aligny>center</aligny>
								<textcolor>text.primary</textcolor>
								<selectedcolor>$VAR[Colour.500]</selectedcolor>
								<info>ListItem.Comment</info>
							</control>
							
						</control>
						
					</focusedlayout>
					
				</control>
				
				<!--scrollbar-->
				<control type="scrollbar" id="73">
					<left>1664</left>
					<top>70</top>
					<height>620</height>
					<onleft>50</onleft>
					<onright>103</onright>
					<orientation>vertical</orientation>
				</control>
				
			</control>
			
		</control>
		
		<control type="group">
			<visible>PVR.HasTimer</visible>
				
			<control type="image">
				<left>64</left>
				<top>133r</top>
				<width>500</width>
				<height>34</height>
				<texture colordiffuse="tertiary">backgrounds/white.png</texture>
			</control>
		
			<control type="image">
				<left>60</left>
				<top>133r</top>
				<width>4</width>
				<height>34</height>
				<texture colordiffuse="$VAR[Colour.500]">backgrounds/white.png</texture>
			</control>
			
			<control type="label">
				<description>Next timer date</description>
				<left>73</left>
				<top>133r</top>
				<width>482</width>
				<height>34</height>
				<font>breadcrumb.secondary</font>
				<textcolor>text.primary</textcolor>
				<scroll>false</scroll>
				<align>left</align>
				<aligny>center</aligny>
				<label>$INFO[PVR.NextTimer]</label>
				<include>Window_OpenClose_Animation</include>
			</control>
			
		</control>
		
		<control type="group">
				
			<control type="image">
				<left>64</left>
				<top>94r</top>
				<width>280</width>
				<height>34</height>
				<texture colordiffuse="tertiary">backgrounds/white.png</texture>
			</control>
		
			<control type="image">
				<left>60</left>
				<top>94r</top>
				<width>4</width>
				<height>34</height>
				<texture colordiffuse="$VAR[Colour.500]">backgrounds/white.png</texture>
			</control>
			
			<control type="label">
				<description>Page Count Label</description>
				<left>73</left>
				<top>94r</top>
				<width>750</width>
				<height>34</height>
				<font>breadcrumb.secondary</font>
				<textcolor>text.primary</textcolor>
				<scroll>false</scroll>
				<align>left</align>
				<aligny>center</aligny>
				<label>$INFO[Container(50).NumItems] $LOCALIZE[19040] [COLOR=$VAR[Colour.500]]$INFO[Container(50).CurrentPage, $LOCALIZE[31024] ]$INFO[Container(50).NumPages,/,][/COLOR]</label>
				<include>Window_OpenClose_Animation</include>
			</control>
			
		</control>
		
		<include>CommonNowPlaying</include>
		<include>BehindDialogFadeOut</include>
		<include>ScrollOffsetLabel</include>
		
		<control type="image">
			<left>0</left>
			<top>0</top>
			<width>1920</width>
			<height>1080</height>
			<texture>black-back.png</texture>
			<animation effect="fade" time="400">Visible</animation>
			<animation effect="fade" time="200">Hidden</animation>
			<visible>Window.IsActive(FileBrowser) | Window.IsActive(PVRGuideInfo) | Window.IsActive(PVRRecordingInfo) | Window.IsActive(PVRTimerSetting) | Window.IsActive(PVRGroupManager) | Window.IsActive(PVRGuideSearch)</visible>
		</control>
		
		<include>PVRSideBlade</include>
		
	</controls>
	
</window>
