<?xml version="1.0" encoding="UTF-8"?>
<window>

	<defaultcontrol>2</defaultcontrol>
	
	<controls>
	
		<control type="group" id="13">
			<left>195r</left>
			<top>15</top>
			<visible>!Skin.HasSetting(Show_SlideShow_Paused)</visible>
		
			<control type="label">
				<description>paused label</description>
				<left>15</left>
				<top>0</top>
				<width>150</width>
				<height>52</height>
				<align>center</align>
				<aligny>center</aligny>
				<font>label</font>
				<textcolor>white</textcolor>
				<label>31043</label>
			</control>
			
		</control>
		
		<!-- media infos -->
		<control type="group">
			<left>465</left>
			<top>190r</top>
			<visible>Player.ShowInfo + Player.HasMedia</visible>
			<include>VisibleFadeEffect</include>
			
			<!--background-->
			<control type="image">
				<left>-465</left>
				<top>200r</top>
				<width>1920</width>
				<height>200</height>
				<texture colordiffuse="tertiary">backgrounds/white.png</texture>
				<animation effect="fade" start="100" end="75" time="0" condition="true">Conditional</animation>
			</control>
			
			<include>SmallMusicInfo</include>
			
		</control>
		
		<control type="button">
			<visible>SlideShow.IsVideo + [!SlideShow.IsActive | SlideShow.IsPaused]</visible>
			<description>Video Play Button</description>
			<left>810</left>
			<top>390</top>
			<width>300</width>
			<height>300</height>
			<font>-</font>
			<onclick>play</onclick>
			<texturefocus>arrow-big-right.png</texturefocus>
			<texturenofocus>arrow-big-right.png</texturenofocus>
		</control>
		
	</controls>
	
</window>